source_clip,sample_id,true_label,noise_environment,target_snr_db,achieved_snr_db,prediction,raw_prediction,confidence,correct,path
benchmark_data/external/esc50/audio/1-187207-A-20.wav,1-187207-A-20,baby_crying,traffic,20,20.00000032475593,laughter,Laughter,0.5735108256340027,False,benchmark_data/expanded_generated/ced/real/traffic/20/1-187207-A-20.wav
benchmark_data/external/esc50/audio/1-187207-A-20.wav,1-187207-A-20,baby_crying,traffic,15,14.999999881159805,laughter,Laughter,0.5736487507820129,False,benchmark_data/expanded_generated/ced/real/traffic/15/1-187207-A-20.wav
benchmark_data/external/esc50/audio/1-187207-A-20.wav,1-187207-A-20,baby_crying,traffic,10,9.999999965887678,baby_crying,"Baby cry, infant cry",0.560273289680481,True,benchmark_data/expanded_generated/ced/real/traffic/10/1-187207-A-20.wav
benchmark_data/external/esc50/audio/1-187207-A-20.wav,1-187207-A-20,baby_crying,traffic,5,5.000000073745483,laughter,Laughter,0.5705479383468628,False,benchmark_data/expanded_generated/ced/real/traffic/5/1-187207-A-20.wav
benchmark_data/external/esc50/audio/1-187207-A-20.wav,1-187207-A-20,baby_crying,traffic,0,2.53879777861967e-07,speech,Speech,0.5596297979354858,False,benchmark_data/expanded_generated/ced/real/traffic/0/1-187207-A-20.wav
benchmark_data/external/esc50/audio/1-211527-A-20.wav,1-211527-A-20,baby_crying,traffic,20,19.999999900055215,baby_crying,"Baby cry, infant cry",0.6176537275314331,True,benchmark_data/expanded_generated/ced/real/traffic/20/1-211527-A-20.wav
benchmark_data/external/esc50/audio/1-211527-A-20.wav,1-211527-A-20,baby_crying,traffic,15,15.00000000218392,baby_crying,"Baby cry, infant cry",0.6075689792633057,True,benchmark_data/expanded_generated/ced/real/traffic/15/1-211527-A-20.wav
benchmark_data/external/esc50/audio/1-211527-A-20.wav,1-211527-A-20,baby_crying,traffic,10,9.999999794917592,baby_crying,"Baby cry, infant cry",0.6186652183532715,True,benchmark_data/expanded_generated/ced/real/traffic/10/1-211527-A-20.wav
benchmark_data/external/esc50/audio/1-211527-A-20.wav,1-211527-A-20,baby_crying,traffic,5,4.999999782294153,baby_crying,"Baby cry, infant cry",0.6261780261993408,True,benchmark_data/expanded_generated/ced/real/traffic/5/1-211527-A-20.wav
benchmark_data/external/esc50/audio/1-211527-A-20.wav,1-211527-A-20,baby_crying,traffic,0,-2.5591684057399193e-07,vehicle,Vehicle,0.658875584602356,False,benchmark_data/expanded_generated/ced/real/traffic/0/1-211527-A-20.wav
benchmark_data/external/esc50/audio/1-211527-B-20.wav,1-211527-B-20,baby_crying,traffic,20,19.99999975508225,crying_sobbing,"Crying, sobbing",0.6336666345596313,False,benchmark_data/expanded_generated/ced/real/traffic/20/1-211527-B-20.wav
benchmark_data/external/esc50/audio/1-211527-B-20.wav,1-211527-B-20,baby_crying,traffic,15,15.000000044064915,crying_sobbing,"Crying, sobbing",0.6416616439819336,False,benchmark_data/expanded_generated/ced/real/traffic/15/1-211527-B-20.wav
benchmark_data/external/esc50/audio/1-211527-B-20.wav,1-211527-B-20,baby_crying,traffic,10,10.000000191439414,crying_sobbing,"Crying, sobbing",0.6100142598152161,False,benchmark_data/expanded_generated/ced/real/traffic/10/1-211527-B-20.wav
benchmark_data/external/esc50/audio/1-211527-B-20.wav,1-211527-B-20,baby_crying,traffic,5,4.9999996381366305,baby_crying,"Baby cry, infant cry",0.5972279906272888,True,benchmark_data/expanded_generated/ced/real/traffic/5/1-211527-B-20.wav
benchmark_data/external/esc50/audio/1-211527-B-20.wav,1-211527-B-20,baby_crying,traffic,0,-1.5936731888957487e-07,baby_crying,"Baby cry, infant cry",0.5451450943946838,True,benchmark_data/expanded_generated/ced/real/traffic/0/1-211527-B-20.wav
benchmark_data/external/esc50/audio/1-211527-C-20.wav,1-211527-C-20,baby_crying,traffic,20,19.999999985127268,baby_crying,"Baby cry, infant cry",0.6374923586845398,True,benchmark_data/expanded_generated/ced/real/traffic/20/1-211527-C-20.wav
benchmark_data/external/esc50/audio/1-211527-C-20.wav,1-211527-C-20,baby_crying,traffic,15,14.999999746757393,baby_crying,"Baby cry, infant cry",0.6407050490379333,True,benchmark_data/expanded_generated/ced/real/traffic/15/1-211527-C-20.wav
benchmark_data/external/esc50/audio/1-211527-C-20.wav,1-211527-C-20,baby_crying,traffic,10,10.000000142417253,baby_crying,"Baby cry, infant cry",0.6340181827545166,True,benchmark_data/expanded_generated/ced/real/traffic/10/1-211527-C-20.wav
benchmark_data/external/esc50/audio/1-211527-C-20.wav,1-211527-C-20,baby_crying,traffic,5,4.99999978857587,baby_crying,"Baby cry, infant cry",0.6590900421142578,True,benchmark_data/expanded_generated/ced/real/traffic/5/1-211527-C-20.wav
benchmark_data/external/esc50/audio/1-211527-C-20.wav,1-211527-C-20,baby_crying,traffic,0,-1.74624680321944e-08,baby_crying,"Baby cry, infant cry",0.6563290953636169,True,benchmark_data/expanded_generated/ced/real/traffic/0/1-211527-C-20.wav
benchmark_data/external/esc50/audio/1-22694-A-20.wav,1-22694-A-20,baby_crying,traffic,20,20.00000047589407,baby_crying,"Baby cry, infant cry",0.6512085795402527,True,benchmark_data/expanded_generated/ced/real/traffic/20/1-22694-A-20.wav
benchmark_data/external/esc50/audio/1-22694-A-20.wav,1-22694-A-20,baby_crying,traffic,15,14.99999999077338,baby_crying,"Baby cry, infant cry",0.6414880156517029,True,benchmark_data/expanded_generated/ced/real/traffic/15/1-22694-A-20.wav
benchmark_data/external/esc50/audio/1-22694-A-20.wav,1-22694-A-20,baby_crying,traffic,10,10.00000018290187,baby_crying,"Baby cry, infant cry",0.6632259488105774,True,benchmark_data/expanded_generated/ced/real/traffic/10/1-22694-A-20.wav
benchmark_data/external/esc50/audio/1-22694-A-20.wav,1-22694-A-20,baby_crying,traffic,5,4.999999680672009,baby_crying,"Baby cry, infant cry",0.6426522731781006,True,benchmark_data/expanded_generated/ced/real/traffic/5/1-22694-A-20.wav
benchmark_data/external/esc50/audio/1-22694-A-20.wav,1-22694-A-20,baby_crying,traffic,0,-3.8141831685918667e-07,baby_crying,"Baby cry, infant cry",0.6536663770675659,True,benchmark_data/expanded_generated/ced/real/traffic/0/1-22694-A-20.wav
benchmark_data/external/esc50/audio/1-22694-B-20.wav,1-22694-B-20,baby_crying,traffic,20,20.000000318527032,crying_sobbing,"Crying, sobbing",0.6445446610450745,False,benchmark_data/expanded_generated/ced/real/traffic/20/1-22694-B-20.wav
benchmark_data/external/esc50/audio/1-22694-B-20.wav,1-22694-B-20,baby_crying,traffic,15,15.000000240349,baby_crying,"Baby cry, infant cry",0.6462604403495789,True,benchmark_data/expanded_generated/ced/real/traffic/15/1-22694-B-20.wav
benchmark_data/external/esc50/audio/1-22694-B-20.wav,1-22694-B-20,baby_crying,traffic,10,9.999999734492466,baby_crying,"Baby cry, infant cry",0.6376159191131592,True,benchmark_data/expanded_generated/ced/real/traffic/10/1-22694-B-20.wav
benchmark_data/external/esc50/audio/1-22694-B-20.wav,1-22694-B-20,baby_crying,traffic,5,5.000000279063512,baby_crying,"Baby cry, infant cry",0.6530107855796814,True,benchmark_data/expanded_generated/ced/real/traffic/5/1-22694-B-20.wav
benchmark_data/external/esc50/audio/1-22694-B-20.wav,1-22694-B-20,baby_crying,traffic,0,-2.6262279973142094e-07,baby_crying,"Baby cry, infant cry",0.6386659741401672,True,benchmark_data/expanded_generated/ced/real/traffic/0/1-22694-B-20.wav
benchmark_data/external/esc50/audio/1-60997-A-20.wav,1-60997-A-20,baby_crying,traffic,20,19.999999729852874,baby_crying,"Baby cry, infant cry",0.6211538314819336,True,benchmark_data/expanded_generated/ced/real/traffic/20/1-60997-A-20.wav
benchmark_data/external/esc50/audio/1-60997-A-20.wav,1-60997-A-20,baby_crying,traffic,15,15.000000042330768,baby_crying,"Baby cry, infant cry",0.6204521059989929,True,benchmark_data/expanded_generated/ced/real/traffic/15/1-60997-A-20.wav
benchmark_data/external/esc50/audio/1-60997-A-20.wav,1-60997-A-20,baby_crying,traffic,10,10.000000375141296,baby_crying,"Baby cry, infant cry",0.6354444622993469,True,benchmark_data/expanded_generated/ced/real/traffic/10/1-60997-A-20.wav
benchmark_data/external/esc50/audio/1-60997-A-20.wav,1-60997-A-20,baby_crying,traffic,5,5.000000336383427,baby_crying,"Baby cry, infant cry",0.6276219487190247,True,benchmark_data/expanded_generated/ced/real/traffic/5/1-60997-A-20.wav
benchmark_data/external/esc50/audio/1-60997-A-20.wav,1-60997-A-20,baby_crying,traffic,0,1.177591227792884e-07,baby_crying,"Baby cry, infant cry",0.6190754771232605,True,benchmark_data/expanded_generated/ced/real/traffic/0/1-60997-A-20.wav
benchmark_data/external/esc50/audio/1-60997-B-20.wav,1-60997-B-20,baby_crying,traffic,20,20.00000001047845,baby_crying,"Baby cry, infant cry",0.6293995976448059,True,benchmark_data/expanded_generated/ced/real/traffic/20/1-60997-B-20.wav
benchmark_data/external/esc50/audio/1-60997-B-20.wav,1-60997-B-20,baby_crying,traffic,15,14.999999868551031,baby_crying,"Baby cry, infant cry",0.6175655722618103,True,benchmark_data/expanded_generated/ced/real/traffic/15/1-60997-B-20.wav
benchmark_data/external/esc50/audio/1-60997-B-20.wav,1-60997-B-20,baby_crying,traffic,10,9.999999704556732,baby_crying,"Baby cry, infant cry",0.6326758861541748,True,benchmark_data/expanded_generated/ced/real/traffic/10/1-60997-B-20.wav
benchmark_data/external/esc50/audio/1-60997-B-20.wav,1-60997-B-20,baby_crying,traffic,5,4.999999846366318,baby_crying,"Baby cry, infant cry",0.6378111243247986,True,benchmark_data/expanded_generated/ced/real/traffic/5/1-60997-B-20.wav
benchmark_data/external/esc50/audio/1-60997-B-20.wav,1-60997-B-20,baby_crying,traffic,0,-1.5880652532062415e-07,baby_crying,"Baby cry, infant cry",0.6263686418533325,True,benchmark_data/expanded_generated/ced/real/traffic/0/1-60997-B-20.wav
benchmark_data/external/esc50/audio/2-107351-A-20.wav,2-107351-A-20,baby_crying,traffic,20,20.000000030858086,baby_crying,"Baby cry, infant cry",0.6341895461082458,True,benchmark_data/expanded_generated/ced/real/traffic/20/2-107351-A-20.wav
benchmark_data/external/esc50/audio/2-107351-A-20.wav,2-107351-A-20,baby_crying,traffic,15,14.999999652044579,baby_crying,"Baby cry, infant cry",0.6142573356628418,True,benchmark_data/expanded_generated/ced/real/traffic/15/2-107351-A-20.wav
benchmark_data/external/esc50/audio/2-107351-A-20.wav,2-107351-A-20,baby_crying,traffic,10,9.999999908255862,baby_crying,"Baby cry, infant cry",0.659469485282898,True,benchmark_data/expanded_generated/ced/real/traffic/10/2-107351-A-20.wav
benchmark_data/external/esc50/audio/2-107351-A-20.wav,2-107351-A-20,baby_crying,traffic,5,5.000000200858532,baby_crying,"Baby cry, infant cry",0.6461124420166016,True,benchmark_data/expanded_generated/ced/real/traffic/5/2-107351-A-20.wav
benchmark_data/external/esc50/audio/2-107351-A-20.wav,2-107351-A-20,baby_crying,traffic,0,-3.124114592514615e-07,baby_crying,"Baby cry, infant cry",0.6280031204223633,True,benchmark_data/expanded_generated/ced/real/traffic/0/2-107351-A-20.wav
benchmark_data/external/esc50/audio/2-107351-B-20.wav,2-107351-B-20,baby_crying,traffic,20,20.00000016229157,baby_crying,"Baby cry, infant cry",0.632440447807312,True,benchmark_data/expanded_generated/ced/real/traffic/20/2-107351-B-20.wav
benchmark_data/external/esc50/audio/2-107351-B-20.wav,2-107351-B-20,baby_crying,traffic,15,15.000000304840215,baby_crying,"Baby cry, infant cry",0.6005333065986633,True,benchmark_data/expanded_generated/ced/real/traffic/15/2-107351-B-20.wav
benchmark_data/external/esc50/audio/2-107351-B-20.wav,2-107351-B-20,baby_crying,traffic,10,9.99999952456233,baby_crying,"Baby cry, infant cry",0.63523930311203,True,benchmark_data/expanded_generated/ced/real/traffic/10/2-107351-B-20.wav
benchmark_data/external/esc50/audio/2-107351-B-20.wav,2-107351-B-20,baby_crying,traffic,5,5.000000410800691,baby_crying,"Baby cry, infant cry",0.6231890320777893,True,benchmark_data/expanded_generated/ced/real/traffic/5/2-107351-B-20.wav
benchmark_data/external/esc50/audio/2-107351-B-20.wav,2-107351-B-20,baby_crying,traffic,0,-3.3949733349736647e-07,baby_crying,"Baby cry, infant cry",0.6209828853607178,True,benchmark_data/expanded_generated/ced/real/traffic/0/2-107351-B-20.wav
benchmark_data/external/esc50/audio/1-100032-A-0.wav,1-100032-A-0,dog_barking,traffic,20,20.000000264137093,dog_barking,Bark,0.6759887933731079,True,benchmark_data/expanded_generated/ced/real/traffic/20/1-100032-A-0.wav
benchmark_data/external/esc50/audio/1-100032-A-0.wav,1-100032-A-0,dog_barking,traffic,15,15.000000231285357,animal,Animal,0.6785147786140442,False,benchmark_data/expanded_generated/ced/real/traffic/15/1-100032-A-0.wav
benchmark_data/external/esc50/audio/1-100032-A-0.wav,1-100032-A-0,dog_barking,traffic,10,10.000000261279258,animal,Animal,0.6646705865859985,False,benchmark_data/expanded_generated/ced/real/traffic/10/1-100032-A-0.wav
benchmark_data/external/esc50/audio/1-100032-A-0.wav,1-100032-A-0,dog_barking,traffic,5,4.999999967248396,dog,Dog,0.6488733887672424,False,benchmark_data/expanded_generated/ced/real/traffic/5/1-100032-A-0.wav
benchmark_data/external/esc50/audio/1-100032-A-0.wav,1-100032-A-0,dog_barking,traffic,0,-1.9374562050664385e-07,animal,Animal,0.6507654786109924,False,benchmark_data/expanded_generated/ced/real/traffic/0/1-100032-A-0.wav
benchmark_data/external/esc50/audio/1-110389-A-0.wav,1-110389-A-0,dog_barking,traffic,20,19.999999918862866,animal,Animal,0.6618335843086243,False,benchmark_data/expanded_generated/ced/real/traffic/20/1-110389-A-0.wav
benchmark_data/external/esc50/audio/1-110389-A-0.wav,1-110389-A-0,dog_barking,traffic,15,15.000000318687084,dog,Dog,0.6454565525054932,False,benchmark_data/expanded_generated/ced/real/traffic/15/1-110389-A-0.wav
benchmark_data/external/esc50/audio/1-110389-A-0.wav,1-110389-A-0,dog_barking,traffic,10,10.00000023092608,animal,Animal,0.6681115627288818,False,benchmark_data/expanded_generated/ced/real/traffic/10/1-110389-A-0.wav
benchmark_data/external/esc50/audio/1-110389-A-0.wav,1-110389-A-0,dog_barking,traffic,5,4.9999996472937,dog,Dog,0.662996232509613,False,benchmark_data/expanded_generated/ced/real/traffic/5/1-110389-A-0.wav
benchmark_data/external/esc50/audio/1-110389-A-0.wav,1-110389-A-0,dog_barking,traffic,0,-3.1213981204191076e-07,animal,Animal,0.6389858722686768,False,benchmark_data/expanded_generated/ced/real/traffic/0/1-110389-A-0.wav
benchmark_data/external/esc50/audio/1-30226-A-0.wav,1-30226-A-0,dog_barking,traffic,20,19.99999972843252,animal,Animal,0.6908815503120422,False,benchmark_data/expanded_generated/ced/real/traffic/20/1-30226-A-0.wav
benchmark_data/external/esc50/audio/1-30226-A-0.wav,1-30226-A-0,dog_barking,traffic,15,15.00000007246575,animal,Animal,0.6814337968826294,False,benchmark_data/expanded_generated/ced/real/traffic/15/1-30226-A-0.wav
benchmark_data/external/esc50/audio/1-30226-A-0.wav,1-30226-A-0,dog_barking,traffic,10,10.000000101776756,animal,Animal,0.688257098197937,False,benchmark_data/expanded_generated/ced/real/traffic/10/1-30226-A-0.wav
benchmark_data/external/esc50/audio/1-30226-A-0.wav,1-30226-A-0,dog_barking,traffic,5,4.9999998213481565,animal,Animal,0.6588432192802429,False,benchmark_data/expanded_generated/ced/real/traffic/5/1-30226-A-0.wav
benchmark_data/external/esc50/audio/1-30226-A-0.wav,1-30226-A-0,dog_barking,traffic,0,-1.2198036494414925e-07,dog,Dog,0.6262904405593872,False,benchmark_data/expanded_generated/ced/real/traffic/0/1-30226-A-0.wav
benchmark_data/external/esc50/audio/1-30344-A-0.wav,1-30344-A-0,dog_barking,traffic,20,20.0000000590084,dog,Dog,0.6903833746910095,False,benchmark_data/expanded_generated/ced/real/traffic/20/1-30344-A-0.wav
benchmark_data/external/esc50/audio/1-30344-A-0.wav,1-30344-A-0,dog_barking,traffic,15,14.999999999494742,dog,Dog,0.6893424987792969,False,benchmark_data/expanded_generated/ced/real/traffic/15/1-30344-A-0.wav
benchmark_data/external/esc50/audio/1-30344-A-0.wav,1-30344-A-0,dog_barking,traffic,10,10.000000159001347,dog,Dog,0.6524326205253601,False,benchmark_data/expanded_generated/ced/real/traffic/10/1-30344-A-0.wav
benchmark_data/external/esc50/audio/1-30344-A-0.wav,1-30344-A-0,dog_barking,traffic,5,4.999999879431115,dog,Dog,0.6196197867393494,False,benchmark_data/expanded_generated/ced/real/traffic/5/1-30344-A-0.wav
benchmark_data/external/esc50/audio/1-30344-A-0.wav,1-30344-A-0,dog_barking,traffic,0,-4.0332860023540035e-08,vehicle,Vehicle,0.6161876916885376,False,benchmark_data/expanded_generated/ced/real/traffic/0/1-30344-A-0.wav
benchmark_data/external/esc50/audio/1-32318-A-0.wav,1-32318-A-0,dog_barking,traffic,20,20.00000020525791,animal,Animal,0.6997526288032532,False,benchmark_data/expanded_generated/ced/real/traffic/20/1-32318-A-0.wav
benchmark_data/external/esc50/audio/1-32318-A-0.wav,1-32318-A-0,dog_barking,traffic,15,15.000000448142359,dog,Dog,0.6957622766494751,False,benchmark_data/expanded_generated/ced/real/traffic/15/1-32318-A-0.wav
benchmark_data/external/esc50/audio/1-32318-A-0.wav,1-32318-A-0,dog_barking,traffic,10,9.999999964537395,dog,Dog,0.6620686054229736,False,benchmark_data/expanded_generated/ced/real/traffic/10/1-32318-A-0.wav
benchmark_data/external/esc50/audio/1-32318-A-0.wav,1-32318-A-0,dog_barking,traffic,5,4.999999658703399,dog,Dog,0.6617515087127686,False,benchmark_data/expanded_generated/ced/real/traffic/5/1-32318-A-0.wav
benchmark_data/external/esc50/audio/1-32318-A-0.wav,1-32318-A-0,dog_barking,traffic,0,-2.629345166751904e-07,vehicle,Vehicle,0.6340357065200806,False,benchmark_data/expanded_generated/ced/real/traffic/0/1-32318-A-0.wav
benchmark_data/external/esc50/audio/1-59513-A-0.wav,1-59513-A-0,dog_barking,traffic,20,19.999999630381456,animal,Animal,0.6769888997077942,False,benchmark_data/expanded_generated/ced/real/traffic/20/1-59513-A-0.wav
benchmark_data/external/esc50/audio/1-59513-A-0.wav,1-59513-A-0,dog_barking,traffic,15,15.0000001560852,dog,Dog,0.6719214916229248,False,benchmark_data/expanded_generated/ced/real/traffic/15/1-59513-A-0.wav
benchmark_data/external/esc50/audio/1-59513-A-0.wav,1-59513-A-0,dog_barking,traffic,10,9.999999906302733,dog,Dog,0.6506326198577881,False,benchmark_data/expanded_generated/ced/real/traffic/10/1-59513-A-0.wav
benchmark_data/external/esc50/audio/1-59513-A-0.wav,1-59513-A-0,dog_barking,traffic,5,4.99999985071989,dog,Dog,0.6330812573432922,False,benchmark_data/expanded_generated/ced/real/traffic/5/1-59513-A-0.wav
benchmark_data/external/esc50/audio/1-59513-A-0.wav,1-59513-A-0,dog_barking,traffic,0,1.634272178321017e-07,vehicle,Vehicle,0.6363843679428101,False,benchmark_data/expanded_generated/ced/real/traffic/0/1-59513-A-0.wav
benchmark_data/external/esc50/audio/1-85362-A-0.wav,1-85362-A-0,dog_barking,traffic,20,20.000000023447008,dog,Dog,0.688651442527771,False,benchmark_data/expanded_generated/ced/real/traffic/20/1-85362-A-0.wav
benchmark_data/external/esc50/audio/1-85362-A-0.wav,1-85362-A-0,dog_barking,traffic,15,14.999999655777101,dog,Dog,0.6858208179473877,False,benchmark_data/expanded_generated/ced/real/traffic/15/1-85362-A-0.wav
benchmark_data/external/esc50/audio/1-85362-A-0.wav,1-85362-A-0,dog_barking,traffic,10,10.000000272412903,dog,Dog,0.6452487707138062,False,benchmark_data/expanded_generated/ced/real/traffic/10/1-85362-A-0.wav
benchmark_data/external/esc50/audio/1-85362-A-0.wav,1-85362-A-0,dog_barking,traffic,5,4.999999886349106,dog,Dog,0.6595233082771301,False,benchmark_data/expanded_generated/ced/real/traffic/5/1-85362-A-0.wav
benchmark_data/external/esc50/audio/1-85362-A-0.wav,1-85362-A-0,dog_barking,traffic,0,-2.1558322637286558e-07,dog,Dog,0.6041778326034546,False,benchmark_data/expanded_generated/ced/real/traffic/0/1-85362-A-0.wav
benchmark_data/external/esc50/audio/1-97392-A-0.wav,1-97392-A-0,dog_barking,traffic,20,19.999999878194735,dog,Dog,0.6883212327957153,False,benchmark_data/expanded_generated/ced/real/traffic/20/1-97392-A-0.wav
benchmark_data/external/esc50/audio/1-97392-A-0.wav,1-97392-A-0,dog_barking,traffic,15,15.00000009831865,dog,Dog,0.6870046257972717,False,benchmark_data/expanded_generated/ced/real/traffic/15/1-97392-A-0.wav
benchmark_data/external/esc50/audio/1-97392-A-0.wav,1-97392-A-0,dog_barking,traffic,10,10.00000003832933,dog,Dog,0.6704515814781189,False,benchmark_data/expanded_generated/ced/real/traffic/10/1-97392-A-0.wav
benchmark_data/external/esc50/audio/1-97392-A-0.wav,1-97392-A-0,dog_barking,traffic,5,5.000000256877923,animal,Animal,0.6622260212898254,False,benchmark_data/expanded_generated/ced/real/traffic/5/1-97392-A-0.wav
benchmark_data/external/esc50/audio/1-97392-A-0.wav,1-97392-A-0,dog_barking,traffic,0,7.906512050919781e-08,animal,Animal,0.6674357652664185,False,benchmark_data/expanded_generated/ced/real/traffic/0/1-97392-A-0.wav
benchmark_data/external/esc50/audio/2-114280-A-0.wav,2-114280-A-0,dog_barking,traffic,20,20.000000201887186,dog,Dog,0.6954290866851807,False,benchmark_data/expanded_generated/ced/real/traffic/20/2-114280-A-0.wav
benchmark_data/external/esc50/audio/2-114280-A-0.wav,2-114280-A-0,dog_barking,traffic,15,15.000000311093986,dog,Dog,0.6948777437210083,False,benchmark_data/expanded_generated/ced/real/traffic/15/2-114280-A-0.wav
benchmark_data/external/esc50/audio/2-114280-A-0.wav,2-114280-A-0,dog_barking,traffic,10,9.999999621448628,dog,Dog,0.6813422441482544,False,benchmark_data/expanded_generated/ced/real/traffic/10/2-114280-A-0.wav
benchmark_data/external/esc50/audio/2-114280-A-0.wav,2-114280-A-0,dog_barking,traffic,5,4.999999659747536,dog,Dog,0.6504220962524414,False,benchmark_data/expanded_generated/ced/real/traffic/5/2-114280-A-0.wav
benchmark_data/external/esc50/audio/2-114280-A-0.wav,2-114280-A-0,dog_barking,traffic,0,-2.9061045436005348e-08,dog,Dog,0.619182825088501,False,benchmark_data/expanded_generated/ced/real/traffic/0/2-114280-A-0.wav
benchmark_data/external/esc50/audio/2-114587-A-0.wav,2-114587-A-0,dog_barking,traffic,20,20.000000385695962,animal,Animal,0.7016691565513611,False,benchmark_data/expanded_generated/ced/real/traffic/20/2-114587-A-0.wav
benchmark_data/external/esc50/audio/2-114587-A-0.wav,2-114587-A-0,dog_barking,traffic,15,15.00000026993622,animal,Animal,0.670279860496521,False,benchmark_data/expanded_generated/ced/real/traffic/15/2-114587-A-0.wav
benchmark_data/external/esc50/audio/2-114587-A-0.wav,2-114587-A-0,dog_barking,traffic,10,10.000000250125556,animal,Animal,0.6806708574295044,False,benchmark_data/expanded_generated/ced/real/traffic/10/2-114587-A-0.wav
benchmark_data/external/esc50/audio/2-114587-A-0.wav,2-114587-A-0,dog_barking,traffic,5,4.999999691007067,animal,Animal,0.6498788595199585,False,benchmark_data/expanded_generated/ced/real/traffic/5/2-114587-A-0.wav
benchmark_data/external/esc50/audio/2-114587-A-0.wav,2-114587-A-0,dog_barking,traffic,0,-1.6729082285684514e-07,animal,Animal,0.6315816044807434,False,benchmark_data/expanded_generated/ced/real/traffic/0/2-114587-A-0.wav
benchmark_data/external/esc50/audio/1-101336-A-30.wav,1-101336-A-30,door_activity,traffic,20,20.000000055654098,door_activity,Knock,0.5492421984672546,True,benchmark_data/expanded_generated/ced/real/traffic/20/1-101336-A-30.wav
benchmark_data/external/esc50/audio/1-101336-A-30.wav,1-101336-A-30,door_activity,traffic,15,15.000000062559506,door_activity,Knock,0.6269292235374451,True,benchmark_data/expanded_generated/ced/real/traffic/15/1-101336-A-30.wav
benchmark_data/external/esc50/audio/1-101336-A-30.wav,1-101336-A-30,door_activity,traffic,10,10.000000221554327,door_activity,Knock,0.5691329836845398,True,benchmark_data/expanded_generated/ced/real/traffic/10/1-101336-A-30.wav
benchmark_data/external/esc50/audio/1-101336-A-30.wav,1-101336-A-30,door_activity,traffic,5,5.000000024257167,door_activity,Knock,0.6299377083778381,True,benchmark_data/expanded_generated/ced/real/traffic/5/1-101336-A-30.wav
benchmark_data/external/esc50/audio/1-101336-A-30.wav,1-101336-A-30,door_activity,traffic,0,-2.067711581602758e-07,door_activity,Knock,0.6655193567276001,True,benchmark_data/expanded_generated/ced/real/traffic/0/1-101336-A-30.wav
benchmark_data/external/esc50/audio/1-103995-A-30.wav,1-103995-A-30,door_activity,traffic,20,19.999999793876533,door_activity,Knock,0.6438567042350769,True,benchmark_data/expanded_generated/ced/real/traffic/20/1-103995-A-30.wav
benchmark_data/external/esc50/audio/1-103995-A-30.wav,1-103995-A-30,door_activity,traffic,15,15.000000329140313,door_activity,Knock,0.5676963329315186,True,benchmark_data/expanded_generated/ced/real/traffic/15/1-103995-A-30.wav
benchmark_data/external/esc50/audio/1-103995-A-30.wav,1-103995-A-30,door_activity,traffic,10,9.999999585486483,door_activity,Knock,0.6599642038345337,True,benchmark_data/expanded_generated/ced/real/traffic/10/1-103995-A-30.wav
benchmark_data/external/esc50/audio/1-103995-A-30.wav,1-103995-A-30,door_activity,traffic,5,5.000000305983522,door_activity,Knock,0.6224896907806396,True,benchmark_data/expanded_generated/ced/real/traffic/5/1-103995-A-30.wav
benchmark_data/external/esc50/audio/1-103995-A-30.wav,1-103995-A-30,door_activity,traffic,0,7.857725375213838e-08,door_activity,Knock,0.6624045968055725,True,benchmark_data/expanded_generated/ced/real/traffic/0/1-103995-A-30.wav
benchmark_data/external/esc50/audio/1-103999-A-30.wav,1-103999-A-30,door_activity,traffic,20,19.99999978313547,door_activity,Knock,0.6741372346878052,True,benchmark_data/expanded_generated/ced/real/traffic/20/1-103999-A-30.wav
benchmark_data/external/esc50/audio/1-103999-A-30.wav,1-103999-A-30,door_activity,traffic,15,15.00000001369612,door_activity,Knock,0.6845467686653137,True,benchmark_data/expanded_generated/ced/real/traffic/15/1-103999-A-30.wav
benchmark_data/external/esc50/audio/1-103999-A-30.wav,1-103999-A-30,door_activity,traffic,10,9.99999961783535,door_activity,Knock,0.6250699162483215,True,benchmark_data/expanded_generated/ced/real/traffic/10/1-103999-A-30.wav
benchmark_data/external/esc50/audio/1-103999-A-30.wav,1-103999-A-30,door_activity,traffic,5,5.000000077636928,door_activity,Knock,0.6008680462837219,True,benchmark_data/expanded_generated/ced/real/traffic/5/1-103999-A-30.wav
benchmark_data/external/esc50/audio/1-103999-A-30.wav,1-103999-A-30,door_activity,traffic,0,-3.9017846491458577e-10,door_activity,Knock,0.643471360206604,True,benchmark_data/expanded_generated/ced/real/traffic/0/1-103999-A-30.wav
benchmark_data/external/esc50/audio/1-26188-A-30.wav,1-26188-A-30,door_activity,traffic,20,20.000000048646886,door_activity,Knock,0.6322763562202454,True,benchmark_data/expanded_generated/ced/real/traffic/20/1-26188-A-30.wav
benchmark_data/external/esc50/audio/1-26188-A-30.wav,1-26188-A-30,door_activity,traffic,15,15.0000001914213,door_activity,Knock,0.6505556106567383,True,benchmark_data/expanded_generated/ced/real/traffic/15/1-26188-A-30.wav
benchmark_data/external/esc50/audio/1-26188-A-30.wav,1-26188-A-30,door_activity,traffic,10,9.999999894979982,door_activity,Knock,0.6580308675765991,True,benchmark_data/expanded_generated/ced/real/traffic/10/1-26188-A-30.wav
benchmark_data/external/esc50/audio/1-26188-A-30.wav,1-26188-A-30,door_activity,traffic,5,4.999999761508757,vehicle,Vehicle,0.6398563981056213,False,benchmark_data/expanded_generated/ced/real/traffic/5/1-26188-A-30.wav
benchmark_data/external/esc50/audio/1-26188-A-30.wav,1-26188-A-30,door_activity,traffic,0,-1.4082842839616643e-07,vehicle,Vehicle,0.6480669379234314,False,benchmark_data/expanded_generated/ced/real/traffic/0/1-26188-A-30.wav
benchmark_data/external/esc50/audio/1-52290-A-30.wav,1-52290-A-30,door_activity,traffic,20,19.999999638451268,whack_thwack,"Whack, thwack",0.5236311554908752,False,benchmark_data/expanded_generated/ced/real/traffic/20/1-52290-A-30.wav
benchmark_data/external/esc50/audio/1-52290-A-30.wav,1-52290-A-30,door_activity,traffic,15,15.000000282580622,music,Music,0.5324066877365112,False,benchmark_data/expanded_generated/ced/real/traffic/15/1-52290-A-30.wav
benchmark_data/external/esc50/audio/1-52290-A-30.wav,1-52290-A-30,door_activity,traffic,10,10.000000060780064,door_activity,Knock,0.541083574295044,True,benchmark_data/expanded_generated/ced/real/traffic/10/1-52290-A-30.wav
benchmark_data/external/esc50/audio/1-52290-A-30.wav,1-52290-A-30,door_activity,traffic,5,5.0000003072084755,vehicle,Vehicle,0.5744398832321167,False,benchmark_data/expanded_generated/ced/real/traffic/5/1-52290-A-30.wav
benchmark_data/external/esc50/audio/1-52290-A-30.wav,1-52290-A-30,door_activity,traffic,0,-3.4520199091233975e-09,door_activity,Knock,0.5327872633934021,True,benchmark_data/expanded_generated/ced/real/traffic/0/1-52290-A-30.wav
benchmark_data/external/esc50/audio/1-81001-A-30.wav,1-81001-A-30,door_activity,traffic,20,19.99999969580276,chopping_food,Chopping (food),0.5969708561897278,False,benchmark_data/expanded_generated/ced/real/traffic/20/1-81001-A-30.wav
benchmark_data/external/esc50/audio/1-81001-A-30.wav,1-81001-A-30,door_activity,traffic,15,15.000000136487282,chopping_food,Chopping (food),0.5590360164642334,False,benchmark_data/expanded_generated/ced/real/traffic/15/1-81001-A-30.wav
benchmark_data/external/esc50/audio/1-81001-A-30.wav,1-81001-A-30,door_activity,traffic,10,9.999999554185676,whack_thwack,"Whack, thwack",0.5326228737831116,False,benchmark_data/expanded_generated/ced/real/traffic/10/1-81001-A-30.wav
benchmark_data/external/esc50/audio/1-81001-A-30.wav,1-81001-A-30,door_activity,traffic,5,5.000000152045975,chopping_food,Chopping (food),0.6013277173042297,False,benchmark_data/expanded_generated/ced/real/traffic/5/1-81001-A-30.wav
benchmark_data/external/esc50/audio/1-81001-A-30.wav,1-81001-A-30,door_activity,traffic,0,-2.870738521625808e-07,vehicle,Vehicle,0.5430943965911865,False,benchmark_data/expanded_generated/ced/real/traffic/0/1-81001-A-30.wav
benchmark_data/external/esc50/audio/1-81001-B-30.wav,1-81001-B-30,door_activity,traffic,20,19.999999839249543,whack_thwack,"Whack, thwack",0.5448194742202759,False,benchmark_data/expanded_generated/ced/real/traffic/20/1-81001-B-30.wav
benchmark_data/external/esc50/audio/1-81001-B-30.wav,1-81001-B-30,door_activity,traffic,15,15.0000002571549,whack_thwack,"Whack, thwack",0.5540392994880676,False,benchmark_data/expanded_generated/ced/real/traffic/15/1-81001-B-30.wav
benchmark_data/external/esc50/audio/1-81001-B-30.wav,1-81001-B-30,door_activity,traffic,10,10.000000277906512,hammer,Hammer,0.5438812375068665,False,benchmark_data/expanded_generated/ced/real/traffic/10/1-81001-B-30.wav
benchmark_data/external/esc50/audio/1-81001-B-30.wav,1-81001-B-30,door_activity,traffic,5,5.0000001176142845,whack_thwack,"Whack, thwack",0.5570076107978821,False,benchmark_data/expanded_generated/ced/real/traffic/5/1-81001-B-30.wav
benchmark_data/external/esc50/audio/1-81001-B-30.wav,1-81001-B-30,door_activity,traffic,0,-2.1449283232261962e-07,vehicle,Vehicle,0.5679322481155396,False,benchmark_data/expanded_generated/ced/real/traffic/0/1-81001-B-30.wav
benchmark_data/external/esc50/audio/1-82817-A-30.wav,1-82817-A-30,door_activity,traffic,20,20.000000243718308,door_activity,Knock,0.6498163342475891,True,benchmark_data/expanded_generated/ced/real/traffic/20/1-82817-A-30.wav
benchmark_data/external/esc50/audio/1-82817-A-30.wav,1-82817-A-30,door_activity,traffic,15,15.000000344321753,door_activity,Knock,0.630513072013855,True,benchmark_data/expanded_generated/ced/real/traffic/15/1-82817-A-30.wav
benchmark_data/external/esc50/audio/1-82817-A-30.wav,1-82817-A-30,door_activity,traffic,10,9.999999834157855,door_activity,Knock,0.6056181192398071,True,benchmark_data/expanded_generated/ced/real/traffic/10/1-82817-A-30.wav
benchmark_data/external/esc50/audio/1-82817-A-30.wav,1-82817-A-30,door_activity,traffic,5,5.000000327979416,door_activity,Knock,0.5866091251373291,True,benchmark_data/expanded_generated/ced/real/traffic/5/1-82817-A-30.wav
benchmark_data/external/esc50/audio/1-82817-A-30.wav,1-82817-A-30,door_activity,traffic,0,9.962845730515535e-08,door_activity,Knock,0.677055835723877,True,benchmark_data/expanded_generated/ced/real/traffic/0/1-82817-A-30.wav
benchmark_data/external/esc50/audio/2-114254-A-30.wav,2-114254-A-30,door_activity,traffic,20,19.99999987133617,wood_block,Wood block,0.5859158635139465,False,benchmark_data/expanded_generated/ced/real/traffic/20/2-114254-A-30.wav
benchmark_data/external/esc50/audio/2-114254-A-30.wav,2-114254-A-30,door_activity,traffic,15,14.99999998189291,wood_block,Wood block,0.58172208070755,False,benchmark_data/expanded_generated/ced/real/traffic/15/2-114254-A-30.wav
benchmark_data/external/esc50/audio/2-114254-A-30.wav,2-114254-A-30,door_activity,traffic,10,9.999999689700951,wood_block,Wood block,0.5583714246749878,False,benchmark_data/expanded_generated/ced/real/traffic/10/2-114254-A-30.wav
benchmark_data/external/esc50/audio/2-114254-A-30.wav,2-114254-A-30,door_activity,traffic,5,4.999999849288132,vehicle,Vehicle,0.5591019988059998,False,benchmark_data/expanded_generated/ced/real/traffic/5/2-114254-A-30.wav
benchmark_data/external/esc50/audio/2-114254-A-30.wav,2-114254-A-30,door_activity,traffic,0,6.200018907272472e-08,door_activity,Knock,0.572581946849823,True,benchmark_data/expanded_generated/ced/real/traffic/0/2-114254-A-30.wav
benchmark_data/external/esc50/audio/2-118624-A-30.wav,2-118624-A-30,door_activity,traffic,20,19.99999989444078,door_activity,Knock,0.585703432559967,True,benchmark_data/expanded_generated/ced/real/traffic/20/2-118624-A-30.wav
benchmark_data/external/esc50/audio/2-118624-A-30.wav,2-118624-A-30,door_activity,traffic,15,14.999999626985844,music,Music,0.5452924370765686,False,benchmark_data/expanded_generated/ced/real/traffic/15/2-118624-A-30.wav
benchmark_data/external/esc50/audio/2-118624-A-30.wav,2-118624-A-30,door_activity,traffic,10,10.000000236901183,door_activity,Knock,0.5512993335723877,True,benchmark_data/expanded_generated/ced/real/traffic/10/2-118624-A-30.wav
benchmark_data/external/esc50/audio/2-118624-A-30.wav,2-118624-A-30,door_activity,traffic,5,5.000000153859957,vehicle,Vehicle,0.5543399453163147,False,benchmark_data/expanded_generated/ced/real/traffic/5/2-118624-A-30.wav
benchmark_data/external/esc50/audio/2-118624-A-30.wav,2-118624-A-30,door_activity,traffic,0,-2.3749476878628764e-07,vehicle,Vehicle,0.6170778870582581,False,benchmark_data/expanded_generated/ced/real/traffic/0/2-118624-A-30.wav
benchmark_data/external/esc50/audio/1-17150-A-12.wav,1-17150-A-12,fire,traffic,20,20.000000328226943,fire,Fire,0.638514518737793,True,benchmark_data/expanded_generated/ced/real/traffic/20/1-17150-A-12.wav
benchmark_data/external/esc50/audio/1-17150-A-12.wav,1-17150-A-12,fire,traffic,15,15.000000096835585,fire,Fire,0.5964474081993103,True,benchmark_data/expanded_generated/ced/real/traffic/15/1-17150-A-12.wav
benchmark_data/external/esc50/audio/1-17150-A-12.wav,1-17150-A-12,fire,traffic,10,10.00000006833557,fire,Fire,0.5893364548683167,True,benchmark_data/expanded_generated/ced/real/traffic/10/1-17150-A-12.wav
benchmark_data/external/esc50/audio/1-17150-A-12.wav,1-17150-A-12,fire,traffic,5,4.99999993420295,rain_on_surface,Rain on surface,0.5582194328308105,False,benchmark_data/expanded_generated/ced/real/traffic/5/1-17150-A-12.wav
benchmark_data/external/esc50/audio/1-17150-A-12.wav,1-17150-A-12,fire,traffic,0,-8.875546996448804e-08,rain_on_surface,Rain on surface,0.5438764095306396,False,benchmark_data/expanded_generated/ced/real/traffic/0/1-17150-A-12.wav
benchmark_data/external/esc50/audio/1-17565-A-12.wav,1-17565-A-12,fire,traffic,20,19.999999724960283,crumpling_crinkling,"Crumpling, crinkling",0.5344980955123901,False,benchmark_data/expanded_generated/ced/real/traffic/20/1-17565-A-12.wav
benchmark_data/external/esc50/audio/1-17565-A-12.wav,1-17565-A-12,fire,traffic,15,15.000000253573475,crack,Crack,0.5207816362380981,False,benchmark_data/expanded_generated/ced/real/traffic/15/1-17565-A-12.wav
benchmark_data/external/esc50/audio/1-17565-A-12.wav,1-17565-A-12,fire,traffic,10,10.000000292238173,crumpling_crinkling,"Crumpling, crinkling",0.5207833647727966,False,benchmark_data/expanded_generated/ced/real/traffic/10/1-17565-A-12.wav
benchmark_data/external/esc50/audio/1-17565-A-12.wav,1-17565-A-12,fire,traffic,5,4.999999654822505,crumpling_crinkling,"Crumpling, crinkling",0.5245687365531921,False,benchmark_data/expanded_generated/ced/real/traffic/5/1-17565-A-12.wav
benchmark_data/external/esc50/audio/1-17565-A-12.wav,1-17565-A-12,fire,traffic,0,5.5679909796366964e-08,rain_on_surface,Rain on surface,0.554002046585083,False,benchmark_data/expanded_generated/ced/real/traffic/0/1-17565-A-12.wav
benchmark_data/external/esc50/audio/1-17742-A-12.wav,1-17742-A-12,fire,traffic,20,19.99999973054939,patter,Patter,0.5426130890846252,False,benchmark_data/expanded_generated/ced/real/traffic/20/1-17742-A-12.wav
benchmark_data/external/esc50/audio/1-17742-A-12.wav,1-17742-A-12,fire,traffic,15,15.000000001409248,patter,Patter,0.5515746474266052,False,benchmark_data/expanded_generated/ced/real/traffic/15/1-17742-A-12.wav
benchmark_data/external/esc50/audio/1-17742-A-12.wav,1-17742-A-12,fire,traffic,10,10.000000007260226,patter,Patter,0.5481621623039246,False,benchmark_data/expanded_generated/ced/real/traffic/10/1-17742-A-12.wav
benchmark_data/external/esc50/audio/1-17742-A-12.wav,1-17742-A-12,fire,traffic,5,4.999999667593926,raindrop,Raindrop,0.5433295369148254,False,benchmark_data/expanded_generated/ced/real/traffic/5/1-17742-A-12.wav
benchmark_data/external/esc50/audio/1-17742-A-12.wav,1-17742-A-12,fire,traffic,0,3.5468885729273887e-07,rain_on_surface,Rain on surface,0.5481153130531311,False,benchmark_data/expanded_generated/ced/real/traffic/0/1-17742-A-12.wav
benchmark_data/external/esc50/audio/1-17808-A-12.wav,1-17808-A-12,fire,traffic,20,20.00000018432224,rain_on_surface,Rain on surface,0.5388192534446716,False,benchmark_data/expanded_generated/ced/real/traffic/20/1-17808-A-12.wav
benchmark_data/external/esc50/audio/1-17808-A-12.wav,1-17808-A-12,fire,traffic,15,15.000000321162405,rain_on_surface,Rain on surface,0.5473654270172119,False,benchmark_data/expanded_generated/ced/real/traffic/15/1-17808-A-12.wav
benchmark_data/external/esc50/audio/1-17808-A-12.wav,1-17808-A-12,fire,traffic,10,10.000000303761043,rain_on_surface,Rain on surface,0.549126923084259,False,benchmark_data/expanded_generated/ced/real/traffic/10/1-17808-A-12.wav
benchmark_data/external/esc50/audio/1-17808-A-12.wav,1-17808-A-12,fire,traffic,5,4.999999828206834,vehicle,Vehicle,0.5838822722434998,False,benchmark_data/expanded_generated/ced/real/traffic/5/1-17808-A-12.wav
benchmark_data/external/esc50/audio/1-17808-A-12.wav,1-17808-A-12,fire,traffic,0,1.9091720433125178e-07,vehicle,Vehicle,0.6789608597755432,False,benchmark_data/expanded_generated/ced/real/traffic/0/1-17808-A-12.wav
benchmark_data/external/esc50/audio/1-17808-B-12.wav,1-17808-B-12,fire,traffic,20,20.000000248599022,vehicle,Vehicle,0.5324546694755554,False,benchmark_data/expanded_generated/ced/real/traffic/20/1-17808-B-12.wav
benchmark_data/external/esc50/audio/1-17808-B-12.wav,1-17808-B-12,fire,traffic,15,15.000000300265249,vehicle,Vehicle,0.5422124862670898,False,benchmark_data/expanded_generated/ced/real/traffic/15/1-17808-B-12.wav
benchmark_data/external/esc50/audio/1-17808-B-12.wav,1-17808-B-12,fire,traffic,10,9.999999798304392,vehicle,Vehicle,0.5486549139022827,False,benchmark_data/expanded_generated/ced/real/traffic/10/1-17808-B-12.wav
benchmark_data/external/esc50/audio/1-17808-B-12.wav,1-17808-B-12,fire,traffic,5,4.999999566843418,fire,Fire,0.565026044845581,True,benchmark_data/expanded_generated/ced/real/traffic/5/1-17808-B-12.wav
benchmark_data/external/esc50/audio/1-17808-B-12.wav,1-17808-B-12,fire,traffic,0,-2.277878812572848e-07,vehicle,Vehicle,0.6439191102981567,False,benchmark_data/expanded_generated/ced/real/traffic/0/1-17808-B-12.wav
benchmark_data/external/esc50/audio/1-4211-A-12.wav,1-4211-A-12,fire,traffic,20,20.000000090005972,fire,Fire,0.5222334861755371,True,benchmark_data/expanded_generated/ced/real/traffic/20/1-4211-A-12.wav
benchmark_data/external/esc50/audio/1-4211-A-12.wav,1-4211-A-12,fire,traffic,15,14.99999964472395,vehicle,Vehicle,0.5247148871421814,False,benchmark_data/expanded_generated/ced/real/traffic/15/1-4211-A-12.wav
benchmark_data/external/esc50/audio/1-4211-A-12.wav,1-4211-A-12,fire,traffic,10,9.999999844126787,vehicle,Vehicle,0.5323126912117004,False,benchmark_data/expanded_generated/ced/real/traffic/10/1-4211-A-12.wav
benchmark_data/external/esc50/audio/1-4211-A-12.wav,1-4211-A-12,fire,traffic,5,5.000000253032994,wind,Wind,0.5330455899238586,False,benchmark_data/expanded_generated/ced/real/traffic/5/1-4211-A-12.wav
benchmark_data/external/esc50/audio/1-4211-A-12.wav,1-4211-A-12,fire,traffic,0,-4.232201868853781e-07,vehicle,Vehicle,0.5511758923530579,False,benchmark_data/expanded_generated/ced/real/traffic/0/1-4211-A-12.wav
benchmark_data/external/esc50/audio/1-46272-A-12.wav,1-46272-A-12,fire,traffic,20,20.000000192630697,fire,Fire,0.6782894134521484,True,benchmark_data/expanded_generated/ced/real/traffic/20/1-46272-A-12.wav
benchmark_data/external/esc50/audio/1-46272-A-12.wav,1-46272-A-12,fire,traffic,15,14.999999721891708,fire,Fire,0.6673007011413574,True,benchmark_data/expanded_generated/ced/real/traffic/15/1-46272-A-12.wav
benchmark_data/external/esc50/audio/1-46272-A-12.wav,1-46272-A-12,fire,traffic,10,10.000000128564114,fire,Fire,0.6658819913864136,True,benchmark_data/expanded_generated/ced/real/traffic/10/1-46272-A-12.wav
benchmark_data/external/esc50/audio/1-46272-A-12.wav,1-46272-A-12,fire,traffic,5,5.000000244561216,rain_on_surface,Rain on surface,0.5952975749969482,False,benchmark_data/expanded_generated/ced/real/traffic/5/1-46272-A-12.wav
benchmark_data/external/esc50/audio/1-46272-A-12.wav,1-46272-A-12,fire,traffic,0,-1.0090836894541417e-08,rain_on_surface,Rain on surface,0.6093733310699463,False,benchmark_data/expanded_generated/ced/real/traffic/0/1-46272-A-12.wav
benchmark_data/external/esc50/audio/1-7057-A-12.wav,1-7057-A-12,fire,traffic,20,20.000000082528338,fire,Fire,0.6933795809745789,True,benchmark_data/expanded_generated/ced/real/traffic/20/1-7057-A-12.wav
benchmark_data/external/esc50/audio/1-7057-A-12.wav,1-7057-A-12,fire,traffic,15,15.000000042941464,fire,Fire,0.6960740089416504,True,benchmark_data/expanded_generated/ced/real/traffic/15/1-7057-A-12.wav
benchmark_data/external/esc50/audio/1-7057-A-12.wav,1-7057-A-12,fire,traffic,10,10.000000222034608,fire,Fire,0.668716311454773,True,benchmark_data/expanded_generated/ced/real/traffic/10/1-7057-A-12.wav
benchmark_data/external/esc50/audio/1-7057-A-12.wav,1-7057-A-12,fire,traffic,5,5.000000052163412,fire,Fire,0.7111015915870667,True,benchmark_data/expanded_generated/ced/real/traffic/5/1-7057-A-12.wav
benchmark_data/external/esc50/audio/1-7057-A-12.wav,1-7057-A-12,fire,traffic,0,4.11441410882449e-07,fire,Fire,0.7144753932952881,True,benchmark_data/expanded_generated/ced/real/traffic/0/1-7057-A-12.wav
benchmark_data/external/esc50/audio/2-18766-A-12.wav,2-18766-A-12,fire,traffic,20,19.999999761256,fire,Fire,0.6194011569023132,True,benchmark_data/expanded_generated/ced/real/traffic/20/2-18766-A-12.wav
benchmark_data/external/esc50/audio/2-18766-A-12.wav,2-18766-A-12,fire,traffic,15,15.000000175930682,fire,Fire,0.6047382354736328,True,benchmark_data/expanded_generated/ced/real/traffic/15/2-18766-A-12.wav
benchmark_data/external/esc50/audio/2-18766-A-12.wav,2-18766-A-12,fire,traffic,10,10.000000148021769,fire,Fire,0.5935543179512024,True,benchmark_data/expanded_generated/ced/real/traffic/10/2-18766-A-12.wav
benchmark_data/external/esc50/audio/2-18766-A-12.wav,2-18766-A-12,fire,traffic,5,4.999999784896284,fire,Fire,0.6436543464660645,True,benchmark_data/expanded_generated/ced/real/traffic/5/2-18766-A-12.wav
benchmark_data/external/esc50/audio/2-18766-A-12.wav,2-18766-A-12,fire,traffic,0,-3.2569998239926544e-07,fire,Fire,0.6162506341934204,True,benchmark_data/expanded_generated/ced/real/traffic/0/2-18766-A-12.wav
benchmark_data/external/esc50/audio/2-18766-B-12.wav,2-18766-B-12,fire,traffic,20,19.99999997810703,fire,Fire,0.5558472871780396,True,benchmark_data/expanded_generated/ced/real/traffic/20/2-18766-B-12.wav
benchmark_data/external/esc50/audio/2-18766-B-12.wav,2-18766-B-12,fire,traffic,15,15.000000152248134,glass,Glass,0.5317756533622742,False,benchmark_data/expanded_generated/ced/real/traffic/15/2-18766-B-12.wav
benchmark_data/external/esc50/audio/2-18766-B-12.wav,2-18766-B-12,fire,traffic,10,10.00000024500359,fire,Fire,0.5783026814460754,True,benchmark_data/expanded_generated/ced/real/traffic/10/2-18766-B-12.wav
benchmark_data/external/esc50/audio/2-18766-B-12.wav,2-18766-B-12,fire,traffic,5,5.0000004053325355,glass,Glass,0.5574218034744263,False,benchmark_data/expanded_generated/ced/real/traffic/5/2-18766-B-12.wav
benchmark_data/external/esc50/audio/2-18766-B-12.wav,2-18766-B-12,fire,traffic,0,-4.9777086026023854e-08,fire,Fire,0.5552558898925781,True,benchmark_data/expanded_generated/ced/real/traffic/0/2-18766-B-12.wav
benchmark_data/external/esc50/audio/1-20133-A-39.wav,1-20133-A-39,glass_breaking,traffic,20,20.000000257572168,breaking,Breaking,0.6384363770484924,False,benchmark_data/expanded_generated/ced/real/traffic/20/1-20133-A-39.wav
benchmark_data/external/esc50/audio/1-20133-A-39.wav,1-20133-A-39,glass_breaking,traffic,15,14.999999927251121,glass,Glass,0.6408135294914246,False,benchmark_data/expanded_generated/ced/real/traffic/15/1-20133-A-39.wav
benchmark_data/external/esc50/audio/1-20133-A-39.wav,1-20133-A-39,glass_breaking,traffic,10,10.000000054264058,breaking,Breaking,0.6467621326446533,False,benchmark_data/expanded_generated/ced/real/traffic/10/1-20133-A-39.wav
benchmark_data/external/esc50/audio/1-20133-A-39.wav,1-20133-A-39,glass_breaking,traffic,5,4.999999726269334,bus,Bus,0.6330471634864807,False,benchmark_data/expanded_generated/ced/real/traffic/5/1-20133-A-39.wav
benchmark_data/external/esc50/audio/1-20133-A-39.wav,1-20133-A-39,glass_breaking,traffic,0,3.3042419112482245e-07,bus,Bus,0.6476168632507324,False,benchmark_data/expanded_generated/ced/real/traffic/0/1-20133-A-39.wav
benchmark_data/external/esc50/audio/1-84536-A-39.wav,1-84536-A-39,glass_breaking,traffic,20,20.000000244084035,breaking,Breaking,0.6840904355049133,False,benchmark_data/expanded_generated/ced/real/traffic/20/1-84536-A-39.wav
benchmark_data/external/esc50/audio/1-84536-A-39.wav,1-84536-A-39,glass_breaking,traffic,15,14.999999781143751,glass,Glass,0.6794853210449219,False,benchmark_data/expanded_generated/ced/real/traffic/15/1-84536-A-39.wav
benchmark_data/external/esc50/audio/1-84536-A-39.wav,1-84536-A-39,glass_breaking,traffic,10,9.999999852847278,breaking,Breaking,0.6582258343696594,False,benchmark_data/expanded_generated/ced/real/traffic/10/1-84536-A-39.wav
benchmark_data/external/esc50/audio/1-84536-A-39.wav,1-84536-A-39,glass_breaking,traffic,5,5.000000250103211,glass,Glass,0.648720920085907,False,benchmark_data/expanded_generated/ced/real/traffic/5/1-84536-A-39.wav
benchmark_data/external/esc50/audio/1-84536-A-39.wav,1-84536-A-39,glass_breaking,traffic,0,-3.1494763729653205e-07,vehicle,Vehicle,0.6126526594161987,False,benchmark_data/expanded_generated/ced/real/traffic/0/1-84536-A-39.wav
benchmark_data/external/esc50/audio/1-84704-A-39.wav,1-84704-A-39,glass_breaking,traffic,20,20.000000108656707,breaking,Breaking,0.6360672116279602,False,benchmark_data/expanded_generated/ced/real/traffic/20/1-84704-A-39.wav
benchmark_data/external/esc50/audio/1-84704-A-39.wav,1-84704-A-39,glass_breaking,traffic,15,14.999999739735333,breaking,Breaking,0.6726582646369934,False,benchmark_data/expanded_generated/ced/real/traffic/15/1-84704-A-39.wav
benchmark_data/external/esc50/audio/1-84704-A-39.wav,1-84704-A-39,glass_breaking,traffic,10,10.000000289809897,glass,Glass,0.6696900725364685,False,benchmark_data/expanded_generated/ced/real/traffic/10/1-84704-A-39.wav
benchmark_data/external/esc50/audio/1-84704-A-39.wav,1-84704-A-39,glass_breaking,traffic,5,5.00000010341234,glass,Glass,0.5742667317390442,False,benchmark_data/expanded_generated/ced/real/traffic/5/1-84704-A-39.wav
benchmark_data/external/esc50/audio/1-84704-A-39.wav,1-84704-A-39,glass_breaking,traffic,0,2.6181441325643367e-07,glass,Glass,0.6858694553375244,False,benchmark_data/expanded_generated/ced/real/traffic/0/1-84704-A-39.wav
benchmark_data/external/esc50/audio/1-84705-A-39.wav,1-84705-A-39,glass_breaking,traffic,20,19.999999828981686,gunshot_gunfire,"Gunshot, gunfire",0.531098484992981,False,benchmark_data/expanded_generated/ced/real/traffic/20/1-84705-A-39.wav
benchmark_data/external/esc50/audio/1-84705-A-39.wav,1-84705-A-39,glass_breaking,traffic,15,15.000000309056523,clang,Clang,0.5565308332443237,False,benchmark_data/expanded_generated/ced/real/traffic/15/1-84705-A-39.wav
benchmark_data/external/esc50/audio/1-84705-A-39.wav,1-84705-A-39,glass_breaking,traffic,10,9.999999725301631,vehicle,Vehicle,0.5659061074256897,False,benchmark_data/expanded_generated/ced/real/traffic/10/1-84705-A-39.wav
benchmark_data/external/esc50/audio/1-84705-A-39.wav,1-84705-A-39,glass_breaking,traffic,5,5.000000287571043,vehicle,Vehicle,0.5285255312919617,False,benchmark_data/expanded_generated/ced/real/traffic/5/1-84705-A-39.wav
benchmark_data/external/esc50/audio/1-84705-A-39.wav,1-84705-A-39,glass_breaking,traffic,0,-3.1102470610999444e-07,vehicle,Vehicle,0.5549848079681396,False,benchmark_data/expanded_generated/ced/real/traffic/0/1-84705-A-39.wav
benchmark_data/external/esc50/audio/1-85168-A-39.wav,1-85168-A-39,glass_breaking,traffic,20,20.000000312498166,breaking,Breaking,0.6934638619422913,False,benchmark_data/expanded_generated/ced/real/traffic/20/1-85168-A-39.wav
benchmark_data/external/esc50/audio/1-85168-A-39.wav,1-85168-A-39,glass_breaking,traffic,15,14.999999915171356,glass,Glass,0.7020504474639893,False,benchmark_data/expanded_generated/ced/real/traffic/15/1-85168-A-39.wav
benchmark_data/external/esc50/audio/1-85168-A-39.wav,1-85168-A-39,glass_breaking,traffic,10,9.999999817668769,glass,Glass,0.6687028408050537,False,benchmark_data/expanded_generated/ced/real/traffic/10/1-85168-A-39.wav
benchmark_data/external/esc50/audio/1-85168-A-39.wav,1-85168-A-39,glass_breaking,traffic,5,5.000000173998679,breaking,Breaking,0.6599540114402771,False,benchmark_data/expanded_generated/ced/real/traffic/5/1-85168-A-39.wav
benchmark_data/external/esc50/audio/1-85168-A-39.wav,1-85168-A-39,glass_breaking,traffic,0,2.528837240798772e-07,glass,Glass,0.5963194370269775,False,benchmark_data/expanded_generated/ced/real/traffic/0/1-85168-A-39.wav
benchmark_data/external/esc50/audio/1-85184-A-39.wav,1-85184-A-39,glass_breaking,traffic,20,20.000000234846645,breaking,Breaking,0.6766378283500671,False,benchmark_data/expanded_generated/ced/real/traffic/20/1-85184-A-39.wav
benchmark_data/external/esc50/audio/1-85184-A-39.wav,1-85184-A-39,glass_breaking,traffic,15,14.999999984676695,breaking,Breaking,0.646661102771759,False,benchmark_data/expanded_generated/ced/real/traffic/15/1-85184-A-39.wav
benchmark_data/external/esc50/audio/1-85184-A-39.wav,1-85184-A-39,glass_breaking,traffic,10,9.999999832108843,breaking,Breaking,0.6895881295204163,False,benchmark_data/expanded_generated/ced/real/traffic/10/1-85184-A-39.wav
benchmark_data/external/esc50/audio/1-85184-A-39.wav,1-85184-A-39,glass_breaking,traffic,5,5.000000173700735,vehicle,Vehicle,0.6241541504859924,False,benchmark_data/expanded_generated/ced/real/traffic/5/1-85184-A-39.wav
benchmark_data/external/esc50/audio/1-85184-A-39.wav,1-85184-A-39,glass_breaking,traffic,0,8.627926957839404e-08,breaking,Breaking,0.5727434754371643,False,benchmark_data/expanded_generated/ced/real/traffic/0/1-85184-A-39.wav
benchmark_data/external/esc50/audio/1-88807-A-39.wav,1-88807-A-39,glass_breaking,traffic,20,20.000000366571037,chink_clink,"Chink, clink",0.5651751756668091,False,benchmark_data/expanded_generated/ced/real/traffic/20/1-88807-A-39.wav
benchmark_data/external/esc50/audio/1-88807-A-39.wav,1-88807-A-39,glass_breaking,traffic,15,14.999999993441763,glass,Glass,0.5516076683998108,False,benchmark_data/expanded_generated/ced/real/traffic/15/1-88807-A-39.wav
benchmark_data/external/esc50/audio/1-88807-A-39.wav,1-88807-A-39,glass_breaking,traffic,10,10.000000174438066,chink_clink,"Chink, clink",0.5549167990684509,False,benchmark_data/expanded_generated/ced/real/traffic/10/1-88807-A-39.wav
benchmark_data/external/esc50/audio/1-88807-A-39.wav,1-88807-A-39,glass_breaking,traffic,5,5.000000276267902,chink_clink,"Chink, clink",0.5378997921943665,False,benchmark_data/expanded_generated/ced/real/traffic/5/1-88807-A-39.wav
benchmark_data/external/esc50/audio/1-88807-A-39.wav,1-88807-A-39,glass_breaking,traffic,0,8.069607951916841e-09,vehicle,Vehicle,0.5611400008201599,False,benchmark_data/expanded_generated/ced/real/traffic/0/1-88807-A-39.wav
benchmark_data/external/esc50/audio/1-977-A-39.wav,1-977-A-39,glass_breaking,traffic,20,20.000000271366858,breaking,Breaking,0.6720224618911743,False,benchmark_data/expanded_generated/ced/real/traffic/20/1-977-A-39.wav
benchmark_data/external/esc50/audio/1-977-A-39.wav,1-977-A-39,glass_breaking,traffic,15,15.000000168127478,breaking,Breaking,0.6696431636810303,False,benchmark_data/expanded_generated/ced/real/traffic/15/1-977-A-39.wav
benchmark_data/external/esc50/audio/1-977-A-39.wav,1-977-A-39,glass_breaking,traffic,10,9.999999917887033,breaking,Breaking,0.6713264584541321,False,benchmark_data/expanded_generated/ced/real/traffic/10/1-977-A-39.wav
benchmark_data/external/esc50/audio/1-977-A-39.wav,1-977-A-39,glass_breaking,traffic,5,5.0000000861681375,glass,Glass,0.6764024496078491,False,benchmark_data/expanded_generated/ced/real/traffic/5/1-977-A-39.wav
benchmark_data/external/esc50/audio/1-977-A-39.wav,1-977-A-39,glass_breaking,traffic,0,-3.113538344730585e-07,vehicle,Vehicle,0.5935925841331482,False,benchmark_data/expanded_generated/ced/real/traffic/0/1-977-A-39.wav
benchmark_data/external/esc50/audio/2-106881-A-39.wav,2-106881-A-39,glass_breaking,traffic,20,20.000000348316355,crackle,Crackle,0.5632367134094238,False,benchmark_data/expanded_generated/ced/real/traffic/20/2-106881-A-39.wav
benchmark_data/external/esc50/audio/2-106881-A-39.wav,2-106881-A-39,glass_breaking,traffic,15,14.999999924414883,crackle,Crackle,0.5816637277603149,False,benchmark_data/expanded_generated/ced/real/traffic/15/2-106881-A-39.wav
benchmark_data/external/esc50/audio/2-106881-A-39.wav,2-106881-A-39,glass_breaking,traffic,10,9.999999833606886,crackle,Crackle,0.5867032408714294,False,benchmark_data/expanded_generated/ced/real/traffic/10/2-106881-A-39.wav
benchmark_data/external/esc50/audio/2-106881-A-39.wav,2-106881-A-39,glass_breaking,traffic,5,4.999999867677954,crushing,Crushing,0.5686406493186951,False,benchmark_data/expanded_generated/ced/real/traffic/5/2-106881-A-39.wav
benchmark_data/external/esc50/audio/2-106881-A-39.wav,2-106881-A-39,glass_breaking,traffic,0,1.8231502182555505e-07,crackle,Crackle,0.5633509159088135,False,benchmark_data/expanded_generated/ced/real/traffic/0/2-106881-A-39.wav
benchmark_data/external/esc50/audio/2-112213-A-39.wav,2-112213-A-39,glass_breaking,traffic,20,20.000000074287282,glass,Glass,0.7194188237190247,False,benchmark_data/expanded_generated/ced/real/traffic/20/2-112213-A-39.wav
benchmark_data/external/esc50/audio/2-112213-A-39.wav,2-112213-A-39,glass_breaking,traffic,15,15.000000108222434,glass,Glass,0.7110588550567627,False,benchmark_data/expanded_generated/ced/real/traffic/15/2-112213-A-39.wav
benchmark_data/external/esc50/audio/2-112213-A-39.wav,2-112213-A-39,glass_breaking,traffic,10,10.0000002115448,glass,Glass,0.7114803194999695,False,benchmark_data/expanded_generated/ced/real/traffic/10/2-112213-A-39.wav
benchmark_data/external/esc50/audio/2-112213-A-39.wav,2-112213-A-39,glass_breaking,traffic,5,5.000000030268467,glass,Glass,0.7090355157852173,False,benchmark_data/expanded_generated/ced/real/traffic/5/2-112213-A-39.wav
benchmark_data/external/esc50/audio/2-112213-A-39.wav,2-112213-A-39,glass_breaking,traffic,0,-1.3659194531695837e-07,glass,Glass,0.7048389315605164,False,benchmark_data/expanded_generated/ced/real/traffic/0/2-112213-A-39.wav
benchmark_data/external/esc50/audio/1-31482-A-42.wav,1-31482-A-42,siren,traffic,20,20.000000110542736,siren,Siren,0.6575524806976318,True,benchmark_data/expanded_generated/ced/real/traffic/20/1-31482-A-42.wav
benchmark_data/external/esc50/audio/1-31482-A-42.wav,1-31482-A-42,siren,traffic,15,15.000000141289014,siren,Siren,0.6181480884552002,True,benchmark_data/expanded_generated/ced/real/traffic/15/1-31482-A-42.wav
benchmark_data/external/esc50/audio/1-31482-A-42.wav,1-31482-A-42,siren,traffic,10,9.99999987499395,siren,Siren,0.6216073036193848,True,benchmark_data/expanded_generated/ced/real/traffic/10/1-31482-A-42.wav
benchmark_data/external/esc50/audio/1-31482-A-42.wav,1-31482-A-42,siren,traffic,5,4.999999949199869,siren,Siren,0.6322146058082581,True,benchmark_data/expanded_generated/ced/real/traffic/5/1-31482-A-42.wav
benchmark_data/external/esc50/audio/1-31482-A-42.wav,1-31482-A-42,siren,traffic,0,2.832070456818164e-07,siren,Siren,0.6540392637252808,True,benchmark_data/expanded_generated/ced/real/traffic/0/1-31482-A-42.wav
benchmark_data/external/esc50/audio/1-31482-B-42.wav,1-31482-B-42,siren,traffic,20,20.00000007758282,emergency_vehicle,Emergency vehicle,0.6773084402084351,False,benchmark_data/expanded_generated/ced/real/traffic/20/1-31482-B-42.wav
benchmark_data/external/esc50/audio/1-31482-B-42.wav,1-31482-B-42,siren,traffic,15,14.999999938843448,emergency_vehicle,Emergency vehicle,0.6778242588043213,False,benchmark_data/expanded_generated/ced/real/traffic/15/1-31482-B-42.wav
benchmark_data/external/esc50/audio/1-31482-B-42.wav,1-31482-B-42,siren,traffic,10,9.99999976936827,emergency_vehicle,Emergency vehicle,0.6739965677261353,False,benchmark_data/expanded_generated/ced/real/traffic/10/1-31482-B-42.wav
benchmark_data/external/esc50/audio/1-31482-B-42.wav,1-31482-B-42,siren,traffic,5,4.999999864389273,emergency_vehicle,Emergency vehicle,0.6632818579673767,False,benchmark_data/expanded_generated/ced/real/traffic/5/1-31482-B-42.wav
benchmark_data/external/esc50/audio/1-31482-B-42.wav,1-31482-B-42,siren,traffic,0,-5.7071084047323766e-08,emergency_vehicle,Emergency vehicle,0.658997654914856,False,benchmark_data/expanded_generated/ced/real/traffic/0/1-31482-B-42.wav
benchmark_data/external/esc50/audio/1-54084-A-42.wav,1-54084-A-42,siren,traffic,20,20.00000036905805,siren,Siren,0.7063411474227905,True,benchmark_data/expanded_generated/ced/real/traffic/20/1-54084-A-42.wav
benchmark_data/external/esc50/audio/1-54084-A-42.wav,1-54084-A-42,siren,traffic,15,14.999999956718892,civil_defense_siren,Civil defense siren,0.7056569457054138,False,benchmark_data/expanded_generated/ced/real/traffic/15/1-54084-A-42.wav
benchmark_data/external/esc50/audio/1-54084-A-42.wav,1-54084-A-42,siren,traffic,10,9.999999989477413,civil_defense_siren,Civil defense siren,0.6928612589836121,False,benchmark_data/expanded_generated/ced/real/traffic/10/1-54084-A-42.wav
benchmark_data/external/esc50/audio/1-54084-A-42.wav,1-54084-A-42,siren,traffic,5,5.00000009106291,civil_defense_siren,Civil defense siren,0.6877148151397705,False,benchmark_data/expanded_generated/ced/real/traffic/5/1-54084-A-42.wav
benchmark_data/external/esc50/audio/1-54084-A-42.wav,1-54084-A-42,siren,traffic,0,7.04700439109385e-08,civil_defense_siren,Civil defense siren,0.6799535751342773,False,benchmark_data/expanded_generated/ced/real/traffic/0/1-54084-A-42.wav
benchmark_data/external/esc50/audio/1-76831-A-42.wav,1-76831-A-42,siren,traffic,20,19.999999893607118,emergency_vehicle,Emergency vehicle,0.6930845975875854,False,benchmark_data/expanded_generated/ced/real/traffic/20/1-76831-A-42.wav
benchmark_data/external/esc50/audio/1-76831-A-42.wav,1-76831-A-42,siren,traffic,15,15.000000221952066,emergency_vehicle,Emergency vehicle,0.6924450993537903,False,benchmark_data/expanded_generated/ced/real/traffic/15/1-76831-A-42.wav
benchmark_data/external/esc50/audio/1-76831-A-42.wav,1-76831-A-42,siren,traffic,10,9.999999836920955,emergency_vehicle,Emergency vehicle,0.6603197455406189,False,benchmark_data/expanded_generated/ced/real/traffic/10/1-76831-A-42.wav
benchmark_data/external/esc50/audio/1-76831-A-42.wav,1-76831-A-42,siren,traffic,5,4.999999570452181,police_car_siren,Police car (siren),0.6742361783981323,False,benchmark_data/expanded_generated/ced/real/traffic/5/1-76831-A-42.wav
benchmark_data/external/esc50/audio/1-76831-A-42.wav,1-76831-A-42,siren,traffic,0,-1.673196827603647e-08,police_car_siren,Police car (siren),0.6646763682365417,False,benchmark_data/expanded_generated/ced/real/traffic/0/1-76831-A-42.wav
benchmark_data/external/esc50/audio/1-76831-B-42.wav,1-76831-B-42,siren,traffic,20,19.999999952796642,siren,Siren,0.6813179850578308,True,benchmark_data/expanded_generated/ced/real/traffic/20/1-76831-B-42.wav
benchmark_data/external/esc50/audio/1-76831-B-42.wav,1-76831-B-42,siren,traffic,15,15.000000218982974,siren,Siren,0.6670600175857544,True,benchmark_data/expanded_generated/ced/real/traffic/15/1-76831-B-42.wav
benchmark_data/external/esc50/audio/1-76831-B-42.wav,1-76831-B-42,siren,traffic,10,9.999999729125982,siren,Siren,0.6682066321372986,True,benchmark_data/expanded_generated/ced/real/traffic/10/1-76831-B-42.wav
benchmark_data/external/esc50/audio/1-76831-B-42.wav,1-76831-B-42,siren,traffic,5,5.0000002372664145,emergency_vehicle,Emergency vehicle,0.6556118130683899,False,benchmark_data/expanded_generated/ced/real/traffic/5/1-76831-B-42.wav
benchmark_data/external/esc50/audio/1-76831-B-42.wav,1-76831-B-42,siren,traffic,0,9.107159511563613e-08,siren,Siren,0.6421652436256409,True,benchmark_data/expanded_generated/ced/real/traffic/0/1-76831-B-42.wav
benchmark_data/external/esc50/audio/1-76831-C-42.wav,1-76831-C-42,siren,traffic,20,19.999999795127852,emergency_vehicle,Emergency vehicle,0.6464251279830933,False,benchmark_data/expanded_generated/ced/real/traffic/20/1-76831-C-42.wav
benchmark_data/external/esc50/audio/1-76831-C-42.wav,1-76831-C-42,siren,traffic,15,14.99999992228458,emergency_vehicle,Emergency vehicle,0.6643399596214294,False,benchmark_data/expanded_generated/ced/real/traffic/15/1-76831-C-42.wav
benchmark_data/external/esc50/audio/1-76831-C-42.wav,1-76831-C-42,siren,traffic,10,9.99999996415994,siren,Siren,0.6679970622062683,True,benchmark_data/expanded_generated/ced/real/traffic/10/1-76831-C-42.wav
benchmark_data/external/esc50/audio/1-76831-C-42.wav,1-76831-C-42,siren,traffic,5,4.999999713908992,emergency_vehicle,Emergency vehicle,0.665745198726654,False,benchmark_data/expanded_generated/ced/real/traffic/5/1-76831-C-42.wav
benchmark_data/external/esc50/audio/1-76831-C-42.wav,1-76831-C-42,siren,traffic,0,-4.164849914791989e-07,emergency_vehicle,Emergency vehicle,0.659828245639801,False,benchmark_data/expanded_generated/ced/real/traffic/0/1-76831-C-42.wav
benchmark_data/external/esc50/audio/1-76831-D-42.wav,1-76831-D-42,siren,traffic,20,19.99999961394439,siren,Siren,0.6976799964904785,True,benchmark_data/expanded_generated/ced/real/traffic/20/1-76831-D-42.wav
benchmark_data/external/esc50/audio/1-76831-D-42.wav,1-76831-D-42,siren,traffic,15,15.00000027907733,police_car_siren,Police car (siren),0.6973328590393066,False,benchmark_data/expanded_generated/ced/real/traffic/15/1-76831-D-42.wav
benchmark_data/external/esc50/audio/1-76831-D-42.wav,1-76831-D-42,siren,traffic,10,9.999999720441517,police_car_siren,Police car (siren),0.6938579678535461,False,benchmark_data/expanded_generated/ced/real/traffic/10/1-76831-D-42.wav
benchmark_data/external/esc50/audio/1-76831-D-42.wav,1-76831-D-42,siren,traffic,5,4.999999850807016,police_car_siren,Police car (siren),0.6967709064483643,False,benchmark_data/expanded_generated/ced/real/traffic/5/1-76831-D-42.wav
benchmark_data/external/esc50/audio/1-76831-D-42.wav,1-76831-D-42,siren,traffic,0,2.8320354613766847e-07,police_car_siren,Police car (siren),0.6904664039611816,False,benchmark_data/expanded_generated/ced/real/traffic/0/1-76831-D-42.wav
benchmark_data/external/esc50/audio/1-76831-E-42.wav,1-76831-E-42,siren,traffic,20,20.000000028610486,siren,Siren,0.7024903297424316,True,benchmark_data/expanded_generated/ced/real/traffic/20/1-76831-E-42.wav
benchmark_data/external/esc50/audio/1-76831-E-42.wav,1-76831-E-42,siren,traffic,15,15.000000077735418,siren,Siren,0.6862008571624756,True,benchmark_data/expanded_generated/ced/real/traffic/15/1-76831-E-42.wav
benchmark_data/external/esc50/audio/1-76831-E-42.wav,1-76831-E-42,siren,traffic,10,9.999999857558892,siren,Siren,0.6723586320877075,True,benchmark_data/expanded_generated/ced/real/traffic/10/1-76831-E-42.wav
benchmark_data/external/esc50/audio/1-76831-E-42.wav,1-76831-E-42,siren,traffic,5,4.999999632487784,siren,Siren,0.6834136247634888,True,benchmark_data/expanded_generated/ced/real/traffic/5/1-76831-E-42.wav
benchmark_data/external/esc50/audio/1-76831-E-42.wav,1-76831-E-42,siren,traffic,0,-2.567322257828059e-07,emergency_vehicle,Emergency vehicle,0.6686335206031799,False,benchmark_data/expanded_generated/ced/real/traffic/0/1-76831-E-42.wav
benchmark_data/external/esc50/audio/2-43802-A-42.wav,2-43802-A-42,siren,traffic,20,19.999999909655045,siren,Siren,0.656606912612915,True,benchmark_data/expanded_generated/ced/real/traffic/20/2-43802-A-42.wav
benchmark_data/external/esc50/audio/2-43802-A-42.wav,2-43802-A-42,siren,traffic,15,14.999999880873283,siren,Siren,0.6647241711616516,True,benchmark_data/expanded_generated/ced/real/traffic/15/2-43802-A-42.wav
benchmark_data/external/esc50/audio/2-43802-A-42.wav,2-43802-A-42,siren,traffic,10,10.000000298519257,siren,Siren,0.647621750831604,True,benchmark_data/expanded_generated/ced/real/traffic/10/2-43802-A-42.wav
benchmark_data/external/esc50/audio/2-43802-A-42.wav,2-43802-A-42,siren,traffic,5,4.999999983003766,siren,Siren,0.6565452814102173,True,benchmark_data/expanded_generated/ced/real/traffic/5/2-43802-A-42.wav
benchmark_data/external/esc50/audio/2-43802-A-42.wav,2-43802-A-42,siren,traffic,0,9.733524613993954e-08,siren,Siren,0.629101574420929,True,benchmark_data/expanded_generated/ced/real/traffic/0/2-43802-A-42.wav
benchmark_data/external/esc50/audio/2-43806-A-42.wav,2-43806-A-42,siren,traffic,20,20.00000002802919,emergency_vehicle,Emergency vehicle,0.672555148601532,False,benchmark_data/expanded_generated/ced/real/traffic/20/2-43806-A-42.wav
benchmark_data/external/esc50/audio/2-43806-A-42.wav,2-43806-A-42,siren,traffic,15,14.999999917449172,emergency_vehicle,Emergency vehicle,0.6795247197151184,False,benchmark_data/expanded_generated/ced/real/traffic/15/2-43806-A-42.wav
benchmark_data/external/esc50/audio/2-43806-A-42.wav,2-43806-A-42,siren,traffic,10,10.000000039147709,emergency_vehicle,Emergency vehicle,0.6495009660720825,False,benchmark_data/expanded_generated/ced/real/traffic/10/2-43806-A-42.wav
benchmark_data/external/esc50/audio/2-43806-A-42.wav,2-43806-A-42,siren,traffic,5,4.99999998438939,emergency_vehicle,Emergency vehicle,0.6624448299407959,False,benchmark_data/expanded_generated/ced/real/traffic/5/2-43806-A-42.wav
benchmark_data/external/esc50/audio/2-43806-A-42.wav,2-43806-A-42,siren,traffic,0,-2.008523854223342e-07,emergency_vehicle,Emergency vehicle,0.6507028937339783,False,benchmark_data/expanded_generated/ced/real/traffic/0/2-43806-A-42.wav
benchmark_data/external/esc50/audio/1-17124-A-43.wav,1-17124-A-43,vehicle_horn,traffic,20,19.999999585306924,vehicle_horn,"Vehicle horn, car horn, honking",0.6956875920295715,True,benchmark_data/expanded_generated/ced/real/traffic/20/1-17124-A-43.wav
benchmark_data/external/esc50/audio/1-17124-A-43.wav,1-17124-A-43,vehicle_horn,traffic,15,15.00000033915493,vehicle,Vehicle,0.6910942196846008,False,benchmark_data/expanded_generated/ced/real/traffic/15/1-17124-A-43.wav
benchmark_data/external/esc50/audio/1-17124-A-43.wav,1-17124-A-43,vehicle_horn,traffic,10,10.000000275068075,vehicle,Vehicle,0.6982274651527405,False,benchmark_data/expanded_generated/ced/real/traffic/10/1-17124-A-43.wav
benchmark_data/external/esc50/audio/1-17124-A-43.wav,1-17124-A-43,vehicle_horn,traffic,5,4.9999999841998894,vehicle,Vehicle,0.6911356449127197,False,benchmark_data/expanded_generated/ced/real/traffic/5/1-17124-A-43.wav
benchmark_data/external/esc50/audio/1-17124-A-43.wav,1-17124-A-43,vehicle_horn,traffic,0,2.982783836417668e-07,vehicle,Vehicle,0.67300945520401,False,benchmark_data/expanded_generated/ced/real/traffic/0/1-17124-A-43.wav
benchmark_data/external/esc50/audio/1-19026-A-43.wav,1-19026-A-43,vehicle_horn,traffic,20,20.00000014374763,vehicle_horn,"Vehicle horn, car horn, honking",0.679945170879364,True,benchmark_data/expanded_generated/ced/real/traffic/20/1-19026-A-43.wav
benchmark_data/external/esc50/audio/1-19026-A-43.wav,1-19026-A-43,vehicle_horn,traffic,15,14.999999648908272,vehicle,Vehicle,0.684075653553009,False,benchmark_data/expanded_generated/ced/real/traffic/15/1-19026-A-43.wav
benchmark_data/external/esc50/audio/1-19026-A-43.wav,1-19026-A-43,vehicle_horn,traffic,10,9.999999880678681,vehicle,Vehicle,0.7057639956474304,False,benchmark_data/expanded_generated/ced/real/traffic/10/1-19026-A-43.wav
benchmark_data/external/esc50/audio/1-19026-A-43.wav,1-19026-A-43,vehicle_horn,traffic,5,5.000000364118354,vehicle,Vehicle,0.7063255906105042,False,benchmark_data/expanded_generated/ced/real/traffic/5/1-19026-A-43.wav
benchmark_data/external/esc50/audio/1-19026-A-43.wav,1-19026-A-43,vehicle_horn,traffic,0,-1.666972059894685e-07,vehicle,Vehicle,0.6863551735877991,False,benchmark_data/expanded_generated/ced/real/traffic/0/1-19026-A-43.wav
benchmark_data/external/esc50/audio/1-24074-A-43.wav,1-24074-A-43,vehicle_horn,traffic,20,19.99999989206478,vehicle,Vehicle,0.6743292212486267,False,benchmark_data/expanded_generated/ced/real/traffic/20/1-24074-A-43.wav
benchmark_data/external/esc50/audio/1-24074-A-43.wav,1-24074-A-43,vehicle_horn,traffic,15,15.000000037646457,vehicle,Vehicle,0.6775435209274292,False,benchmark_data/expanded_generated/ced/real/traffic/15/1-24074-A-43.wav
benchmark_data/external/esc50/audio/1-24074-A-43.wav,1-24074-A-43,vehicle_horn,traffic,10,10.000000079429515,vehicle,Vehicle,0.6777342557907104,False,benchmark_data/expanded_generated/ced/real/traffic/10/1-24074-A-43.wav
benchmark_data/external/esc50/audio/1-24074-A-43.wav,1-24074-A-43,vehicle_horn,traffic,5,4.999999847825085,vehicle,Vehicle,0.6771888732910156,False,benchmark_data/expanded_generated/ced/real/traffic/5/1-24074-A-43.wav
benchmark_data/external/esc50/audio/1-24074-A-43.wav,1-24074-A-43,vehicle_horn,traffic,0,2.063857403971446e-07,vehicle,Vehicle,0.664527952671051,False,benchmark_data/expanded_generated/ced/real/traffic/0/1-24074-A-43.wav
benchmark_data/external/esc50/audio/1-24076-A-43.wav,1-24076-A-43,vehicle_horn,traffic,20,19.999999719518865,vehicle,Vehicle,0.6831260919570923,False,benchmark_data/expanded_generated/ced/real/traffic/20/1-24076-A-43.wav
benchmark_data/external/esc50/audio/1-24076-A-43.wav,1-24076-A-43,vehicle_horn,traffic,15,15.000000316608485,vehicle,Vehicle,0.6891493201255798,False,benchmark_data/expanded_generated/ced/real/traffic/15/1-24076-A-43.wav
benchmark_data/external/esc50/audio/1-24076-A-43.wav,1-24076-A-43,vehicle_horn,traffic,10,9.999999804241982,vehicle,Vehicle,0.691283106803894,False,benchmark_data/expanded_generated/ced/real/traffic/10/1-24076-A-43.wav
benchmark_data/external/esc50/audio/1-24076-A-43.wav,1-24076-A-43,vehicle_horn,traffic,5,4.999999955805269,vehicle,Vehicle,0.6901969313621521,False,benchmark_data/expanded_generated/ced/real/traffic/5/1-24076-A-43.wav
benchmark_data/external/esc50/audio/1-24076-A-43.wav,1-24076-A-43,vehicle_horn,traffic,0,-1.5942088101417917e-07,vehicle,Vehicle,0.688101589679718,False,benchmark_data/expanded_generated/ced/real/traffic/0/1-24076-A-43.wav
benchmark_data/external/esc50/audio/1-254507-A-43.wav,1-254507-A-43,vehicle_horn,traffic,20,19.999999890588985,vehicle,Vehicle,0.562177836894989,False,benchmark_data/expanded_generated/ced/real/traffic/20/1-254507-A-43.wav
benchmark_data/external/esc50/audio/1-254507-A-43.wav,1-254507-A-43,vehicle_horn,traffic,15,15.000000237661856,vehicle,Vehicle,0.6241679787635803,False,benchmark_data/expanded_generated/ced/real/traffic/15/1-254507-A-43.wav
benchmark_data/external/esc50/audio/1-254507-A-43.wav,1-254507-A-43,vehicle_horn,traffic,10,9.999999716434296,vehicle,Vehicle,0.6348717212677002,False,benchmark_data/expanded_generated/ced/real/traffic/10/1-254507-A-43.wav
benchmark_data/external/esc50/audio/1-254507-A-43.wav,1-254507-A-43,vehicle_horn,traffic,5,5.000000201735651,vehicle,Vehicle,0.6795517206192017,False,benchmark_data/expanded_generated/ced/real/traffic/5/1-254507-A-43.wav
benchmark_data/external/esc50/audio/1-254507-A-43.wav,1-254507-A-43,vehicle_horn,traffic,0,3.46555481907582e-07,vehicle,Vehicle,0.6675755977630615,False,benchmark_data/expanded_generated/ced/real/traffic/0/1-254507-A-43.wav
benchmark_data/external/esc50/audio/1-26176-A-43.wav,1-26176-A-43,vehicle_horn,traffic,20,19.99999983077353,vehicle,Vehicle,0.6609195470809937,False,benchmark_data/expanded_generated/ced/real/traffic/20/1-26176-A-43.wav
benchmark_data/external/esc50/audio/1-26176-A-43.wav,1-26176-A-43,vehicle_horn,traffic,15,15.000000170416767,vehicle,Vehicle,0.6799584031105042,False,benchmark_data/expanded_generated/ced/real/traffic/15/1-26176-A-43.wav
benchmark_data/external/esc50/audio/1-26176-A-43.wav,1-26176-A-43,vehicle_horn,traffic,10,10.000000248362966,vehicle,Vehicle,0.6577169895172119,False,benchmark_data/expanded_generated/ced/real/traffic/10/1-26176-A-43.wav
benchmark_data/external/esc50/audio/1-26176-A-43.wav,1-26176-A-43,vehicle_horn,traffic,5,5.000000255636163,vehicle,Vehicle,0.6803047060966492,False,benchmark_data/expanded_generated/ced/real/traffic/5/1-26176-A-43.wav
benchmark_data/external/esc50/audio/1-26176-A-43.wav,1-26176-A-43,vehicle_horn,traffic,0,8.433257404528099e-08,vehicle,Vehicle,0.6595425009727478,False,benchmark_data/expanded_generated/ced/real/traffic/0/1-26176-A-43.wav
benchmark_data/external/esc50/audio/1-26177-A-43.wav,1-26177-A-43,vehicle_horn,traffic,20,19.999999780609233,vehicle,Vehicle,0.6727636456489563,False,benchmark_data/expanded_generated/ced/real/traffic/20/1-26177-A-43.wav
benchmark_data/external/esc50/audio/1-26177-A-43.wav,1-26177-A-43,vehicle_horn,traffic,15,15.000000005000146,vehicle,Vehicle,0.6785454750061035,False,benchmark_data/expanded_generated/ced/real/traffic/15/1-26177-A-43.wav
benchmark_data/external/esc50/audio/1-26177-A-43.wav,1-26177-A-43,vehicle_horn,traffic,10,10.000000372282212,vehicle,Vehicle,0.6781553626060486,False,benchmark_data/expanded_generated/ced/real/traffic/10/1-26177-A-43.wav
benchmark_data/external/esc50/audio/1-26177-A-43.wav,1-26177-A-43,vehicle_horn,traffic,5,5.000000289538775,vehicle,Vehicle,0.695792019367218,False,benchmark_data/expanded_generated/ced/real/traffic/5/1-26177-A-43.wav
benchmark_data/external/esc50/audio/1-26177-A-43.wav,1-26177-A-43,vehicle_horn,traffic,0,-2.1825798015395134e-07,vehicle,Vehicle,0.6928824782371521,False,benchmark_data/expanded_generated/ced/real/traffic/0/1-26177-A-43.wav
benchmark_data/external/esc50/audio/1-28808-A-43.wav,1-28808-A-43,vehicle_horn,traffic,20,19.99999964550717,toot,Toot,0.7023100256919861,False,benchmark_data/expanded_generated/ced/real/traffic/20/1-28808-A-43.wav
benchmark_data/external/esc50/audio/1-28808-A-43.wav,1-28808-A-43,vehicle_horn,traffic,15,14.999999725413659,toot,Toot,0.7025821805000305,False,benchmark_data/expanded_generated/ced/real/traffic/15/1-28808-A-43.wav
benchmark_data/external/esc50/audio/1-28808-A-43.wav,1-28808-A-43,vehicle_horn,traffic,10,9.999999614422268,toot,Toot,0.6966772079467773,False,benchmark_data/expanded_generated/ced/real/traffic/10/1-28808-A-43.wav
benchmark_data/external/esc50/audio/1-28808-A-43.wav,1-28808-A-43,vehicle_horn,traffic,5,4.99999991044607,toot,Toot,0.6870505809783936,False,benchmark_data/expanded_generated/ced/real/traffic/5/1-28808-A-43.wav
benchmark_data/external/esc50/audio/1-28808-A-43.wav,1-28808-A-43,vehicle_horn,traffic,0,1.753197000244226e-07,vehicle,Vehicle,0.6732826828956604,False,benchmark_data/expanded_generated/ced/real/traffic/0/1-28808-A-43.wav
benchmark_data/external/esc50/audio/2-100648-A-43.wav,2-100648-A-43,vehicle_horn,traffic,20,19.999999660004686,vehicle,Vehicle,0.680400013923645,False,benchmark_data/expanded_generated/ced/real/traffic/20/2-100648-A-43.wav
benchmark_data/external/esc50/audio/2-100648-A-43.wav,2-100648-A-43,vehicle_horn,traffic,15,14.999999848252676,vehicle,Vehicle,0.6815149784088135,False,benchmark_data/expanded_generated/ced/real/traffic/15/2-100648-A-43.wav
benchmark_data/external/esc50/audio/2-100648-A-43.wav,2-100648-A-43,vehicle_horn,traffic,10,10.000000252507322,vehicle,Vehicle,0.6856005787849426,False,benchmark_data/expanded_generated/ced/real/traffic/10/2-100648-A-43.wav
benchmark_data/external/esc50/audio/2-100648-A-43.wav,2-100648-A-43,vehicle_horn,traffic,5,4.999999941056282,vehicle,Vehicle,0.6778159737586975,False,benchmark_data/expanded_generated/ced/real/traffic/5/2-100648-A-43.wav
benchmark_data/external/esc50/audio/2-100648-A-43.wav,2-100648-A-43,vehicle_horn,traffic,0,2.6876840191693303e-07,vehicle,Vehicle,0.688460111618042,False,benchmark_data/expanded_generated/ced/real/traffic/0/2-100648-A-43.wav
benchmark_data/external/esc50/audio/2-125520-A-43.wav,2-125520-A-43,vehicle_horn,traffic,20,20.000000062631425,vehicle,Vehicle,0.666000247001648,False,benchmark_data/expanded_generated/ced/real/traffic/20/2-125520-A-43.wav
benchmark_data/external/esc50/audio/2-125520-A-43.wav,2-125520-A-43,vehicle_horn,traffic,15,15.000000303752692,vehicle,Vehicle,0.6729176044464111,False,benchmark_data/expanded_generated/ced/real/traffic/15/2-125520-A-43.wav
benchmark_data/external/esc50/audio/2-125520-A-43.wav,2-125520-A-43,vehicle_horn,traffic,10,10.000000075397931,vehicle,Vehicle,0.6792908906936646,False,benchmark_data/expanded_generated/ced/real/traffic/10/2-125520-A-43.wav
benchmark_data/external/esc50/audio/2-125520-A-43.wav,2-125520-A-43,vehicle_horn,traffic,5,5.00000035166579,vehicle,Vehicle,0.6713101863861084,False,benchmark_data/expanded_generated/ced/real/traffic/5/2-125520-A-43.wav
benchmark_data/external/esc50/audio/2-125520-A-43.wav,2-125520-A-43,vehicle_horn,traffic,0,-6.765030520964968e-08,vehicle,Vehicle,0.6876518726348877,False,benchmark_data/expanded_generated/ced/real/traffic/0/2-125520-A-43.wav
benchmark_data/external/esc50/audio/1-187207-A-20.wav,1-187207-A-20,baby_crying,cafeteria,20,19.999999744154994,speech,Speech,0.6909026503562927,False,benchmark_data/expanded_generated/ced/real/cafeteria/20/1-187207-A-20.wav
benchmark_data/external/esc50/audio/1-187207-A-20.wav,1-187207-A-20,baby_crying,cafeteria,15,15.000000061656124,speech,Speech,0.7052538990974426,False,benchmark_data/expanded_generated/ced/real/cafeteria/15/1-187207-A-20.wav
benchmark_data/external/esc50/audio/1-187207-A-20.wav,1-187207-A-20,baby_crying,cafeteria,10,10.000000206807172,speech,Speech,0.7077024579048157,False,benchmark_data/expanded_generated/ced/real/cafeteria/10/1-187207-A-20.wav
benchmark_data/external/esc50/audio/1-187207-A-20.wav,1-187207-A-20,baby_crying,cafeteria,5,5.000000077091195,speech,Speech,0.7111943364143372,False,benchmark_data/expanded_generated/ced/real/cafeteria/5/1-187207-A-20.wav
benchmark_data/external/esc50/audio/1-187207-A-20.wav,1-187207-A-20,baby_crying,cafeteria,0,2.531313643231887e-07,speech,Speech,0.7142839431762695,False,benchmark_data/expanded_generated/ced/real/cafeteria/0/1-187207-A-20.wav
benchmark_data/external/esc50/audio/1-211527-A-20.wav,1-211527-A-20,baby_crying,cafeteria,20,19.99999968506306,baby_crying,"Baby cry, infant cry",0.6327636241912842,True,benchmark_data/expanded_generated/ced/real/cafeteria/20/1-211527-A-20.wav
benchmark_data/external/esc50/audio/1-211527-A-20.wav,1-211527-A-20,baby_crying,cafeteria,15,15.000000199923933,speech,Speech,0.6515086889266968,False,benchmark_data/expanded_generated/ced/real/cafeteria/15/1-211527-A-20.wav
benchmark_data/external/esc50/audio/1-211527-A-20.wav,1-211527-A-20,baby_crying,cafeteria,10,9.999999739799932,speech,Speech,0.7047262191772461,False,benchmark_data/expanded_generated/ced/real/cafeteria/10/1-211527-A-20.wav
benchmark_data/external/esc50/audio/1-211527-A-20.wav,1-211527-A-20,baby_crying,cafeteria,5,5.000000128313378,speech,Speech,0.698365330696106,False,benchmark_data/expanded_generated/ced/real/cafeteria/5/1-211527-A-20.wav
benchmark_data/external/esc50/audio/1-211527-A-20.wav,1-211527-A-20,baby_crying,cafeteria,0,8.474833128813518e-08,speech,Speech,0.7097769379615784,False,benchmark_data/expanded_generated/ced/real/cafeteria/0/1-211527-A-20.wav
benchmark_data/external/esc50/audio/1-211527-B-20.wav,1-211527-B-20,baby_crying,cafeteria,20,20.000000310312537,crying_sobbing,"Crying, sobbing",0.6645132303237915,False,benchmark_data/expanded_generated/ced/real/cafeteria/20/1-211527-B-20.wav
benchmark_data/external/esc50/audio/1-211527-B-20.wav,1-211527-B-20,baby_crying,cafeteria,15,15.000000090926681,crying_sobbing,"Crying, sobbing",0.6366209387779236,False,benchmark_data/expanded_generated/ced/real/cafeteria/15/1-211527-B-20.wav
benchmark_data/external/esc50/audio/1-211527-B-20.wav,1-211527-B-20,baby_crying,cafeteria,10,9.999999733167348,speech,Speech,0.5916708111763,False,benchmark_data/expanded_generated/ced/real/cafeteria/10/1-211527-B-20.wav
benchmark_data/external/esc50/audio/1-211527-B-20.wav,1-211527-B-20,baby_crying,cafeteria,5,5.0000002575200195,speech,Speech,0.6935409903526306,False,benchmark_data/expanded_generated/ced/real/cafeteria/5/1-211527-B-20.wav
benchmark_data/external/esc50/audio/1-211527-B-20.wav,1-211527-B-20,baby_crying,cafeteria,0,4.4121983531386306e-09,speech,Speech,0.7090838551521301,False,benchmark_data/expanded_generated/ced/real/cafeteria/0/1-211527-B-20.wav
benchmark_data/external/esc50/audio/1-211527-C-20.wav,1-211527-C-20,baby_crying,cafeteria,20,20.0000002458593,speech,Speech,0.6300271153450012,False,benchmark_data/expanded_generated/ced/real/cafeteria/20/1-211527-C-20.wav
benchmark_data/external/esc50/audio/1-211527-C-20.wav,1-211527-C-20,baby_crying,cafeteria,15,15.000000060205313,speech,Speech,0.6916123628616333,False,benchmark_data/expanded_generated/ced/real/cafeteria/15/1-211527-C-20.wav
benchmark_data/external/esc50/audio/1-211527-C-20.wav,1-211527-C-20,baby_crying,cafeteria,10,9.999999752839459,speech,Speech,0.6818948984146118,False,benchmark_data/expanded_generated/ced/real/cafeteria/10/1-211527-C-20.wav
benchmark_data/external/esc50/audio/1-211527-C-20.wav,1-211527-C-20,baby_crying,cafeteria,5,5.000000351680928,speech,Speech,0.7054206132888794,False,benchmark_data/expanded_generated/ced/real/cafeteria/5/1-211527-C-20.wav
benchmark_data/external/esc50/audio/1-211527-C-20.wav,1-211527-C-20,baby_crying,cafeteria,0,-3.85960834244471e-09,speech,Speech,0.6944108009338379,False,benchmark_data/expanded_generated/ced/real/cafeteria/0/1-211527-C-20.wav
benchmark_data/external/esc50/audio/1-22694-A-20.wav,1-22694-A-20,baby_crying,cafeteria,20,19.99999985008787,speech,Speech,0.6800759434700012,False,benchmark_data/expanded_generated/ced/real/cafeteria/20/1-22694-A-20.wav
benchmark_data/external/esc50/audio/1-22694-A-20.wav,1-22694-A-20,baby_crying,cafeteria,15,15.00000011268501,speech,Speech,0.6939857602119446,False,benchmark_data/expanded_generated/ced/real/cafeteria/15/1-22694-A-20.wav
benchmark_data/external/esc50/audio/1-22694-A-20.wav,1-22694-A-20,baby_crying,cafeteria,10,9.99999968247654,speech,Speech,0.7018489837646484,False,benchmark_data/expanded_generated/ced/real/cafeteria/10/1-22694-A-20.wav
benchmark_data/external/esc50/audio/1-22694-A-20.wav,1-22694-A-20,baby_crying,cafeteria,5,4.9999998927114016,speech,Speech,0.7022606730461121,False,benchmark_data/expanded_generated/ced/real/cafeteria/5/1-22694-A-20.wav
benchmark_data/external/esc50/audio/1-22694-A-20.wav,1-22694-A-20,baby_crying,cafeteria,0,-4.517598685613448e-07,speech,Speech,0.7017545104026794,False,benchmark_data/expanded_generated/ced/real/cafeteria/0/1-22694-A-20.wav
benchmark_data/external/esc50/audio/1-22694-B-20.wav,1-22694-B-20,baby_crying,cafeteria,20,20.000000046998522,speech,Speech,0.6637101769447327,False,benchmark_data/expanded_generated/ced/real/cafeteria/20/1-22694-B-20.wav
benchmark_data/external/esc50/audio/1-22694-B-20.wav,1-22694-B-20,baby_crying,cafeteria,15,14.999999827223881,speech,Speech,0.6927353739738464,False,benchmark_data/expanded_generated/ced/real/cafeteria/15/1-22694-B-20.wav
benchmark_data/external/esc50/audio/1-22694-B-20.wav,1-22694-B-20,baby_crying,cafeteria,10,10.00000026181884,speech,Speech,0.7072352766990662,False,benchmark_data/expanded_generated/ced/real/cafeteria/10/1-22694-B-20.wav
benchmark_data/external/esc50/audio/1-22694-B-20.wav,1-22694-B-20,baby_crying,cafeteria,5,5.000000295355132,speech,Speech,0.7066435813903809,False,benchmark_data/expanded_generated/ced/real/cafeteria/5/1-22694-B-20.wav
benchmark_data/external/esc50/audio/1-22694-B-20.wav,1-22694-B-20,baby_crying,cafeteria,0,-3.025577533282755e-08,speech,Speech,0.7055364847183228,False,benchmark_data/expanded_generated/ced/real/cafeteria/0/1-22694-B-20.wav
benchmark_data/external/esc50/audio/1-60997-A-20.wav,1-60997-A-20,baby_crying,cafeteria,20,19.9999999163001,speech,Speech,0.6980661749839783,False,benchmark_data/expanded_generated/ced/real/cafeteria/20/1-60997-A-20.wav
benchmark_data/external/esc50/audio/1-60997-A-20.wav,1-60997-A-20,baby_crying,cafeteria,15,15.000000013760161,speech,Speech,0.6834332346916199,False,benchmark_data/expanded_generated/ced/real/cafeteria/15/1-60997-A-20.wav
benchmark_data/external/esc50/audio/1-60997-A-20.wav,1-60997-A-20,baby_crying,cafeteria,10,10.000000371894666,speech,Speech,0.6979305744171143,False,benchmark_data/expanded_generated/ced/real/cafeteria/10/1-60997-A-20.wav
benchmark_data/external/esc50/audio/1-60997-A-20.wav,1-60997-A-20,baby_crying,cafeteria,5,5.000000042807922,speech,Speech,0.7069399952888489,False,benchmark_data/expanded_generated/ced/real/cafeteria/5/1-60997-A-20.wav
benchmark_data/external/esc50/audio/1-60997-A-20.wav,1-60997-A-20,baby_crying,cafeteria,0,1.4377566932132737e-07,speech,Speech,0.7073090076446533,False,benchmark_data/expanded_generated/ced/real/cafeteria/0/1-60997-A-20.wav
benchmark_data/external/esc50/audio/1-60997-B-20.wav,1-60997-B-20,baby_crying,cafeteria,20,19.999999812000333,baby_crying,"Baby cry, infant cry",0.620293140411377,True,benchmark_data/expanded_generated/ced/real/cafeteria/20/1-60997-B-20.wav
benchmark_data/external/esc50/audio/1-60997-B-20.wav,1-60997-B-20,baby_crying,cafeteria,15,14.999999901437572,speech,Speech,0.6404964923858643,False,benchmark_data/expanded_generated/ced/real/cafeteria/15/1-60997-B-20.wav
benchmark_data/external/esc50/audio/1-60997-B-20.wav,1-60997-B-20,baby_crying,cafeteria,10,9.99999993440845,speech,Speech,0.6812295913696289,False,benchmark_data/expanded_generated/ced/real/cafeteria/10/1-60997-B-20.wav
benchmark_data/external/esc50/audio/1-60997-B-20.wav,1-60997-B-20,baby_crying,cafeteria,5,5.000000194255122,speech,Speech,0.7068130970001221,False,benchmark_data/expanded_generated/ced/real/cafeteria/5/1-60997-B-20.wav
benchmark_data/external/esc50/audio/1-60997-B-20.wav,1-60997-B-20,baby_crying,cafeteria,0,-7.398341119453867e-08,speech,Speech,0.6947673559188843,False,benchmark_data/expanded_generated/ced/real/cafeteria/0/1-60997-B-20.wav
benchmark_data/external/esc50/audio/2-107351-A-20.wav,2-107351-A-20,baby_crying,cafeteria,20,20.000000288070915,speech,Speech,0.7026187777519226,False,benchmark_data/expanded_generated/ced/real/cafeteria/20/2-107351-A-20.wav
benchmark_data/external/esc50/audio/2-107351-A-20.wav,2-107351-A-20,baby_crying,cafeteria,15,14.999999967588238,speech,Speech,0.6958258748054504,False,benchmark_data/expanded_generated/ced/real/cafeteria/15/2-107351-A-20.wav
benchmark_data/external/esc50/audio/2-107351-A-20.wav,2-107351-A-20,baby_crying,cafeteria,10,9.999999734834649,speech,Speech,0.7055349946022034,False,benchmark_data/expanded_generated/ced/real/cafeteria/10/2-107351-A-20.wav
benchmark_data/external/esc50/audio/2-107351-A-20.wav,2-107351-A-20,baby_crying,cafeteria,5,4.999999898445679,speech,Speech,0.7137255072593689,False,benchmark_data/expanded_generated/ced/real/cafeteria/5/2-107351-A-20.wav
benchmark_data/external/esc50/audio/2-107351-A-20.wav,2-107351-A-20,baby_crying,cafeteria,0,2.4562119641068257e-08,speech,Speech,0.7076520323753357,False,benchmark_data/expanded_generated/ced/real/cafeteria/0/2-107351-A-20.wav
benchmark_data/external/esc50/audio/2-107351-B-20.wav,2-107351-B-20,baby_crying,cafeteria,20,19.999999859106463,speech,Speech,0.6496268510818481,False,benchmark_data/expanded_generated/ced/real/cafeteria/20/2-107351-B-20.wav
benchmark_data/external/esc50/audio/2-107351-B-20.wav,2-107351-B-20,baby_crying,cafeteria,15,14.999999972630743,speech,Speech,0.7060484290122986,False,benchmark_data/expanded_generated/ced/real/cafeteria/15/2-107351-B-20.wav
benchmark_data/external/esc50/audio/2-107351-B-20.wav,2-107351-B-20,baby_crying,cafeteria,10,10.000000039921751,speech,Speech,0.7001089453697205,False,benchmark_data/expanded_generated/ced/real/cafeteria/10/2-107351-B-20.wav
benchmark_data/external/esc50/audio/2-107351-B-20.wav,2-107351-B-20,baby_crying,cafeteria,5,4.999999607959412,speech,Speech,0.6933938264846802,False,benchmark_data/expanded_generated/ced/real/cafeteria/5/2-107351-B-20.wav
benchmark_data/external/esc50/audio/2-107351-B-20.wav,2-107351-B-20,baby_crying,cafeteria,0,1.9602232285328282e-07,speech,Speech,0.7061284780502319,False,benchmark_data/expanded_generated/ced/real/cafeteria/0/2-107351-B-20.wav
benchmark_data/external/esc50/audio/1-100032-A-0.wav,1-100032-A-0,dog_barking,cafeteria,20,19.999999720060092,dog,Dog,0.6759093999862671,False,benchmark_data/expanded_generated/ced/real/cafeteria/20/1-100032-A-0.wav
benchmark_data/external/esc50/audio/1-100032-A-0.wav,1-100032-A-0,dog_barking,cafeteria,15,15.0000002174429,speech,Speech,0.7065664529800415,False,benchmark_data/expanded_generated/ced/real/cafeteria/15/1-100032-A-0.wav
benchmark_data/external/esc50/audio/1-100032-A-0.wav,1-100032-A-0,dog_barking,cafeteria,10,10.000000151592047,speech,Speech,0.6847591996192932,False,benchmark_data/expanded_generated/ced/real/cafeteria/10/1-100032-A-0.wav
benchmark_data/external/esc50/audio/1-100032-A-0.wav,1-100032-A-0,dog_barking,cafeteria,5,5.000000041466829,speech,Speech,0.694614589214325,False,benchmark_data/expanded_generated/ced/real/cafeteria/5/1-100032-A-0.wav
benchmark_data/external/esc50/audio/1-100032-A-0.wav,1-100032-A-0,dog_barking,cafeteria,0,-2.8212864456913314e-08,speech,Speech,0.7108209133148193,False,benchmark_data/expanded_generated/ced/real/cafeteria/0/1-100032-A-0.wav
benchmark_data/external/esc50/audio/1-110389-A-0.wav,1-110389-A-0,dog_barking,cafeteria,20,20.00000031881784,speech,Speech,0.6876319050788879,False,benchmark_data/expanded_generated/ced/real/cafeteria/20/1-110389-A-0.wav
benchmark_data/external/esc50/audio/1-110389-A-0.wav,1-110389-A-0,dog_barking,cafeteria,15,14.999999845592697,animal,Animal,0.6685032248497009,False,benchmark_data/expanded_generated/ced/real/cafeteria/15/1-110389-A-0.wav
benchmark_data/external/esc50/audio/1-110389-A-0.wav,1-110389-A-0,dog_barking,cafeteria,10,10.000000039493786,speech,Speech,0.6954359412193298,False,benchmark_data/expanded_generated/ced/real/cafeteria/10/1-110389-A-0.wav
benchmark_data/external/esc50/audio/1-110389-A-0.wav,1-110389-A-0,dog_barking,cafeteria,5,4.999999803225213,speech,Speech,0.7016069293022156,False,benchmark_data/expanded_generated/ced/real/cafeteria/5/1-110389-A-0.wav
benchmark_data/external/esc50/audio/1-110389-A-0.wav,1-110389-A-0,dog_barking,cafeteria,0,-2.1706001536876213e-07,speech,Speech,0.6873592734336853,False,benchmark_data/expanded_generated/ced/real/cafeteria/0/1-110389-A-0.wav
benchmark_data/external/esc50/audio/1-30226-A-0.wav,1-30226-A-0,dog_barking,cafeteria,20,19.999999906950634,speech,Speech,0.6875712275505066,False,benchmark_data/expanded_generated/ced/real/cafeteria/20/1-30226-A-0.wav
benchmark_data/external/esc50/audio/1-30226-A-0.wav,1-30226-A-0,dog_barking,cafeteria,15,15.000000312183463,dog,Dog,0.679931640625,False,benchmark_data/expanded_generated/ced/real/cafeteria/15/1-30226-A-0.wav
benchmark_data/external/esc50/audio/1-30226-A-0.wav,1-30226-A-0,dog_barking,cafeteria,10,10.000000072473958,speech,Speech,0.7013382315635681,False,benchmark_data/expanded_generated/ced/real/cafeteria/10/1-30226-A-0.wav
benchmark_data/external/esc50/audio/1-30226-A-0.wav,1-30226-A-0,dog_barking,cafeteria,5,4.999999838252401,speech,Speech,0.7067590355873108,False,benchmark_data/expanded_generated/ced/real/cafeteria/5/1-30226-A-0.wav
benchmark_data/external/esc50/audio/1-30226-A-0.wav,1-30226-A-0,dog_barking,cafeteria,0,1.690576238592845e-07,speech,Speech,0.704846978187561,False,benchmark_data/expanded_generated/ced/real/cafeteria/0/1-30226-A-0.wav
benchmark_data/external/esc50/audio/1-30344-A-0.wav,1-30344-A-0,dog_barking,cafeteria,20,19.99999993132759,speech,Speech,0.6816664934158325,False,benchmark_data/expanded_generated/ced/real/cafeteria/20/1-30344-A-0.wav
benchmark_data/external/esc50/audio/1-30344-A-0.wav,1-30344-A-0,dog_barking,cafeteria,15,14.99999986063849,dog,Dog,0.6803496479988098,False,benchmark_data/expanded_generated/ced/real/cafeteria/15/1-30344-A-0.wav
benchmark_data/external/esc50/audio/1-30344-A-0.wav,1-30344-A-0,dog_barking,cafeteria,10,10.000000088868127,speech,Speech,0.6971142888069153,False,benchmark_data/expanded_generated/ced/real/cafeteria/10/1-30344-A-0.wav
benchmark_data/external/esc50/audio/1-30344-A-0.wav,1-30344-A-0,dog_barking,cafeteria,5,4.999999594715973,speech,Speech,0.7043411135673523,False,benchmark_data/expanded_generated/ced/real/cafeteria/5/1-30344-A-0.wav
benchmark_data/external/esc50/audio/1-30344-A-0.wav,1-30344-A-0,dog_barking,cafeteria,0,-2.4100310103955312e-08,speech,Speech,0.7151042222976685,False,benchmark_data/expanded_generated/ced/real/cafeteria/0/1-30344-A-0.wav
benchmark_data/external/esc50/audio/1-32318-A-0.wav,1-32318-A-0,dog_barking,cafeteria,20,20.000000258141206,animal,Animal,0.6950815320014954,False,benchmark_data/expanded_generated/ced/real/cafeteria/20/1-32318-A-0.wav
benchmark_data/external/esc50/audio/1-32318-A-0.wav,1-32318-A-0,dog_barking,cafeteria,15,15.000000039679946,speech,Speech,0.6958783864974976,False,benchmark_data/expanded_generated/ced/real/cafeteria/15/1-32318-A-0.wav
benchmark_data/external/esc50/audio/1-32318-A-0.wav,1-32318-A-0,dog_barking,cafeteria,10,9.999999540211792,speech,Speech,0.7032595276832581,False,benchmark_data/expanded_generated/ced/real/cafeteria/10/1-32318-A-0.wav
benchmark_data/external/esc50/audio/1-32318-A-0.wav,1-32318-A-0,dog_barking,cafeteria,5,4.9999995654597225,speech,Speech,0.6984151005744934,False,benchmark_data/expanded_generated/ced/real/cafeteria/5/1-32318-A-0.wav
benchmark_data/external/esc50/audio/1-32318-A-0.wav,1-32318-A-0,dog_barking,cafeteria,0,-6.363052056947821e-08,speech,Speech,0.7092940807342529,False,benchmark_data/expanded_generated/ced/real/cafeteria/0/1-32318-A-0.wav
benchmark_data/external/esc50/audio/1-59513-A-0.wav,1-59513-A-0,dog_barking,cafeteria,20,19.999999810089506,speech,Speech,0.7049205899238586,False,benchmark_data/expanded_generated/ced/real/cafeteria/20/1-59513-A-0.wav
benchmark_data/external/esc50/audio/1-59513-A-0.wav,1-59513-A-0,dog_barking,cafeteria,15,14.999999741164686,speech,Speech,0.7057930827140808,False,benchmark_data/expanded_generated/ced/real/cafeteria/15/1-59513-A-0.wav
benchmark_data/external/esc50/audio/1-59513-A-0.wav,1-59513-A-0,dog_barking,cafeteria,10,9.999999760971864,speech,Speech,0.7065455913543701,False,benchmark_data/expanded_generated/ced/real/cafeteria/10/1-59513-A-0.wav
benchmark_data/external/esc50/audio/1-59513-A-0.wav,1-59513-A-0,dog_barking,cafeteria,5,4.9999999619511755,speech,Speech,0.6832569241523743,False,benchmark_data/expanded_generated/ced/real/cafeteria/5/1-59513-A-0.wav
benchmark_data/external/esc50/audio/1-59513-A-0.wav,1-59513-A-0,dog_barking,cafeteria,0,1.7927163865634027e-08,speech,Speech,0.698951780796051,False,benchmark_data/expanded_generated/ced/real/cafeteria/0/1-59513-A-0.wav
benchmark_data/external/esc50/audio/1-85362-A-0.wav,1-85362-A-0,dog_barking,cafeteria,20,19.999999918487763,dog,Dog,0.6846096515655518,False,benchmark_data/expanded_generated/ced/real/cafeteria/20/1-85362-A-0.wav
benchmark_data/external/esc50/audio/1-85362-A-0.wav,1-85362-A-0,dog_barking,cafeteria,15,15.00000027385413,dog,Dog,0.683298647403717,False,benchmark_data/expanded_generated/ced/real/cafeteria/15/1-85362-A-0.wav
benchmark_data/external/esc50/audio/1-85362-A-0.wav,1-85362-A-0,dog_barking,cafeteria,10,10.000000076452963,dog,Dog,0.6799299120903015,False,benchmark_data/expanded_generated/ced/real/cafeteria/10/1-85362-A-0.wav
benchmark_data/external/esc50/audio/1-85362-A-0.wav,1-85362-A-0,dog_barking,cafeteria,5,4.9999999251200125,speech,Speech,0.6952915191650391,False,benchmark_data/expanded_generated/ced/real/cafeteria/5/1-85362-A-0.wav
benchmark_data/external/esc50/audio/1-85362-A-0.wav,1-85362-A-0,dog_barking,cafeteria,0,8.56032837523368e-08,speech,Speech,0.7062082290649414,False,benchmark_data/expanded_generated/ced/real/cafeteria/0/1-85362-A-0.wav
benchmark_data/external/esc50/audio/1-97392-A-0.wav,1-97392-A-0,dog_barking,cafeteria,20,20.000000008191382,dog,Dog,0.6936967372894287,False,benchmark_data/expanded_generated/ced/real/cafeteria/20/1-97392-A-0.wav
benchmark_data/external/esc50/audio/1-97392-A-0.wav,1-97392-A-0,dog_barking,cafeteria,15,14.99999967403875,speech,Speech,0.7088013887405396,False,benchmark_data/expanded_generated/ced/real/cafeteria/15/1-97392-A-0.wav
benchmark_data/external/esc50/audio/1-97392-A-0.wav,1-97392-A-0,dog_barking,cafeteria,10,10.000000208676443,speech,Speech,0.711864709854126,False,benchmark_data/expanded_generated/ced/real/cafeteria/10/1-97392-A-0.wav
benchmark_data/external/esc50/audio/1-97392-A-0.wav,1-97392-A-0,dog_barking,cafeteria,5,4.999999677833037,speech,Speech,0.7042876482009888,False,benchmark_data/expanded_generated/ced/real/cafeteria/5/1-97392-A-0.wav
benchmark_data/external/esc50/audio/1-97392-A-0.wav,1-97392-A-0,dog_barking,cafeteria,0,-2.0589669440012977e-07,speech,Speech,0.7117564082145691,False,benchmark_data/expanded_generated/ced/real/cafeteria/0/1-97392-A-0.wav
benchmark_data/external/esc50/audio/2-114280-A-0.wav,2-114280-A-0,dog_barking,cafeteria,20,19.999999711750892,dog,Dog,0.6918954253196716,False,benchmark_data/expanded_generated/ced/real/cafeteria/20/2-114280-A-0.wav
benchmark_data/external/esc50/audio/2-114280-A-0.wav,2-114280-A-0,dog_barking,cafeteria,15,15.000000027777796,speech,Speech,0.6886454820632935,False,benchmark_data/expanded_generated/ced/real/cafeteria/15/2-114280-A-0.wav
benchmark_data/external/esc50/audio/2-114280-A-0.wav,2-114280-A-0,dog_barking,cafeteria,10,9.999999984901809,speech,Speech,0.702097475528717,False,benchmark_data/expanded_generated/ced/real/cafeteria/10/2-114280-A-0.wav
benchmark_data/external/esc50/audio/2-114280-A-0.wav,2-114280-A-0,dog_barking,cafeteria,5,5.000000191656982,speech,Speech,0.7039651870727539,False,benchmark_data/expanded_generated/ced/real/cafeteria/5/2-114280-A-0.wav
benchmark_data/external/esc50/audio/2-114280-A-0.wav,2-114280-A-0,dog_barking,cafeteria,0,-2.6115804215239106e-07,speech,Speech,0.7035786509513855,False,benchmark_data/expanded_generated/ced/real/cafeteria/0/2-114280-A-0.wav
benchmark_data/external/esc50/audio/2-114587-A-0.wav,2-114587-A-0,dog_barking,cafeteria,20,20.000000466733532,animal,Animal,0.6894088387489319,False,benchmark_data/expanded_generated/ced/real/cafeteria/20/2-114587-A-0.wav
benchmark_data/external/esc50/audio/2-114587-A-0.wav,2-114587-A-0,dog_barking,cafeteria,15,14.99999985391356,speech,Speech,0.7032014727592468,False,benchmark_data/expanded_generated/ced/real/cafeteria/15/2-114587-A-0.wav
benchmark_data/external/esc50/audio/2-114587-A-0.wav,2-114587-A-0,dog_barking,cafeteria,10,9.99999970793577,speech,Speech,0.6968328952789307,False,benchmark_data/expanded_generated/ced/real/cafeteria/10/2-114587-A-0.wav
benchmark_data/external/esc50/audio/2-114587-A-0.wav,2-114587-A-0,dog_barking,cafeteria,5,4.999999894177643,speech,Speech,0.7026513814926147,False,benchmark_data/expanded_generated/ced/real/cafeteria/5/2-114587-A-0.wav
benchmark_data/external/esc50/audio/2-114587-A-0.wav,2-114587-A-0,dog_barking,cafeteria,0,-7.875384041189819e-08,speech,Speech,0.6897728443145752,False,benchmark_data/expanded_generated/ced/real/cafeteria/0/2-114587-A-0.wav
benchmark_data/external/esc50/audio/1-101336-A-30.wav,1-101336-A-30,door_activity,cafeteria,20,20.000000184693643,speech,Speech,0.6193138360977173,False,benchmark_data/expanded_generated/ced/real/cafeteria/20/1-101336-A-30.wav
benchmark_data/external/esc50/audio/1-101336-A-30.wav,1-101336-A-30,door_activity,cafeteria,15,15.00000030738679,speech,Speech,0.6420824527740479,False,benchmark_data/expanded_generated/ced/real/cafeteria/15/1-101336-A-30.wav
benchmark_data/external/esc50/audio/1-101336-A-30.wav,1-101336-A-30,door_activity,cafeteria,10,10.000000100692448,speech,Speech,0.6650792360305786,False,benchmark_data/expanded_generated/ced/real/cafeteria/10/1-101336-A-30.wav
benchmark_data/external/esc50/audio/1-101336-A-30.wav,1-101336-A-30,door_activity,cafeteria,5,5.000000012731729,speech,Speech,0.656463623046875,False,benchmark_data/expanded_generated/ced/real/cafeteria/5/1-101336-A-30.wav
benchmark_data/external/esc50/audio/1-101336-A-30.wav,1-101336-A-30,door_activity,cafeteria,0,-1.6287435491797244e-08,speech,Speech,0.6739275455474854,False,benchmark_data/expanded_generated/ced/real/cafeteria/0/1-101336-A-30.wav
benchmark_data/external/esc50/audio/1-103995-A-30.wav,1-103995-A-30,door_activity,cafeteria,20,20.00000014840673,door_activity,Knock,0.6199839115142822,True,benchmark_data/expanded_generated/ced/real/cafeteria/20/1-103995-A-30.wav
benchmark_data/external/esc50/audio/1-103995-A-30.wav,1-103995-A-30,door_activity,cafeteria,15,14.999999785255051,speech,Speech,0.644201397895813,False,benchmark_data/expanded_generated/ced/real/cafeteria/15/1-103995-A-30.wav
benchmark_data/external/esc50/audio/1-103995-A-30.wav,1-103995-A-30,door_activity,cafeteria,10,9.999999731308858,speech,Speech,0.6499647498130798,False,benchmark_data/expanded_generated/ced/real/cafeteria/10/1-103995-A-30.wav
benchmark_data/external/esc50/audio/1-103995-A-30.wav,1-103995-A-30,door_activity,cafeteria,5,5.0000002765806055,speech,Speech,0.658867359161377,False,benchmark_data/expanded_generated/ced/real/cafeteria/5/1-103995-A-30.wav
benchmark_data/external/esc50/audio/1-103995-A-30.wav,1-103995-A-30,door_activity,cafeteria,0,-3.2650166404468747e-07,speech,Speech,0.6753235459327698,False,benchmark_data/expanded_generated/ced/real/cafeteria/0/1-103995-A-30.wav
benchmark_data/external/esc50/audio/1-103999-A-30.wav,1-103999-A-30,door_activity,cafeteria,20,20.000000092942756,door_activity,Knock,0.664635956287384,True,benchmark_data/expanded_generated/ced/real/cafeteria/20/1-103999-A-30.wav
benchmark_data/external/esc50/audio/1-103999-A-30.wav,1-103999-A-30,door_activity,cafeteria,15,15.000000462002184,door_activity,Knock,0.6525449752807617,True,benchmark_data/expanded_generated/ced/real/cafeteria/15/1-103999-A-30.wav
benchmark_data/external/esc50/audio/1-103999-A-30.wav,1-103999-A-30,door_activity,cafeteria,10,10.000000012177976,door_activity,Knock,0.6707913279533386,True,benchmark_data/expanded_generated/ced/real/cafeteria/10/1-103999-A-30.wav
benchmark_data/external/esc50/audio/1-103999-A-30.wav,1-103999-A-30,door_activity,cafeteria,5,5.000000254410656,speech,Speech,0.6410743594169617,False,benchmark_data/expanded_generated/ced/real/cafeteria/5/1-103999-A-30.wav
benchmark_data/external/esc50/audio/1-103999-A-30.wav,1-103999-A-30,door_activity,cafeteria,0,-3.8764157048197813e-07,door_activity,Knock,0.6605107188224792,True,benchmark_data/expanded_generated/ced/real/cafeteria/0/1-103999-A-30.wav
benchmark_data/external/esc50/audio/1-26188-A-30.wav,1-26188-A-30,door_activity,cafeteria,20,19.9999996391039,chopping_food,Chopping (food),0.6868773102760315,False,benchmark_data/expanded_generated/ced/real/cafeteria/20/1-26188-A-30.wav
benchmark_data/external/esc50/audio/1-26188-A-30.wav,1-26188-A-30,door_activity,cafeteria,15,15.000000240134508,speech,Speech,0.6486851572990417,False,benchmark_data/expanded_generated/ced/real/cafeteria/15/1-26188-A-30.wav
benchmark_data/external/esc50/audio/1-26188-A-30.wav,1-26188-A-30,door_activity,cafeteria,10,9.999999574843862,speech,Speech,0.6826941967010498,False,benchmark_data/expanded_generated/ced/real/cafeteria/10/1-26188-A-30.wav
benchmark_data/external/esc50/audio/1-26188-A-30.wav,1-26188-A-30,door_activity,cafeteria,5,5.000000295858028,speech,Speech,0.6880576610565186,False,benchmark_data/expanded_generated/ced/real/cafeteria/5/1-26188-A-30.wav
benchmark_data/external/esc50/audio/1-26188-A-30.wav,1-26188-A-30,door_activity,cafeteria,0,-6.596783196310621e-08,speech,Speech,0.6812738180160522,False,benchmark_data/expanded_generated/ced/real/cafeteria/0/1-26188-A-30.wav
benchmark_data/external/esc50/audio/1-52290-A-30.wav,1-52290-A-30,door_activity,cafeteria,20,19.999999802937324,speech,Speech,0.6547460556030273,False,benchmark_data/expanded_generated/ced/real/cafeteria/20/1-52290-A-30.wav
benchmark_data/external/esc50/audio/1-52290-A-30.wav,1-52290-A-30,door_activity,cafeteria,15,14.999999805683258,speech,Speech,0.6842019557952881,False,benchmark_data/expanded_generated/ced/real/cafeteria/15/1-52290-A-30.wav
benchmark_data/external/esc50/audio/1-52290-A-30.wav,1-52290-A-30,door_activity,cafeteria,10,9.999999756252931,speech,Speech,0.6993329524993896,False,benchmark_data/expanded_generated/ced/real/cafeteria/10/1-52290-A-30.wav
benchmark_data/external/esc50/audio/1-52290-A-30.wav,1-52290-A-30,door_activity,cafeteria,5,5.000000040872362,speech,Speech,0.6933014392852783,False,benchmark_data/expanded_generated/ced/real/cafeteria/5/1-52290-A-30.wav
benchmark_data/external/esc50/audio/1-52290-A-30.wav,1-52290-A-30,door_activity,cafeteria,0,3.419515501239685e-08,speech,Speech,0.6886385679244995,False,benchmark_data/expanded_generated/ced/real/cafeteria/0/1-52290-A-30.wav
benchmark_data/external/esc50/audio/1-81001-A-30.wav,1-81001-A-30,door_activity,cafeteria,20,19.99999992093621,chopping_food,Chopping (food),0.6180386543273926,False,benchmark_data/expanded_generated/ced/real/cafeteria/20/1-81001-A-30.wav
benchmark_data/external/esc50/audio/1-81001-A-30.wav,1-81001-A-30,door_activity,cafeteria,15,15.00000012906247,whack_thwack,"Whack, thwack",0.620079755783081,False,benchmark_data/expanded_generated/ced/real/cafeteria/15/1-81001-A-30.wav
benchmark_data/external/esc50/audio/1-81001-A-30.wav,1-81001-A-30,door_activity,cafeteria,10,9.999999745206159,speech,Speech,0.5975108742713928,False,benchmark_data/expanded_generated/ced/real/cafeteria/10/1-81001-A-30.wav
benchmark_data/external/esc50/audio/1-81001-A-30.wav,1-81001-A-30,door_activity,cafeteria,5,5.000000091035624,chopping_food,Chopping (food),0.6883746981620789,False,benchmark_data/expanded_generated/ced/real/cafeteria/5/1-81001-A-30.wav
benchmark_data/external/esc50/audio/1-81001-A-30.wav,1-81001-A-30,door_activity,cafeteria,0,1.8472583460409941e-07,speech,Speech,0.6123610734939575,False,benchmark_data/expanded_generated/ced/real/cafeteria/0/1-81001-A-30.wav
benchmark_data/external/esc50/audio/1-81001-B-30.wav,1-81001-B-30,door_activity,cafeteria,20,19.999999726013986,speech,Speech,0.6366873979568481,False,benchmark_data/expanded_generated/ced/real/cafeteria/20/1-81001-B-30.wav
benchmark_data/external/esc50/audio/1-81001-B-30.wav,1-81001-B-30,door_activity,cafeteria,15,15.000000100965119,speech,Speech,0.6117292642593384,False,benchmark_data/expanded_generated/ced/real/cafeteria/15/1-81001-B-30.wav
benchmark_data/external/esc50/audio/1-81001-B-30.wav,1-81001-B-30,door_activity,cafeteria,10,9.999999940888868,speech,Speech,0.6434069871902466,False,benchmark_data/expanded_generated/ced/real/cafeteria/10/1-81001-B-30.wav
benchmark_data/external/esc50/audio/1-81001-B-30.wav,1-81001-B-30,door_activity,cafeteria,5,5.0000001419362565,speech,Speech,0.6822901964187622,False,benchmark_data/expanded_generated/ced/real/cafeteria/5/1-81001-B-30.wav
benchmark_data/external/esc50/audio/1-81001-B-30.wav,1-81001-B-30,door_activity,cafeteria,0,2.9756195781484117e-07,speech,Speech,0.6595979928970337,False,benchmark_data/expanded_generated/ced/real/cafeteria/0/1-81001-B-30.wav
benchmark_data/external/esc50/audio/1-82817-A-30.wav,1-82817-A-30,door_activity,cafeteria,20,19.99999990894103,door_activity,Knock,0.6652867197990417,True,benchmark_data/expanded_generated/ced/real/cafeteria/20/1-82817-A-30.wav
benchmark_data/external/esc50/audio/1-82817-A-30.wav,1-82817-A-30,door_activity,cafeteria,15,14.99999970257976,speech,Speech,0.6398227214813232,False,benchmark_data/expanded_generated/ced/real/cafeteria/15/1-82817-A-30.wav
benchmark_data/external/esc50/audio/1-82817-A-30.wav,1-82817-A-30,door_activity,cafeteria,10,9.999999567375056,speech,Speech,0.6516597867012024,False,benchmark_data/expanded_generated/ced/real/cafeteria/10/1-82817-A-30.wav
benchmark_data/external/esc50/audio/1-82817-A-30.wav,1-82817-A-30,door_activity,cafeteria,5,4.9999997210905045,speech,Speech,0.645396888256073,False,benchmark_data/expanded_generated/ced/real/cafeteria/5/1-82817-A-30.wav
benchmark_data/external/esc50/audio/1-82817-A-30.wav,1-82817-A-30,door_activity,cafeteria,0,-2.6334735975354824e-07,door_activity,Knock,0.6910814642906189,True,benchmark_data/expanded_generated/ced/real/cafeteria/0/1-82817-A-30.wav
benchmark_data/external/esc50/audio/2-114254-A-30.wav,2-114254-A-30,door_activity,cafeteria,20,19.999999697919993,speech,Speech,0.6535645723342896,False,benchmark_data/expanded_generated/ced/real/cafeteria/20/2-114254-A-30.wav
benchmark_data/external/esc50/audio/2-114254-A-30.wav,2-114254-A-30,door_activity,cafeteria,15,14.999999838018319,speech,Speech,0.6635929942131042,False,benchmark_data/expanded_generated/ced/real/cafeteria/15/2-114254-A-30.wav
benchmark_data/external/esc50/audio/2-114254-A-30.wav,2-114254-A-30,door_activity,cafeteria,10,10.00000011365241,speech,Speech,0.6715202927589417,False,benchmark_data/expanded_generated/ced/real/cafeteria/10/2-114254-A-30.wav
benchmark_data/external/esc50/audio/2-114254-A-30.wav,2-114254-A-30,door_activity,cafeteria,5,4.999999853373614,speech,Speech,0.6808500289916992,False,benchmark_data/expanded_generated/ced/real/cafeteria/5/2-114254-A-30.wav
benchmark_data/external/esc50/audio/2-114254-A-30.wav,2-114254-A-30,door_activity,cafeteria,0,-1.3795287178369738e-07,speech,Speech,0.6825108528137207,False,benchmark_data/expanded_generated/ced/real/cafeteria/0/2-114254-A-30.wav
benchmark_data/external/esc50/audio/2-118624-A-30.wav,2-118624-A-30,door_activity,cafeteria,20,20.000000146696276,speech,Speech,0.6408557295799255,False,benchmark_data/expanded_generated/ced/real/cafeteria/20/2-118624-A-30.wav
benchmark_data/external/esc50/audio/2-118624-A-30.wav,2-118624-A-30,door_activity,cafeteria,15,14.999999951226425,speech,Speech,0.6829215288162231,False,benchmark_data/expanded_generated/ced/real/cafeteria/15/2-118624-A-30.wav
benchmark_data/external/esc50/audio/2-118624-A-30.wav,2-118624-A-30,door_activity,cafeteria,10,9.999999720590734,speech,Speech,0.6741029620170593,False,benchmark_data/expanded_generated/ced/real/cafeteria/10/2-118624-A-30.wav
benchmark_data/external/esc50/audio/2-118624-A-30.wav,2-118624-A-30,door_activity,cafeteria,5,4.999999892755554,speech,Speech,0.6987730860710144,False,benchmark_data/expanded_generated/ced/real/cafeteria/5/2-118624-A-30.wav
benchmark_data/external/esc50/audio/2-118624-A-30.wav,2-118624-A-30,door_activity,cafeteria,0,8.876883613985085e-08,speech,Speech,0.7106808423995972,False,benchmark_data/expanded_generated/ced/real/cafeteria/0/2-118624-A-30.wav
benchmark_data/external/esc50/audio/1-17150-A-12.wav,1-17150-A-12,fire,cafeteria,20,19.99999962730298,fire,Fire,0.6099769473075867,True,benchmark_data/expanded_generated/ced/real/cafeteria/20/1-17150-A-12.wav
benchmark_data/external/esc50/audio/1-17150-A-12.wav,1-17150-A-12,fire,cafeteria,15,15.000000422118955,fire,Fire,0.5809341073036194,True,benchmark_data/expanded_generated/ced/real/cafeteria/15/1-17150-A-12.wav
benchmark_data/external/esc50/audio/1-17150-A-12.wav,1-17150-A-12,fire,cafeteria,10,10.0000000467425,speech,Speech,0.6193320751190186,False,benchmark_data/expanded_generated/ced/real/cafeteria/10/1-17150-A-12.wav
benchmark_data/external/esc50/audio/1-17150-A-12.wav,1-17150-A-12,fire,cafeteria,5,4.9999999946288645,speech,Speech,0.6640618443489075,False,benchmark_data/expanded_generated/ced/real/cafeteria/5/1-17150-A-12.wav
benchmark_data/external/esc50/audio/1-17150-A-12.wav,1-17150-A-12,fire,cafeteria,0,-3.5149711637882936e-07,speech,Speech,0.6801838874816895,False,benchmark_data/expanded_generated/ced/real/cafeteria/0/1-17150-A-12.wav
benchmark_data/external/esc50/audio/1-17565-A-12.wav,1-17565-A-12,fire,cafeteria,20,20.00000011574459,crumpling_crinkling,"Crumpling, crinkling",0.5551198124885559,False,benchmark_data/expanded_generated/ced/real/cafeteria/20/1-17565-A-12.wav
benchmark_data/external/esc50/audio/1-17565-A-12.wav,1-17565-A-12,fire,cafeteria,15,15.000000162645984,speech,Speech,0.5939783453941345,False,benchmark_data/expanded_generated/ced/real/cafeteria/15/1-17565-A-12.wav
benchmark_data/external/esc50/audio/1-17565-A-12.wav,1-17565-A-12,fire,cafeteria,10,9.99999996165905,speech,Speech,0.6154927611351013,False,benchmark_data/expanded_generated/ced/real/cafeteria/10/1-17565-A-12.wav
benchmark_data/external/esc50/audio/1-17565-A-12.wav,1-17565-A-12,fire,cafeteria,5,5.000000241583942,speech,Speech,0.6700171828269958,False,benchmark_data/expanded_generated/ced/real/cafeteria/5/1-17565-A-12.wav
benchmark_data/external/esc50/audio/1-17565-A-12.wav,1-17565-A-12,fire,cafeteria,0,7.461899391183754e-09,speech,Speech,0.666482150554657,False,benchmark_data/expanded_generated/ced/real/cafeteria/0/1-17565-A-12.wav
benchmark_data/external/esc50/audio/1-17742-A-12.wav,1-17742-A-12,fire,cafeteria,20,19.999999795278704,patter,Patter,0.5511791110038757,False,benchmark_data/expanded_generated/ced/real/cafeteria/20/1-17742-A-12.wav
benchmark_data/external/esc50/audio/1-17742-A-12.wav,1-17742-A-12,fire,cafeteria,15,15.000000248321113,patter,Patter,0.5282526612281799,False,benchmark_data/expanded_generated/ced/real/cafeteria/15/1-17742-A-12.wav
benchmark_data/external/esc50/audio/1-17742-A-12.wav,1-17742-A-12,fire,cafeteria,10,10.000000392724175,speech,Speech,0.5330126285552979,False,benchmark_data/expanded_generated/ced/real/cafeteria/10/1-17742-A-12.wav
benchmark_data/external/esc50/audio/1-17742-A-12.wav,1-17742-A-12,fire,cafeteria,5,4.999999880415077,speech,Speech,0.6178725361824036,False,benchmark_data/expanded_generated/ced/real/cafeteria/5/1-17742-A-12.wav
benchmark_data/external/esc50/audio/1-17742-A-12.wav,1-17742-A-12,fire,cafeteria,0,-1.4887221000565549e-07,speech,Speech,0.6300675272941589,False,benchmark_data/expanded_generated/ced/real/cafeteria/0/1-17742-A-12.wav
benchmark_data/external/esc50/audio/1-17808-A-12.wav,1-17808-A-12,fire,cafeteria,20,20.00000012711681,rain_on_surface,Rain on surface,0.5613946914672852,False,benchmark_data/expanded_generated/ced/real/cafeteria/20/1-17808-A-12.wav
benchmark_data/external/esc50/audio/1-17808-A-12.wav,1-17808-A-12,fire,cafeteria,15,15.000000364814722,speech,Speech,0.5905759930610657,False,benchmark_data/expanded_generated/ced/real/cafeteria/15/1-17808-A-12.wav
benchmark_data/external/esc50/audio/1-17808-A-12.wav,1-17808-A-12,fire,cafeteria,10,9.999999951574196,speech,Speech,0.6745949983596802,False,benchmark_data/expanded_generated/ced/real/cafeteria/10/1-17808-A-12.wav
benchmark_data/external/esc50/audio/1-17808-A-12.wav,1-17808-A-12,fire,cafeteria,5,4.9999997173298185,speech,Speech,0.693103015422821,False,benchmark_data/expanded_generated/ced/real/cafeteria/5/1-17808-A-12.wav
benchmark_data/external/esc50/audio/1-17808-A-12.wav,1-17808-A-12,fire,cafeteria,0,1.9123462234617708e-07,speech,Speech,0.6959474682807922,False,benchmark_data/expanded_generated/ced/real/cafeteria/0/1-17808-A-12.wav
benchmark_data/external/esc50/audio/1-17808-B-12.wav,1-17808-B-12,fire,cafeteria,20,19.999999663780798,speech,Speech,0.5503578782081604,False,benchmark_data/expanded_generated/ced/real/cafeteria/20/1-17808-B-12.wav
benchmark_data/external/esc50/audio/1-17808-B-12.wav,1-17808-B-12,fire,cafeteria,15,14.999999961122466,speech,Speech,0.5639848709106445,False,benchmark_data/expanded_generated/ced/real/cafeteria/15/1-17808-B-12.wav
benchmark_data/external/esc50/audio/1-17808-B-12.wav,1-17808-B-12,fire,cafeteria,10,10.000000190390917,speech,Speech,0.6561419367790222,False,benchmark_data/expanded_generated/ced/real/cafeteria/10/1-17808-B-12.wav
benchmark_data/external/esc50/audio/1-17808-B-12.wav,1-17808-B-12,fire,cafeteria,5,4.999999813844701,speech,Speech,0.6858505606651306,False,benchmark_data/expanded_generated/ced/real/cafeteria/5/1-17808-B-12.wav
benchmark_data/external/esc50/audio/1-17808-B-12.wav,1-17808-B-12,fire,cafeteria,0,-1.4639988567510025e-08,speech,Speech,0.6992093324661255,False,benchmark_data/expanded_generated/ced/real/cafeteria/0/1-17808-B-12.wav
benchmark_data/external/esc50/audio/1-4211-A-12.wav,1-4211-A-12,fire,cafeteria,20,20.000000086652605,speech,Speech,0.6134145259857178,False,benchmark_data/expanded_generated/ced/real/cafeteria/20/1-4211-A-12.wav
benchmark_data/external/esc50/audio/1-4211-A-12.wav,1-4211-A-12,fire,cafeteria,15,14.99999981135991,speech,Speech,0.6423226594924927,False,benchmark_data/expanded_generated/ced/real/cafeteria/15/1-4211-A-12.wav
benchmark_data/external/esc50/audio/1-4211-A-12.wav,1-4211-A-12,fire,cafeteria,10,10.00000002145704,speech,Speech,0.6370530128479004,False,benchmark_data/expanded_generated/ced/real/cafeteria/10/1-4211-A-12.wav
benchmark_data/external/esc50/audio/1-4211-A-12.wav,1-4211-A-12,fire,cafeteria,5,5.0000002622946464,speech,Speech,0.6593441963195801,False,benchmark_data/expanded_generated/ced/real/cafeteria/5/1-4211-A-12.wav
benchmark_data/external/esc50/audio/1-4211-A-12.wav,1-4211-A-12,fire,cafeteria,0,8.628768140671767e-08,speech,Speech,0.6682208776473999,False,benchmark_data/expanded_generated/ced/real/cafeteria/0/1-4211-A-12.wav
benchmark_data/external/esc50/audio/1-46272-A-12.wav,1-46272-A-12,fire,cafeteria,20,20.000000293719708,fire,Fire,0.6848309636116028,True,benchmark_data/expanded_generated/ced/real/cafeteria/20/1-46272-A-12.wav
benchmark_data/external/esc50/audio/1-46272-A-12.wav,1-46272-A-12,fire,cafeteria,15,14.999999986345482,fire,Fire,0.6555671095848083,True,benchmark_data/expanded_generated/ced/real/cafeteria/15/1-46272-A-12.wav
benchmark_data/external/esc50/audio/1-46272-A-12.wav,1-46272-A-12,fire,cafeteria,10,9.999999748063127,fire,Fire,0.6294329762458801,True,benchmark_data/expanded_generated/ced/real/cafeteria/10/1-46272-A-12.wav
benchmark_data/external/esc50/audio/1-46272-A-12.wav,1-46272-A-12,fire,cafeteria,5,4.999999505701592,speech,Speech,0.6775721907615662,False,benchmark_data/expanded_generated/ced/real/cafeteria/5/1-46272-A-12.wav
benchmark_data/external/esc50/audio/1-46272-A-12.wav,1-46272-A-12,fire,cafeteria,0,-3.367000627918129e-07,speech,Speech,0.6607483625411987,False,benchmark_data/expanded_generated/ced/real/cafeteria/0/1-46272-A-12.wav
benchmark_data/external/esc50/audio/1-7057-A-12.wav,1-7057-A-12,fire,cafeteria,20,19.999999678134685,fire,Fire,0.690930187702179,True,benchmark_data/expanded_generated/ced/real/cafeteria/20/1-7057-A-12.wav
benchmark_data/external/esc50/audio/1-7057-A-12.wav,1-7057-A-12,fire,cafeteria,15,15.000000397653162,fire,Fire,0.7030717134475708,True,benchmark_data/expanded_generated/ced/real/cafeteria/15/1-7057-A-12.wav
benchmark_data/external/esc50/audio/1-7057-A-12.wav,1-7057-A-12,fire,cafeteria,10,9.999999913392042,fire,Fire,0.7034900188446045,True,benchmark_data/expanded_generated/ced/real/cafeteria/10/1-7057-A-12.wav
benchmark_data/external/esc50/audio/1-7057-A-12.wav,1-7057-A-12,fire,cafeteria,5,4.999999951451461,fire,Fire,0.6416555643081665,True,benchmark_data/expanded_generated/ced/real/cafeteria/5/1-7057-A-12.wav
benchmark_data/external/esc50/audio/1-7057-A-12.wav,1-7057-A-12,fire,cafeteria,0,-7.967943857562295e-08,speech,Speech,0.6251142621040344,False,benchmark_data/expanded_generated/ced/real/cafeteria/0/1-7057-A-12.wav
benchmark_data/external/esc50/audio/2-18766-A-12.wav,2-18766-A-12,fire,cafeteria,20,19.999999959833175,fire,Fire,0.6656747460365295,True,benchmark_data/expanded_generated/ced/real/cafeteria/20/2-18766-A-12.wav
benchmark_data/external/esc50/audio/2-18766-A-12.wav,2-18766-A-12,fire,cafeteria,15,14.999999993911427,fire,Fire,0.7034342885017395,True,benchmark_data/expanded_generated/ced/real/cafeteria/15/2-18766-A-12.wav
benchmark_data/external/esc50/audio/2-18766-A-12.wav,2-18766-A-12,fire,cafeteria,10,10.000000059128826,fire,Fire,0.6780626177787781,True,benchmark_data/expanded_generated/ced/real/cafeteria/10/2-18766-A-12.wav
benchmark_data/external/esc50/audio/2-18766-A-12.wav,2-18766-A-12,fire,cafeteria,5,5.000000043032865,fire,Fire,0.6965159177780151,True,benchmark_data/expanded_generated/ced/real/cafeteria/5/2-18766-A-12.wav
benchmark_data/external/esc50/audio/2-18766-A-12.wav,2-18766-A-12,fire,cafeteria,0,1.56045556537192e-07,speech,Speech,0.6410797238349915,False,benchmark_data/expanded_generated/ced/real/cafeteria/0/2-18766-A-12.wav
benchmark_data/external/esc50/audio/2-18766-B-12.wav,2-18766-B-12,fire,cafeteria,20,20.000000043020446,speech,Speech,0.5507934093475342,False,benchmark_data/expanded_generated/ced/real/cafeteria/20/2-18766-B-12.wav
benchmark_data/external/esc50/audio/2-18766-B-12.wav,2-18766-B-12,fire,cafeteria,15,14.999999947262488,speech,Speech,0.5591247081756592,False,benchmark_data/expanded_generated/ced/real/cafeteria/15/2-18766-B-12.wav
benchmark_data/external/esc50/audio/2-18766-B-12.wav,2-18766-B-12,fire,cafeteria,10,10.000000304468916,speech,Speech,0.5798208117485046,False,benchmark_data/expanded_generated/ced/real/cafeteria/10/2-18766-B-12.wav
benchmark_data/external/esc50/audio/2-18766-B-12.wav,2-18766-B-12,fire,cafeteria,5,5.000000193601534,speech,Speech,0.6158008575439453,False,benchmark_data/expanded_generated/ced/real/cafeteria/5/2-18766-B-12.wav
benchmark_data/external/esc50/audio/2-18766-B-12.wav,2-18766-B-12,fire,cafeteria,0,-2.943626600894813e-07,speech,Speech,0.6369021534919739,False,benchmark_data/expanded_generated/ced/real/cafeteria/0/2-18766-B-12.wav
benchmark_data/external/esc50/audio/1-20133-A-39.wav,1-20133-A-39,glass_breaking,cafeteria,20,20.00000025194521,speech,Speech,0.6638000011444092,False,benchmark_data/expanded_generated/ced/real/cafeteria/20/1-20133-A-39.wav
benchmark_data/external/esc50/audio/1-20133-A-39.wav,1-20133-A-39,glass_breaking,cafeteria,15,15.000000193474454,speech,Speech,0.6604830026626587,False,benchmark_data/expanded_generated/ced/real/cafeteria/15/1-20133-A-39.wav
benchmark_data/external/esc50/audio/1-20133-A-39.wav,1-20133-A-39,glass_breaking,cafeteria,10,10.000000155376057,speech,Speech,0.6858680248260498,False,benchmark_data/expanded_generated/ced/real/cafeteria/10/1-20133-A-39.wav
benchmark_data/external/esc50/audio/1-20133-A-39.wav,1-20133-A-39,glass_breaking,cafeteria,5,5.000000019964885,speech,Speech,0.6956974864006042,False,benchmark_data/expanded_generated/ced/real/cafeteria/5/1-20133-A-39.wav
benchmark_data/external/esc50/audio/1-20133-A-39.wav,1-20133-A-39,glass_breaking,cafeteria,0,-1.5889387121275697e-07,speech,Speech,0.6981269717216492,False,benchmark_data/expanded_generated/ced/real/cafeteria/0/1-20133-A-39.wav
benchmark_data/external/esc50/audio/1-84536-A-39.wav,1-84536-A-39,glass_breaking,cafeteria,20,19.999999890042254,speech,Speech,0.6653895974159241,False,benchmark_data/expanded_generated/ced/real/cafeteria/20/1-84536-A-39.wav
benchmark_data/external/esc50/audio/1-84536-A-39.wav,1-84536-A-39,glass_breaking,cafeteria,15,14.99999988134375,speech,Speech,0.7009758949279785,False,benchmark_data/expanded_generated/ced/real/cafeteria/15/1-84536-A-39.wav
benchmark_data/external/esc50/audio/1-84536-A-39.wav,1-84536-A-39,glass_breaking,cafeteria,10,10.000000362960666,speech,Speech,0.7075400948524475,False,benchmark_data/expanded_generated/ced/real/cafeteria/10/1-84536-A-39.wav
benchmark_data/external/esc50/audio/1-84536-A-39.wav,1-84536-A-39,glass_breaking,cafeteria,5,5.000000071966363,speech,Speech,0.710474967956543,False,benchmark_data/expanded_generated/ced/real/cafeteria/5/1-84536-A-39.wav
benchmark_data/external/esc50/audio/1-84536-A-39.wav,1-84536-A-39,glass_breaking,cafeteria,0,3.029060220761524e-07,speech,Speech,0.7074047923088074,False,benchmark_data/expanded_generated/ced/real/cafeteria/0/1-84536-A-39.wav
benchmark_data/external/esc50/audio/1-84704-A-39.wav,1-84704-A-39,glass_breaking,cafeteria,20,19.99999999875096,speech,Speech,0.689761221408844,False,benchmark_data/expanded_generated/ced/real/cafeteria/20/1-84704-A-39.wav
benchmark_data/external/esc50/audio/1-84704-A-39.wav,1-84704-A-39,glass_breaking,cafeteria,15,15.00000020369584,speech,Speech,0.6773784756660461,False,benchmark_data/expanded_generated/ced/real/cafeteria/15/1-84704-A-39.wav
benchmark_data/external/esc50/audio/1-84704-A-39.wav,1-84704-A-39,glass_breaking,cafeteria,10,10.00000019490313,speech,Speech,0.6873780488967896,False,benchmark_data/expanded_generated/ced/real/cafeteria/10/1-84704-A-39.wav
benchmark_data/external/esc50/audio/1-84704-A-39.wav,1-84704-A-39,glass_breaking,cafeteria,5,4.9999998349031864,speech,Speech,0.6948598027229309,False,benchmark_data/expanded_generated/ced/real/cafeteria/5/1-84704-A-39.wav
benchmark_data/external/esc50/audio/1-84704-A-39.wav,1-84704-A-39,glass_breaking,cafeteria,0,-2.893187569908234e-07,speech,Speech,0.6980660557746887,False,benchmark_data/expanded_generated/ced/real/cafeteria/0/1-84704-A-39.wav
benchmark_data/external/esc50/audio/1-84705-A-39.wav,1-84705-A-39,glass_breaking,cafeteria,20,19.99999963188072,speech,Speech,0.6232659816741943,False,benchmark_data/expanded_generated/ced/real/cafeteria/20/1-84705-A-39.wav
benchmark_data/external/esc50/audio/1-84705-A-39.wav,1-84705-A-39,glass_breaking,cafeteria,15,14.999999632913434,speech,Speech,0.5860946774482727,False,benchmark_data/expanded_generated/ced/real/cafeteria/15/1-84705-A-39.wav
benchmark_data/external/esc50/audio/1-84705-A-39.wav,1-84705-A-39,glass_breaking,cafeteria,10,9.99999979576531,speech,Speech,0.6181179881095886,False,benchmark_data/expanded_generated/ced/real/cafeteria/10/1-84705-A-39.wav
benchmark_data/external/esc50/audio/1-84705-A-39.wav,1-84705-A-39,glass_breaking,cafeteria,5,4.9999998551903255,speech,Speech,0.6672095060348511,False,benchmark_data/expanded_generated/ced/real/cafeteria/5/1-84705-A-39.wav
benchmark_data/external/esc50/audio/1-84705-A-39.wav,1-84705-A-39,glass_breaking,cafeteria,0,2.8047436308638397e-08,speech,Speech,0.611488938331604,False,benchmark_data/expanded_generated/ced/real/cafeteria/0/1-84705-A-39.wav
benchmark_data/external/esc50/audio/1-85168-A-39.wav,1-85168-A-39,glass_breaking,cafeteria,20,20.00000023419444,speech,Speech,0.6512719392776489,False,benchmark_data/expanded_generated/ced/real/cafeteria/20/1-85168-A-39.wav
benchmark_data/external/esc50/audio/1-85168-A-39.wav,1-85168-A-39,glass_breaking,cafeteria,15,14.999999683707962,speech,Speech,0.6878442764282227,False,benchmark_data/expanded_generated/ced/real/cafeteria/15/1-85168-A-39.wav
benchmark_data/external/esc50/audio/1-85168-A-39.wav,1-85168-A-39,glass_breaking,cafeteria,10,10.000000239738059,speech,Speech,0.7016007304191589,False,benchmark_data/expanded_generated/ced/real/cafeteria/10/1-85168-A-39.wav
benchmark_data/external/esc50/audio/1-85168-A-39.wav,1-85168-A-39,glass_breaking,cafeteria,5,5.000000308596263,speech,Speech,0.7096357941627502,False,benchmark_data/expanded_generated/ced/real/cafeteria/5/1-85168-A-39.wav
benchmark_data/external/esc50/audio/1-85168-A-39.wav,1-85168-A-39,glass_breaking,cafeteria,0,-4.1173863515597506e-08,speech,Speech,0.6930469274520874,False,benchmark_data/expanded_generated/ced/real/cafeteria/0/1-85168-A-39.wav
benchmark_data/external/esc50/audio/1-85184-A-39.wav,1-85184-A-39,glass_breaking,cafeteria,20,19.99999970147035,speech,Speech,0.6817458271980286,False,benchmark_data/expanded_generated/ced/real/cafeteria/20/1-85184-A-39.wav
benchmark_data/external/esc50/audio/1-85184-A-39.wav,1-85184-A-39,glass_breaking,cafeteria,15,14.999999845120612,speech,Speech,0.69625324010849,False,benchmark_data/expanded_generated/ced/real/cafeteria/15/1-85184-A-39.wav
benchmark_data/external/esc50/audio/1-85184-A-39.wav,1-85184-A-39,glass_breaking,cafeteria,10,9.999999637088543,speech,Speech,0.7011367678642273,False,benchmark_data/expanded_generated/ced/real/cafeteria/10/1-85184-A-39.wav
benchmark_data/external/esc50/audio/1-85184-A-39.wav,1-85184-A-39,glass_breaking,cafeteria,5,5.0000003963300355,speech,Speech,0.7103695273399353,False,benchmark_data/expanded_generated/ced/real/cafeteria/5/1-85184-A-39.wav
benchmark_data/external/esc50/audio/1-85184-A-39.wav,1-85184-A-39,glass_breaking,cafeteria,0,1.6775445780835877e-07,speech,Speech,0.7089896202087402,False,benchmark_data/expanded_generated/ced/real/cafeteria/0/1-85184-A-39.wav
benchmark_data/external/esc50/audio/1-88807-A-39.wav,1-88807-A-39,glass_breaking,cafeteria,20,19.99999987255126,speech,Speech,0.618128776550293,False,benchmark_data/expanded_generated/ced/real/cafeteria/20/1-88807-A-39.wav
benchmark_data/external/esc50/audio/1-88807-A-39.wav,1-88807-A-39,glass_breaking,cafeteria,15,15.000000298995417,speech,Speech,0.6675590872764587,False,benchmark_data/expanded_generated/ced/real/cafeteria/15/1-88807-A-39.wav
benchmark_data/external/esc50/audio/1-88807-A-39.wav,1-88807-A-39,glass_breaking,cafeteria,10,9.9999998103644,speech,Speech,0.6672804951667786,False,benchmark_data/expanded_generated/ced/real/cafeteria/10/1-88807-A-39.wav
benchmark_data/external/esc50/audio/1-88807-A-39.wav,1-88807-A-39,glass_breaking,cafeteria,5,4.999999906639726,speech,Speech,0.6754263639450073,False,benchmark_data/expanded_generated/ced/real/cafeteria/5/1-88807-A-39.wav
benchmark_data/external/esc50/audio/1-88807-A-39.wav,1-88807-A-39,glass_breaking,cafeteria,0,8.95574062304878e-08,speech,Speech,0.7031710147857666,False,benchmark_data/expanded_generated/ced/real/cafeteria/0/1-88807-A-39.wav
benchmark_data/external/esc50/audio/1-977-A-39.wav,1-977-A-39,glass_breaking,cafeteria,20,19.999999573759382,breaking,Breaking,0.6156376600265503,False,benchmark_data/expanded_generated/ced/real/cafeteria/20/1-977-A-39.wav
benchmark_data/external/esc50/audio/1-977-A-39.wav,1-977-A-39,glass_breaking,cafeteria,15,15.000000097915322,breaking,Breaking,0.6646541357040405,False,benchmark_data/expanded_generated/ced/real/cafeteria/15/1-977-A-39.wav
benchmark_data/external/esc50/audio/1-977-A-39.wav,1-977-A-39,glass_breaking,cafeteria,10,10.00000022218443,glass,Glass,0.6158460378646851,False,benchmark_data/expanded_generated/ced/real/cafeteria/10/1-977-A-39.wav
benchmark_data/external/esc50/audio/1-977-A-39.wav,1-977-A-39,glass_breaking,cafeteria,5,5.00000023655197,speech,Speech,0.6563579440116882,False,benchmark_data/expanded_generated/ced/real/cafeteria/5/1-977-A-39.wav
benchmark_data/external/esc50/audio/1-977-A-39.wav,1-977-A-39,glass_breaking,cafeteria,0,-8.568199577768045e-08,speech,Speech,0.6765063405036926,False,benchmark_data/expanded_generated/ced/real/cafeteria/0/1-977-A-39.wav
benchmark_data/external/esc50/audio/2-106881-A-39.wav,2-106881-A-39,glass_breaking,cafeteria,20,19.999999835953226,speech,Speech,0.6193146109580994,False,benchmark_data/expanded_generated/ced/real/cafeteria/20/2-106881-A-39.wav
benchmark_data/external/esc50/audio/2-106881-A-39.wav,2-106881-A-39,glass_breaking,cafeteria,15,14.999999807029166,crackle,Crackle,0.6048339605331421,False,benchmark_data/expanded_generated/ced/real/cafeteria/15/2-106881-A-39.wav
benchmark_data/external/esc50/audio/2-106881-A-39.wav,2-106881-A-39,glass_breaking,cafeteria,10,10.000000041000689,speech,Speech,0.620803713798523,False,benchmark_data/expanded_generated/ced/real/cafeteria/10/2-106881-A-39.wav
benchmark_data/external/esc50/audio/2-106881-A-39.wav,2-106881-A-39,glass_breaking,cafeteria,5,5.000000284616312,speech,Speech,0.6685377359390259,False,benchmark_data/expanded_generated/ced/real/cafeteria/5/2-106881-A-39.wav
benchmark_data/external/esc50/audio/2-106881-A-39.wav,2-106881-A-39,glass_breaking,cafeteria,0,-2.2585916064917718e-07,speech,Speech,0.6694837808609009,False,benchmark_data/expanded_generated/ced/real/cafeteria/0/2-106881-A-39.wav
benchmark_data/external/esc50/audio/2-112213-A-39.wav,2-112213-A-39,glass_breaking,cafeteria,20,19.999999824484885,glass,Glass,0.712986946105957,False,benchmark_data/expanded_generated/ced/real/cafeteria/20/2-112213-A-39.wav
benchmark_data/external/esc50/audio/2-112213-A-39.wav,2-112213-A-39,glass_breaking,cafeteria,15,14.999999957381897,glass,Glass,0.7090930938720703,False,benchmark_data/expanded_generated/ced/real/cafeteria/15/2-112213-A-39.wav
benchmark_data/external/esc50/audio/2-112213-A-39.wav,2-112213-A-39,glass_breaking,cafeteria,10,9.999999911985334,glass,Glass,0.7013680934906006,False,benchmark_data/expanded_generated/ced/real/cafeteria/10/2-112213-A-39.wav
benchmark_data/external/esc50/audio/2-112213-A-39.wav,2-112213-A-39,glass_breaking,cafeteria,5,4.999999839961746,speech,Speech,0.7011189460754395,False,benchmark_data/expanded_generated/ced/real/cafeteria/5/2-112213-A-39.wav
benchmark_data/external/esc50/audio/2-112213-A-39.wav,2-112213-A-39,glass_breaking,cafeteria,0,2.6573002708778414e-07,speech,Speech,0.7001596093177795,False,benchmark_data/expanded_generated/ced/real/cafeteria/0/2-112213-A-39.wav
benchmark_data/external/esc50/audio/1-31482-A-42.wav,1-31482-A-42,siren,cafeteria,20,19.99999990681126,speech,Speech,0.5964345335960388,False,benchmark_data/expanded_generated/ced/real/cafeteria/20/1-31482-A-42.wav
benchmark_data/external/esc50/audio/1-31482-A-42.wav,1-31482-A-42,siren,cafeteria,15,14.999999764350562,speech,Speech,0.6593495607376099,False,benchmark_data/expanded_generated/ced/real/cafeteria/15/1-31482-A-42.wav
benchmark_data/external/esc50/audio/1-31482-A-42.wav,1-31482-A-42,siren,cafeteria,10,10.000000053647165,speech,Speech,0.6562027931213379,False,benchmark_data/expanded_generated/ced/real/cafeteria/10/1-31482-A-42.wav
benchmark_data/external/esc50/audio/1-31482-A-42.wav,1-31482-A-42,siren,cafeteria,5,5.0000002363266836,speech,Speech,0.6769220232963562,False,benchmark_data/expanded_generated/ced/real/cafeteria/5/1-31482-A-42.wav
benchmark_data/external/esc50/audio/1-31482-A-42.wav,1-31482-A-42,siren,cafeteria,0,3.831210830084805e-07,speech,Speech,0.6627774238586426,False,benchmark_data/expanded_generated/ced/real/cafeteria/0/1-31482-A-42.wav
benchmark_data/external/esc50/audio/1-31482-B-42.wav,1-31482-B-42,siren,cafeteria,20,20.000000248046955,emergency_vehicle,Emergency vehicle,0.6746819615364075,False,benchmark_data/expanded_generated/ced/real/cafeteria/20/1-31482-B-42.wav
benchmark_data/external/esc50/audio/1-31482-B-42.wav,1-31482-B-42,siren,cafeteria,15,15.000000295805922,emergency_vehicle,Emergency vehicle,0.6651965975761414,False,benchmark_data/expanded_generated/ced/real/cafeteria/15/1-31482-B-42.wav
benchmark_data/external/esc50/audio/1-31482-B-42.wav,1-31482-B-42,siren,cafeteria,10,9.999999935911612,emergency_vehicle,Emergency vehicle,0.6484591364860535,False,benchmark_data/expanded_generated/ced/real/cafeteria/10/1-31482-B-42.wav
benchmark_data/external/esc50/audio/1-31482-B-42.wav,1-31482-B-42,siren,cafeteria,5,5.000000299731813,speech,Speech,0.6450963020324707,False,benchmark_data/expanded_generated/ced/real/cafeteria/5/1-31482-B-42.wav
benchmark_data/external/esc50/audio/1-31482-B-42.wav,1-31482-B-42,siren,cafeteria,0,-9.216819793853684e-08,speech,Speech,0.6611456274986267,False,benchmark_data/expanded_generated/ced/real/cafeteria/0/1-31482-B-42.wav
benchmark_data/external/esc50/audio/1-54084-A-42.wav,1-54084-A-42,siren,cafeteria,20,20.000000207984847,civil_defense_siren,Civil defense siren,0.7017679214477539,False,benchmark_data/expanded_generated/ced/real/cafeteria/20/1-54084-A-42.wav
benchmark_data/external/esc50/audio/1-54084-A-42.wav,1-54084-A-42,siren,cafeteria,15,15.000000036019836,civil_defense_siren,Civil defense siren,0.6995798945426941,False,benchmark_data/expanded_generated/ced/real/cafeteria/15/1-54084-A-42.wav
benchmark_data/external/esc50/audio/1-54084-A-42.wav,1-54084-A-42,siren,cafeteria,10,9.999999694930379,civil_defense_siren,Civil defense siren,0.6996387243270874,False,benchmark_data/expanded_generated/ced/real/cafeteria/10/1-54084-A-42.wav
benchmark_data/external/esc50/audio/1-54084-A-42.wav,1-54084-A-42,siren,cafeteria,5,5.000000002779742,siren,Siren,0.6735873818397522,True,benchmark_data/expanded_generated/ced/real/cafeteria/5/1-54084-A-42.wav
benchmark_data/external/esc50/audio/1-54084-A-42.wav,1-54084-A-42,siren,cafeteria,0,-2.5451763267844e-07,speech,Speech,0.598185122013092,False,benchmark_data/expanded_generated/ced/real/cafeteria/0/1-54084-A-42.wav
benchmark_data/external/esc50/audio/1-76831-A-42.wav,1-76831-A-42,siren,cafeteria,20,19.99999999759239,police_car_siren,Police car (siren),0.671886146068573,False,benchmark_data/expanded_generated/ced/real/cafeteria/20/1-76831-A-42.wav
benchmark_data/external/esc50/audio/1-76831-A-42.wav,1-76831-A-42,siren,cafeteria,15,14.999999816696512,emergency_vehicle,Emergency vehicle,0.6537408232688904,False,benchmark_data/expanded_generated/ced/real/cafeteria/15/1-76831-A-42.wav
benchmark_data/external/esc50/audio/1-76831-A-42.wav,1-76831-A-42,siren,cafeteria,10,9.999999924219289,police_car_siren,Police car (siren),0.6607829332351685,False,benchmark_data/expanded_generated/ced/real/cafeteria/10/1-76831-A-42.wav
benchmark_data/external/esc50/audio/1-76831-A-42.wav,1-76831-A-42,siren,cafeteria,5,5.00000017836545,emergency_vehicle,Emergency vehicle,0.6590486168861389,False,benchmark_data/expanded_generated/ced/real/cafeteria/5/1-76831-A-42.wav
benchmark_data/external/esc50/audio/1-76831-A-42.wav,1-76831-A-42,siren,cafeteria,0,-1.5466136018090251e-07,emergency_vehicle,Emergency vehicle,0.619023859500885,False,benchmark_data/expanded_generated/ced/real/cafeteria/0/1-76831-A-42.wav
benchmark_data/external/esc50/audio/1-76831-B-42.wav,1-76831-B-42,siren,cafeteria,20,20.000000298050978,siren,Siren,0.6626781821250916,True,benchmark_data/expanded_generated/ced/real/cafeteria/20/1-76831-B-42.wav
benchmark_data/external/esc50/audio/1-76831-B-42.wav,1-76831-B-42,siren,cafeteria,15,15.000000256939977,siren,Siren,0.6587865948677063,True,benchmark_data/expanded_generated/ced/real/cafeteria/15/1-76831-B-42.wav
benchmark_data/external/esc50/audio/1-76831-B-42.wav,1-76831-B-42,siren,cafeteria,10,9.99999978834689,siren,Siren,0.6338721513748169,True,benchmark_data/expanded_generated/ced/real/cafeteria/10/1-76831-B-42.wav
benchmark_data/external/esc50/audio/1-76831-B-42.wav,1-76831-B-42,siren,cafeteria,5,5.00000024238937,emergency_vehicle,Emergency vehicle,0.6170507669448853,False,benchmark_data/expanded_generated/ced/real/cafeteria/5/1-76831-B-42.wav
benchmark_data/external/esc50/audio/1-76831-B-42.wav,1-76831-B-42,siren,cafeteria,0,8.356250457578522e-08,speech,Speech,0.6061259508132935,False,benchmark_data/expanded_generated/ced/real/cafeteria/0/1-76831-B-42.wav
benchmark_data/external/esc50/audio/1-76831-C-42.wav,1-76831-C-42,siren,cafeteria,20,20.000000312946288,siren,Siren,0.6692533493041992,True,benchmark_data/expanded_generated/ced/real/cafeteria/20/1-76831-C-42.wav
benchmark_data/external/esc50/audio/1-76831-C-42.wav,1-76831-C-42,siren,cafeteria,15,15.000000053730151,siren,Siren,0.6471326947212219,True,benchmark_data/expanded_generated/ced/real/cafeteria/15/1-76831-C-42.wav
benchmark_data/external/esc50/audio/1-76831-C-42.wav,1-76831-C-42,siren,cafeteria,10,10.000000147950098,emergency_vehicle,Emergency vehicle,0.6305849552154541,False,benchmark_data/expanded_generated/ced/real/cafeteria/10/1-76831-C-42.wav
benchmark_data/external/esc50/audio/1-76831-C-42.wav,1-76831-C-42,siren,cafeteria,5,4.999999935429523,emergency_vehicle,Emergency vehicle,0.6357461214065552,False,benchmark_data/expanded_generated/ced/real/cafeteria/5/1-76831-C-42.wav
benchmark_data/external/esc50/audio/1-76831-C-42.wav,1-76831-C-42,siren,cafeteria,0,1.0437682396116083e-07,speech,Speech,0.6051509976387024,False,benchmark_data/expanded_generated/ced/real/cafeteria/0/1-76831-C-42.wav
benchmark_data/external/esc50/audio/1-76831-D-42.wav,1-76831-D-42,siren,cafeteria,20,19.999999655232305,siren,Siren,0.6735398769378662,True,benchmark_data/expanded_generated/ced/real/cafeteria/20/1-76831-D-42.wav
benchmark_data/external/esc50/audio/1-76831-D-42.wav,1-76831-D-42,siren,cafeteria,15,15.000000073390563,siren,Siren,0.6736602187156677,True,benchmark_data/expanded_generated/ced/real/cafeteria/15/1-76831-D-42.wav
benchmark_data/external/esc50/audio/1-76831-D-42.wav,1-76831-D-42,siren,cafeteria,10,10.00000000033361,police_car_siren,Police car (siren),0.6651197075843811,False,benchmark_data/expanded_generated/ced/real/cafeteria/10/1-76831-D-42.wav
benchmark_data/external/esc50/audio/1-76831-D-42.wav,1-76831-D-42,siren,cafeteria,5,4.999999980152832,police_car_siren,Police car (siren),0.6321945190429688,False,benchmark_data/expanded_generated/ced/real/cafeteria/5/1-76831-D-42.wav
benchmark_data/external/esc50/audio/1-76831-D-42.wav,1-76831-D-42,siren,cafeteria,0,2.3829144067765932e-07,emergency_vehicle,Emergency vehicle,0.6398749947547913,False,benchmark_data/expanded_generated/ced/real/cafeteria/0/1-76831-D-42.wav
benchmark_data/external/esc50/audio/1-76831-E-42.wav,1-76831-E-42,siren,cafeteria,20,19.99999955256407,siren,Siren,0.6743917465209961,True,benchmark_data/expanded_generated/ced/real/cafeteria/20/1-76831-E-42.wav
benchmark_data/external/esc50/audio/1-76831-E-42.wav,1-76831-E-42,siren,cafeteria,15,15.000000155764294,siren,Siren,0.6622633934020996,True,benchmark_data/expanded_generated/ced/real/cafeteria/15/1-76831-E-42.wav
benchmark_data/external/esc50/audio/1-76831-E-42.wav,1-76831-E-42,siren,cafeteria,10,9.999999962016696,siren,Siren,0.6484851241111755,True,benchmark_data/expanded_generated/ced/real/cafeteria/10/1-76831-E-42.wav
benchmark_data/external/esc50/audio/1-76831-E-42.wav,1-76831-E-42,siren,cafeteria,5,5.000000262137937,emergency_vehicle,Emergency vehicle,0.6423776745796204,False,benchmark_data/expanded_generated/ced/real/cafeteria/5/1-76831-E-42.wav
benchmark_data/external/esc50/audio/1-76831-E-42.wav,1-76831-E-42,siren,cafeteria,0,-4.9088192173444995e-08,emergency_vehicle,Emergency vehicle,0.6207486987113953,False,benchmark_data/expanded_generated/ced/real/cafeteria/0/1-76831-E-42.wav
benchmark_data/external/esc50/audio/2-43802-A-42.wav,2-43802-A-42,siren,cafeteria,20,20.000000206459568,siren,Siren,0.657627284526825,True,benchmark_data/expanded_generated/ced/real/cafeteria/20/2-43802-A-42.wav
benchmark_data/external/esc50/audio/2-43802-A-42.wav,2-43802-A-42,siren,cafeteria,15,14.99999998230644,siren,Siren,0.6578648090362549,True,benchmark_data/expanded_generated/ced/real/cafeteria/15/2-43802-A-42.wav
benchmark_data/external/esc50/audio/2-43802-A-42.wav,2-43802-A-42,siren,cafeteria,10,10.000000300064748,siren,Siren,0.6181668043136597,True,benchmark_data/expanded_generated/ced/real/cafeteria/10/2-43802-A-42.wav
benchmark_data/external/esc50/audio/2-43802-A-42.wav,2-43802-A-42,siren,cafeteria,5,4.999999709109031,speech,Speech,0.611818253993988,False,benchmark_data/expanded_generated/ced/real/cafeteria/5/2-43802-A-42.wav
benchmark_data/external/esc50/audio/2-43802-A-42.wav,2-43802-A-42,siren,cafeteria,0,1.6197896293159256e-07,speech,Speech,0.6379050016403198,False,benchmark_data/expanded_generated/ced/real/cafeteria/0/2-43802-A-42.wav
benchmark_data/external/esc50/audio/2-43806-A-42.wav,2-43806-A-42,siren,cafeteria,20,20.000000003977448,emergency_vehicle,Emergency vehicle,0.6750763654708862,False,benchmark_data/expanded_generated/ced/real/cafeteria/20/2-43806-A-42.wav
benchmark_data/external/esc50/audio/2-43806-A-42.wav,2-43806-A-42,siren,cafeteria,15,14.999999876994023,emergency_vehicle,Emergency vehicle,0.6618862748146057,False,benchmark_data/expanded_generated/ced/real/cafeteria/15/2-43806-A-42.wav
benchmark_data/external/esc50/audio/2-43806-A-42.wav,2-43806-A-42,siren,cafeteria,10,10.000000176684733,emergency_vehicle,Emergency vehicle,0.6538563370704651,False,benchmark_data/expanded_generated/ced/real/cafeteria/10/2-43806-A-42.wav
benchmark_data/external/esc50/audio/2-43806-A-42.wav,2-43806-A-42,siren,cafeteria,5,5.000000092070277,emergency_vehicle,Emergency vehicle,0.6380622386932373,False,benchmark_data/expanded_generated/ced/real/cafeteria/5/2-43806-A-42.wav
benchmark_data/external/esc50/audio/2-43806-A-42.wav,2-43806-A-42,siren,cafeteria,0,3.765613347091052e-07,speech,Speech,0.6528852581977844,False,benchmark_data/expanded_generated/ced/real/cafeteria/0/2-43806-A-42.wav
benchmark_data/external/esc50/audio/1-17124-A-43.wav,1-17124-A-43,vehicle_horn,cafeteria,20,20.000000021907375,vehicle_horn,"Vehicle horn, car horn, honking",0.6703305840492249,True,benchmark_data/expanded_generated/ced/real/cafeteria/20/1-17124-A-43.wav
benchmark_data/external/esc50/audio/1-17124-A-43.wav,1-17124-A-43,vehicle_horn,cafeteria,15,14.99999968470501,speech,Speech,0.6850033402442932,False,benchmark_data/expanded_generated/ced/real/cafeteria/15/1-17124-A-43.wav
benchmark_data/external/esc50/audio/1-17124-A-43.wav,1-17124-A-43,vehicle_horn,cafeteria,10,10.000000040857257,speech,Speech,0.6883202195167542,False,benchmark_data/expanded_generated/ced/real/cafeteria/10/1-17124-A-43.wav
benchmark_data/external/esc50/audio/1-17124-A-43.wav,1-17124-A-43,vehicle_horn,cafeteria,5,5.000000215746318,speech,Speech,0.6978499889373779,False,benchmark_data/expanded_generated/ced/real/cafeteria/5/1-17124-A-43.wav
benchmark_data/external/esc50/audio/1-17124-A-43.wav,1-17124-A-43,vehicle_horn,cafeteria,0,2.4724768938226886e-07,speech,Speech,0.6950027346611023,False,benchmark_data/expanded_generated/ced/real/cafeteria/0/1-17124-A-43.wav
benchmark_data/external/esc50/audio/1-19026-A-43.wav,1-19026-A-43,vehicle_horn,cafeteria,20,19.99999960831524,speech,Speech,0.681597113609314,False,benchmark_data/expanded_generated/ced/real/cafeteria/20/1-19026-A-43.wav
benchmark_data/external/esc50/audio/1-19026-A-43.wav,1-19026-A-43,vehicle_horn,cafeteria,15,14.999999773183422,speech,Speech,0.6941357254981995,False,benchmark_data/expanded_generated/ced/real/cafeteria/15/1-19026-A-43.wav
benchmark_data/external/esc50/audio/1-19026-A-43.wav,1-19026-A-43,vehicle_horn,cafeteria,10,10.000000075936256,speech,Speech,0.7009415626525879,False,benchmark_data/expanded_generated/ced/real/cafeteria/10/1-19026-A-43.wav
benchmark_data/external/esc50/audio/1-19026-A-43.wav,1-19026-A-43,vehicle_horn,cafeteria,5,4.999999726362448,speech,Speech,0.7008790373802185,False,benchmark_data/expanded_generated/ced/real/cafeteria/5/1-19026-A-43.wav
benchmark_data/external/esc50/audio/1-19026-A-43.wav,1-19026-A-43,vehicle_horn,cafeteria,0,-1.707661198362437e-07,speech,Speech,0.6976756453514099,False,benchmark_data/expanded_generated/ced/real/cafeteria/0/1-19026-A-43.wav
benchmark_data/external/esc50/audio/1-24074-A-43.wav,1-24074-A-43,vehicle_horn,cafeteria,20,20.000000243165665,vehicle,Vehicle,0.6740295886993408,False,benchmark_data/expanded_generated/ced/real/cafeteria/20/1-24074-A-43.wav
benchmark_data/external/esc50/audio/1-24074-A-43.wav,1-24074-A-43,vehicle_horn,cafeteria,15,14.999999980641814,vehicle,Vehicle,0.6590877175331116,False,benchmark_data/expanded_generated/ced/real/cafeteria/15/1-24074-A-43.wav
benchmark_data/external/esc50/audio/1-24074-A-43.wav,1-24074-A-43,vehicle_horn,cafeteria,10,10.000000204783717,toot,Toot,0.6534785032272339,False,benchmark_data/expanded_generated/ced/real/cafeteria/10/1-24074-A-43.wav
benchmark_data/external/esc50/audio/1-24074-A-43.wav,1-24074-A-43,vehicle_horn,cafeteria,5,4.999999960709167,speech,Speech,0.6686232686042786,False,benchmark_data/expanded_generated/ced/real/cafeteria/5/1-24074-A-43.wav
benchmark_data/external/esc50/audio/1-24074-A-43.wav,1-24074-A-43,vehicle_horn,cafeteria,0,3.4214867352782856e-07,speech,Speech,0.6827069520950317,False,benchmark_data/expanded_generated/ced/real/cafeteria/0/1-24074-A-43.wav
benchmark_data/external/esc50/audio/1-24076-A-43.wav,1-24076-A-43,vehicle_horn,cafeteria,20,20.000000168599797,vehicle,Vehicle,0.6841352581977844,False,benchmark_data/expanded_generated/ced/real/cafeteria/20/1-24076-A-43.wav
benchmark_data/external/esc50/audio/1-24076-A-43.wav,1-24076-A-43,vehicle_horn,cafeteria,15,15.000000184966485,toot,Toot,0.6770305037498474,False,benchmark_data/expanded_generated/ced/real/cafeteria/15/1-24076-A-43.wav
benchmark_data/external/esc50/audio/1-24076-A-43.wav,1-24076-A-43,vehicle_horn,cafeteria,10,9.999999707289755,toot,Toot,0.6830971240997314,False,benchmark_data/expanded_generated/ced/real/cafeteria/10/1-24076-A-43.wav
benchmark_data/external/esc50/audio/1-24076-A-43.wav,1-24076-A-43,vehicle_horn,cafeteria,5,4.99999967074431,toot,Toot,0.6755217909812927,False,benchmark_data/expanded_generated/ced/real/cafeteria/5/1-24076-A-43.wav
benchmark_data/external/esc50/audio/1-24076-A-43.wav,1-24076-A-43,vehicle_horn,cafeteria,0,2.6582662858583434e-07,speech,Speech,0.68861323595047,False,benchmark_data/expanded_generated/ced/real/cafeteria/0/1-24076-A-43.wav
benchmark_data/external/esc50/audio/1-254507-A-43.wav,1-254507-A-43,vehicle_horn,cafeteria,20,20.000000368797423,music,Music,0.6122994422912598,False,benchmark_data/expanded_generated/ced/real/cafeteria/20/1-254507-A-43.wav
benchmark_data/external/esc50/audio/1-254507-A-43.wav,1-254507-A-43,vehicle_horn,cafeteria,15,14.999999869267697,speech,Speech,0.6503992676734924,False,benchmark_data/expanded_generated/ced/real/cafeteria/15/1-254507-A-43.wav
benchmark_data/external/esc50/audio/1-254507-A-43.wav,1-254507-A-43,vehicle_horn,cafeteria,10,9.999999905669355,speech,Speech,0.6772668361663818,False,benchmark_data/expanded_generated/ced/real/cafeteria/10/1-254507-A-43.wav
benchmark_data/external/esc50/audio/1-254507-A-43.wav,1-254507-A-43,vehicle_horn,cafeteria,5,4.999999668318157,speech,Speech,0.6901098489761353,False,benchmark_data/expanded_generated/ced/real/cafeteria/5/1-254507-A-43.wav
benchmark_data/external/esc50/audio/1-254507-A-43.wav,1-254507-A-43,vehicle_horn,cafeteria,0,2.2478407378663914e-07,speech,Speech,0.6934149861335754,False,benchmark_data/expanded_generated/ced/real/cafeteria/0/1-254507-A-43.wav
benchmark_data/external/esc50/audio/1-26176-A-43.wav,1-26176-A-43,vehicle_horn,cafeteria,20,19.99999977262072,speech,Speech,0.6947857737541199,False,benchmark_data/expanded_generated/ced/real/cafeteria/20/1-26176-A-43.wav
benchmark_data/external/esc50/audio/1-26176-A-43.wav,1-26176-A-43,vehicle_horn,cafeteria,15,15.000000151193653,speech,Speech,0.6807935833930969,False,benchmark_data/expanded_generated/ced/real/cafeteria/15/1-26176-A-43.wav
benchmark_data/external/esc50/audio/1-26176-A-43.wav,1-26176-A-43,vehicle_horn,cafeteria,10,9.999999851696202,speech,Speech,0.6814848780632019,False,benchmark_data/expanded_generated/ced/real/cafeteria/10/1-26176-A-43.wav
benchmark_data/external/esc50/audio/1-26176-A-43.wav,1-26176-A-43,vehicle_horn,cafeteria,5,5.000000073651142,speech,Speech,0.7010816335678101,False,benchmark_data/expanded_generated/ced/real/cafeteria/5/1-26176-A-43.wav
benchmark_data/external/esc50/audio/1-26176-A-43.wav,1-26176-A-43,vehicle_horn,cafeteria,0,-8.306349853290189e-08,speech,Speech,0.6854910850524902,False,benchmark_data/expanded_generated/ced/real/cafeteria/0/1-26176-A-43.wav
benchmark_data/external/esc50/audio/1-26177-A-43.wav,1-26177-A-43,vehicle_horn,cafeteria,20,20.000000031098963,speech,Speech,0.6592506170272827,False,benchmark_data/expanded_generated/ced/real/cafeteria/20/1-26177-A-43.wav
benchmark_data/external/esc50/audio/1-26177-A-43.wav,1-26177-A-43,vehicle_horn,cafeteria,15,14.999999968988632,speech,Speech,0.6726759076118469,False,benchmark_data/expanded_generated/ced/real/cafeteria/15/1-26177-A-43.wav
benchmark_data/external/esc50/audio/1-26177-A-43.wav,1-26177-A-43,vehicle_horn,cafeteria,10,10.000000155088525,speech,Speech,0.680526852607727,False,benchmark_data/expanded_generated/ced/real/cafeteria/10/1-26177-A-43.wav
benchmark_data/external/esc50/audio/1-26177-A-43.wav,1-26177-A-43,vehicle_horn,cafeteria,5,4.999999659169672,speech,Speech,0.686546802520752,False,benchmark_data/expanded_generated/ced/real/cafeteria/5/1-26177-A-43.wav
benchmark_data/external/esc50/audio/1-26177-A-43.wav,1-26177-A-43,vehicle_horn,cafeteria,0,-9.848673534093441e-09,speech,Speech,0.6945844888687134,False,benchmark_data/expanded_generated/ced/real/cafeteria/0/1-26177-A-43.wav
benchmark_data/external/esc50/audio/1-28808-A-43.wav,1-28808-A-43,vehicle_horn,cafeteria,20,20.000000224583864,toot,Toot,0.7049121260643005,False,benchmark_data/expanded_generated/ced/real/cafeteria/20/1-28808-A-43.wav
benchmark_data/external/esc50/audio/1-28808-A-43.wav,1-28808-A-43,vehicle_horn,cafeteria,15,15.000000091328356,toot,Toot,0.7035291194915771,False,benchmark_data/expanded_generated/ced/real/cafeteria/15/1-28808-A-43.wav
benchmark_data/external/esc50/audio/1-28808-A-43.wav,1-28808-A-43,vehicle_horn,cafeteria,10,10.000000301996215,toot,Toot,0.6992447972297668,False,benchmark_data/expanded_generated/ced/real/cafeteria/10/1-28808-A-43.wav
benchmark_data/external/esc50/audio/1-28808-A-43.wav,1-28808-A-43,vehicle_horn,cafeteria,5,5.0000000762487975,toot,Toot,0.6911327838897705,False,benchmark_data/expanded_generated/ced/real/cafeteria/5/1-28808-A-43.wav
benchmark_data/external/esc50/audio/1-28808-A-43.wav,1-28808-A-43,vehicle_horn,cafeteria,0,-1.8703345166858007e-07,speech,Speech,0.6806081533432007,False,benchmark_data/expanded_generated/ced/real/cafeteria/0/1-28808-A-43.wav
benchmark_data/external/esc50/audio/2-100648-A-43.wav,2-100648-A-43,vehicle_horn,cafeteria,20,19.99999980443915,vehicle,Vehicle,0.6755548715591431,False,benchmark_data/expanded_generated/ced/real/cafeteria/20/2-100648-A-43.wav
benchmark_data/external/esc50/audio/2-100648-A-43.wav,2-100648-A-43,vehicle_horn,cafeteria,15,15.0000002991921,vehicle,Vehicle,0.6773167848587036,False,benchmark_data/expanded_generated/ced/real/cafeteria/15/2-100648-A-43.wav
benchmark_data/external/esc50/audio/2-100648-A-43.wav,2-100648-A-43,vehicle_horn,cafeteria,10,9.999999685942432,speech,Speech,0.6645601987838745,False,benchmark_data/expanded_generated/ced/real/cafeteria/10/2-100648-A-43.wav
benchmark_data/external/esc50/audio/2-100648-A-43.wav,2-100648-A-43,vehicle_horn,cafeteria,5,5.0000002771298755,speech,Speech,0.6842308044433594,False,benchmark_data/expanded_generated/ced/real/cafeteria/5/2-100648-A-43.wav
benchmark_data/external/esc50/audio/2-100648-A-43.wav,2-100648-A-43,vehicle_horn,cafeteria,0,3.4665960893039914e-08,speech,Speech,0.6890891194343567,False,benchmark_data/expanded_generated/ced/real/cafeteria/0/2-100648-A-43.wav
benchmark_data/external/esc50/audio/2-125520-A-43.wav,2-125520-A-43,vehicle_horn,cafeteria,20,19.99999998525694,speech,Speech,0.6565391421318054,False,benchmark_data/expanded_generated/ced/real/cafeteria/20/2-125520-A-43.wav
benchmark_data/external/esc50/audio/2-125520-A-43.wav,2-125520-A-43,vehicle_horn,cafeteria,15,14.999999778756228,speech,Speech,0.6675539612770081,False,benchmark_data/expanded_generated/ced/real/cafeteria/15/2-125520-A-43.wav
benchmark_data/external/esc50/audio/2-125520-A-43.wav,2-125520-A-43,vehicle_horn,cafeteria,10,10.000000193459435,speech,Speech,0.6918535232543945,False,benchmark_data/expanded_generated/ced/real/cafeteria/10/2-125520-A-43.wav
benchmark_data/external/esc50/audio/2-125520-A-43.wav,2-125520-A-43,vehicle_horn,cafeteria,5,4.9999996144013945,speech,Speech,0.686750590801239,False,benchmark_data/expanded_generated/ced/real/cafeteria/5/2-125520-A-43.wav
benchmark_data/external/esc50/audio/2-125520-A-43.wav,2-125520-A-43,vehicle_horn,cafeteria,0,-3.1866926752401346e-07,speech,Speech,0.6963926553726196,False,benchmark_data/expanded_generated/ced/real/cafeteria/0/2-125520-A-43.wav
benchmark_data/external/esc50/audio/1-187207-A-20.wav,1-187207-A-20,baby_crying,office,20,19.999999881003063,babbling,Babbling,0.5840034484863281,False,benchmark_data/expanded_generated/ced/real/office/20/1-187207-A-20.wav
benchmark_data/external/esc50/audio/1-187207-A-20.wav,1-187207-A-20,baby_crying,office,15,15.000000218915961,babbling,Babbling,0.5642703771591187,False,benchmark_data/expanded_generated/ced/real/office/15/1-187207-A-20.wav
benchmark_data/external/esc50/audio/1-187207-A-20.wav,1-187207-A-20,baby_crying,office,10,10.000000192296373,laughter,Laughter,0.5699255466461182,False,benchmark_data/expanded_generated/ced/real/office/10/1-187207-A-20.wav
benchmark_data/external/esc50/audio/1-187207-A-20.wav,1-187207-A-20,baby_crying,office,5,4.999999860434978,laughter,Laughter,0.5625361204147339,False,benchmark_data/expanded_generated/ced/real/office/5/1-187207-A-20.wav
benchmark_data/external/esc50/audio/1-187207-A-20.wav,1-187207-A-20,baby_crying,office,0,-1.2247197090365023e-07,laughter,Laughter,0.5794205069541931,False,benchmark_data/expanded_generated/ced/real/office/0/1-187207-A-20.wav
benchmark_data/external/esc50/audio/1-211527-A-20.wav,1-211527-A-20,baby_crying,office,20,19.999999723599814,baby_crying,"Baby cry, infant cry",0.604573130607605,True,benchmark_data/expanded_generated/ced/real/office/20/1-211527-A-20.wav
benchmark_data/external/esc50/audio/1-211527-A-20.wav,1-211527-A-20,baby_crying,office,15,14.999999650670595,baby_crying,"Baby cry, infant cry",0.6083900928497314,True,benchmark_data/expanded_generated/ced/real/office/15/1-211527-A-20.wav
benchmark_data/external/esc50/audio/1-211527-A-20.wav,1-211527-A-20,baby_crying,office,10,9.999999850282103,baby_crying,"Baby cry, infant cry",0.6040307283401489,True,benchmark_data/expanded_generated/ced/real/office/10/1-211527-A-20.wav
benchmark_data/external/esc50/audio/1-211527-A-20.wav,1-211527-A-20,baby_crying,office,5,4.999999647790075,baby_crying,"Baby cry, infant cry",0.6138805150985718,True,benchmark_data/expanded_generated/ced/real/office/5/1-211527-A-20.wav
benchmark_data/external/esc50/audio/1-211527-A-20.wav,1-211527-A-20,baby_crying,office,0,2.937926334433003e-07,baby_crying,"Baby cry, infant cry",0.6317650675773621,True,benchmark_data/expanded_generated/ced/real/office/0/1-211527-A-20.wav
benchmark_data/external/esc50/audio/1-211527-B-20.wav,1-211527-B-20,baby_crying,office,20,20.000000063754896,crying_sobbing,"Crying, sobbing",0.633241593837738,False,benchmark_data/expanded_generated/ced/real/office/20/1-211527-B-20.wav
benchmark_data/external/esc50/audio/1-211527-B-20.wav,1-211527-B-20,baby_crying,office,15,14.999999972043783,crying_sobbing,"Crying, sobbing",0.6291068196296692,False,benchmark_data/expanded_generated/ced/real/office/15/1-211527-B-20.wav
benchmark_data/external/esc50/audio/1-211527-B-20.wav,1-211527-B-20,baby_crying,office,10,9.999999789614126,crying_sobbing,"Crying, sobbing",0.6347371935844421,False,benchmark_data/expanded_generated/ced/real/office/10/1-211527-B-20.wav
benchmark_data/external/esc50/audio/1-211527-B-20.wav,1-211527-B-20,baby_crying,office,5,5.000000213918704,crying_sobbing,"Crying, sobbing",0.643471896648407,False,benchmark_data/expanded_generated/ced/real/office/5/1-211527-B-20.wav
benchmark_data/external/esc50/audio/1-211527-B-20.wav,1-211527-B-20,baby_crying,office,0,-4.474785034452544e-07,crying_sobbing,"Crying, sobbing",0.6205103397369385,False,benchmark_data/expanded_generated/ced/real/office/0/1-211527-B-20.wav
benchmark_data/external/esc50/audio/1-211527-C-20.wav,1-211527-C-20,baby_crying,office,20,19.999999578543587,baby_crying,"Baby cry, infant cry",0.6435564756393433,True,benchmark_data/expanded_generated/ced/real/office/20/1-211527-C-20.wav
benchmark_data/external/esc50/audio/1-211527-C-20.wav,1-211527-C-20,baby_crying,office,15,14.999999930611192,baby_crying,"Baby cry, infant cry",0.6385794281959534,True,benchmark_data/expanded_generated/ced/real/office/15/1-211527-C-20.wav
benchmark_data/external/esc50/audio/1-211527-C-20.wav,1-211527-C-20,baby_crying,office,10,10.000000272154516,baby_crying,"Baby cry, infant cry",0.6394478678703308,True,benchmark_data/expanded_generated/ced/real/office/10/1-211527-C-20.wav
benchmark_data/external/esc50/audio/1-211527-C-20.wav,1-211527-C-20,baby_crying,office,5,4.99999997501863,baby_crying,"Baby cry, infant cry",0.625390350818634,True,benchmark_data/expanded_generated/ced/real/office/5/1-211527-C-20.wav
benchmark_data/external/esc50/audio/1-211527-C-20.wav,1-211527-C-20,baby_crying,office,0,3.091092962565526e-07,baby_crying,"Baby cry, infant cry",0.6345046162605286,True,benchmark_data/expanded_generated/ced/real/office/0/1-211527-C-20.wav
benchmark_data/external/esc50/audio/1-22694-A-20.wav,1-22694-A-20,baby_crying,office,20,20.000000075495286,crying_sobbing,"Crying, sobbing",0.6454467177391052,False,benchmark_data/expanded_generated/ced/real/office/20/1-22694-A-20.wav
benchmark_data/external/esc50/audio/1-22694-A-20.wav,1-22694-A-20,baby_crying,office,15,14.999999754011725,crying_sobbing,"Crying, sobbing",0.6357767581939697,False,benchmark_data/expanded_generated/ced/real/office/15/1-22694-A-20.wav
benchmark_data/external/esc50/audio/1-22694-A-20.wav,1-22694-A-20,baby_crying,office,10,10.000000292749966,crying_sobbing,"Crying, sobbing",0.6482588052749634,False,benchmark_data/expanded_generated/ced/real/office/10/1-22694-A-20.wav
benchmark_data/external/esc50/audio/1-22694-A-20.wav,1-22694-A-20,baby_crying,office,5,5.000000247449653,baby_crying,"Baby cry, infant cry",0.6426758766174316,True,benchmark_data/expanded_generated/ced/real/office/5/1-22694-A-20.wav
benchmark_data/external/esc50/audio/1-22694-A-20.wav,1-22694-A-20,baby_crying,office,0,3.0789290042694126e-07,crying_sobbing,"Crying, sobbing",0.6366550922393799,False,benchmark_data/expanded_generated/ced/real/office/0/1-22694-A-20.wav
benchmark_data/external/esc50/audio/1-22694-B-20.wav,1-22694-B-20,baby_crying,office,20,20.000000209285574,crying_sobbing,"Crying, sobbing",0.6339440941810608,False,benchmark_data/expanded_generated/ced/real/office/20/1-22694-B-20.wav
benchmark_data/external/esc50/audio/1-22694-B-20.wav,1-22694-B-20,baby_crying,office,15,15.000000115593586,crying_sobbing,"Crying, sobbing",0.6301800608634949,False,benchmark_data/expanded_generated/ced/real/office/15/1-22694-B-20.wav
benchmark_data/external/esc50/audio/1-22694-B-20.wav,1-22694-B-20,baby_crying,office,10,9.99999992553345,crying_sobbing,"Crying, sobbing",0.6440554261207581,False,benchmark_data/expanded_generated/ced/real/office/10/1-22694-B-20.wav
benchmark_data/external/esc50/audio/1-22694-B-20.wav,1-22694-B-20,baby_crying,office,5,5.000000193878787,crying_sobbing,"Crying, sobbing",0.6255182027816772,False,benchmark_data/expanded_generated/ced/real/office/5/1-22694-B-20.wav
benchmark_data/external/esc50/audio/1-22694-B-20.wav,1-22694-B-20,baby_crying,office,0,-1.249001210145792e-07,crying_sobbing,"Crying, sobbing",0.6476425528526306,False,benchmark_data/expanded_generated/ced/real/office/0/1-22694-B-20.wav
benchmark_data/external/esc50/audio/1-60997-A-20.wav,1-60997-A-20,baby_crying,office,20,20.000000062456692,baby_crying,"Baby cry, infant cry",0.5946980118751526,True,benchmark_data/expanded_generated/ced/real/office/20/1-60997-A-20.wav
benchmark_data/external/esc50/audio/1-60997-A-20.wav,1-60997-A-20,baby_crying,office,15,15.000000141015974,baby_crying,"Baby cry, infant cry",0.6214486956596375,True,benchmark_data/expanded_generated/ced/real/office/15/1-60997-A-20.wav
benchmark_data/external/esc50/audio/1-60997-A-20.wav,1-60997-A-20,baby_crying,office,10,9.999999619729271,baby_crying,"Baby cry, infant cry",0.6113870739936829,True,benchmark_data/expanded_generated/ced/real/office/10/1-60997-A-20.wav
benchmark_data/external/esc50/audio/1-60997-A-20.wav,1-60997-A-20,baby_crying,office,5,4.999999609332579,baby_crying,"Baby cry, infant cry",0.6194767951965332,True,benchmark_data/expanded_generated/ced/real/office/5/1-60997-A-20.wav
benchmark_data/external/esc50/audio/1-60997-A-20.wav,1-60997-A-20,baby_crying,office,0,2.0099107389992582e-07,baby_crying,"Baby cry, infant cry",0.6250085234642029,True,benchmark_data/expanded_generated/ced/real/office/0/1-60997-A-20.wav
benchmark_data/external/esc50/audio/1-60997-B-20.wav,1-60997-B-20,baby_crying,office,20,20.00000026268362,baby_crying,"Baby cry, infant cry",0.6323981285095215,True,benchmark_data/expanded_generated/ced/real/office/20/1-60997-B-20.wav
benchmark_data/external/esc50/audio/1-60997-B-20.wav,1-60997-B-20,baby_crying,office,15,15.000000235039844,baby_crying,"Baby cry, infant cry",0.6201881766319275,True,benchmark_data/expanded_generated/ced/real/office/15/1-60997-B-20.wav
benchmark_data/external/esc50/audio/1-60997-B-20.wav,1-60997-B-20,baby_crying,office,10,9.999999995004242,baby_crying,"Baby cry, infant cry",0.6267447471618652,True,benchmark_data/expanded_generated/ced/real/office/10/1-60997-B-20.wav
benchmark_data/external/esc50/audio/1-60997-B-20.wav,1-60997-B-20,baby_crying,office,5,5.000000138182717,baby_crying,"Baby cry, infant cry",0.634427011013031,True,benchmark_data/expanded_generated/ced/real/office/5/1-60997-B-20.wav
benchmark_data/external/esc50/audio/1-60997-B-20.wav,1-60997-B-20,baby_crying,office,0,-2.3439777068872942e-07,baby_crying,"Baby cry, infant cry",0.6263876557350159,True,benchmark_data/expanded_generated/ced/real/office/0/1-60997-B-20.wav
benchmark_data/external/esc50/audio/2-107351-A-20.wav,2-107351-A-20,baby_crying,office,20,19.999999990655187,crying_sobbing,"Crying, sobbing",0.6448790431022644,False,benchmark_data/expanded_generated/ced/real/office/20/2-107351-A-20.wav
benchmark_data/external/esc50/audio/2-107351-A-20.wav,2-107351-A-20,baby_crying,office,15,14.999999896742043,crying_sobbing,"Crying, sobbing",0.6403964161872864,False,benchmark_data/expanded_generated/ced/real/office/15/2-107351-A-20.wav
benchmark_data/external/esc50/audio/2-107351-A-20.wav,2-107351-A-20,baby_crying,office,10,9.99999992299279,crying_sobbing,"Crying, sobbing",0.6491929888725281,False,benchmark_data/expanded_generated/ced/real/office/10/2-107351-A-20.wav
benchmark_data/external/esc50/audio/2-107351-A-20.wav,2-107351-A-20,baby_crying,office,5,4.999999745881822,crying_sobbing,"Crying, sobbing",0.6357682347297668,False,benchmark_data/expanded_generated/ced/real/office/5/2-107351-A-20.wav
benchmark_data/external/esc50/audio/2-107351-A-20.wav,2-107351-A-20,baby_crying,office,0,2.451813372830333e-07,crying_sobbing,"Crying, sobbing",0.6451477408409119,False,benchmark_data/expanded_generated/ced/real/office/0/2-107351-A-20.wav
benchmark_data/external/esc50/audio/2-107351-B-20.wav,2-107351-B-20,baby_crying,office,20,19.999999695020485,baby_crying,"Baby cry, infant cry",0.6269755959510803,True,benchmark_data/expanded_generated/ced/real/office/20/2-107351-B-20.wav
benchmark_data/external/esc50/audio/2-107351-B-20.wav,2-107351-B-20,baby_crying,office,15,15.000000152586999,baby_crying,"Baby cry, infant cry",0.6111765503883362,True,benchmark_data/expanded_generated/ced/real/office/15/2-107351-B-20.wav
benchmark_data/external/esc50/audio/2-107351-B-20.wav,2-107351-B-20,baby_crying,office,10,10.000000273856802,baby_crying,"Baby cry, infant cry",0.6250061988830566,True,benchmark_data/expanded_generated/ced/real/office/10/2-107351-B-20.wav
benchmark_data/external/esc50/audio/2-107351-B-20.wav,2-107351-B-20,baby_crying,office,5,4.999999858494876,baby_crying,"Baby cry, infant cry",0.5962731838226318,True,benchmark_data/expanded_generated/ced/real/office/5/2-107351-B-20.wav
benchmark_data/external/esc50/audio/2-107351-B-20.wav,2-107351-B-20,baby_crying,office,0,1.8717111028750363e-08,baby_crying,"Baby cry, infant cry",0.6105384826660156,True,benchmark_data/expanded_generated/ced/real/office/0/2-107351-B-20.wav
benchmark_data/external/esc50/audio/1-100032-A-0.wav,1-100032-A-0,dog_barking,office,20,19.999999874979792,dog_barking,Bark,0.6840720176696777,True,benchmark_data/expanded_generated/ced/real/office/20/1-100032-A-0.wav
benchmark_data/external/esc50/audio/1-100032-A-0.wav,1-100032-A-0,dog_barking,office,15,14.999999688393084,dog_barking,Bark,0.694692075252533,True,benchmark_data/expanded_generated/ced/real/office/15/1-100032-A-0.wav
benchmark_data/external/esc50/audio/1-100032-A-0.wav,1-100032-A-0,dog_barking,office,10,9.99999972308656,animal,Animal,0.6856257319450378,False,benchmark_data/expanded_generated/ced/real/office/10/1-100032-A-0.wav
benchmark_data/external/esc50/audio/1-100032-A-0.wav,1-100032-A-0,dog_barking,office,5,5.000000155799129,dog_barking,Bark,0.68471759557724,True,benchmark_data/expanded_generated/ced/real/office/5/1-100032-A-0.wav
benchmark_data/external/esc50/audio/1-100032-A-0.wav,1-100032-A-0,dog_barking,office,0,-5.3689512075192805e-08,dog_barking,Bark,0.6701189279556274,True,benchmark_data/expanded_generated/ced/real/office/0/1-100032-A-0.wav
benchmark_data/external/esc50/audio/1-110389-A-0.wav,1-110389-A-0,dog_barking,office,20,19.99999994510838,animal,Animal,0.6814394593238831,False,benchmark_data/expanded_generated/ced/real/office/20/1-110389-A-0.wav
benchmark_data/external/esc50/audio/1-110389-A-0.wav,1-110389-A-0,dog_barking,office,15,14.999999872893317,animal,Animal,0.6763662695884705,False,benchmark_data/expanded_generated/ced/real/office/15/1-110389-A-0.wav
benchmark_data/external/esc50/audio/1-110389-A-0.wav,1-110389-A-0,dog_barking,office,10,10.000000017286808,animal,Animal,0.6781565546989441,False,benchmark_data/expanded_generated/ced/real/office/10/1-110389-A-0.wav
benchmark_data/external/esc50/audio/1-110389-A-0.wav,1-110389-A-0,dog_barking,office,5,4.999999680006752,animal,Animal,0.6691012382507324,False,benchmark_data/expanded_generated/ced/real/office/5/1-110389-A-0.wav
benchmark_data/external/esc50/audio/1-110389-A-0.wav,1-110389-A-0,dog_barking,office,0,3.149379713980062e-09,animal,Animal,0.6366638541221619,False,benchmark_data/expanded_generated/ced/real/office/0/1-110389-A-0.wav
benchmark_data/external/esc50/audio/1-30226-A-0.wav,1-30226-A-0,dog_barking,office,20,20.00000025198826,animal,Animal,0.6940509676933289,False,benchmark_data/expanded_generated/ced/real/office/20/1-30226-A-0.wav
benchmark_data/external/esc50/audio/1-30226-A-0.wav,1-30226-A-0,dog_barking,office,15,14.999999621241088,animal,Animal,0.6935842633247375,False,benchmark_data/expanded_generated/ced/real/office/15/1-30226-A-0.wav
benchmark_data/external/esc50/audio/1-30226-A-0.wav,1-30226-A-0,dog_barking,office,10,10.000000081015074,animal,Animal,0.6954373121261597,False,benchmark_data/expanded_generated/ced/real/office/10/1-30226-A-0.wav
benchmark_data/external/esc50/audio/1-30226-A-0.wav,1-30226-A-0,dog_barking,office,5,4.999999840534828,animal,Animal,0.6797266602516174,False,benchmark_data/expanded_generated/ced/real/office/5/1-30226-A-0.wav
benchmark_data/external/esc50/audio/1-30226-A-0.wav,1-30226-A-0,dog_barking,office,0,-2.563928311930662e-07,animal,Animal,0.6666588187217712,False,benchmark_data/expanded_generated/ced/real/office/0/1-30226-A-0.wav
benchmark_data/external/esc50/audio/1-30344-A-0.wav,1-30344-A-0,dog_barking,office,20,20.00000008847126,dog,Dog,0.6969196200370789,False,benchmark_data/expanded_generated/ced/real/office/20/1-30344-A-0.wav
benchmark_data/external/esc50/audio/1-30344-A-0.wav,1-30344-A-0,dog_barking,office,15,14.999999952310667,dog,Dog,0.6938253045082092,False,benchmark_data/expanded_generated/ced/real/office/15/1-30344-A-0.wav
benchmark_data/external/esc50/audio/1-30344-A-0.wav,1-30344-A-0,dog_barking,office,10,10.000000412811943,dog,Dog,0.6793819665908813,False,benchmark_data/expanded_generated/ced/real/office/10/1-30344-A-0.wav
benchmark_data/external/esc50/audio/1-30344-A-0.wav,1-30344-A-0,dog_barking,office,5,4.999999656082685,animal,Animal,0.6720052361488342,False,benchmark_data/expanded_generated/ced/real/office/5/1-30344-A-0.wav
benchmark_data/external/esc50/audio/1-30344-A-0.wav,1-30344-A-0,dog_barking,office,0,3.055432241451919e-07,dog,Dog,0.6343272924423218,False,benchmark_data/expanded_generated/ced/real/office/0/1-30344-A-0.wav
benchmark_data/external/esc50/audio/1-32318-A-0.wav,1-32318-A-0,dog_barking,office,20,19.999999968044946,animal,Animal,0.6990342140197754,False,benchmark_data/expanded_generated/ced/real/office/20/1-32318-A-0.wav
benchmark_data/external/esc50/audio/1-32318-A-0.wav,1-32318-A-0,dog_barking,office,15,14.999999611428763,animal,Animal,0.7014891505241394,False,benchmark_data/expanded_generated/ced/real/office/15/1-32318-A-0.wav
benchmark_data/external/esc50/audio/1-32318-A-0.wav,1-32318-A-0,dog_barking,office,10,9.999999780407784,animal,Animal,0.703305184841156,False,benchmark_data/expanded_generated/ced/real/office/10/1-32318-A-0.wav
benchmark_data/external/esc50/audio/1-32318-A-0.wav,1-32318-A-0,dog_barking,office,5,5.000000185787973,animal,Animal,0.6869849562644958,False,benchmark_data/expanded_generated/ced/real/office/5/1-32318-A-0.wav
benchmark_data/external/esc50/audio/1-32318-A-0.wav,1-32318-A-0,dog_barking,office,0,-6.655670095036028e-08,animal,Animal,0.7014692425727844,False,benchmark_data/expanded_generated/ced/real/office/0/1-32318-A-0.wav
benchmark_data/external/esc50/audio/1-59513-A-0.wav,1-59513-A-0,dog_barking,office,20,20.000000316326854,animal,Animal,0.6911072134971619,False,benchmark_data/expanded_generated/ced/real/office/20/1-59513-A-0.wav
benchmark_data/external/esc50/audio/1-59513-A-0.wav,1-59513-A-0,dog_barking,office,15,14.999999829569898,animal,Animal,0.699141800403595,False,benchmark_data/expanded_generated/ced/real/office/15/1-59513-A-0.wav
benchmark_data/external/esc50/audio/1-59513-A-0.wav,1-59513-A-0,dog_barking,office,10,9.999999850318208,animal,Animal,0.6713840365409851,False,benchmark_data/expanded_generated/ced/real/office/10/1-59513-A-0.wav
benchmark_data/external/esc50/audio/1-59513-A-0.wav,1-59513-A-0,dog_barking,office,5,4.999999805271905,animal,Animal,0.6825090050697327,False,benchmark_data/expanded_generated/ced/real/office/5/1-59513-A-0.wav
benchmark_data/external/esc50/audio/1-59513-A-0.wav,1-59513-A-0,dog_barking,office,0,1.5610964477398844e-07,animal,Animal,0.6734896898269653,False,benchmark_data/expanded_generated/ced/real/office/0/1-59513-A-0.wav
benchmark_data/external/esc50/audio/1-85362-A-0.wav,1-85362-A-0,dog_barking,office,20,19.999999825817152,animal,Animal,0.689582884311676,False,benchmark_data/expanded_generated/ced/real/office/20/1-85362-A-0.wav
benchmark_data/external/esc50/audio/1-85362-A-0.wav,1-85362-A-0,dog_barking,office,15,14.999999764052149,animal,Animal,0.6888834834098816,False,benchmark_data/expanded_generated/ced/real/office/15/1-85362-A-0.wav
benchmark_data/external/esc50/audio/1-85362-A-0.wav,1-85362-A-0,dog_barking,office,10,10.000000216957295,animal,Animal,0.6850611567497253,False,benchmark_data/expanded_generated/ced/real/office/10/1-85362-A-0.wav
benchmark_data/external/esc50/audio/1-85362-A-0.wav,1-85362-A-0,dog_barking,office,5,5.0000003069092624,animal,Animal,0.6837987899780273,False,benchmark_data/expanded_generated/ced/real/office/5/1-85362-A-0.wav
benchmark_data/external/esc50/audio/1-85362-A-0.wav,1-85362-A-0,dog_barking,office,0,-2.416790379681788e-07,animal,Animal,0.6630208492279053,False,benchmark_data/expanded_generated/ced/real/office/0/1-85362-A-0.wav
benchmark_data/external/esc50/audio/1-97392-A-0.wav,1-97392-A-0,dog_barking,office,20,20.000000099430437,animal,Animal,0.6942254304885864,False,benchmark_data/expanded_generated/ced/real/office/20/1-97392-A-0.wav
benchmark_data/external/esc50/audio/1-97392-A-0.wav,1-97392-A-0,dog_barking,office,15,15.00000000259174,animal,Animal,0.6989734768867493,False,benchmark_data/expanded_generated/ced/real/office/15/1-97392-A-0.wav
benchmark_data/external/esc50/audio/1-97392-A-0.wav,1-97392-A-0,dog_barking,office,10,9.999999803521524,animal,Animal,0.6900863647460938,False,benchmark_data/expanded_generated/ced/real/office/10/1-97392-A-0.wav
benchmark_data/external/esc50/audio/1-97392-A-0.wav,1-97392-A-0,dog_barking,office,5,4.999999747384712,animal,Animal,0.6647871136665344,False,benchmark_data/expanded_generated/ced/real/office/5/1-97392-A-0.wav
benchmark_data/external/esc50/audio/1-97392-A-0.wav,1-97392-A-0,dog_barking,office,0,-2.4733127063481793e-07,animal,Animal,0.6961601972579956,False,benchmark_data/expanded_generated/ced/real/office/0/1-97392-A-0.wav
benchmark_data/external/esc50/audio/2-114280-A-0.wav,2-114280-A-0,dog_barking,office,20,20.00000015295036,animal,Animal,0.7077676653862,False,benchmark_data/expanded_generated/ced/real/office/20/2-114280-A-0.wav
benchmark_data/external/esc50/audio/2-114280-A-0.wav,2-114280-A-0,dog_barking,office,15,14.999999805230548,animal,Animal,0.7015277147293091,False,benchmark_data/expanded_generated/ced/real/office/15/2-114280-A-0.wav
benchmark_data/external/esc50/audio/2-114280-A-0.wav,2-114280-A-0,dog_barking,office,10,10.00000029641313,animal,Animal,0.6993089318275452,False,benchmark_data/expanded_generated/ced/real/office/10/2-114280-A-0.wav
benchmark_data/external/esc50/audio/2-114280-A-0.wav,2-114280-A-0,dog_barking,office,5,4.9999999460310764,animal,Animal,0.7021277546882629,False,benchmark_data/expanded_generated/ced/real/office/5/2-114280-A-0.wav
benchmark_data/external/esc50/audio/2-114280-A-0.wav,2-114280-A-0,dog_barking,office,0,-5.8176544710584654e-08,animal,Animal,0.6745908260345459,False,benchmark_data/expanded_generated/ced/real/office/0/2-114280-A-0.wav
benchmark_data/external/esc50/audio/2-114587-A-0.wav,2-114587-A-0,dog_barking,office,20,19.99999985505766,animal,Animal,0.7148240804672241,False,benchmark_data/expanded_generated/ced/real/office/20/2-114587-A-0.wav
benchmark_data/external/esc50/audio/2-114587-A-0.wav,2-114587-A-0,dog_barking,office,15,14.99999957086079,animal,Animal,0.712967574596405,False,benchmark_data/expanded_generated/ced/real/office/15/2-114587-A-0.wav
benchmark_data/external/esc50/audio/2-114587-A-0.wav,2-114587-A-0,dog_barking,office,10,10.000000244996736,animal,Animal,0.7035170793533325,False,benchmark_data/expanded_generated/ced/real/office/10/2-114587-A-0.wav
benchmark_data/external/esc50/audio/2-114587-A-0.wav,2-114587-A-0,dog_barking,office,5,5.000000055791301,animal,Animal,0.69356369972229,False,benchmark_data/expanded_generated/ced/real/office/5/2-114587-A-0.wav
benchmark_data/external/esc50/audio/2-114587-A-0.wav,2-114587-A-0,dog_barking,office,0,1.4682290254760524e-07,animal,Animal,0.6952993869781494,False,benchmark_data/expanded_generated/ced/real/office/0/2-114587-A-0.wav
benchmark_data/external/esc50/audio/1-101336-A-30.wav,1-101336-A-30,door_activity,office,20,20.000000501566525,door_activity,Knock,0.5923212766647339,True,benchmark_data/expanded_generated/ced/real/office/20/1-101336-A-30.wav
benchmark_data/external/esc50/audio/1-101336-A-30.wav,1-101336-A-30,door_activity,office,15,15.0000000181371,door_activity,Knock,0.5490515232086182,True,benchmark_data/expanded_generated/ced/real/office/15/1-101336-A-30.wav
benchmark_data/external/esc50/audio/1-101336-A-30.wav,1-101336-A-30,door_activity,office,10,10.000000145175072,door_activity,Knock,0.5780379176139832,True,benchmark_data/expanded_generated/ced/real/office/10/1-101336-A-30.wav
benchmark_data/external/esc50/audio/1-101336-A-30.wav,1-101336-A-30,door_activity,office,5,4.9999998075925705,door_activity,Knock,0.5755197405815125,True,benchmark_data/expanded_generated/ced/real/office/5/1-101336-A-30.wav
benchmark_data/external/esc50/audio/1-101336-A-30.wav,1-101336-A-30,door_activity,office,0,1.2730550830193152e-07,door_activity,Knock,0.5440073609352112,True,benchmark_data/expanded_generated/ced/real/office/0/1-101336-A-30.wav
benchmark_data/external/esc50/audio/1-103995-A-30.wav,1-103995-A-30,door_activity,office,20,19.999999764735072,door_activity,Knock,0.6489651799201965,True,benchmark_data/expanded_generated/ced/real/office/20/1-103995-A-30.wav
benchmark_data/external/esc50/audio/1-103995-A-30.wav,1-103995-A-30,door_activity,office,15,14.999999718817671,door_activity,Knock,0.6264981031417847,True,benchmark_data/expanded_generated/ced/real/office/15/1-103995-A-30.wav
benchmark_data/external/esc50/audio/1-103995-A-30.wav,1-103995-A-30,door_activity,office,10,10.000000023682977,door_activity,Knock,0.5794529914855957,True,benchmark_data/expanded_generated/ced/real/office/10/1-103995-A-30.wav
benchmark_data/external/esc50/audio/1-103995-A-30.wav,1-103995-A-30,door_activity,office,5,4.9999996683607,door_activity,Knock,0.5254272818565369,True,benchmark_data/expanded_generated/ced/real/office/5/1-103995-A-30.wav
benchmark_data/external/esc50/audio/1-103995-A-30.wav,1-103995-A-30,door_activity,office,0,-1.775443185643182e-07,door_activity,Knock,0.6477577686309814,True,benchmark_data/expanded_generated/ced/real/office/0/1-103995-A-30.wav
benchmark_data/external/esc50/audio/1-103999-A-30.wav,1-103999-A-30,door_activity,office,20,19.999999691657994,door_activity,Knock,0.686194896697998,True,benchmark_data/expanded_generated/ced/real/office/20/1-103999-A-30.wav
benchmark_data/external/esc50/audio/1-103999-A-30.wav,1-103999-A-30,door_activity,office,15,15.000000023110797,door_activity,Knock,0.6891335248947144,True,benchmark_data/expanded_generated/ced/real/office/15/1-103999-A-30.wav
benchmark_data/external/esc50/audio/1-103999-A-30.wav,1-103999-A-30,door_activity,office,10,10.00000001735518,door_activity,Knock,0.6902709007263184,True,benchmark_data/expanded_generated/ced/real/office/10/1-103999-A-30.wav
benchmark_data/external/esc50/audio/1-103999-A-30.wav,1-103999-A-30,door_activity,office,5,5.000000195090718,door_activity,Knock,0.6763445138931274,True,benchmark_data/expanded_generated/ced/real/office/5/1-103999-A-30.wav
benchmark_data/external/esc50/audio/1-103999-A-30.wav,1-103999-A-30,door_activity,office,0,-2.321206038295942e-07,door_activity,Knock,0.6886837482452393,True,benchmark_data/expanded_generated/ced/real/office/0/1-103999-A-30.wav
benchmark_data/external/esc50/audio/1-26188-A-30.wav,1-26188-A-30,door_activity,office,20,20.000000246457958,door_activity,Knock,0.7063546776771545,True,benchmark_data/expanded_generated/ced/real/office/20/1-26188-A-30.wav
benchmark_data/external/esc50/audio/1-26188-A-30.wav,1-26188-A-30,door_activity,office,15,15.000000169380188,door_activity,Knock,0.6639290452003479,True,benchmark_data/expanded_generated/ced/real/office/15/1-26188-A-30.wav
benchmark_data/external/esc50/audio/1-26188-A-30.wav,1-26188-A-30,door_activity,office,10,10.000000223687298,door_activity,Knock,0.6836292147636414,True,benchmark_data/expanded_generated/ced/real/office/10/1-26188-A-30.wav
benchmark_data/external/esc50/audio/1-26188-A-30.wav,1-26188-A-30,door_activity,office,5,4.999999955259641,door_activity,Knock,0.6503177881240845,True,benchmark_data/expanded_generated/ced/real/office/5/1-26188-A-30.wav
benchmark_data/external/esc50/audio/1-26188-A-30.wav,1-26188-A-30,door_activity,office,0,2.0175832558387338e-07,dog,Dog,0.6069018840789795,False,benchmark_data/expanded_generated/ced/real/office/0/1-26188-A-30.wav
benchmark_data/external/esc50/audio/1-52290-A-30.wav,1-52290-A-30,door_activity,office,20,20.00000000188826,door_activity,Knock,0.5429176092147827,True,benchmark_data/expanded_generated/ced/real/office/20/1-52290-A-30.wav
benchmark_data/external/esc50/audio/1-52290-A-30.wav,1-52290-A-30,door_activity,office,15,14.999999905939184,door_activity,Knock,0.5756592750549316,True,benchmark_data/expanded_generated/ced/real/office/15/1-52290-A-30.wav
benchmark_data/external/esc50/audio/1-52290-A-30.wav,1-52290-A-30,door_activity,office,10,10.000000063602318,door_activity,Knock,0.5639737248420715,True,benchmark_data/expanded_generated/ced/real/office/10/1-52290-A-30.wav
benchmark_data/external/esc50/audio/1-52290-A-30.wav,1-52290-A-30,door_activity,office,5,5.000000083000411,typing,Typing,0.553202748298645,False,benchmark_data/expanded_generated/ced/real/office/5/1-52290-A-30.wav
benchmark_data/external/esc50/audio/1-52290-A-30.wav,1-52290-A-30,door_activity,office,0,1.3346082287240439e-07,door_activity,Knock,0.6198816895484924,True,benchmark_data/expanded_generated/ced/real/office/0/1-52290-A-30.wav
benchmark_data/external/esc50/audio/1-81001-A-30.wav,1-81001-A-30,door_activity,office,20,20.000000351327557,chopping_food,Chopping (food),0.5560879707336426,False,benchmark_data/expanded_generated/ced/real/office/20/1-81001-A-30.wav
benchmark_data/external/esc50/audio/1-81001-A-30.wav,1-81001-A-30,door_activity,office,15,14.999999921902722,chopping_food,Chopping (food),0.5935577750205994,False,benchmark_data/expanded_generated/ced/real/office/15/1-81001-A-30.wav
benchmark_data/external/esc50/audio/1-81001-A-30.wav,1-81001-A-30,door_activity,office,10,9.999999641939176,chopping_food,Chopping (food),0.5596829056739807,False,benchmark_data/expanded_generated/ced/real/office/10/1-81001-A-30.wav
benchmark_data/external/esc50/audio/1-81001-A-30.wav,1-81001-A-30,door_activity,office,5,4.999999841427294,chopping_food,Chopping (food),0.6471311450004578,False,benchmark_data/expanded_generated/ced/real/office/5/1-81001-A-30.wav
benchmark_data/external/esc50/audio/1-81001-A-30.wav,1-81001-A-30,door_activity,office,0,3.1354652534189505e-07,chopping_food,Chopping (food),0.6370635628700256,False,benchmark_data/expanded_generated/ced/real/office/0/1-81001-A-30.wav
benchmark_data/external/esc50/audio/1-81001-B-30.wav,1-81001-B-30,door_activity,office,20,19.99999991010401,hammer,Hammer,0.5476040840148926,False,benchmark_data/expanded_generated/ced/real/office/20/1-81001-B-30.wav
benchmark_data/external/esc50/audio/1-81001-B-30.wav,1-81001-B-30,door_activity,office,15,15.000000222284571,wood,Wood,0.5580893754959106,False,benchmark_data/expanded_generated/ced/real/office/15/1-81001-B-30.wav
benchmark_data/external/esc50/audio/1-81001-B-30.wav,1-81001-B-30,door_activity,office,10,10.00000012867391,whack_thwack,"Whack, thwack",0.5644065141677856,False,benchmark_data/expanded_generated/ced/real/office/10/1-81001-B-30.wav
benchmark_data/external/esc50/audio/1-81001-B-30.wav,1-81001-B-30,door_activity,office,5,5.000000288544323,whack_thwack,"Whack, thwack",0.5617472529411316,False,benchmark_data/expanded_generated/ced/real/office/5/1-81001-B-30.wav
benchmark_data/external/esc50/audio/1-81001-B-30.wav,1-81001-B-30,door_activity,office,0,-4.085099972695288e-07,whack_thwack,"Whack, thwack",0.5692844390869141,False,benchmark_data/expanded_generated/ced/real/office/0/1-81001-B-30.wav
benchmark_data/external/esc50/audio/1-82817-A-30.wav,1-82817-A-30,door_activity,office,20,20.000000039744492,door_activity,Knock,0.6879986524581909,True,benchmark_data/expanded_generated/ced/real/office/20/1-82817-A-30.wav
benchmark_data/external/esc50/audio/1-82817-A-30.wav,1-82817-A-30,door_activity,office,15,14.999999739460733,door_activity,Knock,0.6985155940055847,True,benchmark_data/expanded_generated/ced/real/office/15/1-82817-A-30.wav
benchmark_data/external/esc50/audio/1-82817-A-30.wav,1-82817-A-30,door_activity,office,10,9.999999936943615,door_activity,Knock,0.6351955533027649,True,benchmark_data/expanded_generated/ced/real/office/10/1-82817-A-30.wav
benchmark_data/external/esc50/audio/1-82817-A-30.wav,1-82817-A-30,door_activity,office,5,5.000000435331201,door_activity,Knock,0.6342540383338928,True,benchmark_data/expanded_generated/ced/real/office/5/1-82817-A-30.wav
benchmark_data/external/esc50/audio/1-82817-A-30.wav,1-82817-A-30,door_activity,office,0,-4.504280237048584e-07,door_activity,Knock,0.6770182847976685,True,benchmark_data/expanded_generated/ced/real/office/0/1-82817-A-30.wav
benchmark_data/external/esc50/audio/2-114254-A-30.wav,2-114254-A-30,door_activity,office,20,20.000000097882385,wood_block,Wood block,0.6216262578964233,False,benchmark_data/expanded_generated/ced/real/office/20/2-114254-A-30.wav
benchmark_data/external/esc50/audio/2-114254-A-30.wav,2-114254-A-30,door_activity,office,15,14.999999887249299,wood_block,Wood block,0.5888963937759399,False,benchmark_data/expanded_generated/ced/real/office/15/2-114254-A-30.wav
benchmark_data/external/esc50/audio/2-114254-A-30.wav,2-114254-A-30,door_activity,office,10,10.000000184531235,wood_block,Wood block,0.5609887838363647,False,benchmark_data/expanded_generated/ced/real/office/10/2-114254-A-30.wav
benchmark_data/external/esc50/audio/2-114254-A-30.wav,2-114254-A-30,door_activity,office,5,4.999999928943232,wood_block,Wood block,0.6294496059417725,False,benchmark_data/expanded_generated/ced/real/office/5/2-114254-A-30.wav
benchmark_data/external/esc50/audio/2-114254-A-30.wav,2-114254-A-30,door_activity,office,0,3.021392265369342e-07,computer_keyboard,Computer keyboard,0.5436211228370667,False,benchmark_data/expanded_generated/ced/real/office/0/2-114254-A-30.wav
benchmark_data/external/esc50/audio/2-118624-A-30.wav,2-118624-A-30,door_activity,office,20,20.00000024342858,door_activity,Knock,0.6324375867843628,True,benchmark_data/expanded_generated/ced/real/office/20/2-118624-A-30.wav
benchmark_data/external/esc50/audio/2-118624-A-30.wav,2-118624-A-30,door_activity,office,15,15.000000223779475,door_activity,Knock,0.6586268544197083,True,benchmark_data/expanded_generated/ced/real/office/15/2-118624-A-30.wav
benchmark_data/external/esc50/audio/2-118624-A-30.wav,2-118624-A-30,door_activity,office,10,10.000000311195606,door_activity,Knock,0.6568357944488525,True,benchmark_data/expanded_generated/ced/real/office/10/2-118624-A-30.wav
benchmark_data/external/esc50/audio/2-118624-A-30.wav,2-118624-A-30,door_activity,office,5,4.99999969516165,door_activity,Knock,0.6027063131332397,True,benchmark_data/expanded_generated/ced/real/office/5/2-118624-A-30.wav
benchmark_data/external/esc50/audio/2-118624-A-30.wav,2-118624-A-30,door_activity,office,0,2.133922030229117e-07,door_activity,Knock,0.6379542946815491,True,benchmark_data/expanded_generated/ced/real/office/0/2-118624-A-30.wav
benchmark_data/external/esc50/audio/1-17150-A-12.wav,1-17150-A-12,fire,office,20,19.999999979781443,fire,Fire,0.648303210735321,True,benchmark_data/expanded_generated/ced/real/office/20/1-17150-A-12.wav
benchmark_data/external/esc50/audio/1-17150-A-12.wav,1-17150-A-12,fire,office,15,15.000000121266034,fire,Fire,0.6343483924865723,True,benchmark_data/expanded_generated/ced/real/office/15/1-17150-A-12.wav
benchmark_data/external/esc50/audio/1-17150-A-12.wav,1-17150-A-12,fire,office,10,9.999999542863598,fire,Fire,0.6090894341468811,True,benchmark_data/expanded_generated/ced/real/office/10/1-17150-A-12.wav
benchmark_data/external/esc50/audio/1-17150-A-12.wav,1-17150-A-12,fire,office,5,4.999999888867546,fire,Fire,0.6343528628349304,True,benchmark_data/expanded_generated/ced/real/office/5/1-17150-A-12.wav
benchmark_data/external/esc50/audio/1-17150-A-12.wav,1-17150-A-12,fire,office,0,-2.1128333290075923e-07,fire,Fire,0.558574914932251,True,benchmark_data/expanded_generated/ced/real/office/0/1-17150-A-12.wav
benchmark_data/external/esc50/audio/1-17565-A-12.wav,1-17565-A-12,fire,office,20,20.00000038587478,crumpling_crinkling,"Crumpling, crinkling",0.5521923303604126,False,benchmark_data/expanded_generated/ced/real/office/20/1-17565-A-12.wav
benchmark_data/external/esc50/audio/1-17565-A-12.wav,1-17565-A-12,fire,office,15,14.999999871196163,crumpling_crinkling,"Crumpling, crinkling",0.5545967817306519,False,benchmark_data/expanded_generated/ced/real/office/15/1-17565-A-12.wav
benchmark_data/external/esc50/audio/1-17565-A-12.wav,1-17565-A-12,fire,office,10,10.000000354522083,crumpling_crinkling,"Crumpling, crinkling",0.5416573882102966,False,benchmark_data/expanded_generated/ced/real/office/10/1-17565-A-12.wav
benchmark_data/external/esc50/audio/1-17565-A-12.wav,1-17565-A-12,fire,office,5,4.999999983925153,crumpling_crinkling,"Crumpling, crinkling",0.5337827205657959,False,benchmark_data/expanded_generated/ced/real/office/5/1-17565-A-12.wav
benchmark_data/external/esc50/audio/1-17565-A-12.wav,1-17565-A-12,fire,office,0,1.2053766932659063e-07,crumpling_crinkling,"Crumpling, crinkling",0.5327084064483643,False,benchmark_data/expanded_generated/ced/real/office/0/1-17565-A-12.wav
benchmark_data/external/esc50/audio/1-17742-A-12.wav,1-17742-A-12,fire,office,20,20.0000000564662,patter,Patter,0.5584708452224731,False,benchmark_data/expanded_generated/ced/real/office/20/1-17742-A-12.wav
benchmark_data/external/esc50/audio/1-17742-A-12.wav,1-17742-A-12,fire,office,15,15.000000141060887,patter,Patter,0.5521466732025146,False,benchmark_data/expanded_generated/ced/real/office/15/1-17742-A-12.wav
benchmark_data/external/esc50/audio/1-17742-A-12.wav,1-17742-A-12,fire,office,10,10.000000132868783,patter,Patter,0.5502752065658569,False,benchmark_data/expanded_generated/ced/real/office/10/1-17742-A-12.wav
benchmark_data/external/esc50/audio/1-17742-A-12.wav,1-17742-A-12,fire,office,5,5.00000001810727,patter,Patter,0.538495659828186,False,benchmark_data/expanded_generated/ced/real/office/5/1-17742-A-12.wav
benchmark_data/external/esc50/audio/1-17742-A-12.wav,1-17742-A-12,fire,office,0,3.947102711022912e-07,patter,Patter,0.5362715125083923,False,benchmark_data/expanded_generated/ced/real/office/0/1-17742-A-12.wav
benchmark_data/external/esc50/audio/1-17808-A-12.wav,1-17808-A-12,fire,office,20,19.999999742090655,rain_on_surface,Rain on surface,0.5451912879943848,False,benchmark_data/expanded_generated/ced/real/office/20/1-17808-A-12.wav
benchmark_data/external/esc50/audio/1-17808-A-12.wav,1-17808-A-12,fire,office,15,14.999999721802244,rain_on_surface,Rain on surface,0.5398380756378174,False,benchmark_data/expanded_generated/ced/real/office/15/1-17808-A-12.wav
benchmark_data/external/esc50/audio/1-17808-A-12.wav,1-17808-A-12,fire,office,10,9.999999885811066,fire,Fire,0.5445656776428223,True,benchmark_data/expanded_generated/ced/real/office/10/1-17808-A-12.wav
benchmark_data/external/esc50/audio/1-17808-A-12.wav,1-17808-A-12,fire,office,5,5.000000203259497,rain_on_surface,Rain on surface,0.5881041884422302,False,benchmark_data/expanded_generated/ced/real/office/5/1-17808-A-12.wav
benchmark_data/external/esc50/audio/1-17808-A-12.wav,1-17808-A-12,fire,office,0,9.691129307933498e-08,rain_on_surface,Rain on surface,0.5722890496253967,False,benchmark_data/expanded_generated/ced/real/office/0/1-17808-A-12.wav
benchmark_data/external/esc50/audio/1-17808-B-12.wav,1-17808-B-12,fire,office,20,19.99999994820511,fire,Fire,0.5360252261161804,True,benchmark_data/expanded_generated/ced/real/office/20/1-17808-B-12.wav
benchmark_data/external/esc50/audio/1-17808-B-12.wav,1-17808-B-12,fire,office,15,15.000000266232302,fire,Fire,0.5381906628608704,True,benchmark_data/expanded_generated/ced/real/office/15/1-17808-B-12.wav
benchmark_data/external/esc50/audio/1-17808-B-12.wav,1-17808-B-12,fire,office,10,10.000000442463257,fire,Fire,0.5393784046173096,True,benchmark_data/expanded_generated/ced/real/office/10/1-17808-B-12.wav
benchmark_data/external/esc50/audio/1-17808-B-12.wav,1-17808-B-12,fire,office,5,5.000000074214661,fire,Fire,0.5399016737937927,True,benchmark_data/expanded_generated/ced/real/office/5/1-17808-B-12.wav
benchmark_data/external/esc50/audio/1-17808-B-12.wav,1-17808-B-12,fire,office,0,-7.990050052595331e-08,patter,Patter,0.5281920433044434,False,benchmark_data/expanded_generated/ced/real/office/0/1-17808-B-12.wav
benchmark_data/external/esc50/audio/1-4211-A-12.wav,1-4211-A-12,fire,office,20,20.000000022949834,fire,Fire,0.5369696021080017,True,benchmark_data/expanded_generated/ced/real/office/20/1-4211-A-12.wav
benchmark_data/external/esc50/audio/1-4211-A-12.wav,1-4211-A-12,fire,office,15,15.000000119170881,fire,Fire,0.5274501442909241,True,benchmark_data/expanded_generated/ced/real/office/15/1-4211-A-12.wav
benchmark_data/external/esc50/audio/1-4211-A-12.wav,1-4211-A-12,fire,office,10,9.999999634322155,fire,Fire,0.52349454164505,True,benchmark_data/expanded_generated/ced/real/office/10/1-4211-A-12.wav
benchmark_data/external/esc50/audio/1-4211-A-12.wav,1-4211-A-12,fire,office,5,4.999999665996078,fire,Fire,0.5434114933013916,True,benchmark_data/expanded_generated/ced/real/office/5/1-4211-A-12.wav
benchmark_data/external/esc50/audio/1-4211-A-12.wav,1-4211-A-12,fire,office,0,-1.8432466100302083e-07,vehicle,Vehicle,0.5369426012039185,False,benchmark_data/expanded_generated/ced/real/office/0/1-4211-A-12.wav
benchmark_data/external/esc50/audio/1-46272-A-12.wav,1-46272-A-12,fire,office,20,19.999999824423035,fire,Fire,0.6653047204017639,True,benchmark_data/expanded_generated/ced/real/office/20/1-46272-A-12.wav
benchmark_data/external/esc50/audio/1-46272-A-12.wav,1-46272-A-12,fire,office,15,15.000000049709612,fire,Fire,0.6702167987823486,True,benchmark_data/expanded_generated/ced/real/office/15/1-46272-A-12.wav
benchmark_data/external/esc50/audio/1-46272-A-12.wav,1-46272-A-12,fire,office,10,9.999999944111504,fire,Fire,0.6666123867034912,True,benchmark_data/expanded_generated/ced/real/office/10/1-46272-A-12.wav
benchmark_data/external/esc50/audio/1-46272-A-12.wav,1-46272-A-12,fire,office,5,5.000000393939333,fire,Fire,0.6626453995704651,True,benchmark_data/expanded_generated/ced/real/office/5/1-46272-A-12.wav
benchmark_data/external/esc50/audio/1-46272-A-12.wav,1-46272-A-12,fire,office,0,2.5718882300968043e-07,fire,Fire,0.6207593679428101,True,benchmark_data/expanded_generated/ced/real/office/0/1-46272-A-12.wav
benchmark_data/external/esc50/audio/1-7057-A-12.wav,1-7057-A-12,fire,office,20,20.000000284132465,fire,Fire,0.689213216304779,True,benchmark_data/expanded_generated/ced/real/office/20/1-7057-A-12.wav
benchmark_data/external/esc50/audio/1-7057-A-12.wav,1-7057-A-12,fire,office,15,14.999999722819846,fire,Fire,0.6847143173217773,True,benchmark_data/expanded_generated/ced/real/office/15/1-7057-A-12.wav
benchmark_data/external/esc50/audio/1-7057-A-12.wav,1-7057-A-12,fire,office,10,9.9999999422613,fire,Fire,0.6840664148330688,True,benchmark_data/expanded_generated/ced/real/office/10/1-7057-A-12.wav
benchmark_data/external/esc50/audio/1-7057-A-12.wav,1-7057-A-12,fire,office,5,5.000000181366254,fire,Fire,0.6856188178062439,True,benchmark_data/expanded_generated/ced/real/office/5/1-7057-A-12.wav
benchmark_data/external/esc50/audio/1-7057-A-12.wav,1-7057-A-12,fire,office,0,5.791282351655393e-08,fire,Fire,0.6692511439323425,True,benchmark_data/expanded_generated/ced/real/office/0/1-7057-A-12.wav
benchmark_data/external/esc50/audio/2-18766-A-12.wav,2-18766-A-12,fire,office,20,19.999999780765062,fire,Fire,0.6036317944526672,True,benchmark_data/expanded_generated/ced/real/office/20/2-18766-A-12.wav
benchmark_data/external/esc50/audio/2-18766-A-12.wav,2-18766-A-12,fire,office,15,14.999999917349868,fire,Fire,0.5930314064025879,True,benchmark_data/expanded_generated/ced/real/office/15/2-18766-A-12.wav
benchmark_data/external/esc50/audio/2-18766-A-12.wav,2-18766-A-12,fire,office,10,9.999999961511152,fire,Fire,0.5937318205833435,True,benchmark_data/expanded_generated/ced/real/office/10/2-18766-A-12.wav
benchmark_data/external/esc50/audio/2-18766-A-12.wav,2-18766-A-12,fire,office,5,5.000000050021614,fire,Fire,0.6003848314285278,True,benchmark_data/expanded_generated/ced/real/office/5/2-18766-A-12.wav
benchmark_data/external/esc50/audio/2-18766-A-12.wav,2-18766-A-12,fire,office,0,1.5672535723160482e-07,fire,Fire,0.5957000851631165,True,benchmark_data/expanded_generated/ced/real/office/0/2-18766-A-12.wav
benchmark_data/external/esc50/audio/2-18766-B-12.wav,2-18766-B-12,fire,office,20,20.00000040908215,glass,Glass,0.5212350487709045,False,benchmark_data/expanded_generated/ced/real/office/20/2-18766-B-12.wav
benchmark_data/external/esc50/audio/2-18766-B-12.wav,2-18766-B-12,fire,office,15,15.000000272480738,glass,Glass,0.5192793607711792,False,benchmark_data/expanded_generated/ced/real/office/15/2-18766-B-12.wav
benchmark_data/external/esc50/audio/2-18766-B-12.wav,2-18766-B-12,fire,office,10,9.999999727200738,fire,Fire,0.5302984714508057,True,benchmark_data/expanded_generated/ced/real/office/10/2-18766-B-12.wav
benchmark_data/external/esc50/audio/2-18766-B-12.wav,2-18766-B-12,fire,office,5,5.0000002610797765,fire,Fire,0.5296362042427063,True,benchmark_data/expanded_generated/ced/real/office/5/2-18766-B-12.wav
benchmark_data/external/esc50/audio/2-18766-B-12.wav,2-18766-B-12,fire,office,0,2.3420920840223283e-07,fire,Fire,0.5347098112106323,True,benchmark_data/expanded_generated/ced/real/office/0/2-18766-B-12.wav
benchmark_data/external/esc50/audio/1-20133-A-39.wav,1-20133-A-39,glass_breaking,office,20,20.000000246548858,breaking,Breaking,0.6327826380729675,False,benchmark_data/expanded_generated/ced/real/office/20/1-20133-A-39.wav
benchmark_data/external/esc50/audio/1-20133-A-39.wav,1-20133-A-39,glass_breaking,office,15,15.000000300594966,breaking,Breaking,0.6049611568450928,False,benchmark_data/expanded_generated/ced/real/office/15/1-20133-A-39.wav
benchmark_data/external/esc50/audio/1-20133-A-39.wav,1-20133-A-39,glass_breaking,office,10,9.999999799662843,breaking,Breaking,0.6272484660148621,False,benchmark_data/expanded_generated/ced/real/office/10/1-20133-A-39.wav
benchmark_data/external/esc50/audio/1-20133-A-39.wav,1-20133-A-39,glass_breaking,office,5,4.999999912981675,breaking,Breaking,0.6328917741775513,False,benchmark_data/expanded_generated/ced/real/office/5/1-20133-A-39.wav
benchmark_data/external/esc50/audio/1-20133-A-39.wav,1-20133-A-39,glass_breaking,office,0,2.3833541882935823e-07,glass,Glass,0.6426127552986145,False,benchmark_data/expanded_generated/ced/real/office/0/1-20133-A-39.wav
benchmark_data/external/esc50/audio/1-84536-A-39.wav,1-84536-A-39,glass_breaking,office,20,19.99999978292226,glass,Glass,0.6629454493522644,False,benchmark_data/expanded_generated/ced/real/office/20/1-84536-A-39.wav
benchmark_data/external/esc50/audio/1-84536-A-39.wav,1-84536-A-39,glass_breaking,office,15,14.999999684238723,glass,Glass,0.666028618812561,False,benchmark_data/expanded_generated/ced/real/office/15/1-84536-A-39.wav
benchmark_data/external/esc50/audio/1-84536-A-39.wav,1-84536-A-39,glass_breaking,office,10,10.000000085165295,glass,Glass,0.6790543794631958,False,benchmark_data/expanded_generated/ced/real/office/10/1-84536-A-39.wav
benchmark_data/external/esc50/audio/1-84536-A-39.wav,1-84536-A-39,glass_breaking,office,5,4.999999936498899,glass,Glass,0.6701899170875549,False,benchmark_data/expanded_generated/ced/real/office/5/1-84536-A-39.wav
benchmark_data/external/esc50/audio/1-84536-A-39.wav,1-84536-A-39,glass_breaking,office,0,-7.58462594891339e-08,glass,Glass,0.6797275543212891,False,benchmark_data/expanded_generated/ced/real/office/0/1-84536-A-39.wav
benchmark_data/external/esc50/audio/1-84704-A-39.wav,1-84704-A-39,glass_breaking,office,20,19.9999997488746,breaking,Breaking,0.6136018633842468,False,benchmark_data/expanded_generated/ced/real/office/20/1-84704-A-39.wav
benchmark_data/external/esc50/audio/1-84704-A-39.wav,1-84704-A-39,glass_breaking,office,15,14.999999646436075,breaking,Breaking,0.5911136865615845,False,benchmark_data/expanded_generated/ced/real/office/15/1-84704-A-39.wav
benchmark_data/external/esc50/audio/1-84704-A-39.wav,1-84704-A-39,glass_breaking,office,10,10.000000129472761,breaking,Breaking,0.6156930923461914,False,benchmark_data/expanded_generated/ced/real/office/10/1-84704-A-39.wav
benchmark_data/external/esc50/audio/1-84704-A-39.wav,1-84704-A-39,glass_breaking,office,5,4.999999723537925,breaking,Breaking,0.5702288150787354,False,benchmark_data/expanded_generated/ced/real/office/5/1-84704-A-39.wav
benchmark_data/external/esc50/audio/1-84704-A-39.wav,1-84704-A-39,glass_breaking,office,0,-1.989825813797843e-07,glass,Glass,0.5997878909111023,False,benchmark_data/expanded_generated/ced/real/office/0/1-84704-A-39.wav
benchmark_data/external/esc50/audio/1-84705-A-39.wav,1-84705-A-39,glass_breaking,office,20,20.000000118080234,gunshot_gunfire,"Gunshot, gunfire",0.5292680859565735,False,benchmark_data/expanded_generated/ced/real/office/20/1-84705-A-39.wav
benchmark_data/external/esc50/audio/1-84705-A-39.wav,1-84705-A-39,glass_breaking,office,15,14.999999625499893,gunshot_gunfire,"Gunshot, gunfire",0.5254814624786377,False,benchmark_data/expanded_generated/ced/real/office/15/1-84705-A-39.wav
benchmark_data/external/esc50/audio/1-84705-A-39.wav,1-84705-A-39,glass_breaking,office,10,9.999999702179032,gunshot_gunfire,"Gunshot, gunfire",0.5294764041900635,False,benchmark_data/expanded_generated/ced/real/office/10/1-84705-A-39.wav
benchmark_data/external/esc50/audio/1-84705-A-39.wav,1-84705-A-39,glass_breaking,office,5,4.9999999242571445,hammer,Hammer,0.5290102362632751,False,benchmark_data/expanded_generated/ced/real/office/5/1-84705-A-39.wav
benchmark_data/external/esc50/audio/1-84705-A-39.wav,1-84705-A-39,glass_breaking,office,0,3.401607843893675e-08,gunshot_gunfire,"Gunshot, gunfire",0.541006863117218,False,benchmark_data/expanded_generated/ced/real/office/0/1-84705-A-39.wav
benchmark_data/external/esc50/audio/1-85168-A-39.wav,1-85168-A-39,glass_breaking,office,20,20.000000126660467,breaking,Breaking,0.662577748298645,False,benchmark_data/expanded_generated/ced/real/office/20/1-85168-A-39.wav
benchmark_data/external/esc50/audio/1-85168-A-39.wav,1-85168-A-39,glass_breaking,office,15,15.000000295622801,breaking,Breaking,0.6783198714256287,False,benchmark_data/expanded_generated/ced/real/office/15/1-85168-A-39.wav
benchmark_data/external/esc50/audio/1-85168-A-39.wav,1-85168-A-39,glass_breaking,office,10,9.999999802488247,breaking,Breaking,0.6259296536445618,False,benchmark_data/expanded_generated/ced/real/office/10/1-85168-A-39.wav
benchmark_data/external/esc50/audio/1-85168-A-39.wav,1-85168-A-39,glass_breaking,office,5,5.000000201807468,breaking,Breaking,0.682174563407898,False,benchmark_data/expanded_generated/ced/real/office/5/1-85168-A-39.wav
benchmark_data/external/esc50/audio/1-85168-A-39.wav,1-85168-A-39,glass_breaking,office,0,-1.4291703687654337e-07,breaking,Breaking,0.6427519917488098,False,benchmark_data/expanded_generated/ced/real/office/0/1-85168-A-39.wav
benchmark_data/external/esc50/audio/1-85184-A-39.wav,1-85184-A-39,glass_breaking,office,20,19.999999847443092,breaking,Breaking,0.6744082570075989,False,benchmark_data/expanded_generated/ced/real/office/20/1-85184-A-39.wav
benchmark_data/external/esc50/audio/1-85184-A-39.wav,1-85184-A-39,glass_breaking,office,15,15.000000127001641,breaking,Breaking,0.65965735912323,False,benchmark_data/expanded_generated/ced/real/office/15/1-85184-A-39.wav
benchmark_data/external/esc50/audio/1-85184-A-39.wav,1-85184-A-39,glass_breaking,office,10,9.999999956702542,breaking,Breaking,0.6318752765655518,False,benchmark_data/expanded_generated/ced/real/office/10/1-85184-A-39.wav
benchmark_data/external/esc50/audio/1-85184-A-39.wav,1-85184-A-39,glass_breaking,office,5,4.999999762250159,breaking,Breaking,0.6547667384147644,False,benchmark_data/expanded_generated/ced/real/office/5/1-85184-A-39.wav
benchmark_data/external/esc50/audio/1-85184-A-39.wav,1-85184-A-39,glass_breaking,office,0,-3.489772233111469e-08,breaking,Breaking,0.6563289165496826,False,benchmark_data/expanded_generated/ced/real/office/0/1-85184-A-39.wav
benchmark_data/external/esc50/audio/1-88807-A-39.wav,1-88807-A-39,glass_breaking,office,20,20.000000305520565,chink_clink,"Chink, clink",0.5861364006996155,False,benchmark_data/expanded_generated/ced/real/office/20/1-88807-A-39.wav
benchmark_data/external/esc50/audio/1-88807-A-39.wav,1-88807-A-39,glass_breaking,office,15,15.00000002850305,chink_clink,"Chink, clink",0.5574142336845398,False,benchmark_data/expanded_generated/ced/real/office/15/1-88807-A-39.wav
benchmark_data/external/esc50/audio/1-88807-A-39.wav,1-88807-A-39,glass_breaking,office,10,10.000000379824545,chink_clink,"Chink, clink",0.6166402101516724,False,benchmark_data/expanded_generated/ced/real/office/10/1-88807-A-39.wav
benchmark_data/external/esc50/audio/1-88807-A-39.wav,1-88807-A-39,glass_breaking,office,5,4.999999770763239,keys_jangling,Keys jangling,0.551753580570221,False,benchmark_data/expanded_generated/ced/real/office/5/1-88807-A-39.wav
benchmark_data/external/esc50/audio/1-88807-A-39.wav,1-88807-A-39,glass_breaking,office,0,-3.0147332876767624e-07,keys_jangling,Keys jangling,0.5493648052215576,False,benchmark_data/expanded_generated/ced/real/office/0/1-88807-A-39.wav
benchmark_data/external/esc50/audio/1-977-A-39.wav,1-977-A-39,glass_breaking,office,20,19.999999795895032,breaking,Breaking,0.6488675475120544,False,benchmark_data/expanded_generated/ced/real/office/20/1-977-A-39.wav
benchmark_data/external/esc50/audio/1-977-A-39.wav,1-977-A-39,glass_breaking,office,15,14.999999870654921,breaking,Breaking,0.6542349457740784,False,benchmark_data/expanded_generated/ced/real/office/15/1-977-A-39.wav
benchmark_data/external/esc50/audio/1-977-A-39.wav,1-977-A-39,glass_breaking,office,10,10.000000076528687,breaking,Breaking,0.6325322985649109,False,benchmark_data/expanded_generated/ced/real/office/10/1-977-A-39.wav
benchmark_data/external/esc50/audio/1-977-A-39.wav,1-977-A-39,glass_breaking,office,5,5.000000160363333,breaking,Breaking,0.5644956827163696,False,benchmark_data/expanded_generated/ced/real/office/5/1-977-A-39.wav
benchmark_data/external/esc50/audio/1-977-A-39.wav,1-977-A-39,glass_breaking,office,0,-3.585245593438616e-07,breaking,Breaking,0.60371994972229,False,benchmark_data/expanded_generated/ced/real/office/0/1-977-A-39.wav
benchmark_data/external/esc50/audio/2-106881-A-39.wav,2-106881-A-39,glass_breaking,office,20,19.999999735160237,crushing,Crushing,0.5546023845672607,False,benchmark_data/expanded_generated/ced/real/office/20/2-106881-A-39.wav
benchmark_data/external/esc50/audio/2-106881-A-39.wav,2-106881-A-39,glass_breaking,office,15,14.99999981790583,crushing,Crushing,0.5812830328941345,False,benchmark_data/expanded_generated/ced/real/office/15/2-106881-A-39.wav
benchmark_data/external/esc50/audio/2-106881-A-39.wav,2-106881-A-39,glass_breaking,office,10,9.999999859808845,crackle,Crackle,0.5761468410491943,False,benchmark_data/expanded_generated/ced/real/office/10/2-106881-A-39.wav
benchmark_data/external/esc50/audio/2-106881-A-39.wav,2-106881-A-39,glass_breaking,office,5,4.999999986684948,crackle,Crackle,0.5776425004005432,False,benchmark_data/expanded_generated/ced/real/office/5/2-106881-A-39.wav
benchmark_data/external/esc50/audio/2-106881-A-39.wav,2-106881-A-39,glass_breaking,office,0,1.702456299282793e-07,crackle,Crackle,0.5540264248847961,False,benchmark_data/expanded_generated/ced/real/office/0/2-106881-A-39.wav
benchmark_data/external/esc50/audio/2-112213-A-39.wav,2-112213-A-39,glass_breaking,office,20,19.999999891225222,glass,Glass,0.7111505270004272,False,benchmark_data/expanded_generated/ced/real/office/20/2-112213-A-39.wav
benchmark_data/external/esc50/audio/2-112213-A-39.wav,2-112213-A-39,glass_breaking,office,15,15.000000083399721,glass,Glass,0.7095295786857605,False,benchmark_data/expanded_generated/ced/real/office/15/2-112213-A-39.wav
benchmark_data/external/esc50/audio/2-112213-A-39.wav,2-112213-A-39,glass_breaking,office,10,9.99999988894564,glass,Glass,0.7113924026489258,False,benchmark_data/expanded_generated/ced/real/office/10/2-112213-A-39.wav
benchmark_data/external/esc50/audio/2-112213-A-39.wav,2-112213-A-39,glass_breaking,office,5,4.999999841206272,glass,Glass,0.7132831811904907,False,benchmark_data/expanded_generated/ced/real/office/5/2-112213-A-39.wav
benchmark_data/external/esc50/audio/2-112213-A-39.wav,2-112213-A-39,glass_breaking,office,0,-1.3759600407115632e-07,glass,Glass,0.7096927165985107,False,benchmark_data/expanded_generated/ced/real/office/0/2-112213-A-39.wav
benchmark_data/external/esc50/audio/1-31482-A-42.wav,1-31482-A-42,siren,office,20,20.000000147774976,siren,Siren,0.6205376982688904,True,benchmark_data/expanded_generated/ced/real/office/20/1-31482-A-42.wav
benchmark_data/external/esc50/audio/1-31482-A-42.wav,1-31482-A-42,siren,office,15,15.000000257293863,siren,Siren,0.6076216101646423,True,benchmark_data/expanded_generated/ced/real/office/15/1-31482-A-42.wav
benchmark_data/external/esc50/audio/1-31482-A-42.wav,1-31482-A-42,siren,office,10,10.000000255361028,siren,Siren,0.6030274629592896,True,benchmark_data/expanded_generated/ced/real/office/10/1-31482-A-42.wav
benchmark_data/external/esc50/audio/1-31482-A-42.wav,1-31482-A-42,siren,office,5,5.000000239784578,siren,Siren,0.6193008422851562,True,benchmark_data/expanded_generated/ced/real/office/5/1-31482-A-42.wav
benchmark_data/external/esc50/audio/1-31482-A-42.wav,1-31482-A-42,siren,office,0,-3.3016624525852326e-09,siren,Siren,0.5869837403297424,True,benchmark_data/expanded_generated/ced/real/office/0/1-31482-A-42.wav
benchmark_data/external/esc50/audio/1-31482-B-42.wav,1-31482-B-42,siren,office,20,19.999999934378895,emergency_vehicle,Emergency vehicle,0.6770525574684143,False,benchmark_data/expanded_generated/ced/real/office/20/1-31482-B-42.wav
benchmark_data/external/esc50/audio/1-31482-B-42.wav,1-31482-B-42,siren,office,15,14.999999863125097,emergency_vehicle,Emergency vehicle,0.6778076887130737,False,benchmark_data/expanded_generated/ced/real/office/15/1-31482-B-42.wav
benchmark_data/external/esc50/audio/1-31482-B-42.wav,1-31482-B-42,siren,office,10,10.000000082305275,emergency_vehicle,Emergency vehicle,0.6770081520080566,False,benchmark_data/expanded_generated/ced/real/office/10/1-31482-B-42.wav
benchmark_data/external/esc50/audio/1-31482-B-42.wav,1-31482-B-42,siren,office,5,5.0000000534307425,emergency_vehicle,Emergency vehicle,0.6795462369918823,False,benchmark_data/expanded_generated/ced/real/office/5/1-31482-B-42.wav
benchmark_data/external/esc50/audio/1-31482-B-42.wav,1-31482-B-42,siren,office,0,2.6893140989313323e-07,emergency_vehicle,Emergency vehicle,0.6557631492614746,False,benchmark_data/expanded_generated/ced/real/office/0/1-31482-B-42.wav
benchmark_data/external/esc50/audio/1-54084-A-42.wav,1-54084-A-42,siren,office,20,19.999999836314185,siren,Siren,0.6905890703201294,True,benchmark_data/expanded_generated/ced/real/office/20/1-54084-A-42.wav
benchmark_data/external/esc50/audio/1-54084-A-42.wav,1-54084-A-42,siren,office,15,15.000000286895094,siren,Siren,0.7076998949050903,True,benchmark_data/expanded_generated/ced/real/office/15/1-54084-A-42.wav
benchmark_data/external/esc50/audio/1-54084-A-42.wav,1-54084-A-42,siren,office,10,9.999999693414686,civil_defense_siren,Civil defense siren,0.687929630279541,False,benchmark_data/expanded_generated/ced/real/office/10/1-54084-A-42.wav
benchmark_data/external/esc50/audio/1-54084-A-42.wav,1-54084-A-42,siren,office,5,4.999999815075069,siren,Siren,0.7013781666755676,True,benchmark_data/expanded_generated/ced/real/office/5/1-54084-A-42.wav
benchmark_data/external/esc50/audio/1-54084-A-42.wav,1-54084-A-42,siren,office,0,1.990199850385802e-08,siren,Siren,0.6894792914390564,True,benchmark_data/expanded_generated/ced/real/office/0/1-54084-A-42.wav
benchmark_data/external/esc50/audio/1-76831-A-42.wav,1-76831-A-42,siren,office,20,19.999999958170964,police_car_siren,Police car (siren),0.7065061330795288,False,benchmark_data/expanded_generated/ced/real/office/20/1-76831-A-42.wav
benchmark_data/external/esc50/audio/1-76831-A-42.wav,1-76831-A-42,siren,office,15,15.000000068974678,police_car_siren,Police car (siren),0.6936594843864441,False,benchmark_data/expanded_generated/ced/real/office/15/1-76831-A-42.wav
benchmark_data/external/esc50/audio/1-76831-A-42.wav,1-76831-A-42,siren,office,10,9.999999918279377,police_car_siren,Police car (siren),0.6997652649879456,False,benchmark_data/expanded_generated/ced/real/office/10/1-76831-A-42.wav
benchmark_data/external/esc50/audio/1-76831-A-42.wav,1-76831-A-42,siren,office,5,4.9999996477955735,police_car_siren,Police car (siren),0.6829249858856201,False,benchmark_data/expanded_generated/ced/real/office/5/1-76831-A-42.wav
benchmark_data/external/esc50/audio/1-76831-A-42.wav,1-76831-A-42,siren,office,0,1.8082120824641172e-07,police_car_siren,Police car (siren),0.684124767780304,False,benchmark_data/expanded_generated/ced/real/office/0/1-76831-A-42.wav
benchmark_data/external/esc50/audio/1-76831-B-42.wav,1-76831-B-42,siren,office,20,20.00000005206081,siren,Siren,0.686598539352417,True,benchmark_data/expanded_generated/ced/real/office/20/1-76831-B-42.wav
benchmark_data/external/esc50/audio/1-76831-B-42.wav,1-76831-B-42,siren,office,15,14.999999764972621,siren,Siren,0.6720614433288574,True,benchmark_data/expanded_generated/ced/real/office/15/1-76831-B-42.wav
benchmark_data/external/esc50/audio/1-76831-B-42.wav,1-76831-B-42,siren,office,10,10.000000222136778,siren,Siren,0.669365644454956,True,benchmark_data/expanded_generated/ced/real/office/10/1-76831-B-42.wav
benchmark_data/external/esc50/audio/1-76831-B-42.wav,1-76831-B-42,siren,office,5,5.000000202896229,siren,Siren,0.6625872254371643,True,benchmark_data/expanded_generated/ced/real/office/5/1-76831-B-42.wav
benchmark_data/external/esc50/audio/1-76831-B-42.wav,1-76831-B-42,siren,office,0,-1.9681783246521644e-07,siren,Siren,0.6554423570632935,True,benchmark_data/expanded_generated/ced/real/office/0/1-76831-B-42.wav
benchmark_data/external/esc50/audio/1-76831-C-42.wav,1-76831-C-42,siren,office,20,19.99999976003517,siren,Siren,0.6843221187591553,True,benchmark_data/expanded_generated/ced/real/office/20/1-76831-C-42.wav
benchmark_data/external/esc50/audio/1-76831-C-42.wav,1-76831-C-42,siren,office,15,15.000000053729279,siren,Siren,0.6779423356056213,True,benchmark_data/expanded_generated/ced/real/office/15/1-76831-C-42.wav
benchmark_data/external/esc50/audio/1-76831-C-42.wav,1-76831-C-42,siren,office,10,9.999999961009262,siren,Siren,0.6739541888237,True,benchmark_data/expanded_generated/ced/real/office/10/1-76831-C-42.wav
benchmark_data/external/esc50/audio/1-76831-C-42.wav,1-76831-C-42,siren,office,5,4.9999999651726394,siren,Siren,0.6568916440010071,True,benchmark_data/expanded_generated/ced/real/office/5/1-76831-C-42.wav
benchmark_data/external/esc50/audio/1-76831-C-42.wav,1-76831-C-42,siren,office,0,2.6982223240762154e-07,siren,Siren,0.6632975339889526,True,benchmark_data/expanded_generated/ced/real/office/0/1-76831-C-42.wav
benchmark_data/external/esc50/audio/1-76831-D-42.wav,1-76831-D-42,siren,office,20,20.0000001775687,siren,Siren,0.6950808763504028,True,benchmark_data/expanded_generated/ced/real/office/20/1-76831-D-42.wav
benchmark_data/external/esc50/audio/1-76831-D-42.wav,1-76831-D-42,siren,office,15,14.999999932704831,siren,Siren,0.7071385383605957,True,benchmark_data/expanded_generated/ced/real/office/15/1-76831-D-42.wav
benchmark_data/external/esc50/audio/1-76831-D-42.wav,1-76831-D-42,siren,office,10,10.000000212210802,siren,Siren,0.7039991021156311,True,benchmark_data/expanded_generated/ced/real/office/10/1-76831-D-42.wav
benchmark_data/external/esc50/audio/1-76831-D-42.wav,1-76831-D-42,siren,office,5,4.9999998438992375,police_car_siren,Police car (siren),0.6981295347213745,False,benchmark_data/expanded_generated/ced/real/office/5/1-76831-D-42.wav
benchmark_data/external/esc50/audio/1-76831-D-42.wav,1-76831-D-42,siren,office,0,-3.0275128309858503e-07,siren,Siren,0.6801896691322327,True,benchmark_data/expanded_generated/ced/real/office/0/1-76831-D-42.wav
benchmark_data/external/esc50/audio/1-76831-E-42.wav,1-76831-E-42,siren,office,20,19.999999666131274,siren,Siren,0.7045565247535706,True,benchmark_data/expanded_generated/ced/real/office/20/1-76831-E-42.wav
benchmark_data/external/esc50/audio/1-76831-E-42.wav,1-76831-E-42,siren,office,15,15.000000435170623,siren,Siren,0.7051120400428772,True,benchmark_data/expanded_generated/ced/real/office/15/1-76831-E-42.wav
benchmark_data/external/esc50/audio/1-76831-E-42.wav,1-76831-E-42,siren,office,10,9.99999976009796,siren,Siren,0.6988584995269775,True,benchmark_data/expanded_generated/ced/real/office/10/1-76831-E-42.wav
benchmark_data/external/esc50/audio/1-76831-E-42.wav,1-76831-E-42,siren,office,5,5.000000050193205,siren,Siren,0.6987165808677673,True,benchmark_data/expanded_generated/ced/real/office/5/1-76831-E-42.wav
benchmark_data/external/esc50/audio/1-76831-E-42.wav,1-76831-E-42,siren,office,0,-3.121238369919517e-07,siren,Siren,0.6916035413742065,True,benchmark_data/expanded_generated/ced/real/office/0/1-76831-E-42.wav
benchmark_data/external/esc50/audio/2-43802-A-42.wav,2-43802-A-42,siren,office,20,19.999999910549896,siren,Siren,0.6591752767562866,True,benchmark_data/expanded_generated/ced/real/office/20/2-43802-A-42.wav
benchmark_data/external/esc50/audio/2-43802-A-42.wav,2-43802-A-42,siren,office,15,15.000000048094588,siren,Siren,0.6518886685371399,True,benchmark_data/expanded_generated/ced/real/office/15/2-43802-A-42.wav
benchmark_data/external/esc50/audio/2-43802-A-42.wav,2-43802-A-42,siren,office,10,10.000000061107121,siren,Siren,0.6555550694465637,True,benchmark_data/expanded_generated/ced/real/office/10/2-43802-A-42.wav
benchmark_data/external/esc50/audio/2-43802-A-42.wav,2-43802-A-42,siren,office,5,5.000000295785627,siren,Siren,0.6444329619407654,True,benchmark_data/expanded_generated/ced/real/office/5/2-43802-A-42.wav
benchmark_data/external/esc50/audio/2-43802-A-42.wav,2-43802-A-42,siren,office,0,1.635424086723002e-07,siren,Siren,0.649841845035553,True,benchmark_data/expanded_generated/ced/real/office/0/2-43802-A-42.wav
benchmark_data/external/esc50/audio/2-43806-A-42.wav,2-43806-A-42,siren,office,20,19.999999994479943,emergency_vehicle,Emergency vehicle,0.6577805280685425,False,benchmark_data/expanded_generated/ced/real/office/20/2-43806-A-42.wav
benchmark_data/external/esc50/audio/2-43806-A-42.wav,2-43806-A-42,siren,office,15,15.00000005205695,emergency_vehicle,Emergency vehicle,0.663043200969696,False,benchmark_data/expanded_generated/ced/real/office/15/2-43806-A-42.wav
benchmark_data/external/esc50/audio/2-43806-A-42.wav,2-43806-A-42,siren,office,10,10.000000310263124,emergency_vehicle,Emergency vehicle,0.6665401458740234,False,benchmark_data/expanded_generated/ced/real/office/10/2-43806-A-42.wav
benchmark_data/external/esc50/audio/2-43806-A-42.wav,2-43806-A-42,siren,office,5,4.999999824081468,emergency_vehicle,Emergency vehicle,0.6627342700958252,False,benchmark_data/expanded_generated/ced/real/office/5/2-43806-A-42.wav
benchmark_data/external/esc50/audio/2-43806-A-42.wav,2-43806-A-42,siren,office,0,-9.653024846743786e-08,emergency_vehicle,Emergency vehicle,0.64608234167099,False,benchmark_data/expanded_generated/ced/real/office/0/2-43806-A-42.wav
benchmark_data/external/esc50/audio/1-17124-A-43.wav,1-17124-A-43,vehicle_horn,office,20,19.999999844121582,vehicle_horn,"Vehicle horn, car horn, honking",0.7022595405578613,True,benchmark_data/expanded_generated/ced/real/office/20/1-17124-A-43.wav
benchmark_data/external/esc50/audio/1-17124-A-43.wav,1-17124-A-43,vehicle_horn,office,15,14.99999990814599,vehicle_horn,"Vehicle horn, car horn, honking",0.7007219791412354,True,benchmark_data/expanded_generated/ced/real/office/15/1-17124-A-43.wav
benchmark_data/external/esc50/audio/1-17124-A-43.wav,1-17124-A-43,vehicle_horn,office,10,9.999999767233552,vehicle_horn,"Vehicle horn, car horn, honking",0.6897887587547302,True,benchmark_data/expanded_generated/ced/real/office/10/1-17124-A-43.wav
benchmark_data/external/esc50/audio/1-17124-A-43.wav,1-17124-A-43,vehicle_horn,office,5,5.00000003542167,vehicle_horn,"Vehicle horn, car horn, honking",0.6740217804908752,True,benchmark_data/expanded_generated/ced/real/office/5/1-17124-A-43.wav
benchmark_data/external/esc50/audio/1-17124-A-43.wav,1-17124-A-43,vehicle_horn,office,0,-3.306554726161645e-07,vehicle_horn,"Vehicle horn, car horn, honking",0.6830214858055115,True,benchmark_data/expanded_generated/ced/real/office/0/1-17124-A-43.wav
benchmark_data/external/esc50/audio/1-19026-A-43.wav,1-19026-A-43,vehicle_horn,office,20,19.999999843387005,vehicle_horn,"Vehicle horn, car horn, honking",0.7079746723175049,True,benchmark_data/expanded_generated/ced/real/office/20/1-19026-A-43.wav
benchmark_data/external/esc50/audio/1-19026-A-43.wav,1-19026-A-43,vehicle_horn,office,15,15.000000167779344,vehicle_horn,"Vehicle horn, car horn, honking",0.70015949010849,True,benchmark_data/expanded_generated/ced/real/office/15/1-19026-A-43.wav
benchmark_data/external/esc50/audio/1-19026-A-43.wav,1-19026-A-43,vehicle_horn,office,10,9.999999794545085,vehicle_horn,"Vehicle horn, car horn, honking",0.6949533224105835,True,benchmark_data/expanded_generated/ced/real/office/10/1-19026-A-43.wav
benchmark_data/external/esc50/audio/1-19026-A-43.wav,1-19026-A-43,vehicle_horn,office,5,4.999999859840917,vehicle_horn,"Vehicle horn, car horn, honking",0.6569846272468567,True,benchmark_data/expanded_generated/ced/real/office/5/1-19026-A-43.wav
benchmark_data/external/esc50/audio/1-19026-A-43.wav,1-19026-A-43,vehicle_horn,office,0,4.5011119014505257e-07,vehicle_horn,"Vehicle horn, car horn, honking",0.653627336025238,True,benchmark_data/expanded_generated/ced/real/office/0/1-19026-A-43.wav
benchmark_data/external/esc50/audio/1-24074-A-43.wav,1-24074-A-43,vehicle_horn,office,20,20.000000201332032,vehicle,Vehicle,0.680715799331665,False,benchmark_data/expanded_generated/ced/real/office/20/1-24074-A-43.wav
benchmark_data/external/esc50/audio/1-24074-A-43.wav,1-24074-A-43,vehicle_horn,office,15,14.999999690593345,vehicle,Vehicle,0.6808047294616699,False,benchmark_data/expanded_generated/ced/real/office/15/1-24074-A-43.wav
benchmark_data/external/esc50/audio/1-24074-A-43.wav,1-24074-A-43,vehicle_horn,office,10,9.999999890670203,vehicle,Vehicle,0.6811183094978333,False,benchmark_data/expanded_generated/ced/real/office/10/1-24074-A-43.wav
benchmark_data/external/esc50/audio/1-24074-A-43.wav,1-24074-A-43,vehicle_horn,office,5,5.00000022252145,vehicle,Vehicle,0.6768360733985901,False,benchmark_data/expanded_generated/ced/real/office/5/1-24074-A-43.wav
benchmark_data/external/esc50/audio/1-24074-A-43.wav,1-24074-A-43,vehicle_horn,office,0,-2.4283874836958534e-07,vehicle,Vehicle,0.647744357585907,False,benchmark_data/expanded_generated/ced/real/office/0/1-24074-A-43.wav
benchmark_data/external/esc50/audio/1-24076-A-43.wav,1-24076-A-43,vehicle_horn,office,20,19.999999897112332,vehicle,Vehicle,0.6845213174819946,False,benchmark_data/expanded_generated/ced/real/office/20/1-24076-A-43.wav
benchmark_data/external/esc50/audio/1-24076-A-43.wav,1-24076-A-43,vehicle_horn,office,15,15.000000335192363,vehicle,Vehicle,0.6855000257492065,False,benchmark_data/expanded_generated/ced/real/office/15/1-24076-A-43.wav
benchmark_data/external/esc50/audio/1-24076-A-43.wav,1-24076-A-43,vehicle_horn,office,10,9.999999841767554,vehicle,Vehicle,0.6880731582641602,False,benchmark_data/expanded_generated/ced/real/office/10/1-24076-A-43.wav
benchmark_data/external/esc50/audio/1-24076-A-43.wav,1-24076-A-43,vehicle_horn,office,5,5.000000383054644,vehicle,Vehicle,0.6850897073745728,False,benchmark_data/expanded_generated/ced/real/office/5/1-24076-A-43.wav
benchmark_data/external/esc50/audio/1-24076-A-43.wav,1-24076-A-43,vehicle_horn,office,0,-4.0095357330729407e-07,vehicle,Vehicle,0.6799747943878174,False,benchmark_data/expanded_generated/ced/real/office/0/1-24076-A-43.wav
benchmark_data/external/esc50/audio/1-254507-A-43.wav,1-254507-A-43,vehicle_horn,office,20,20.000000286611403,music,Music,0.5727458000183105,False,benchmark_data/expanded_generated/ced/real/office/20/1-254507-A-43.wav
benchmark_data/external/esc50/audio/1-254507-A-43.wav,1-254507-A-43,vehicle_horn,office,15,14.99999996850795,vehicle,Vehicle,0.5561234354972839,False,benchmark_data/expanded_generated/ced/real/office/15/1-254507-A-43.wav
benchmark_data/external/esc50/audio/1-254507-A-43.wav,1-254507-A-43,vehicle_horn,office,10,9.999999920435625,vehicle,Vehicle,0.5686920285224915,False,benchmark_data/expanded_generated/ced/real/office/10/1-254507-A-43.wav
benchmark_data/external/esc50/audio/1-254507-A-43.wav,1-254507-A-43,vehicle_horn,office,5,4.999999978846603,music,Music,0.5674626231193542,False,benchmark_data/expanded_generated/ced/real/office/5/1-254507-A-43.wav
benchmark_data/external/esc50/audio/1-254507-A-43.wav,1-254507-A-43,vehicle_horn,office,0,1.1689842292987104e-07,vehicle,Vehicle,0.5943161249160767,False,benchmark_data/expanded_generated/ced/real/office/0/1-254507-A-43.wav
benchmark_data/external/esc50/audio/1-26176-A-43.wav,1-26176-A-43,vehicle_horn,office,20,20.000000026038226,speech,Speech,0.6611220836639404,False,benchmark_data/expanded_generated/ced/real/office/20/1-26176-A-43.wav
benchmark_data/external/esc50/audio/1-26176-A-43.wav,1-26176-A-43,vehicle_horn,office,15,15.000000162665188,vehicle,Vehicle,0.6401649117469788,False,benchmark_data/expanded_generated/ced/real/office/15/1-26176-A-43.wav
benchmark_data/external/esc50/audio/1-26176-A-43.wav,1-26176-A-43,vehicle_horn,office,10,9.999999982970733,vehicle,Vehicle,0.6229328513145447,False,benchmark_data/expanded_generated/ced/real/office/10/1-26176-A-43.wav
benchmark_data/external/esc50/audio/1-26176-A-43.wav,1-26176-A-43,vehicle_horn,office,5,4.999999909179615,vehicle,Vehicle,0.6530707478523254,False,benchmark_data/expanded_generated/ced/real/office/5/1-26176-A-43.wav
benchmark_data/external/esc50/audio/1-26176-A-43.wav,1-26176-A-43,vehicle_horn,office,0,1.2265840339700567e-08,vehicle,Vehicle,0.654625415802002,False,benchmark_data/expanded_generated/ced/real/office/0/1-26176-A-43.wav
benchmark_data/external/esc50/audio/1-26177-A-43.wav,1-26177-A-43,vehicle_horn,office,20,19.99999981807122,vehicle,Vehicle,0.6560238003730774,False,benchmark_data/expanded_generated/ced/real/office/20/1-26177-A-43.wav
benchmark_data/external/esc50/audio/1-26177-A-43.wav,1-26177-A-43,vehicle_horn,office,15,15.00000011299116,vehicle,Vehicle,0.6626672148704529,False,benchmark_data/expanded_generated/ced/real/office/15/1-26177-A-43.wav
benchmark_data/external/esc50/audio/1-26177-A-43.wav,1-26177-A-43,vehicle_horn,office,10,9.999999950790762,vehicle,Vehicle,0.6417830586433411,False,benchmark_data/expanded_generated/ced/real/office/10/1-26177-A-43.wav
benchmark_data/external/esc50/audio/1-26177-A-43.wav,1-26177-A-43,vehicle_horn,office,5,5.000000284531958,vehicle,Vehicle,0.6582285761833191,False,benchmark_data/expanded_generated/ced/real/office/5/1-26177-A-43.wav
benchmark_data/external/esc50/audio/1-26177-A-43.wav,1-26177-A-43,vehicle_horn,office,0,-2.679015401776827e-07,vehicle,Vehicle,0.6551533341407776,False,benchmark_data/expanded_generated/ced/real/office/0/1-26177-A-43.wav
benchmark_data/external/esc50/audio/1-28808-A-43.wav,1-28808-A-43,vehicle_horn,office,20,20.000000152021823,toot,Toot,0.7023243308067322,False,benchmark_data/expanded_generated/ced/real/office/20/1-28808-A-43.wav
benchmark_data/external/esc50/audio/1-28808-A-43.wav,1-28808-A-43,vehicle_horn,office,15,14.999999765457115,toot,Toot,0.7024220824241638,False,benchmark_data/expanded_generated/ced/real/office/15/1-28808-A-43.wav
benchmark_data/external/esc50/audio/1-28808-A-43.wav,1-28808-A-43,vehicle_horn,office,10,10.000000300586029,toot,Toot,0.7020676732063293,False,benchmark_data/expanded_generated/ced/real/office/10/1-28808-A-43.wav
benchmark_data/external/esc50/audio/1-28808-A-43.wav,1-28808-A-43,vehicle_horn,office,5,4.999999835066232,toot,Toot,0.70221346616745,False,benchmark_data/expanded_generated/ced/real/office/5/1-28808-A-43.wav
benchmark_data/external/esc50/audio/1-28808-A-43.wav,1-28808-A-43,vehicle_horn,office,0,-2.343429235967819e-07,toot,Toot,0.6991052627563477,False,benchmark_data/expanded_generated/ced/real/office/0/1-28808-A-43.wav
benchmark_data/external/esc50/audio/2-100648-A-43.wav,2-100648-A-43,vehicle_horn,office,20,20.000000246689503,vehicle,Vehicle,0.6731828451156616,False,benchmark_data/expanded_generated/ced/real/office/20/2-100648-A-43.wav
benchmark_data/external/esc50/audio/2-100648-A-43.wav,2-100648-A-43,vehicle_horn,office,15,14.999999771028394,vehicle,Vehicle,0.6747974753379822,False,benchmark_data/expanded_generated/ced/real/office/15/2-100648-A-43.wav
benchmark_data/external/esc50/audio/2-100648-A-43.wav,2-100648-A-43,vehicle_horn,office,10,10.000000207587561,vehicle,Vehicle,0.6810318231582642,False,benchmark_data/expanded_generated/ced/real/office/10/2-100648-A-43.wav
benchmark_data/external/esc50/audio/2-100648-A-43.wav,2-100648-A-43,vehicle_horn,office,5,5.000000092546934,vehicle,Vehicle,0.6762600541114807,False,benchmark_data/expanded_generated/ced/real/office/5/2-100648-A-43.wav
benchmark_data/external/esc50/audio/2-100648-A-43.wav,2-100648-A-43,vehicle_horn,office,0,-1.304865299808796e-07,vehicle,Vehicle,0.6790077090263367,False,benchmark_data/expanded_generated/ced/real/office/0/2-100648-A-43.wav
benchmark_data/external/esc50/audio/2-125520-A-43.wav,2-125520-A-43,vehicle_horn,office,20,20.00000020514756,vehicle_horn,"Vehicle horn, car horn, honking",0.6514795422554016,True,benchmark_data/expanded_generated/ced/real/office/20/2-125520-A-43.wav
benchmark_data/external/esc50/audio/2-125520-A-43.wav,2-125520-A-43,vehicle_horn,office,15,15.000000056132677,vehicle_horn,"Vehicle horn, car horn, honking",0.6383233666419983,True,benchmark_data/expanded_generated/ced/real/office/15/2-125520-A-43.wav
benchmark_data/external/esc50/audio/2-125520-A-43.wav,2-125520-A-43,vehicle_horn,office,10,10.000000000607404,vehicle,Vehicle,0.6494084000587463,False,benchmark_data/expanded_generated/ced/real/office/10/2-125520-A-43.wav
benchmark_data/external/esc50/audio/2-125520-A-43.wav,2-125520-A-43,vehicle_horn,office,5,4.999999721053849,vehicle,Vehicle,0.6445255279541016,False,benchmark_data/expanded_generated/ced/real/office/5/2-125520-A-43.wav
benchmark_data/external/esc50/audio/2-125520-A-43.wav,2-125520-A-43,vehicle_horn,office,0,-2.7507362683278756e-07,vehicle,Vehicle,0.6310451626777649,False,benchmark_data/expanded_generated/ced/real/office/0/2-125520-A-43.wav
benchmark_data/external/esc50/audio/1-187207-A-20.wav,1-187207-A-20,baby_crying,home,20,19.99999990631217,laughter,Laughter,0.5687574148178101,False,benchmark_data/expanded_generated/ced/real/home/20/1-187207-A-20.wav
benchmark_data/external/esc50/audio/1-187207-A-20.wav,1-187207-A-20,baby_crying,home,15,14.999999761947539,laughter,Laughter,0.5874578356742859,False,benchmark_data/expanded_generated/ced/real/home/15/1-187207-A-20.wav
benchmark_data/external/esc50/audio/1-187207-A-20.wav,1-187207-A-20,baby_crying,home,10,10.000000138126154,music,Music,0.5792099237442017,False,benchmark_data/expanded_generated/ced/real/home/10/1-187207-A-20.wav
benchmark_data/external/esc50/audio/1-187207-A-20.wav,1-187207-A-20,baby_crying,home,5,4.999999899839792,music,Music,0.6057202816009521,False,benchmark_data/expanded_generated/ced/real/home/5/1-187207-A-20.wav
benchmark_data/external/esc50/audio/1-187207-A-20.wav,1-187207-A-20,baby_crying,home,0,-2.3324786026798208e-07,music,Music,0.6009956002235413,False,benchmark_data/expanded_generated/ced/real/home/0/1-187207-A-20.wav
benchmark_data/external/esc50/audio/1-211527-A-20.wav,1-211527-A-20,baby_crying,home,20,19.999999768296956,baby_crying,"Baby cry, infant cry",0.6017439365386963,True,benchmark_data/expanded_generated/ced/real/home/20/1-211527-A-20.wav
benchmark_data/external/esc50/audio/1-211527-A-20.wav,1-211527-A-20,baby_crying,home,15,15.000000237412435,baby_crying,"Baby cry, infant cry",0.5928648114204407,True,benchmark_data/expanded_generated/ced/real/home/15/1-211527-A-20.wav
benchmark_data/external/esc50/audio/1-211527-A-20.wav,1-211527-A-20,baby_crying,home,10,10.000000103886267,baby_crying,"Baby cry, infant cry",0.6309417486190796,True,benchmark_data/expanded_generated/ced/real/home/10/1-211527-A-20.wav
benchmark_data/external/esc50/audio/1-211527-A-20.wav,1-211527-A-20,baby_crying,home,5,4.999999805536132,baby_crying,"Baby cry, infant cry",0.6255074143409729,True,benchmark_data/expanded_generated/ced/real/home/5/1-211527-A-20.wav
benchmark_data/external/esc50/audio/1-211527-A-20.wav,1-211527-A-20,baby_crying,home,0,-4.3007831634701355e-08,music,Music,0.6150753498077393,False,benchmark_data/expanded_generated/ced/real/home/0/1-211527-A-20.wav
benchmark_data/external/esc50/audio/1-211527-B-20.wav,1-211527-B-20,baby_crying,home,20,19.999999813813993,crying_sobbing,"Crying, sobbing",0.6357406973838806,False,benchmark_data/expanded_generated/ced/real/home/20/1-211527-B-20.wav
benchmark_data/external/esc50/audio/1-211527-B-20.wav,1-211527-B-20,baby_crying,home,15,14.99999994890574,crying_sobbing,"Crying, sobbing",0.6414386034011841,False,benchmark_data/expanded_generated/ced/real/home/15/1-211527-B-20.wav
benchmark_data/external/esc50/audio/1-211527-B-20.wav,1-211527-B-20,baby_crying,home,10,10.000000158750993,crying_sobbing,"Crying, sobbing",0.6323666572570801,False,benchmark_data/expanded_generated/ced/real/home/10/1-211527-B-20.wav
benchmark_data/external/esc50/audio/1-211527-B-20.wav,1-211527-B-20,baby_crying,home,5,5.00000023099986,crying_sobbing,"Crying, sobbing",0.656266987323761,False,benchmark_data/expanded_generated/ced/real/home/5/1-211527-B-20.wav
benchmark_data/external/esc50/audio/1-211527-B-20.wav,1-211527-B-20,baby_crying,home,0,2.4349772287553754e-07,music,Music,0.6166374683380127,False,benchmark_data/expanded_generated/ced/real/home/0/1-211527-B-20.wav
benchmark_data/external/esc50/audio/1-211527-C-20.wav,1-211527-C-20,baby_crying,home,20,20.000000082226794,baby_crying,"Baby cry, infant cry",0.6089500188827515,True,benchmark_data/expanded_generated/ced/real/home/20/1-211527-C-20.wav
benchmark_data/external/esc50/audio/1-211527-C-20.wav,1-211527-C-20,baby_crying,home,15,14.999999670673672,baby_crying,"Baby cry, infant cry",0.6206854581832886,True,benchmark_data/expanded_generated/ced/real/home/15/1-211527-C-20.wav
benchmark_data/external/esc50/audio/1-211527-C-20.wav,1-211527-C-20,baby_crying,home,10,9.99999967107098,baby_crying,"Baby cry, infant cry",0.6518768072128296,True,benchmark_data/expanded_generated/ced/real/home/10/1-211527-C-20.wav
benchmark_data/external/esc50/audio/1-211527-C-20.wav,1-211527-C-20,baby_crying,home,5,5.000000062978385,music,Music,0.6222986578941345,False,benchmark_data/expanded_generated/ced/real/home/5/1-211527-C-20.wav
benchmark_data/external/esc50/audio/1-211527-C-20.wav,1-211527-C-20,baby_crying,home,0,-6.812398238646125e-08,baby_crying,"Baby cry, infant cry",0.6478291153907776,True,benchmark_data/expanded_generated/ced/real/home/0/1-211527-C-20.wav
benchmark_data/external/esc50/audio/1-22694-A-20.wav,1-22694-A-20,baby_crying,home,20,19.999999928964094,crying_sobbing,"Crying, sobbing",0.6462873220443726,False,benchmark_data/expanded_generated/ced/real/home/20/1-22694-A-20.wav
benchmark_data/external/esc50/audio/1-22694-A-20.wav,1-22694-A-20,baby_crying,home,15,14.99999973180918,crying_sobbing,"Crying, sobbing",0.6509908437728882,False,benchmark_data/expanded_generated/ced/real/home/15/1-22694-A-20.wav
benchmark_data/external/esc50/audio/1-22694-A-20.wav,1-22694-A-20,baby_crying,home,10,9.99999993485482,crying_sobbing,"Crying, sobbing",0.6430536508560181,False,benchmark_data/expanded_generated/ced/real/home/10/1-22694-A-20.wav
benchmark_data/external/esc50/audio/1-22694-A-20.wav,1-22694-A-20,baby_crying,home,5,5.000000328113657,baby_crying,"Baby cry, infant cry",0.6260682940483093,True,benchmark_data/expanded_generated/ced/real/home/5/1-22694-A-20.wav
benchmark_data/external/esc50/audio/1-22694-A-20.wav,1-22694-A-20,baby_crying,home,0,-3.835338952860706e-07,baby_crying,"Baby cry, infant cry",0.6316285133361816,True,benchmark_data/expanded_generated/ced/real/home/0/1-22694-A-20.wav
benchmark_data/external/esc50/audio/1-22694-B-20.wav,1-22694-B-20,baby_crying,home,20,20.00000012301325,crying_sobbing,"Crying, sobbing",0.6286819577217102,False,benchmark_data/expanded_generated/ced/real/home/20/1-22694-B-20.wav
benchmark_data/external/esc50/audio/1-22694-B-20.wav,1-22694-B-20,baby_crying,home,15,15.00000039905575,crying_sobbing,"Crying, sobbing",0.5928777456283569,False,benchmark_data/expanded_generated/ced/real/home/15/1-22694-B-20.wav
benchmark_data/external/esc50/audio/1-22694-B-20.wav,1-22694-B-20,baby_crying,home,10,10.000000189521556,crying_sobbing,"Crying, sobbing",0.6387977600097656,False,benchmark_data/expanded_generated/ced/real/home/10/1-22694-B-20.wav
benchmark_data/external/esc50/audio/1-22694-B-20.wav,1-22694-B-20,baby_crying,home,5,5.000000078545269,baby_crying,"Baby cry, infant cry",0.6214601993560791,True,benchmark_data/expanded_generated/ced/real/home/5/1-22694-B-20.wav
benchmark_data/external/esc50/audio/1-22694-B-20.wav,1-22694-B-20,baby_crying,home,0,2.1072114432653424e-07,music,Music,0.580514669418335,False,benchmark_data/expanded_generated/ced/real/home/0/1-22694-B-20.wav
benchmark_data/external/esc50/audio/1-60997-A-20.wav,1-60997-A-20,baby_crying,home,20,20.00000034204719,baby_crying,"Baby cry, infant cry",0.5714300870895386,True,benchmark_data/expanded_generated/ced/real/home/20/1-60997-A-20.wav
benchmark_data/external/esc50/audio/1-60997-A-20.wav,1-60997-A-20,baby_crying,home,15,14.999999783526691,baby_crying,"Baby cry, infant cry",0.6154602766036987,True,benchmark_data/expanded_generated/ced/real/home/15/1-60997-A-20.wav
benchmark_data/external/esc50/audio/1-60997-A-20.wav,1-60997-A-20,baby_crying,home,10,10.000000180915906,music,Music,0.5926803350448608,False,benchmark_data/expanded_generated/ced/real/home/10/1-60997-A-20.wav
benchmark_data/external/esc50/audio/1-60997-A-20.wav,1-60997-A-20,baby_crying,home,5,4.9999998915337045,music,Music,0.6121258735656738,False,benchmark_data/expanded_generated/ced/real/home/5/1-60997-A-20.wav
benchmark_data/external/esc50/audio/1-60997-A-20.wav,1-60997-A-20,baby_crying,home,0,-7.685146385033838e-08,baby_crying,"Baby cry, infant cry",0.6190264821052551,True,benchmark_data/expanded_generated/ced/real/home/0/1-60997-A-20.wav
benchmark_data/external/esc50/audio/1-60997-B-20.wav,1-60997-B-20,baby_crying,home,20,20.00000024486426,baby_crying,"Baby cry, infant cry",0.6124932169914246,True,benchmark_data/expanded_generated/ced/real/home/20/1-60997-B-20.wav
benchmark_data/external/esc50/audio/1-60997-B-20.wav,1-60997-B-20,baby_crying,home,15,15.000000446064917,baby_crying,"Baby cry, infant cry",0.6178886890411377,True,benchmark_data/expanded_generated/ced/real/home/15/1-60997-B-20.wav
benchmark_data/external/esc50/audio/1-60997-B-20.wav,1-60997-B-20,baby_crying,home,10,10.000000216102226,baby_crying,"Baby cry, infant cry",0.6222354173660278,True,benchmark_data/expanded_generated/ced/real/home/10/1-60997-B-20.wav
benchmark_data/external/esc50/audio/1-60997-B-20.wav,1-60997-B-20,baby_crying,home,5,5.000000104795804,baby_crying,"Baby cry, infant cry",0.614965558052063,True,benchmark_data/expanded_generated/ced/real/home/5/1-60997-B-20.wav
benchmark_data/external/esc50/audio/1-60997-B-20.wav,1-60997-B-20,baby_crying,home,0,-2.498554427642338e-07,baby_crying,"Baby cry, infant cry",0.6298855543136597,True,benchmark_data/expanded_generated/ced/real/home/0/1-60997-B-20.wav
benchmark_data/external/esc50/audio/2-107351-A-20.wav,2-107351-A-20,baby_crying,home,20,19.999999936087555,baby_crying,"Baby cry, infant cry",0.6127892732620239,True,benchmark_data/expanded_generated/ced/real/home/20/2-107351-A-20.wav
benchmark_data/external/esc50/audio/2-107351-A-20.wav,2-107351-A-20,baby_crying,home,15,15.000000036275674,crying_sobbing,"Crying, sobbing",0.6303865313529968,False,benchmark_data/expanded_generated/ced/real/home/15/2-107351-A-20.wav
benchmark_data/external/esc50/audio/2-107351-A-20.wav,2-107351-A-20,baby_crying,home,10,10.000000483330155,crying_sobbing,"Crying, sobbing",0.6472119092941284,False,benchmark_data/expanded_generated/ced/real/home/10/2-107351-A-20.wav
benchmark_data/external/esc50/audio/2-107351-A-20.wav,2-107351-A-20,baby_crying,home,5,5.000000245128568,baby_crying,"Baby cry, infant cry",0.6430376172065735,True,benchmark_data/expanded_generated/ced/real/home/5/2-107351-A-20.wav
benchmark_data/external/esc50/audio/2-107351-A-20.wav,2-107351-A-20,baby_crying,home,0,2.412907226570101e-07,music,Music,0.6155199408531189,False,benchmark_data/expanded_generated/ced/real/home/0/2-107351-A-20.wav
benchmark_data/external/esc50/audio/2-107351-B-20.wav,2-107351-B-20,baby_crying,home,20,19.999999808534355,baby_crying,"Baby cry, infant cry",0.617566704750061,True,benchmark_data/expanded_generated/ced/real/home/20/2-107351-B-20.wav
benchmark_data/external/esc50/audio/2-107351-B-20.wav,2-107351-B-20,baby_crying,home,15,14.999999828273914,crying_sobbing,"Crying, sobbing",0.609825849533081,False,benchmark_data/expanded_generated/ced/real/home/15/2-107351-B-20.wav
benchmark_data/external/esc50/audio/2-107351-B-20.wav,2-107351-B-20,baby_crying,home,10,10.000000127059067,baby_crying,"Baby cry, infant cry",0.6217165589332581,True,benchmark_data/expanded_generated/ced/real/home/10/2-107351-B-20.wav
benchmark_data/external/esc50/audio/2-107351-B-20.wav,2-107351-B-20,baby_crying,home,5,5.00000007068718,baby_crying,"Baby cry, infant cry",0.6240559816360474,True,benchmark_data/expanded_generated/ced/real/home/5/2-107351-B-20.wav
benchmark_data/external/esc50/audio/2-107351-B-20.wav,2-107351-B-20,baby_crying,home,0,-3.5921524351961407e-07,baby_crying,"Baby cry, infant cry",0.6220497488975525,True,benchmark_data/expanded_generated/ced/real/home/0/2-107351-B-20.wav
benchmark_data/external/esc50/audio/1-100032-A-0.wav,1-100032-A-0,dog_barking,home,20,19.99999993874018,dog_barking,Bark,0.6959435343742371,True,benchmark_data/expanded_generated/ced/real/home/20/1-100032-A-0.wav
benchmark_data/external/esc50/audio/1-100032-A-0.wav,1-100032-A-0,dog_barking,home,15,15.000000400678227,dog_barking,Bark,0.6762503385543823,True,benchmark_data/expanded_generated/ced/real/home/15/1-100032-A-0.wav
benchmark_data/external/esc50/audio/1-100032-A-0.wav,1-100032-A-0,dog_barking,home,10,9.999999713887481,dog_barking,Bark,0.6503729224205017,True,benchmark_data/expanded_generated/ced/real/home/10/1-100032-A-0.wav
benchmark_data/external/esc50/audio/1-100032-A-0.wav,1-100032-A-0,dog_barking,home,5,5.000000230165526,animal,Animal,0.6312152743339539,False,benchmark_data/expanded_generated/ced/real/home/5/1-100032-A-0.wav
benchmark_data/external/esc50/audio/1-100032-A-0.wav,1-100032-A-0,dog_barking,home,0,9.171835410460324e-08,animal,Animal,0.664252519607544,False,benchmark_data/expanded_generated/ced/real/home/0/1-100032-A-0.wav
benchmark_data/external/esc50/audio/1-110389-A-0.wav,1-110389-A-0,dog_barking,home,20,20.00000047053476,animal,Animal,0.6961280703544617,False,benchmark_data/expanded_generated/ced/real/home/20/1-110389-A-0.wav
benchmark_data/external/esc50/audio/1-110389-A-0.wav,1-110389-A-0,dog_barking,home,15,14.999999578578901,dog_barking,Bark,0.6629775166511536,True,benchmark_data/expanded_generated/ced/real/home/15/1-110389-A-0.wav
benchmark_data/external/esc50/audio/1-110389-A-0.wav,1-110389-A-0,dog_barking,home,10,9.999999948661065,animal,Animal,0.6666960120201111,False,benchmark_data/expanded_generated/ced/real/home/10/1-110389-A-0.wav
benchmark_data/external/esc50/audio/1-110389-A-0.wav,1-110389-A-0,dog_barking,home,5,5.00000024191313,animal,Animal,0.6337798833847046,False,benchmark_data/expanded_generated/ced/real/home/5/1-110389-A-0.wav
benchmark_data/external/esc50/audio/1-110389-A-0.wav,1-110389-A-0,dog_barking,home,0,1.8900899129524764e-07,animal,Animal,0.6238849759101868,False,benchmark_data/expanded_generated/ced/real/home/0/1-110389-A-0.wav
benchmark_data/external/esc50/audio/1-30226-A-0.wav,1-30226-A-0,dog_barking,home,20,20.00000039914776,animal,Animal,0.6809303164482117,False,benchmark_data/expanded_generated/ced/real/home/20/1-30226-A-0.wav
benchmark_data/external/esc50/audio/1-30226-A-0.wav,1-30226-A-0,dog_barking,home,15,15.00000006895526,dog,Dog,0.6781828999519348,False,benchmark_data/expanded_generated/ced/real/home/15/1-30226-A-0.wav
benchmark_data/external/esc50/audio/1-30226-A-0.wav,1-30226-A-0,dog_barking,home,10,9.999999553078371,animal,Animal,0.6859733462333679,False,benchmark_data/expanded_generated/ced/real/home/10/1-30226-A-0.wav
benchmark_data/external/esc50/audio/1-30226-A-0.wav,1-30226-A-0,dog_barking,home,5,5.00000018437591,animal,Animal,0.6566240191459656,False,benchmark_data/expanded_generated/ced/real/home/5/1-30226-A-0.wav
benchmark_data/external/esc50/audio/1-30226-A-0.wav,1-30226-A-0,dog_barking,home,0,-6.067415770477033e-08,animal,Animal,0.6652796268463135,False,benchmark_data/expanded_generated/ced/real/home/0/1-30226-A-0.wav
benchmark_data/external/esc50/audio/1-30344-A-0.wav,1-30344-A-0,dog_barking,home,20,19.999999753261758,dog,Dog,0.6924563050270081,False,benchmark_data/expanded_generated/ced/real/home/20/1-30344-A-0.wav
benchmark_data/external/esc50/audio/1-30344-A-0.wav,1-30344-A-0,dog_barking,home,15,14.999999976262357,animal,Animal,0.6753484010696411,False,benchmark_data/expanded_generated/ced/real/home/15/1-30344-A-0.wav
benchmark_data/external/esc50/audio/1-30344-A-0.wav,1-30344-A-0,dog_barking,home,10,9.99999961175915,animal,Animal,0.666780948638916,False,benchmark_data/expanded_generated/ced/real/home/10/1-30344-A-0.wav
benchmark_data/external/esc50/audio/1-30344-A-0.wav,1-30344-A-0,dog_barking,home,5,5.000000025586681,animal,Animal,0.6392825245857239,False,benchmark_data/expanded_generated/ced/real/home/5/1-30344-A-0.wav
benchmark_data/external/esc50/audio/1-30344-A-0.wav,1-30344-A-0,dog_barking,home,0,-1.3708708794920856e-07,animal,Animal,0.6497332453727722,False,benchmark_data/expanded_generated/ced/real/home/0/1-30344-A-0.wav
benchmark_data/external/esc50/audio/1-32318-A-0.wav,1-32318-A-0,dog_barking,home,20,20.000000401767593,dog,Dog,0.6956681609153748,False,benchmark_data/expanded_generated/ced/real/home/20/1-32318-A-0.wav
benchmark_data/external/esc50/audio/1-32318-A-0.wav,1-32318-A-0,dog_barking,home,15,15.000000305075032,dog,Dog,0.6835359930992126,False,benchmark_data/expanded_generated/ced/real/home/15/1-32318-A-0.wav
benchmark_data/external/esc50/audio/1-32318-A-0.wav,1-32318-A-0,dog_barking,home,10,9.99999991090296,animal,Animal,0.671582043170929,False,benchmark_data/expanded_generated/ced/real/home/10/1-32318-A-0.wav
benchmark_data/external/esc50/audio/1-32318-A-0.wav,1-32318-A-0,dog_barking,home,5,5.000000135227806,animal,Animal,0.652094304561615,False,benchmark_data/expanded_generated/ced/real/home/5/1-32318-A-0.wav
benchmark_data/external/esc50/audio/1-32318-A-0.wav,1-32318-A-0,dog_barking,home,0,2.4648467013936823e-07,animal,Animal,0.6451916694641113,False,benchmark_data/expanded_generated/ced/real/home/0/1-32318-A-0.wav
benchmark_data/external/esc50/audio/1-59513-A-0.wav,1-59513-A-0,dog_barking,home,20,20.00000024837522,animal,Animal,0.6860021352767944,False,benchmark_data/expanded_generated/ced/real/home/20/1-59513-A-0.wav
benchmark_data/external/esc50/audio/1-59513-A-0.wav,1-59513-A-0,dog_barking,home,15,14.999999528188791,animal,Animal,0.6742485165596008,False,benchmark_data/expanded_generated/ced/real/home/15/1-59513-A-0.wav
benchmark_data/external/esc50/audio/1-59513-A-0.wav,1-59513-A-0,dog_barking,home,10,10.000000238835112,bow_wow,Bow-wow,0.6257300972938538,False,benchmark_data/expanded_generated/ced/real/home/10/1-59513-A-0.wav
benchmark_data/external/esc50/audio/1-59513-A-0.wav,1-59513-A-0,dog_barking,home,5,4.999999855164905,music,Music,0.6272491812705994,False,benchmark_data/expanded_generated/ced/real/home/5/1-59513-A-0.wav
benchmark_data/external/esc50/audio/1-59513-A-0.wav,1-59513-A-0,dog_barking,home,0,3.9902829380702313e-07,music,Music,0.6200411915779114,False,benchmark_data/expanded_generated/ced/real/home/0/1-59513-A-0.wav
benchmark_data/external/esc50/audio/1-85362-A-0.wav,1-85362-A-0,dog_barking,home,20,20.000000299095394,animal,Animal,0.6830861568450928,False,benchmark_data/expanded_generated/ced/real/home/20/1-85362-A-0.wav
benchmark_data/external/esc50/audio/1-85362-A-0.wav,1-85362-A-0,dog_barking,home,15,15.000000211290903,animal,Animal,0.6745324730873108,False,benchmark_data/expanded_generated/ced/real/home/15/1-85362-A-0.wav
benchmark_data/external/esc50/audio/1-85362-A-0.wav,1-85362-A-0,dog_barking,home,10,9.999999887193415,animal,Animal,0.6535319685935974,False,benchmark_data/expanded_generated/ced/real/home/10/1-85362-A-0.wav
benchmark_data/external/esc50/audio/1-85362-A-0.wav,1-85362-A-0,dog_barking,home,5,4.999999876502232,animal,Animal,0.6644244194030762,False,benchmark_data/expanded_generated/ced/real/home/5/1-85362-A-0.wav
benchmark_data/external/esc50/audio/1-85362-A-0.wav,1-85362-A-0,dog_barking,home,0,-1.6159957668371222e-08,animal,Animal,0.654675304889679,False,benchmark_data/expanded_generated/ced/real/home/0/1-85362-A-0.wav
benchmark_data/external/esc50/audio/1-97392-A-0.wav,1-97392-A-0,dog_barking,home,20,19.99999980239998,animal,Animal,0.6919065713882446,False,benchmark_data/expanded_generated/ced/real/home/20/1-97392-A-0.wav
benchmark_data/external/esc50/audio/1-97392-A-0.wav,1-97392-A-0,dog_barking,home,15,14.999999972827208,animal,Animal,0.6933459043502808,False,benchmark_data/expanded_generated/ced/real/home/15/1-97392-A-0.wav
benchmark_data/external/esc50/audio/1-97392-A-0.wav,1-97392-A-0,dog_barking,home,10,10.000000235362691,animal,Animal,0.6736834645271301,False,benchmark_data/expanded_generated/ced/real/home/10/1-97392-A-0.wav
benchmark_data/external/esc50/audio/1-97392-A-0.wav,1-97392-A-0,dog_barking,home,5,5.000000088794007,animal,Animal,0.6708952188491821,False,benchmark_data/expanded_generated/ced/real/home/5/1-97392-A-0.wav
benchmark_data/external/esc50/audio/1-97392-A-0.wav,1-97392-A-0,dog_barking,home,0,2.5637731642204325e-07,dog,Dog,0.6308729648590088,False,benchmark_data/expanded_generated/ced/real/home/0/1-97392-A-0.wav
benchmark_data/external/esc50/audio/2-114280-A-0.wav,2-114280-A-0,dog_barking,home,20,19.999999813317505,dog,Dog,0.6853452324867249,False,benchmark_data/expanded_generated/ced/real/home/20/2-114280-A-0.wav
benchmark_data/external/esc50/audio/2-114280-A-0.wav,2-114280-A-0,dog_barking,home,15,15.000000005057068,dog,Dog,0.6926242709159851,False,benchmark_data/expanded_generated/ced/real/home/15/2-114280-A-0.wav
benchmark_data/external/esc50/audio/2-114280-A-0.wav,2-114280-A-0,dog_barking,home,10,10.000000099346593,dog,Dog,0.6844687461853027,False,benchmark_data/expanded_generated/ced/real/home/10/2-114280-A-0.wav
benchmark_data/external/esc50/audio/2-114280-A-0.wav,2-114280-A-0,dog_barking,home,5,5.0000002861242345,animal,Animal,0.6686354279518127,False,benchmark_data/expanded_generated/ced/real/home/5/2-114280-A-0.wav
benchmark_data/external/esc50/audio/2-114280-A-0.wav,2-114280-A-0,dog_barking,home,0,3.993121734648625e-07,animal,Animal,0.6294693350791931,False,benchmark_data/expanded_generated/ced/real/home/0/2-114280-A-0.wav
benchmark_data/external/esc50/audio/2-114587-A-0.wav,2-114587-A-0,dog_barking,home,20,20.000000231712207,animal,Animal,0.6926000118255615,False,benchmark_data/expanded_generated/ced/real/home/20/2-114587-A-0.wav
benchmark_data/external/esc50/audio/2-114587-A-0.wav,2-114587-A-0,dog_barking,home,15,15.000000245957633,animal,Animal,0.7016229629516602,False,benchmark_data/expanded_generated/ced/real/home/15/2-114587-A-0.wav
benchmark_data/external/esc50/audio/2-114587-A-0.wav,2-114587-A-0,dog_barking,home,10,10.000000097329814,animal,Animal,0.6710079908370972,False,benchmark_data/expanded_generated/ced/real/home/10/2-114587-A-0.wav
benchmark_data/external/esc50/audio/2-114587-A-0.wav,2-114587-A-0,dog_barking,home,5,5.000000218357097,animal,Animal,0.6663894653320312,False,benchmark_data/expanded_generated/ced/real/home/5/2-114587-A-0.wav
benchmark_data/external/esc50/audio/2-114587-A-0.wav,2-114587-A-0,dog_barking,home,0,1.7381726535566718e-07,dog,Dog,0.6462720036506653,False,benchmark_data/expanded_generated/ced/real/home/0/2-114587-A-0.wav
benchmark_data/external/esc50/audio/1-101336-A-30.wav,1-101336-A-30,door_activity,home,20,20.000000015779186,door_activity,Knock,0.614952802658081,True,benchmark_data/expanded_generated/ced/real/home/20/1-101336-A-30.wav
benchmark_data/external/esc50/audio/1-101336-A-30.wav,1-101336-A-30,door_activity,home,15,15.000000062918833,door_activity,Knock,0.6131764054298401,True,benchmark_data/expanded_generated/ced/real/home/15/1-101336-A-30.wav
benchmark_data/external/esc50/audio/1-101336-A-30.wav,1-101336-A-30,door_activity,home,10,10.00000031393676,door_activity,Knock,0.678165853023529,True,benchmark_data/expanded_generated/ced/real/home/10/1-101336-A-30.wav
benchmark_data/external/esc50/audio/1-101336-A-30.wav,1-101336-A-30,door_activity,home,5,5.000000330845752,door_activity,Knock,0.6960774660110474,True,benchmark_data/expanded_generated/ced/real/home/5/1-101336-A-30.wav
benchmark_data/external/esc50/audio/1-101336-A-30.wav,1-101336-A-30,door_activity,home,0,-2.2407505686439812e-07,door_activity,Knock,0.64137202501297,True,benchmark_data/expanded_generated/ced/real/home/0/1-101336-A-30.wav
benchmark_data/external/esc50/audio/1-103995-A-30.wav,1-103995-A-30,door_activity,home,20,19.999999856307245,door_activity,Knock,0.6214260458946228,True,benchmark_data/expanded_generated/ced/real/home/20/1-103995-A-30.wav
benchmark_data/external/esc50/audio/1-103995-A-30.wav,1-103995-A-30,door_activity,home,15,14.999999804454854,door_activity,Knock,0.6959509253501892,True,benchmark_data/expanded_generated/ced/real/home/15/1-103995-A-30.wav
benchmark_data/external/esc50/audio/1-103995-A-30.wav,1-103995-A-30,door_activity,home,10,10.000000283557135,door_activity,Knock,0.7109728455543518,True,benchmark_data/expanded_generated/ced/real/home/10/1-103995-A-30.wav
benchmark_data/external/esc50/audio/1-103995-A-30.wav,1-103995-A-30,door_activity,home,5,5.000000061585951,door_activity,Knock,0.5704135894775391,True,benchmark_data/expanded_generated/ced/real/home/5/1-103995-A-30.wav
benchmark_data/external/esc50/audio/1-103995-A-30.wav,1-103995-A-30,door_activity,home,0,-2.4384578450956693e-07,door_activity,Knock,0.6332803964614868,True,benchmark_data/expanded_generated/ced/real/home/0/1-103995-A-30.wav
benchmark_data/external/esc50/audio/1-103999-A-30.wav,1-103999-A-30,door_activity,home,20,20.000000240380054,door_activity,Knock,0.7005093693733215,True,benchmark_data/expanded_generated/ced/real/home/20/1-103999-A-30.wav
benchmark_data/external/esc50/audio/1-103999-A-30.wav,1-103999-A-30,door_activity,home,15,15.000000115110812,door_activity,Knock,0.7183655500411987,True,benchmark_data/expanded_generated/ced/real/home/15/1-103999-A-30.wav
benchmark_data/external/esc50/audio/1-103999-A-30.wav,1-103999-A-30,door_activity,home,10,10.0000000145803,door_activity,Knock,0.6178228855133057,True,benchmark_data/expanded_generated/ced/real/home/10/1-103999-A-30.wav
benchmark_data/external/esc50/audio/1-103999-A-30.wav,1-103999-A-30,door_activity,home,5,4.999999687662663,door_activity,Knock,0.663142740726471,True,benchmark_data/expanded_generated/ced/real/home/5/1-103999-A-30.wav
benchmark_data/external/esc50/audio/1-103999-A-30.wav,1-103999-A-30,door_activity,home,0,-1.0363388687432448e-07,door_activity,Knock,0.6956107020378113,True,benchmark_data/expanded_generated/ced/real/home/0/1-103999-A-30.wav
benchmark_data/external/esc50/audio/1-26188-A-30.wav,1-26188-A-30,door_activity,home,20,20.00000008381807,door_activity,Knock,0.6572355628013611,True,benchmark_data/expanded_generated/ced/real/home/20/1-26188-A-30.wav
benchmark_data/external/esc50/audio/1-26188-A-30.wav,1-26188-A-30,door_activity,home,15,15.000000239134188,door_activity,Knock,0.6494945883750916,True,benchmark_data/expanded_generated/ced/real/home/15/1-26188-A-30.wav
benchmark_data/external/esc50/audio/1-26188-A-30.wav,1-26188-A-30,door_activity,home,10,9.99999987065107,music,Music,0.6068192720413208,False,benchmark_data/expanded_generated/ced/real/home/10/1-26188-A-30.wav
benchmark_data/external/esc50/audio/1-26188-A-30.wav,1-26188-A-30,door_activity,home,5,5.000000243495345,door_activity,Knock,0.6925225853919983,True,benchmark_data/expanded_generated/ced/real/home/5/1-26188-A-30.wav
benchmark_data/external/esc50/audio/1-26188-A-30.wav,1-26188-A-30,door_activity,home,0,2.4891404329197636e-07,music,Music,0.6679274439811707,False,benchmark_data/expanded_generated/ced/real/home/0/1-26188-A-30.wav
benchmark_data/external/esc50/audio/1-52290-A-30.wav,1-52290-A-30,door_activity,home,20,20.000000139492457,door_activity,Knock,0.5648282766342163,True,benchmark_data/expanded_generated/ced/real/home/20/1-52290-A-30.wav
benchmark_data/external/esc50/audio/1-52290-A-30.wav,1-52290-A-30,door_activity,home,15,14.999999903513348,door_activity,Knock,0.5878298878669739,True,benchmark_data/expanded_generated/ced/real/home/15/1-52290-A-30.wav
benchmark_data/external/esc50/audio/1-52290-A-30.wav,1-52290-A-30,door_activity,home,10,9.999999997163634,door_activity,Knock,0.5675017833709717,True,benchmark_data/expanded_generated/ced/real/home/10/1-52290-A-30.wav
benchmark_data/external/esc50/audio/1-52290-A-30.wav,1-52290-A-30,door_activity,home,5,4.999999735479537,door_activity,Knock,0.5779134035110474,True,benchmark_data/expanded_generated/ced/real/home/5/1-52290-A-30.wav
benchmark_data/external/esc50/audio/1-52290-A-30.wav,1-52290-A-30,door_activity,home,0,4.515282258153211e-07,music,Music,0.6347860097885132,False,benchmark_data/expanded_generated/ced/real/home/0/1-52290-A-30.wav
benchmark_data/external/esc50/audio/1-81001-A-30.wav,1-81001-A-30,door_activity,home,20,20.000000407083817,chopping_food,Chopping (food),0.5667845010757446,False,benchmark_data/expanded_generated/ced/real/home/20/1-81001-A-30.wav
benchmark_data/external/esc50/audio/1-81001-A-30.wav,1-81001-A-30,door_activity,home,15,14.999999993647162,chopping_food,Chopping (food),0.5658788084983826,False,benchmark_data/expanded_generated/ced/real/home/15/1-81001-A-30.wav
benchmark_data/external/esc50/audio/1-81001-A-30.wav,1-81001-A-30,door_activity,home,10,9.999999902070133,chopping_food,Chopping (food),0.5441035032272339,False,benchmark_data/expanded_generated/ced/real/home/10/1-81001-A-30.wav
benchmark_data/external/esc50/audio/1-81001-A-30.wav,1-81001-A-30,door_activity,home,5,4.999999952558442,music,Music,0.5595226883888245,False,benchmark_data/expanded_generated/ced/real/home/5/1-81001-A-30.wav
benchmark_data/external/esc50/audio/1-81001-A-30.wav,1-81001-A-30,door_activity,home,0,2.497578943867038e-07,music,Music,0.5707092881202698,False,benchmark_data/expanded_generated/ced/real/home/0/1-81001-A-30.wav
benchmark_data/external/esc50/audio/1-81001-B-30.wav,1-81001-B-30,door_activity,home,20,19.999999562395956,hammer,Hammer,0.538816511631012,False,benchmark_data/expanded_generated/ced/real/home/20/1-81001-B-30.wav
benchmark_data/external/esc50/audio/1-81001-B-30.wav,1-81001-B-30,door_activity,home,15,14.999999760143375,whack_thwack,"Whack, thwack",0.5273798108100891,False,benchmark_data/expanded_generated/ced/real/home/15/1-81001-B-30.wav
benchmark_data/external/esc50/audio/1-81001-B-30.wav,1-81001-B-30,door_activity,home,10,10.000000141225595,hammer,Hammer,0.5756480693817139,False,benchmark_data/expanded_generated/ced/real/home/10/1-81001-B-30.wav
benchmark_data/external/esc50/audio/1-81001-B-30.wav,1-81001-B-30,door_activity,home,5,4.999999887907521,music,Music,0.5782061815261841,False,benchmark_data/expanded_generated/ced/real/home/5/1-81001-B-30.wav
benchmark_data/external/esc50/audio/1-81001-B-30.wav,1-81001-B-30,door_activity,home,0,-4.045424557235553e-07,music,Music,0.6031892895698547,False,benchmark_data/expanded_generated/ced/real/home/0/1-81001-B-30.wav
benchmark_data/external/esc50/audio/1-82817-A-30.wav,1-82817-A-30,door_activity,home,20,20.000000188840858,door_activity,Knock,0.6885020732879639,True,benchmark_data/expanded_generated/ced/real/home/20/1-82817-A-30.wav
benchmark_data/external/esc50/audio/1-82817-A-30.wav,1-82817-A-30,door_activity,home,15,15.000000056439715,door_activity,Knock,0.6932910680770874,True,benchmark_data/expanded_generated/ced/real/home/15/1-82817-A-30.wav
benchmark_data/external/esc50/audio/1-82817-A-30.wav,1-82817-A-30,door_activity,home,10,10.00000017965884,door_activity,Knock,0.6859244704246521,True,benchmark_data/expanded_generated/ced/real/home/10/1-82817-A-30.wav
benchmark_data/external/esc50/audio/1-82817-A-30.wav,1-82817-A-30,door_activity,home,5,5.000000029351596,door_activity,Knock,0.7027883529663086,True,benchmark_data/expanded_generated/ced/real/home/5/1-82817-A-30.wav
benchmark_data/external/esc50/audio/1-82817-A-30.wav,1-82817-A-30,door_activity,home,0,-1.5519440956494997e-07,door_activity,Knock,0.6814019083976746,True,benchmark_data/expanded_generated/ced/real/home/0/1-82817-A-30.wav
benchmark_data/external/esc50/audio/2-114254-A-30.wav,2-114254-A-30,door_activity,home,20,19.99999974352676,wood_block,Wood block,0.6238213181495667,False,benchmark_data/expanded_generated/ced/real/home/20/2-114254-A-30.wav
benchmark_data/external/esc50/audio/2-114254-A-30.wav,2-114254-A-30,door_activity,home,15,15.000000228992738,door_activity,Knock,0.539454996585846,True,benchmark_data/expanded_generated/ced/real/home/15/2-114254-A-30.wav
benchmark_data/external/esc50/audio/2-114254-A-30.wav,2-114254-A-30,door_activity,home,10,9.999999819857264,wood_block,Wood block,0.5686078071594238,False,benchmark_data/expanded_generated/ced/real/home/10/2-114254-A-30.wav
benchmark_data/external/esc50/audio/2-114254-A-30.wav,2-114254-A-30,door_activity,home,5,5.000000216055392,door_activity,Knock,0.621804416179657,True,benchmark_data/expanded_generated/ced/real/home/5/2-114254-A-30.wav
benchmark_data/external/esc50/audio/2-114254-A-30.wav,2-114254-A-30,door_activity,home,0,-2.5296043611230593e-07,door_activity,Knock,0.626596212387085,True,benchmark_data/expanded_generated/ced/real/home/0/2-114254-A-30.wav
benchmark_data/external/esc50/audio/2-118624-A-30.wav,2-118624-A-30,door_activity,home,20,20.000000222634867,door_activity,Knock,0.6804183125495911,True,benchmark_data/expanded_generated/ced/real/home/20/2-118624-A-30.wav
benchmark_data/external/esc50/audio/2-118624-A-30.wav,2-118624-A-30,door_activity,home,15,14.999999975511036,door_activity,Knock,0.6377987265586853,True,benchmark_data/expanded_generated/ced/real/home/15/2-118624-A-30.wav
benchmark_data/external/esc50/audio/2-118624-A-30.wav,2-118624-A-30,door_activity,home,10,9.999999947192652,door_activity,Knock,0.6613467335700989,True,benchmark_data/expanded_generated/ced/real/home/10/2-118624-A-30.wav
benchmark_data/external/esc50/audio/2-118624-A-30.wav,2-118624-A-30,door_activity,home,5,5.000000245483842,door_activity,Knock,0.6840541958808899,True,benchmark_data/expanded_generated/ced/real/home/5/2-118624-A-30.wav
benchmark_data/external/esc50/audio/2-118624-A-30.wav,2-118624-A-30,door_activity,home,0,3.7528960193582773e-07,door_activity,Knock,0.6593161821365356,True,benchmark_data/expanded_generated/ced/real/home/0/2-118624-A-30.wav
benchmark_data/external/esc50/audio/1-17150-A-12.wav,1-17150-A-12,fire,home,20,19.999999647473054,fire,Fire,0.624514639377594,True,benchmark_data/expanded_generated/ced/real/home/20/1-17150-A-12.wav
benchmark_data/external/esc50/audio/1-17150-A-12.wav,1-17150-A-12,fire,home,15,15.000000204981255,fire,Fire,0.6150184273719788,True,benchmark_data/expanded_generated/ced/real/home/15/1-17150-A-12.wav
benchmark_data/external/esc50/audio/1-17150-A-12.wav,1-17150-A-12,fire,home,10,9.999999850957181,music,Music,0.5451156497001648,False,benchmark_data/expanded_generated/ced/real/home/10/1-17150-A-12.wav
benchmark_data/external/esc50/audio/1-17150-A-12.wav,1-17150-A-12,fire,home,5,4.999999802588647,music,Music,0.5409070253372192,False,benchmark_data/expanded_generated/ced/real/home/5/1-17150-A-12.wav
benchmark_data/external/esc50/audio/1-17150-A-12.wav,1-17150-A-12,fire,home,0,4.0542532822124235e-07,bird,Bird,0.5674833059310913,False,benchmark_data/expanded_generated/ced/real/home/0/1-17150-A-12.wav
benchmark_data/external/esc50/audio/1-17565-A-12.wav,1-17565-A-12,fire,home,20,20.000000013981815,crumpling_crinkling,"Crumpling, crinkling",0.5338687300682068,False,benchmark_data/expanded_generated/ced/real/home/20/1-17565-A-12.wav
benchmark_data/external/esc50/audio/1-17565-A-12.wav,1-17565-A-12,fire,home,15,14.9999998160175,crumpling_crinkling,"Crumpling, crinkling",0.5473285913467407,False,benchmark_data/expanded_generated/ced/real/home/15/1-17565-A-12.wav
benchmark_data/external/esc50/audio/1-17565-A-12.wav,1-17565-A-12,fire,home,10,10.000000247204703,music,Music,0.5187491178512573,False,benchmark_data/expanded_generated/ced/real/home/10/1-17565-A-12.wav
benchmark_data/external/esc50/audio/1-17565-A-12.wav,1-17565-A-12,fire,home,5,5.000000065147665,crushing,Crushing,0.5426039695739746,False,benchmark_data/expanded_generated/ced/real/home/5/1-17565-A-12.wav
benchmark_data/external/esc50/audio/1-17565-A-12.wav,1-17565-A-12,fire,home,0,1.9684593851164641e-07,music,Music,0.5546608567237854,False,benchmark_data/expanded_generated/ced/real/home/0/1-17565-A-12.wav
benchmark_data/external/esc50/audio/1-17742-A-12.wav,1-17742-A-12,fire,home,20,20.00000015322657,patter,Patter,0.5513022541999817,False,benchmark_data/expanded_generated/ced/real/home/20/1-17742-A-12.wav
benchmark_data/external/esc50/audio/1-17742-A-12.wav,1-17742-A-12,fire,home,15,14.999999859558555,patter,Patter,0.5516072511672974,False,benchmark_data/expanded_generated/ced/real/home/15/1-17742-A-12.wav
benchmark_data/external/esc50/audio/1-17742-A-12.wav,1-17742-A-12,fire,home,10,10.000000002566697,patter,Patter,0.5594951510429382,False,benchmark_data/expanded_generated/ced/real/home/10/1-17742-A-12.wav
benchmark_data/external/esc50/audio/1-17742-A-12.wav,1-17742-A-12,fire,home,5,4.999999976482506,patter,Patter,0.5364026427268982,False,benchmark_data/expanded_generated/ced/real/home/5/1-17742-A-12.wav
benchmark_data/external/esc50/audio/1-17742-A-12.wav,1-17742-A-12,fire,home,0,-6.488228803549007e-08,music,Music,0.5290624499320984,False,benchmark_data/expanded_generated/ced/real/home/0/1-17742-A-12.wav
benchmark_data/external/esc50/audio/1-17808-A-12.wav,1-17808-A-12,fire,home,20,20.000000049157943,rain_on_surface,Rain on surface,0.5362697839736938,False,benchmark_data/expanded_generated/ced/real/home/20/1-17808-A-12.wav
benchmark_data/external/esc50/audio/1-17808-A-12.wav,1-17808-A-12,fire,home,15,15.00000004158502,rain_on_surface,Rain on surface,0.5939085483551025,False,benchmark_data/expanded_generated/ced/real/home/15/1-17808-A-12.wav
benchmark_data/external/esc50/audio/1-17808-A-12.wav,1-17808-A-12,fire,home,10,10.000000268928966,rain_on_surface,Rain on surface,0.5890651941299438,False,benchmark_data/expanded_generated/ced/real/home/10/1-17808-A-12.wav
benchmark_data/external/esc50/audio/1-17808-A-12.wav,1-17808-A-12,fire,home,5,5.000000255048632,music,Music,0.5524654388427734,False,benchmark_data/expanded_generated/ced/real/home/5/1-17808-A-12.wav
benchmark_data/external/esc50/audio/1-17808-A-12.wav,1-17808-A-12,fire,home,0,2.835305833116996e-07,rain_on_surface,Rain on surface,0.5724952220916748,False,benchmark_data/expanded_generated/ced/real/home/0/1-17808-A-12.wav
benchmark_data/external/esc50/audio/1-17808-B-12.wav,1-17808-B-12,fire,home,20,20.000000071110676,fire,Fire,0.5285736918449402,True,benchmark_data/expanded_generated/ced/real/home/20/1-17808-B-12.wav
benchmark_data/external/esc50/audio/1-17808-B-12.wav,1-17808-B-12,fire,home,15,14.99999976228995,music,Music,0.5408167243003845,False,benchmark_data/expanded_generated/ced/real/home/15/1-17808-B-12.wav
benchmark_data/external/esc50/audio/1-17808-B-12.wav,1-17808-B-12,fire,home,10,9.999999680034263,music,Music,0.5431979894638062,False,benchmark_data/expanded_generated/ced/real/home/10/1-17808-B-12.wav
benchmark_data/external/esc50/audio/1-17808-B-12.wav,1-17808-B-12,fire,home,5,4.999999898876322,music,Music,0.5560611486434937,False,benchmark_data/expanded_generated/ced/real/home/5/1-17808-B-12.wav
benchmark_data/external/esc50/audio/1-17808-B-12.wav,1-17808-B-12,fire,home,0,1.9096447759023876e-07,music,Music,0.5631446838378906,False,benchmark_data/expanded_generated/ced/real/home/0/1-17808-B-12.wav
benchmark_data/external/esc50/audio/1-4211-A-12.wav,1-4211-A-12,fire,home,20,19.99999991690131,fire,Fire,0.5252068042755127,True,benchmark_data/expanded_generated/ced/real/home/20/1-4211-A-12.wav
benchmark_data/external/esc50/audio/1-4211-A-12.wav,1-4211-A-12,fire,home,15,14.999999774681338,vehicle,Vehicle,0.525307834148407,False,benchmark_data/expanded_generated/ced/real/home/15/1-4211-A-12.wav
benchmark_data/external/esc50/audio/1-4211-A-12.wav,1-4211-A-12,fire,home,10,10.000000204688511,music,Music,0.5565986037254333,False,benchmark_data/expanded_generated/ced/real/home/10/1-4211-A-12.wav
benchmark_data/external/esc50/audio/1-4211-A-12.wav,1-4211-A-12,fire,home,5,4.999999832320698,music,Music,0.5436805486679077,False,benchmark_data/expanded_generated/ced/real/home/5/1-4211-A-12.wav
benchmark_data/external/esc50/audio/1-4211-A-12.wav,1-4211-A-12,fire,home,0,-7.03193857610482e-08,music,Music,0.6108608245849609,False,benchmark_data/expanded_generated/ced/real/home/0/1-4211-A-12.wav
benchmark_data/external/esc50/audio/1-46272-A-12.wav,1-46272-A-12,fire,home,20,19.999999910554514,fire,Fire,0.6607622504234314,True,benchmark_data/expanded_generated/ced/real/home/20/1-46272-A-12.wav
benchmark_data/external/esc50/audio/1-46272-A-12.wav,1-46272-A-12,fire,home,15,15.00000029684575,fire,Fire,0.6809296607971191,True,benchmark_data/expanded_generated/ced/real/home/15/1-46272-A-12.wav
benchmark_data/external/esc50/audio/1-46272-A-12.wav,1-46272-A-12,fire,home,10,10.0000002689246,fire,Fire,0.7015841007232666,True,benchmark_data/expanded_generated/ced/real/home/10/1-46272-A-12.wav
benchmark_data/external/esc50/audio/1-46272-A-12.wav,1-46272-A-12,fire,home,5,5.000000144348846,fire,Fire,0.6791519522666931,True,benchmark_data/expanded_generated/ced/real/home/5/1-46272-A-12.wav
benchmark_data/external/esc50/audio/1-46272-A-12.wav,1-46272-A-12,fire,home,0,1.1975521114889338e-07,fire,Fire,0.618168294429779,True,benchmark_data/expanded_generated/ced/real/home/0/1-46272-A-12.wav
benchmark_data/external/esc50/audio/1-7057-A-12.wav,1-7057-A-12,fire,home,20,20.00000029450961,fire,Fire,0.6846109628677368,True,benchmark_data/expanded_generated/ced/real/home/20/1-7057-A-12.wav
benchmark_data/external/esc50/audio/1-7057-A-12.wav,1-7057-A-12,fire,home,15,14.999999743143412,fire,Fire,0.6903918385505676,True,benchmark_data/expanded_generated/ced/real/home/15/1-7057-A-12.wav
benchmark_data/external/esc50/audio/1-7057-A-12.wav,1-7057-A-12,fire,home,10,10.000000280186159,fire,Fire,0.6665434241294861,True,benchmark_data/expanded_generated/ced/real/home/10/1-7057-A-12.wav
benchmark_data/external/esc50/audio/1-7057-A-12.wav,1-7057-A-12,fire,home,5,4.999999782792246,fire,Fire,0.6770594120025635,True,benchmark_data/expanded_generated/ced/real/home/5/1-7057-A-12.wav
benchmark_data/external/esc50/audio/1-7057-A-12.wav,1-7057-A-12,fire,home,0,-9.033540097440572e-08,fire,Fire,0.6740090847015381,True,benchmark_data/expanded_generated/ced/real/home/0/1-7057-A-12.wav
benchmark_data/external/esc50/audio/2-18766-A-12.wav,2-18766-A-12,fire,home,20,19.99999988909932,fire,Fire,0.6332247853279114,True,benchmark_data/expanded_generated/ced/real/home/20/2-18766-A-12.wav
benchmark_data/external/esc50/audio/2-18766-A-12.wav,2-18766-A-12,fire,home,15,15.000000327308456,fire,Fire,0.6620070934295654,True,benchmark_data/expanded_generated/ced/real/home/15/2-18766-A-12.wav
benchmark_data/external/esc50/audio/2-18766-A-12.wav,2-18766-A-12,fire,home,10,9.999999608159053,fire,Fire,0.5995677709579468,True,benchmark_data/expanded_generated/ced/real/home/10/2-18766-A-12.wav
benchmark_data/external/esc50/audio/2-18766-A-12.wav,2-18766-A-12,fire,home,5,4.999999928287327,fire,Fire,0.5883346796035767,True,benchmark_data/expanded_generated/ced/real/home/5/2-18766-A-12.wav
benchmark_data/external/esc50/audio/2-18766-A-12.wav,2-18766-A-12,fire,home,0,2.495366834645572e-07,fire,Fire,0.6536194086074829,True,benchmark_data/expanded_generated/ced/real/home/0/2-18766-A-12.wav
benchmark_data/external/esc50/audio/2-18766-B-12.wav,2-18766-B-12,fire,home,20,20.000000313776614,fire,Fire,0.5335132479667664,True,benchmark_data/expanded_generated/ced/real/home/20/2-18766-B-12.wav
benchmark_data/external/esc50/audio/2-18766-B-12.wav,2-18766-B-12,fire,home,15,15.000000410196728,breaking,Breaking,0.5256515145301819,False,benchmark_data/expanded_generated/ced/real/home/15/2-18766-B-12.wav
benchmark_data/external/esc50/audio/2-18766-B-12.wav,2-18766-B-12,fire,home,10,9.999999711280287,fire,Fire,0.5611830353736877,True,benchmark_data/expanded_generated/ced/real/home/10/2-18766-B-12.wav
benchmark_data/external/esc50/audio/2-18766-B-12.wav,2-18766-B-12,fire,home,5,5.00000000784143,computer_keyboard,Computer keyboard,0.5244947671890259,False,benchmark_data/expanded_generated/ced/real/home/5/2-18766-B-12.wav
benchmark_data/external/esc50/audio/2-18766-B-12.wav,2-18766-B-12,fire,home,0,-1.8705316420122657e-08,fire,Fire,0.5280658602714539,True,benchmark_data/expanded_generated/ced/real/home/0/2-18766-B-12.wav
benchmark_data/external/esc50/audio/1-20133-A-39.wav,1-20133-A-39,glass_breaking,home,20,19.999999640046358,breaking,Breaking,0.6498914957046509,False,benchmark_data/expanded_generated/ced/real/home/20/1-20133-A-39.wav
benchmark_data/external/esc50/audio/1-20133-A-39.wav,1-20133-A-39,glass_breaking,home,15,15.000000341588171,glass,Glass,0.6131016612052917,False,benchmark_data/expanded_generated/ced/real/home/15/1-20133-A-39.wav
benchmark_data/external/esc50/audio/1-20133-A-39.wav,1-20133-A-39,glass_breaking,home,10,10.000000178762846,glass,Glass,0.6249397993087769,False,benchmark_data/expanded_generated/ced/real/home/10/1-20133-A-39.wav
benchmark_data/external/esc50/audio/1-20133-A-39.wav,1-20133-A-39,glass_breaking,home,5,4.999999708585685,music,Music,0.6267551779747009,False,benchmark_data/expanded_generated/ced/real/home/5/1-20133-A-39.wav
benchmark_data/external/esc50/audio/1-20133-A-39.wav,1-20133-A-39,glass_breaking,home,0,9.674802472826798e-08,music,Music,0.6532847881317139,False,benchmark_data/expanded_generated/ced/real/home/0/1-20133-A-39.wav
benchmark_data/external/esc50/audio/1-84536-A-39.wav,1-84536-A-39,glass_breaking,home,20,19.999999992967943,music,Music,0.661374568939209,False,benchmark_data/expanded_generated/ced/real/home/20/1-84536-A-39.wav
benchmark_data/external/esc50/audio/1-84536-A-39.wav,1-84536-A-39,glass_breaking,home,15,15.000000140012821,glass,Glass,0.663763701915741,False,benchmark_data/expanded_generated/ced/real/home/15/1-84536-A-39.wav
benchmark_data/external/esc50/audio/1-84536-A-39.wav,1-84536-A-39,glass_breaking,home,10,9.99999988575656,music,Music,0.6712717413902283,False,benchmark_data/expanded_generated/ced/real/home/10/1-84536-A-39.wav
benchmark_data/external/esc50/audio/1-84536-A-39.wav,1-84536-A-39,glass_breaking,home,5,4.9999999310039325,music,Music,0.6883379220962524,False,benchmark_data/expanded_generated/ced/real/home/5/1-84536-A-39.wav
benchmark_data/external/esc50/audio/1-84536-A-39.wav,1-84536-A-39,glass_breaking,home,0,2.3320617577813084e-07,music,Music,0.6823260188102722,False,benchmark_data/expanded_generated/ced/real/home/0/1-84536-A-39.wav
benchmark_data/external/esc50/audio/1-84704-A-39.wav,1-84704-A-39,glass_breaking,home,20,20.000000376204348,glass,Glass,0.6477129459381104,False,benchmark_data/expanded_generated/ced/real/home/20/1-84704-A-39.wav
benchmark_data/external/esc50/audio/1-84704-A-39.wav,1-84704-A-39,glass_breaking,home,15,14.999999784082254,breaking,Breaking,0.6315857768058777,False,benchmark_data/expanded_generated/ced/real/home/15/1-84704-A-39.wav
benchmark_data/external/esc50/audio/1-84704-A-39.wav,1-84704-A-39,glass_breaking,home,10,10.00000012943695,music,Music,0.6201211214065552,False,benchmark_data/expanded_generated/ced/real/home/10/1-84704-A-39.wav
benchmark_data/external/esc50/audio/1-84704-A-39.wav,1-84704-A-39,glass_breaking,home,5,5.000000225681841,breaking,Breaking,0.6262458562850952,False,benchmark_data/expanded_generated/ced/real/home/5/1-84704-A-39.wav
benchmark_data/external/esc50/audio/1-84704-A-39.wav,1-84704-A-39,glass_breaking,home,0,1.6378396497894907e-07,music,Music,0.6634150743484497,False,benchmark_data/expanded_generated/ced/real/home/0/1-84704-A-39.wav
benchmark_data/external/esc50/audio/1-84705-A-39.wav,1-84705-A-39,glass_breaking,home,20,19.999999982138025,hammer,Hammer,0.5423587560653687,False,benchmark_data/expanded_generated/ced/real/home/20/1-84705-A-39.wav
benchmark_data/external/esc50/audio/1-84705-A-39.wav,1-84705-A-39,glass_breaking,home,15,15.000000001851614,gunshot_gunfire,"Gunshot, gunfire",0.5348319411277771,False,benchmark_data/expanded_generated/ced/real/home/15/1-84705-A-39.wav
benchmark_data/external/esc50/audio/1-84705-A-39.wav,1-84705-A-39,glass_breaking,home,10,9.99999953491838,hammer,Hammer,0.523186981678009,False,benchmark_data/expanded_generated/ced/real/home/10/1-84705-A-39.wav
benchmark_data/external/esc50/audio/1-84705-A-39.wav,1-84705-A-39,glass_breaking,home,5,4.999999839563954,music,Music,0.5620805025100708,False,benchmark_data/expanded_generated/ced/real/home/5/1-84705-A-39.wav
benchmark_data/external/esc50/audio/1-84705-A-39.wav,1-84705-A-39,glass_breaking,home,0,-1.164353246738871e-07,music,Music,0.5851907134056091,False,benchmark_data/expanded_generated/ced/real/home/0/1-84705-A-39.wav
benchmark_data/external/esc50/audio/1-85168-A-39.wav,1-85168-A-39,glass_breaking,home,20,19.999999741763336,breaking,Breaking,0.6443372964859009,False,benchmark_data/expanded_generated/ced/real/home/20/1-85168-A-39.wav
benchmark_data/external/esc50/audio/1-85168-A-39.wav,1-85168-A-39,glass_breaking,home,15,15.000000357608803,glass,Glass,0.6423491835594177,False,benchmark_data/expanded_generated/ced/real/home/15/1-85168-A-39.wav
benchmark_data/external/esc50/audio/1-85168-A-39.wav,1-85168-A-39,glass_breaking,home,10,10.000000216129976,glass,Glass,0.667373776435852,False,benchmark_data/expanded_generated/ced/real/home/10/1-85168-A-39.wav
benchmark_data/external/esc50/audio/1-85168-A-39.wav,1-85168-A-39,glass_breaking,home,5,4.999999745784201,music,Music,0.6692963242530823,False,benchmark_data/expanded_generated/ced/real/home/5/1-85168-A-39.wav
benchmark_data/external/esc50/audio/1-85168-A-39.wav,1-85168-A-39,glass_breaking,home,0,1.8190506019987235e-07,music,Music,0.6710640788078308,False,benchmark_data/expanded_generated/ced/real/home/0/1-85168-A-39.wav
benchmark_data/external/esc50/audio/1-85184-A-39.wav,1-85184-A-39,glass_breaking,home,20,19.999999859527616,glass,Glass,0.6383152008056641,False,benchmark_data/expanded_generated/ced/real/home/20/1-85184-A-39.wav
benchmark_data/external/esc50/audio/1-85184-A-39.wav,1-85184-A-39,glass_breaking,home,15,14.999999826501835,breaking,Breaking,0.6342429518699646,False,benchmark_data/expanded_generated/ced/real/home/15/1-85184-A-39.wav
benchmark_data/external/esc50/audio/1-85184-A-39.wav,1-85184-A-39,glass_breaking,home,10,10.000000028249364,breaking,Breaking,0.6352266669273376,False,benchmark_data/expanded_generated/ced/real/home/10/1-85184-A-39.wav
benchmark_data/external/esc50/audio/1-85184-A-39.wav,1-85184-A-39,glass_breaking,home,5,4.999999866274132,breaking,Breaking,0.64384526014328,False,benchmark_data/expanded_generated/ced/real/home/5/1-85184-A-39.wav
benchmark_data/external/esc50/audio/1-85184-A-39.wav,1-85184-A-39,glass_breaking,home,0,1.6617932731370232e-07,music,Music,0.6592200398445129,False,benchmark_data/expanded_generated/ced/real/home/0/1-85184-A-39.wav
benchmark_data/external/esc50/audio/1-88807-A-39.wav,1-88807-A-39,glass_breaking,home,20,20.0000004450948,chink_clink,"Chink, clink",0.5687897801399231,False,benchmark_data/expanded_generated/ced/real/home/20/1-88807-A-39.wav
benchmark_data/external/esc50/audio/1-88807-A-39.wav,1-88807-A-39,glass_breaking,home,15,14.999999694930038,chink_clink,"Chink, clink",0.550119161605835,False,benchmark_data/expanded_generated/ced/real/home/15/1-88807-A-39.wav
benchmark_data/external/esc50/audio/1-88807-A-39.wav,1-88807-A-39,glass_breaking,home,10,10.00000008104202,glass,Glass,0.5255848169326782,False,benchmark_data/expanded_generated/ced/real/home/10/1-88807-A-39.wav
benchmark_data/external/esc50/audio/1-88807-A-39.wav,1-88807-A-39,glass_breaking,home,5,5.000000111831503,glass,Glass,0.5469998121261597,False,benchmark_data/expanded_generated/ced/real/home/5/1-88807-A-39.wav
benchmark_data/external/esc50/audio/1-88807-A-39.wav,1-88807-A-39,glass_breaking,home,0,-2.0454299602896553e-07,music,Music,0.5793257355690002,False,benchmark_data/expanded_generated/ced/real/home/0/1-88807-A-39.wav
benchmark_data/external/esc50/audio/1-977-A-39.wav,1-977-A-39,glass_breaking,home,20,20.000000027678517,breaking,Breaking,0.6518306732177734,False,benchmark_data/expanded_generated/ced/real/home/20/1-977-A-39.wav
benchmark_data/external/esc50/audio/1-977-A-39.wav,1-977-A-39,glass_breaking,home,15,14.999999763937314,breaking,Breaking,0.6429145932197571,False,benchmark_data/expanded_generated/ced/real/home/15/1-977-A-39.wav
benchmark_data/external/esc50/audio/1-977-A-39.wav,1-977-A-39,glass_breaking,home,10,9.999999972742742,glass,Glass,0.6214705109596252,False,benchmark_data/expanded_generated/ced/real/home/10/1-977-A-39.wav
benchmark_data/external/esc50/audio/1-977-A-39.wav,1-977-A-39,glass_breaking,home,5,4.999999892432145,chink_clink,"Chink, clink",0.5465483665466309,False,benchmark_data/expanded_generated/ced/real/home/5/1-977-A-39.wav
benchmark_data/external/esc50/audio/1-977-A-39.wav,1-977-A-39,glass_breaking,home,0,1.7141871881595776e-07,breaking,Breaking,0.5762545466423035,False,benchmark_data/expanded_generated/ced/real/home/0/1-977-A-39.wav
benchmark_data/external/esc50/audio/2-106881-A-39.wav,2-106881-A-39,glass_breaking,home,20,20.000000074706143,crushing,Crushing,0.5672673583030701,False,benchmark_data/expanded_generated/ced/real/home/20/2-106881-A-39.wav
benchmark_data/external/esc50/audio/2-106881-A-39.wav,2-106881-A-39,glass_breaking,home,15,14.999999767718464,crackle,Crackle,0.5889953374862671,False,benchmark_data/expanded_generated/ced/real/home/15/2-106881-A-39.wav
benchmark_data/external/esc50/audio/2-106881-A-39.wav,2-106881-A-39,glass_breaking,home,10,10.000000063266235,crushing,Crushing,0.610346794128418,False,benchmark_data/expanded_generated/ced/real/home/10/2-106881-A-39.wav
benchmark_data/external/esc50/audio/2-106881-A-39.wav,2-106881-A-39,glass_breaking,home,5,4.999999938347919,crackle,Crackle,0.5622367858886719,False,benchmark_data/expanded_generated/ced/real/home/5/2-106881-A-39.wav
benchmark_data/external/esc50/audio/2-106881-A-39.wav,2-106881-A-39,glass_breaking,home,0,-1.232886073023334e-07,firecracker,Firecracker,0.5895189642906189,False,benchmark_data/expanded_generated/ced/real/home/0/2-106881-A-39.wav
benchmark_data/external/esc50/audio/2-112213-A-39.wav,2-112213-A-39,glass_breaking,home,20,19.99999996501568,glass,Glass,0.7137081027030945,False,benchmark_data/expanded_generated/ced/real/home/20/2-112213-A-39.wav
benchmark_data/external/esc50/audio/2-112213-A-39.wav,2-112213-A-39,glass_breaking,home,15,14.999999888150688,glass,Glass,0.7128531336784363,False,benchmark_data/expanded_generated/ced/real/home/15/2-112213-A-39.wav
benchmark_data/external/esc50/audio/2-112213-A-39.wav,2-112213-A-39,glass_breaking,home,10,9.999999737571866,glass,Glass,0.6794043779373169,False,benchmark_data/expanded_generated/ced/real/home/10/2-112213-A-39.wav
benchmark_data/external/esc50/audio/2-112213-A-39.wav,2-112213-A-39,glass_breaking,home,5,5.000000370123657,glass,Glass,0.7033060789108276,False,benchmark_data/expanded_generated/ced/real/home/5/2-112213-A-39.wav
benchmark_data/external/esc50/audio/2-112213-A-39.wav,2-112213-A-39,glass_breaking,home,0,1.5007780175584106e-07,glass,Glass,0.6782200932502747,False,benchmark_data/expanded_generated/ced/real/home/0/2-112213-A-39.wav
benchmark_data/external/esc50/audio/1-31482-A-42.wav,1-31482-A-42,siren,home,20,19.999999635869628,siren,Siren,0.6262335777282715,True,benchmark_data/expanded_generated/ced/real/home/20/1-31482-A-42.wav
benchmark_data/external/esc50/audio/1-31482-A-42.wav,1-31482-A-42,siren,home,15,15.000000036103359,siren,Siren,0.62645423412323,True,benchmark_data/expanded_generated/ced/real/home/15/1-31482-A-42.wav
benchmark_data/external/esc50/audio/1-31482-A-42.wav,1-31482-A-42,siren,home,10,9.999999951579236,siren,Siren,0.6234992742538452,True,benchmark_data/expanded_generated/ced/real/home/10/1-31482-A-42.wav
benchmark_data/external/esc50/audio/1-31482-A-42.wav,1-31482-A-42,siren,home,5,4.999999785316339,bird,Bird,0.568475604057312,False,benchmark_data/expanded_generated/ced/real/home/5/1-31482-A-42.wav
benchmark_data/external/esc50/audio/1-31482-A-42.wav,1-31482-A-42,siren,home,0,-2.2044289413188268e-07,music,Music,0.6925998330116272,False,benchmark_data/expanded_generated/ced/real/home/0/1-31482-A-42.wav
benchmark_data/external/esc50/audio/1-31482-B-42.wav,1-31482-B-42,siren,home,20,19.99999990325079,emergency_vehicle,Emergency vehicle,0.6706918478012085,False,benchmark_data/expanded_generated/ced/real/home/20/1-31482-B-42.wav
benchmark_data/external/esc50/audio/1-31482-B-42.wav,1-31482-B-42,siren,home,15,15.000000104393092,emergency_vehicle,Emergency vehicle,0.6695077419281006,False,benchmark_data/expanded_generated/ced/real/home/15/1-31482-B-42.wav
benchmark_data/external/esc50/audio/1-31482-B-42.wav,1-31482-B-42,siren,home,10,10.000000233942988,emergency_vehicle,Emergency vehicle,0.6136739253997803,False,benchmark_data/expanded_generated/ced/real/home/10/1-31482-B-42.wav
benchmark_data/external/esc50/audio/1-31482-B-42.wav,1-31482-B-42,siren,home,5,4.999999667712411,emergency_vehicle,Emergency vehicle,0.6392435431480408,False,benchmark_data/expanded_generated/ced/real/home/5/1-31482-B-42.wav
benchmark_data/external/esc50/audio/1-31482-B-42.wav,1-31482-B-42,siren,home,0,-4.0134508643756816e-07,emergency_vehicle,Emergency vehicle,0.6368327736854553,False,benchmark_data/expanded_generated/ced/real/home/0/1-31482-B-42.wav
benchmark_data/external/esc50/audio/1-54084-A-42.wav,1-54084-A-42,siren,home,20,19.99999985829428,siren,Siren,0.6981629133224487,True,benchmark_data/expanded_generated/ced/real/home/20/1-54084-A-42.wav
benchmark_data/external/esc50/audio/1-54084-A-42.wav,1-54084-A-42,siren,home,15,14.999999638438242,civil_defense_siren,Civil defense siren,0.6890268325805664,False,benchmark_data/expanded_generated/ced/real/home/15/1-54084-A-42.wav
benchmark_data/external/esc50/audio/1-54084-A-42.wav,1-54084-A-42,siren,home,10,9.999999927632288,siren,Siren,0.6844438910484314,True,benchmark_data/expanded_generated/ced/real/home/10/1-54084-A-42.wav
benchmark_data/external/esc50/audio/1-54084-A-42.wav,1-54084-A-42,siren,home,5,4.999999727271904,civil_defense_siren,Civil defense siren,0.6922978162765503,False,benchmark_data/expanded_generated/ced/real/home/5/1-54084-A-42.wav
benchmark_data/external/esc50/audio/1-54084-A-42.wav,1-54084-A-42,siren,home,0,-1.9559541330461554e-07,civil_defense_siren,Civil defense siren,0.6817834973335266,False,benchmark_data/expanded_generated/ced/real/home/0/1-54084-A-42.wav
benchmark_data/external/esc50/audio/1-76831-A-42.wav,1-76831-A-42,siren,home,20,19.99999984894351,police_car_siren,Police car (siren),0.662848949432373,False,benchmark_data/expanded_generated/ced/real/home/20/1-76831-A-42.wav
benchmark_data/external/esc50/audio/1-76831-A-42.wav,1-76831-A-42,siren,home,15,14.99999971413769,police_car_siren,Police car (siren),0.61310213804245,False,benchmark_data/expanded_generated/ced/real/home/15/1-76831-A-42.wav
benchmark_data/external/esc50/audio/1-76831-A-42.wav,1-76831-A-42,siren,home,10,9.999999788021672,police_car_siren,Police car (siren),0.6684760451316833,False,benchmark_data/expanded_generated/ced/real/home/10/1-76831-A-42.wav
benchmark_data/external/esc50/audio/1-76831-A-42.wav,1-76831-A-42,siren,home,5,5.000000011278649,police_car_siren,Police car (siren),0.6713809370994568,False,benchmark_data/expanded_generated/ced/real/home/5/1-76831-A-42.wav
benchmark_data/external/esc50/audio/1-76831-A-42.wav,1-76831-A-42,siren,home,0,-8.654390493408367e-08,emergency_vehicle,Emergency vehicle,0.6625490188598633,False,benchmark_data/expanded_generated/ced/real/home/0/1-76831-A-42.wav
benchmark_data/external/esc50/audio/1-76831-B-42.wav,1-76831-B-42,siren,home,20,20.000000026275014,siren,Siren,0.6803765296936035,True,benchmark_data/expanded_generated/ced/real/home/20/1-76831-B-42.wav
benchmark_data/external/esc50/audio/1-76831-B-42.wav,1-76831-B-42,siren,home,15,14.999999992553587,siren,Siren,0.6585829257965088,True,benchmark_data/expanded_generated/ced/real/home/15/1-76831-B-42.wav
benchmark_data/external/esc50/audio/1-76831-B-42.wav,1-76831-B-42,siren,home,10,10.000000076300841,siren,Siren,0.6602107882499695,True,benchmark_data/expanded_generated/ced/real/home/10/1-76831-B-42.wav
benchmark_data/external/esc50/audio/1-76831-B-42.wav,1-76831-B-42,siren,home,5,5.000000353816727,siren,Siren,0.6636201739311218,True,benchmark_data/expanded_generated/ced/real/home/5/1-76831-B-42.wav
benchmark_data/external/esc50/audio/1-76831-B-42.wav,1-76831-B-42,siren,home,0,3.00951573447847e-07,siren,Siren,0.6112989783287048,True,benchmark_data/expanded_generated/ced/real/home/0/1-76831-B-42.wav
benchmark_data/external/esc50/audio/1-76831-C-42.wav,1-76831-C-42,siren,home,20,19.99999999115865,siren,Siren,0.6659526228904724,True,benchmark_data/expanded_generated/ced/real/home/20/1-76831-C-42.wav
benchmark_data/external/esc50/audio/1-76831-C-42.wav,1-76831-C-42,siren,home,15,15.00000026826913,siren,Siren,0.6622196435928345,True,benchmark_data/expanded_generated/ced/real/home/15/1-76831-C-42.wav
benchmark_data/external/esc50/audio/1-76831-C-42.wav,1-76831-C-42,siren,home,10,10.000000038470207,siren,Siren,0.6400012969970703,True,benchmark_data/expanded_generated/ced/real/home/10/1-76831-C-42.wav
benchmark_data/external/esc50/audio/1-76831-C-42.wav,1-76831-C-42,siren,home,5,4.999999921452416,emergency_vehicle,Emergency vehicle,0.6281458735466003,False,benchmark_data/expanded_generated/ced/real/home/5/1-76831-C-42.wav
benchmark_data/external/esc50/audio/1-76831-C-42.wav,1-76831-C-42,siren,home,0,-2.9732913601705095e-08,emergency_vehicle,Emergency vehicle,0.5967029929161072,False,benchmark_data/expanded_generated/ced/real/home/0/1-76831-C-42.wav
benchmark_data/external/esc50/audio/1-76831-D-42.wav,1-76831-D-42,siren,home,20,20.000000319401497,police_car_siren,Police car (siren),0.6950498223304749,False,benchmark_data/expanded_generated/ced/real/home/20/1-76831-D-42.wav
benchmark_data/external/esc50/audio/1-76831-D-42.wav,1-76831-D-42,siren,home,15,15.000000133895373,police_car_siren,Police car (siren),0.6764188408851624,False,benchmark_data/expanded_generated/ced/real/home/15/1-76831-D-42.wav
benchmark_data/external/esc50/audio/1-76831-D-42.wav,1-76831-D-42,siren,home,10,10.000000311221726,siren,Siren,0.6669396162033081,True,benchmark_data/expanded_generated/ced/real/home/10/1-76831-D-42.wav
benchmark_data/external/esc50/audio/1-76831-D-42.wav,1-76831-D-42,siren,home,5,5.0000002755047435,police_car_siren,Police car (siren),0.6665080189704895,False,benchmark_data/expanded_generated/ced/real/home/5/1-76831-D-42.wav
benchmark_data/external/esc50/audio/1-76831-D-42.wav,1-76831-D-42,siren,home,0,-1.0428147183887874e-07,police_car_siren,Police car (siren),0.6425973773002625,False,benchmark_data/expanded_generated/ced/real/home/0/1-76831-D-42.wav
benchmark_data/external/esc50/audio/1-76831-E-42.wav,1-76831-E-42,siren,home,20,20.00000011225845,siren,Siren,0.6997612118721008,True,benchmark_data/expanded_generated/ced/real/home/20/1-76831-E-42.wav
benchmark_data/external/esc50/audio/1-76831-E-42.wav,1-76831-E-42,siren,home,15,14.999999758740818,siren,Siren,0.6875780820846558,True,benchmark_data/expanded_generated/ced/real/home/15/1-76831-E-42.wav
benchmark_data/external/esc50/audio/1-76831-E-42.wav,1-76831-E-42,siren,home,10,9.999999747169104,siren,Siren,0.6748046278953552,True,benchmark_data/expanded_generated/ced/real/home/10/1-76831-E-42.wav
benchmark_data/external/esc50/audio/1-76831-E-42.wav,1-76831-E-42,siren,home,5,5.000000175551456,police_car_siren,Police car (siren),0.6802352666854858,False,benchmark_data/expanded_generated/ced/real/home/5/1-76831-E-42.wav
benchmark_data/external/esc50/audio/1-76831-E-42.wav,1-76831-E-42,siren,home,0,1.872214059759977e-07,police_car_siren,Police car (siren),0.6527529954910278,False,benchmark_data/expanded_generated/ced/real/home/0/1-76831-E-42.wav
benchmark_data/external/esc50/audio/2-43802-A-42.wav,2-43802-A-42,siren,home,20,19.999999973029816,siren,Siren,0.6617153882980347,True,benchmark_data/expanded_generated/ced/real/home/20/2-43802-A-42.wav
benchmark_data/external/esc50/audio/2-43802-A-42.wav,2-43802-A-42,siren,home,15,15.00000035329878,siren,Siren,0.64952152967453,True,benchmark_data/expanded_generated/ced/real/home/15/2-43802-A-42.wav
benchmark_data/external/esc50/audio/2-43802-A-42.wav,2-43802-A-42,siren,home,10,10.00000023408452,siren,Siren,0.6277245283126831,True,benchmark_data/expanded_generated/ced/real/home/10/2-43802-A-42.wav
benchmark_data/external/esc50/audio/2-43802-A-42.wav,2-43802-A-42,siren,home,5,4.999999756272929,siren,Siren,0.6440865993499756,True,benchmark_data/expanded_generated/ced/real/home/5/2-43802-A-42.wav
benchmark_data/external/esc50/audio/2-43802-A-42.wav,2-43802-A-42,siren,home,0,4.864793852630353e-08,siren,Siren,0.5958824753761292,True,benchmark_data/expanded_generated/ced/real/home/0/2-43802-A-42.wav
benchmark_data/external/esc50/audio/2-43806-A-42.wav,2-43806-A-42,siren,home,20,20.000000321337865,emergency_vehicle,Emergency vehicle,0.6463332772254944,False,benchmark_data/expanded_generated/ced/real/home/20/2-43806-A-42.wav
benchmark_data/external/esc50/audio/2-43806-A-42.wav,2-43806-A-42,siren,home,15,15.000000447016715,emergency_vehicle,Emergency vehicle,0.6456407904624939,False,benchmark_data/expanded_generated/ced/real/home/15/2-43806-A-42.wav
benchmark_data/external/esc50/audio/2-43806-A-42.wav,2-43806-A-42,siren,home,10,10.000000280734634,emergency_vehicle,Emergency vehicle,0.6547881960868835,False,benchmark_data/expanded_generated/ced/real/home/10/2-43806-A-42.wav
benchmark_data/external/esc50/audio/2-43806-A-42.wav,2-43806-A-42,siren,home,5,5.000000045508005,emergency_vehicle,Emergency vehicle,0.6308470368385315,False,benchmark_data/expanded_generated/ced/real/home/5/2-43806-A-42.wav
benchmark_data/external/esc50/audio/2-43806-A-42.wav,2-43806-A-42,siren,home,0,-1.2972821610776186e-07,emergency_vehicle,Emergency vehicle,0.5989395380020142,False,benchmark_data/expanded_generated/ced/real/home/0/2-43806-A-42.wav
benchmark_data/external/esc50/audio/1-17124-A-43.wav,1-17124-A-43,vehicle_horn,home,20,20.000000330072414,vehicle_horn,"Vehicle horn, car horn, honking",0.6879838705062866,True,benchmark_data/expanded_generated/ced/real/home/20/1-17124-A-43.wav
benchmark_data/external/esc50/audio/1-17124-A-43.wav,1-17124-A-43,vehicle_horn,home,15,15.000000358517461,vehicle_horn,"Vehicle horn, car horn, honking",0.6820538640022278,True,benchmark_data/expanded_generated/ced/real/home/15/1-17124-A-43.wav
benchmark_data/external/esc50/audio/1-17124-A-43.wav,1-17124-A-43,vehicle_horn,home,10,10.00000017790848,vehicle_horn,"Vehicle horn, car horn, honking",0.6832209229469299,True,benchmark_data/expanded_generated/ced/real/home/10/1-17124-A-43.wav
benchmark_data/external/esc50/audio/1-17124-A-43.wav,1-17124-A-43,vehicle_horn,home,5,5.000000156648411,vehicle_horn,"Vehicle horn, car horn, honking",0.6570142507553101,True,benchmark_data/expanded_generated/ced/real/home/5/1-17124-A-43.wav
benchmark_data/external/esc50/audio/1-17124-A-43.wav,1-17124-A-43,vehicle_horn,home,0,3.2420304027362713e-07,vehicle_horn,"Vehicle horn, car horn, honking",0.6768209338188171,True,benchmark_data/expanded_generated/ced/real/home/0/1-17124-A-43.wav
benchmark_data/external/esc50/audio/1-19026-A-43.wav,1-19026-A-43,vehicle_horn,home,20,20.000000238641533,vehicle_horn,"Vehicle horn, car horn, honking",0.6894728541374207,True,benchmark_data/expanded_generated/ced/real/home/20/1-19026-A-43.wav
benchmark_data/external/esc50/audio/1-19026-A-43.wav,1-19026-A-43,vehicle_horn,home,15,15.000000319341904,vehicle_horn,"Vehicle horn, car horn, honking",0.6654189229011536,True,benchmark_data/expanded_generated/ced/real/home/15/1-19026-A-43.wav
benchmark_data/external/esc50/audio/1-19026-A-43.wav,1-19026-A-43,vehicle_horn,home,10,10.000000064666327,vehicle_horn,"Vehicle horn, car horn, honking",0.6789119839668274,True,benchmark_data/expanded_generated/ced/real/home/10/1-19026-A-43.wav
benchmark_data/external/esc50/audio/1-19026-A-43.wav,1-19026-A-43,vehicle_horn,home,5,5.000000149545812,vehicle_horn,"Vehicle horn, car horn, honking",0.6244855523109436,True,benchmark_data/expanded_generated/ced/real/home/5/1-19026-A-43.wav
benchmark_data/external/esc50/audio/1-19026-A-43.wav,1-19026-A-43,vehicle_horn,home,0,-2.6097506196894055e-07,vehicle_horn,"Vehicle horn, car horn, honking",0.5913463234901428,True,benchmark_data/expanded_generated/ced/real/home/0/1-19026-A-43.wav
benchmark_data/external/esc50/audio/1-24074-A-43.wav,1-24074-A-43,vehicle_horn,home,20,20.00000022378805,vehicle,Vehicle,0.6785097122192383,False,benchmark_data/expanded_generated/ced/real/home/20/1-24074-A-43.wav
benchmark_data/external/esc50/audio/1-24074-A-43.wav,1-24074-A-43,vehicle_horn,home,15,14.999999725258599,vehicle,Vehicle,0.6789900064468384,False,benchmark_data/expanded_generated/ced/real/home/15/1-24074-A-43.wav
benchmark_data/external/esc50/audio/1-24074-A-43.wav,1-24074-A-43,vehicle_horn,home,10,10.000000055536118,vehicle,Vehicle,0.6723118424415588,False,benchmark_data/expanded_generated/ced/real/home/10/1-24074-A-43.wav
benchmark_data/external/esc50/audio/1-24074-A-43.wav,1-24074-A-43,vehicle_horn,home,5,5.000000140594874,vehicle,Vehicle,0.6140692830085754,False,benchmark_data/expanded_generated/ced/real/home/5/1-24074-A-43.wav
benchmark_data/external/esc50/audio/1-24074-A-43.wav,1-24074-A-43,vehicle_horn,home,0,2.748057028633484e-07,car,Car,0.6257379055023193,False,benchmark_data/expanded_generated/ced/real/home/0/1-24074-A-43.wav
benchmark_data/external/esc50/audio/1-24076-A-43.wav,1-24076-A-43,vehicle_horn,home,20,19.99999986555155,vehicle,Vehicle,0.6843987703323364,False,benchmark_data/expanded_generated/ced/real/home/20/1-24076-A-43.wav
benchmark_data/external/esc50/audio/1-24076-A-43.wav,1-24076-A-43,vehicle_horn,home,15,14.999999952073937,vehicle,Vehicle,0.6610139012336731,False,benchmark_data/expanded_generated/ced/real/home/15/1-24076-A-43.wav
benchmark_data/external/esc50/audio/1-24076-A-43.wav,1-24076-A-43,vehicle_horn,home,10,10.000000126065352,vehicle,Vehicle,0.6656093597412109,False,benchmark_data/expanded_generated/ced/real/home/10/1-24076-A-43.wav
benchmark_data/external/esc50/audio/1-24076-A-43.wav,1-24076-A-43,vehicle_horn,home,5,5.000000023915447,vehicle,Vehicle,0.6595503091812134,False,benchmark_data/expanded_generated/ced/real/home/5/1-24076-A-43.wav
benchmark_data/external/esc50/audio/1-24076-A-43.wav,1-24076-A-43,vehicle_horn,home,0,-1.9719652098552783e-07,vehicle,Vehicle,0.66822350025177,False,benchmark_data/expanded_generated/ced/real/home/0/1-24076-A-43.wav
benchmark_data/external/esc50/audio/1-254507-A-43.wav,1-254507-A-43,vehicle_horn,home,20,19.99999989920009,music,Music,0.6164912581443787,False,benchmark_data/expanded_generated/ced/real/home/20/1-254507-A-43.wav
benchmark_data/external/esc50/audio/1-254507-A-43.wav,1-254507-A-43,vehicle_horn,home,15,14.999999766189758,music,Music,0.6159922480583191,False,benchmark_data/expanded_generated/ced/real/home/15/1-254507-A-43.wav
benchmark_data/external/esc50/audio/1-254507-A-43.wav,1-254507-A-43,vehicle_horn,home,10,10.000000048042335,music,Music,0.6074780225753784,False,benchmark_data/expanded_generated/ced/real/home/10/1-254507-A-43.wav
benchmark_data/external/esc50/audio/1-254507-A-43.wav,1-254507-A-43,vehicle_horn,home,5,5.0000000772946045,bus,Bus,0.6290714144706726,False,benchmark_data/expanded_generated/ced/real/home/5/1-254507-A-43.wav
benchmark_data/external/esc50/audio/1-254507-A-43.wav,1-254507-A-43,vehicle_horn,home,0,4.670887177082835e-08,music,Music,0.6742207407951355,False,benchmark_data/expanded_generated/ced/real/home/0/1-254507-A-43.wav
benchmark_data/external/esc50/audio/1-26176-A-43.wav,1-26176-A-43,vehicle_horn,home,20,20.00000006166699,speech,Speech,0.6647734642028809,False,benchmark_data/expanded_generated/ced/real/home/20/1-26176-A-43.wav
benchmark_data/external/esc50/audio/1-26176-A-43.wav,1-26176-A-43,vehicle_horn,home,15,14.999999841066,speech,Speech,0.6423905491828918,False,benchmark_data/expanded_generated/ced/real/home/15/1-26176-A-43.wav
benchmark_data/external/esc50/audio/1-26176-A-43.wav,1-26176-A-43,vehicle_horn,home,10,9.99999982478727,speech,Speech,0.617845356464386,False,benchmark_data/expanded_generated/ced/real/home/10/1-26176-A-43.wav
benchmark_data/external/esc50/audio/1-26176-A-43.wav,1-26176-A-43,vehicle_horn,home,5,5.000000226756693,speech,Speech,0.6112542748451233,False,benchmark_data/expanded_generated/ced/real/home/5/1-26176-A-43.wav
benchmark_data/external/esc50/audio/1-26176-A-43.wav,1-26176-A-43,vehicle_horn,home,0,-6.48906058421771e-08,music,Music,0.5865769982337952,False,benchmark_data/expanded_generated/ced/real/home/0/1-26176-A-43.wav
benchmark_data/external/esc50/audio/1-26177-A-43.wav,1-26177-A-43,vehicle_horn,home,20,19.99999960373637,vehicle,Vehicle,0.6262547373771667,False,benchmark_data/expanded_generated/ced/real/home/20/1-26177-A-43.wav
benchmark_data/external/esc50/audio/1-26177-A-43.wav,1-26177-A-43,vehicle_horn,home,15,15.000000182322886,music,Music,0.6105589866638184,False,benchmark_data/expanded_generated/ced/real/home/15/1-26177-A-43.wav
benchmark_data/external/esc50/audio/1-26177-A-43.wav,1-26177-A-43,vehicle_horn,home,10,9.999999890921972,vehicle,Vehicle,0.6549568772315979,False,benchmark_data/expanded_generated/ced/real/home/10/1-26177-A-43.wav
benchmark_data/external/esc50/audio/1-26177-A-43.wav,1-26177-A-43,vehicle_horn,home,5,4.999999778432411,vehicle,Vehicle,0.6315414309501648,False,benchmark_data/expanded_generated/ced/real/home/5/1-26177-A-43.wav
benchmark_data/external/esc50/audio/1-26177-A-43.wav,1-26177-A-43,vehicle_horn,home,0,-2.1979907050948104e-07,music,Music,0.6306678056716919,False,benchmark_data/expanded_generated/ced/real/home/0/1-26177-A-43.wav
benchmark_data/external/esc50/audio/1-28808-A-43.wav,1-28808-A-43,vehicle_horn,home,20,20.000000130240704,toot,Toot,0.7028895616531372,False,benchmark_data/expanded_generated/ced/real/home/20/1-28808-A-43.wav
benchmark_data/external/esc50/audio/1-28808-A-43.wav,1-28808-A-43,vehicle_horn,home,15,14.99999976691094,toot,Toot,0.6946918368339539,False,benchmark_data/expanded_generated/ced/real/home/15/1-28808-A-43.wav
benchmark_data/external/esc50/audio/1-28808-A-43.wav,1-28808-A-43,vehicle_horn,home,10,10.000000009315304,toot,Toot,0.6962918639183044,False,benchmark_data/expanded_generated/ced/real/home/10/1-28808-A-43.wav
benchmark_data/external/esc50/audio/1-28808-A-43.wav,1-28808-A-43,vehicle_horn,home,5,5.000000253433198,toot,Toot,0.6974378228187561,False,benchmark_data/expanded_generated/ced/real/home/5/1-28808-A-43.wav
benchmark_data/external/esc50/audio/1-28808-A-43.wav,1-28808-A-43,vehicle_horn,home,0,-4.3669635453334117e-07,vehicle,Vehicle,0.6928665637969971,False,benchmark_data/expanded_generated/ced/real/home/0/1-28808-A-43.wav
benchmark_data/external/esc50/audio/2-100648-A-43.wav,2-100648-A-43,vehicle_horn,home,20,20.000000271204705,vehicle,Vehicle,0.6787357330322266,False,benchmark_data/expanded_generated/ced/real/home/20/2-100648-A-43.wav
benchmark_data/external/esc50/audio/2-100648-A-43.wav,2-100648-A-43,vehicle_horn,home,15,15.000000365946848,vehicle,Vehicle,0.6726763844490051,False,benchmark_data/expanded_generated/ced/real/home/15/2-100648-A-43.wav
benchmark_data/external/esc50/audio/2-100648-A-43.wav,2-100648-A-43,vehicle_horn,home,10,9.99999974307145,vehicle,Vehicle,0.6860960125923157,False,benchmark_data/expanded_generated/ced/real/home/10/2-100648-A-43.wav
benchmark_data/external/esc50/audio/2-100648-A-43.wav,2-100648-A-43,vehicle_horn,home,5,4.999999905523694,vehicle,Vehicle,0.6600897312164307,False,benchmark_data/expanded_generated/ced/real/home/5/2-100648-A-43.wav
benchmark_data/external/esc50/audio/2-100648-A-43.wav,2-100648-A-43,vehicle_horn,home,0,-1.2951113200581335e-07,vehicle,Vehicle,0.6730610132217407,False,benchmark_data/expanded_generated/ced/real/home/0/2-100648-A-43.wav
benchmark_data/external/esc50/audio/2-125520-A-43.wav,2-125520-A-43,vehicle_horn,home,20,19.99999993021264,vehicle_horn,"Vehicle horn, car horn, honking",0.6179862022399902,True,benchmark_data/expanded_generated/ced/real/home/20/2-125520-A-43.wav
benchmark_data/external/esc50/audio/2-125520-A-43.wav,2-125520-A-43,vehicle_horn,home,15,15.000000253058065,vehicle_horn,"Vehicle horn, car horn, honking",0.6568958759307861,True,benchmark_data/expanded_generated/ced/real/home/15/2-125520-A-43.wav
benchmark_data/external/esc50/audio/2-125520-A-43.wav,2-125520-A-43,vehicle_horn,home,10,9.999999784145059,vehicle_horn,"Vehicle horn, car horn, honking",0.6181710958480835,True,benchmark_data/expanded_generated/ced/real/home/10/2-125520-A-43.wav
benchmark_data/external/esc50/audio/2-125520-A-43.wav,2-125520-A-43,vehicle_horn,home,5,4.999999677465611,vehicle_horn,"Vehicle horn, car horn, honking",0.6186933517456055,True,benchmark_data/expanded_generated/ced/real/home/5/2-125520-A-43.wav
benchmark_data/external/esc50/audio/2-125520-A-43.wav,2-125520-A-43,vehicle_horn,home,0,1.3381022281097202e-07,vehicle,Vehicle,0.6269978284835815,False,benchmark_data/expanded_generated/ced/real/home/0/2-125520-A-43.wav
