sample_id,source_clip,true_label,noise_protocol,target_snr_db,achieved_snr_db,prediction,raw_prediction,confidence,correct,path
1-100032-A-0,benchmark_data/external/esc50/audio/1-100032-A-0.wav,dog_barking,gaussian,20,19.999999570153154,animal,Animal,0.6682975888252258,False,benchmark_data/expanded_generated/ced/synthetic/20/1-100032-A-0.wav
1-100032-A-0,benchmark_data/external/esc50/audio/1-100032-A-0.wav,dog_barking,gaussian,15,15.000000076447682,animal,Animal,0.6571226119995117,False,benchmark_data/expanded_generated/ced/synthetic/15/1-100032-A-0.wav
1-100032-A-0,benchmark_data/external/esc50/audio/1-100032-A-0.wav,dog_barking,gaussian,10,9.999999918011559,dog_barking,Bark,0.6432488560676575,True,benchmark_data/expanded_generated/ced/synthetic/10/1-100032-A-0.wav
1-100032-A-0,benchmark_data/external/esc50/audio/1-100032-A-0.wav,dog_barking,gaussian,5,5.000000193273736,animal,Animal,0.6421995162963867,False,benchmark_data/expanded_generated/ced/synthetic/5/1-100032-A-0.wav
1-100032-A-0,benchmark_data/external/esc50/audio/1-100032-A-0.wav,dog_barking,gaussian,0,1.6309090342163263e-07,animal,Animal,0.6179781556129456,False,benchmark_data/expanded_generated/ced/synthetic/0/1-100032-A-0.wav
1-101336-A-30,benchmark_data/external/esc50/audio/1-101336-A-30.wav,door_activity,gaussian,20,20.00000007147969,door_activity,Knock,0.6518802046775818,True,benchmark_data/expanded_generated/ced/synthetic/20/1-101336-A-30.wav
1-101336-A-30,benchmark_data/external/esc50/audio/1-101336-A-30.wav,door_activity,gaussian,15,15.000000165861296,door_activity,Knock,0.6755712628364563,True,benchmark_data/expanded_generated/ced/synthetic/15/1-101336-A-30.wav
1-101336-A-30,benchmark_data/external/esc50/audio/1-101336-A-30.wav,door_activity,gaussian,10,10.000000291018917,door_activity,Knock,0.6914005279541016,True,benchmark_data/expanded_generated/ced/synthetic/10/1-101336-A-30.wav
1-101336-A-30,benchmark_data/external/esc50/audio/1-101336-A-30.wav,door_activity,gaussian,5,4.999999775008818,door_activity,Knock,0.6972756385803223,True,benchmark_data/expanded_generated/ced/synthetic/5/1-101336-A-30.wav
1-101336-A-30,benchmark_data/external/esc50/audio/1-101336-A-30.wav,door_activity,gaussian,0,-5.808629214323036e-08,door_activity,Knock,0.7076776623725891,True,benchmark_data/expanded_generated/ced/synthetic/0/1-101336-A-30.wav
1-103995-A-30,benchmark_data/external/esc50/audio/1-103995-A-30.wav,door_activity,gaussian,20,20.00000014057106,door_activity,Knock,0.6931630373001099,True,benchmark_data/expanded_generated/ced/synthetic/20/1-103995-A-30.wav
1-103995-A-30,benchmark_data/external/esc50/audio/1-103995-A-30.wav,door_activity,gaussian,15,14.999999738993806,door_activity,Knock,0.7056379318237305,True,benchmark_data/expanded_generated/ced/synthetic/15/1-103995-A-30.wav
1-103995-A-30,benchmark_data/external/esc50/audio/1-103995-A-30.wav,door_activity,gaussian,10,10.00000008185172,door_activity,Knock,0.703947126865387,True,benchmark_data/expanded_generated/ced/synthetic/10/1-103995-A-30.wav
1-103995-A-30,benchmark_data/external/esc50/audio/1-103995-A-30.wav,door_activity,gaussian,5,5.000000062569204,door_activity,Knock,0.6960663795471191,True,benchmark_data/expanded_generated/ced/synthetic/5/1-103995-A-30.wav
1-103995-A-30,benchmark_data/external/esc50/audio/1-103995-A-30.wav,door_activity,gaussian,0,4.0446032731396764e-08,door_activity,Knock,0.7182212471961975,True,benchmark_data/expanded_generated/ced/synthetic/0/1-103995-A-30.wav
1-103999-A-30,benchmark_data/external/esc50/audio/1-103999-A-30.wav,door_activity,gaussian,20,19.99999985995364,door_activity,Knock,0.718415379524231,True,benchmark_data/expanded_generated/ced/synthetic/20/1-103999-A-30.wav
1-103999-A-30,benchmark_data/external/esc50/audio/1-103999-A-30.wav,door_activity,gaussian,15,14.999999704251323,door_activity,Knock,0.7188826203346252,True,benchmark_data/expanded_generated/ced/synthetic/15/1-103999-A-30.wav
1-103999-A-30,benchmark_data/external/esc50/audio/1-103999-A-30.wav,door_activity,gaussian,10,10.000000162163191,door_activity,Knock,0.7191843390464783,True,benchmark_data/expanded_generated/ced/synthetic/10/1-103999-A-30.wav
1-103999-A-30,benchmark_data/external/esc50/audio/1-103999-A-30.wav,door_activity,gaussian,5,5.000000046323494,door_activity,Knock,0.7199727892875671,True,benchmark_data/expanded_generated/ced/synthetic/5/1-103999-A-30.wav
1-103999-A-30,benchmark_data/external/esc50/audio/1-103999-A-30.wav,door_activity,gaussian,0,1.6076265244499506e-07,door_activity,Knock,0.7159375548362732,True,benchmark_data/expanded_generated/ced/synthetic/0/1-103999-A-30.wav
1-110389-A-0,benchmark_data/external/esc50/audio/1-110389-A-0.wav,dog_barking,gaussian,20,19.999999956758213,animal,Animal,0.6362510919570923,False,benchmark_data/expanded_generated/ced/synthetic/20/1-110389-A-0.wav
1-110389-A-0,benchmark_data/external/esc50/audio/1-110389-A-0.wav,dog_barking,gaussian,15,14.999999677166302,animal,Animal,0.625889003276825,False,benchmark_data/expanded_generated/ced/synthetic/15/1-110389-A-0.wav
1-110389-A-0,benchmark_data/external/esc50/audio/1-110389-A-0.wav,dog_barking,gaussian,10,10.000000160775631,animal,Animal,0.6094469428062439,False,benchmark_data/expanded_generated/ced/synthetic/10/1-110389-A-0.wav
1-110389-A-0,benchmark_data/external/esc50/audio/1-110389-A-0.wav,dog_barking,gaussian,5,4.999999932663361,animal,Animal,0.5907488465309143,False,benchmark_data/expanded_generated/ced/synthetic/5/1-110389-A-0.wav
1-110389-A-0,benchmark_data/external/esc50/audio/1-110389-A-0.wav,dog_barking,gaussian,0,-2.8217979905816084e-07,animal,Animal,0.572823703289032,False,benchmark_data/expanded_generated/ced/synthetic/0/1-110389-A-0.wav
1-17124-A-43,benchmark_data/external/esc50/audio/1-17124-A-43.wav,vehicle_horn,gaussian,20,19.999999946284458,vehicle_horn,"Vehicle horn, car horn, honking",0.6904006600379944,True,benchmark_data/expanded_generated/ced/synthetic/20/1-17124-A-43.wav
1-17124-A-43,benchmark_data/external/esc50/audio/1-17124-A-43.wav,vehicle_horn,gaussian,15,15.000000287653734,vehicle_horn,"Vehicle horn, car horn, honking",0.6840347647666931,True,benchmark_data/expanded_generated/ced/synthetic/15/1-17124-A-43.wav
1-17124-A-43,benchmark_data/external/esc50/audio/1-17124-A-43.wav,vehicle_horn,gaussian,10,9.999999975393537,vehicle_horn,"Vehicle horn, car horn, honking",0.6750878691673279,True,benchmark_data/expanded_generated/ced/synthetic/10/1-17124-A-43.wav
1-17124-A-43,benchmark_data/external/esc50/audio/1-17124-A-43.wav,vehicle_horn,gaussian,5,5.0000002451432914,vehicle_horn,"Vehicle horn, car horn, honking",0.6507582068443298,True,benchmark_data/expanded_generated/ced/synthetic/5/1-17124-A-43.wav
1-17124-A-43,benchmark_data/external/esc50/audio/1-17124-A-43.wav,vehicle_horn,gaussian,0,1.7408276283462717e-07,vehicle,Vehicle,0.6435479521751404,False,benchmark_data/expanded_generated/ced/synthetic/0/1-17124-A-43.wav
1-17150-A-12,benchmark_data/external/esc50/audio/1-17150-A-12.wav,fire,gaussian,20,20.000000003493522,fire,Fire,0.5871335864067078,True,benchmark_data/expanded_generated/ced/synthetic/20/1-17150-A-12.wav
1-17150-A-12,benchmark_data/external/esc50/audio/1-17150-A-12.wav,fire,gaussian,15,15.000000302474065,fire,Fire,0.608136773109436,True,benchmark_data/expanded_generated/ced/synthetic/15/1-17150-A-12.wav
1-17150-A-12,benchmark_data/external/esc50/audio/1-17150-A-12.wav,fire,gaussian,10,10.000000017790141,rain_on_surface,Rain on surface,0.5417556166648865,False,benchmark_data/expanded_generated/ced/synthetic/10/1-17150-A-12.wav
1-17150-A-12,benchmark_data/external/esc50/audio/1-17150-A-12.wav,fire,gaussian,5,4.999999891418695,pink_noise,Pink noise,0.5388832688331604,False,benchmark_data/expanded_generated/ced/synthetic/5/1-17150-A-12.wav
1-17150-A-12,benchmark_data/external/esc50/audio/1-17150-A-12.wav,fire,gaussian,0,2.6095988037218846e-07,pink_noise,Pink noise,0.5447972416877747,False,benchmark_data/expanded_generated/ced/synthetic/0/1-17150-A-12.wav
1-17565-A-12,benchmark_data/external/esc50/audio/1-17565-A-12.wav,fire,gaussian,20,19.999999655277236,crumpling_crinkling,"Crumpling, crinkling",0.5288657546043396,False,benchmark_data/expanded_generated/ced/synthetic/20/1-17565-A-12.wav
1-17565-A-12,benchmark_data/external/esc50/audio/1-17565-A-12.wav,fire,gaussian,15,14.999999708744813,crumpling_crinkling,"Crumpling, crinkling",0.5319085717201233,False,benchmark_data/expanded_generated/ced/synthetic/15/1-17565-A-12.wav
1-17565-A-12,benchmark_data/external/esc50/audio/1-17565-A-12.wav,fire,gaussian,10,9.999999793150675,rain_on_surface,Rain on surface,0.5413362979888916,False,benchmark_data/expanded_generated/ced/synthetic/10/1-17565-A-12.wav
1-17565-A-12,benchmark_data/external/esc50/audio/1-17565-A-12.wav,fire,gaussian,5,5.000000244949966,rain_on_surface,Rain on surface,0.5752184391021729,False,benchmark_data/expanded_generated/ced/synthetic/5/1-17565-A-12.wav
1-17565-A-12,benchmark_data/external/esc50/audio/1-17565-A-12.wav,fire,gaussian,0,-2.695653732078824e-07,rain_on_surface,Rain on surface,0.6140123009681702,False,benchmark_data/expanded_generated/ced/synthetic/0/1-17565-A-12.wav
1-17742-A-12,benchmark_data/external/esc50/audio/1-17742-A-12.wav,fire,gaussian,20,19.999999859128767,patter,Patter,0.5617729425430298,False,benchmark_data/expanded_generated/ced/synthetic/20/1-17742-A-12.wav
1-17742-A-12,benchmark_data/external/esc50/audio/1-17742-A-12.wav,fire,gaussian,15,14.999999920557078,patter,Patter,0.5727794766426086,False,benchmark_data/expanded_generated/ced/synthetic/15/1-17742-A-12.wav
1-17742-A-12,benchmark_data/external/esc50/audio/1-17742-A-12.wav,fire,gaussian,10,9.999999825719577,patter,Patter,0.5444879531860352,False,benchmark_data/expanded_generated/ced/synthetic/10/1-17742-A-12.wav
1-17742-A-12,benchmark_data/external/esc50/audio/1-17742-A-12.wav,fire,gaussian,5,5.000000155249371,patter,Patter,0.5675846338272095,False,benchmark_data/expanded_generated/ced/synthetic/5/1-17742-A-12.wav
1-17742-A-12,benchmark_data/external/esc50/audio/1-17742-A-12.wav,fire,gaussian,0,-2.733742199519786e-07,tick_tock,Tick-tock,0.5428982377052307,False,benchmark_data/expanded_generated/ced/synthetic/0/1-17742-A-12.wav
1-17808-A-12,benchmark_data/external/esc50/audio/1-17808-A-12.wav,fire,gaussian,20,19.999999968913016,white_noise,White noise,0.5379974246025085,False,benchmark_data/expanded_generated/ced/synthetic/20/1-17808-A-12.wav
1-17808-A-12,benchmark_data/external/esc50/audio/1-17808-A-12.wav,fire,gaussian,15,15.000000111652,white_noise,White noise,0.5401117205619812,False,benchmark_data/expanded_generated/ced/synthetic/15/1-17808-A-12.wav
1-17808-A-12,benchmark_data/external/esc50/audio/1-17808-A-12.wav,fire,gaussian,10,10.000000177363715,white_noise,White noise,0.5359638333320618,False,benchmark_data/expanded_generated/ced/synthetic/10/1-17808-A-12.wav
1-17808-A-12,benchmark_data/external/esc50/audio/1-17808-A-12.wav,fire,gaussian,5,5.000000081829347,pink_noise,Pink noise,0.5544574856758118,False,benchmark_data/expanded_generated/ced/synthetic/5/1-17808-A-12.wav
1-17808-A-12,benchmark_data/external/esc50/audio/1-17808-A-12.wav,fire,gaussian,0,1.602011785739331e-07,pink_noise,Pink noise,0.5648359656333923,False,benchmark_data/expanded_generated/ced/synthetic/0/1-17808-A-12.wav
1-17808-B-12,benchmark_data/external/esc50/audio/1-17808-B-12.wav,fire,gaussian,20,19.999999817579813,vehicle,Vehicle,0.5121976137161255,False,benchmark_data/expanded_generated/ced/synthetic/20/1-17808-B-12.wav
1-17808-B-12,benchmark_data/external/esc50/audio/1-17808-B-12.wav,fire,gaussian,15,15.000000289618898,white_noise,White noise,0.5133993625640869,False,benchmark_data/expanded_generated/ced/synthetic/15/1-17808-B-12.wav
1-17808-B-12,benchmark_data/external/esc50/audio/1-17808-B-12.wav,fire,gaussian,10,10.000000379721357,pink_noise,Pink noise,0.5285787582397461,False,benchmark_data/expanded_generated/ced/synthetic/10/1-17808-B-12.wav
1-17808-B-12,benchmark_data/external/esc50/audio/1-17808-B-12.wav,fire,gaussian,5,4.999999656367685,pink_noise,Pink noise,0.559981107711792,False,benchmark_data/expanded_generated/ced/synthetic/5/1-17808-B-12.wav
1-17808-B-12,benchmark_data/external/esc50/audio/1-17808-B-12.wav,fire,gaussian,0,2.1664562849779295e-07,pink_noise,Pink noise,0.5676088929176331,False,benchmark_data/expanded_generated/ced/synthetic/0/1-17808-B-12.wav
1-187207-A-20,benchmark_data/external/esc50/audio/1-187207-A-20.wav,baby_crying,gaussian,20,20.00000011250104,laughter,Laughter,0.5720088481903076,False,benchmark_data/expanded_generated/ced/synthetic/20/1-187207-A-20.wav
1-187207-A-20,benchmark_data/external/esc50/audio/1-187207-A-20.wav,baby_crying,gaussian,15,14.99999983174947,baby_crying,"Baby cry, infant cry",0.5699535608291626,True,benchmark_data/expanded_generated/ced/synthetic/15/1-187207-A-20.wav
1-187207-A-20,benchmark_data/external/esc50/audio/1-187207-A-20.wav,baby_crying,gaussian,10,10.000000206551663,baby_crying,"Baby cry, infant cry",0.5526466369628906,True,benchmark_data/expanded_generated/ced/synthetic/10/1-187207-A-20.wav
1-187207-A-20,benchmark_data/external/esc50/audio/1-187207-A-20.wav,baby_crying,gaussian,5,4.9999998220208495,baby_crying,"Baby cry, infant cry",0.577643871307373,True,benchmark_data/expanded_generated/ced/synthetic/5/1-187207-A-20.wav
1-187207-A-20,benchmark_data/external/esc50/audio/1-187207-A-20.wav,baby_crying,gaussian,0,-1.9878426563469277e-07,baby_crying,"Baby cry, infant cry",0.5768606066703796,True,benchmark_data/expanded_generated/ced/synthetic/0/1-187207-A-20.wav
1-19026-A-43,benchmark_data/external/esc50/audio/1-19026-A-43.wav,vehicle_horn,gaussian,20,20.000000182465236,vehicle_horn,"Vehicle horn, car horn, honking",0.6801784038543701,True,benchmark_data/expanded_generated/ced/synthetic/20/1-19026-A-43.wav
1-19026-A-43,benchmark_data/external/esc50/audio/1-19026-A-43.wav,vehicle_horn,gaussian,15,14.999999734773562,vehicle_horn,"Vehicle horn, car horn, honking",0.6581970453262329,True,benchmark_data/expanded_generated/ced/synthetic/15/1-19026-A-43.wav
1-19026-A-43,benchmark_data/external/esc50/audio/1-19026-A-43.wav,vehicle_horn,gaussian,10,10.000000104396076,vehicle_horn,"Vehicle horn, car horn, honking",0.6476386189460754,True,benchmark_data/expanded_generated/ced/synthetic/10/1-19026-A-43.wav
1-19026-A-43,benchmark_data/external/esc50/audio/1-19026-A-43.wav,vehicle_horn,gaussian,5,4.999999907876188,vehicle,Vehicle,0.6351590752601624,False,benchmark_data/expanded_generated/ced/synthetic/5/1-19026-A-43.wav
1-19026-A-43,benchmark_data/external/esc50/audio/1-19026-A-43.wav,vehicle_horn,gaussian,0,1.932581961635511e-07,vehicle,Vehicle,0.6253682374954224,False,benchmark_data/expanded_generated/ced/synthetic/0/1-19026-A-43.wav
1-20133-A-39,benchmark_data/external/esc50/audio/1-20133-A-39.wav,glass_breaking,gaussian,20,19.99999968879264,breaking,Breaking,0.654891848564148,False,benchmark_data/expanded_generated/ced/synthetic/20/1-20133-A-39.wav
1-20133-A-39,benchmark_data/external/esc50/audio/1-20133-A-39.wav,glass_breaking,gaussian,15,14.999999968585705,breaking,Breaking,0.6679348945617676,False,benchmark_data/expanded_generated/ced/synthetic/15/1-20133-A-39.wav
1-20133-A-39,benchmark_data/external/esc50/audio/1-20133-A-39.wav,glass_breaking,gaussian,10,9.999999865254113,pink_noise,Pink noise,0.7041206955909729,False,benchmark_data/expanded_generated/ced/synthetic/10/1-20133-A-39.wav
1-20133-A-39,benchmark_data/external/esc50/audio/1-20133-A-39.wav,glass_breaking,gaussian,5,5.000000094159846,pink_noise,Pink noise,0.703393816947937,False,benchmark_data/expanded_generated/ced/synthetic/5/1-20133-A-39.wav
1-20133-A-39,benchmark_data/external/esc50/audio/1-20133-A-39.wav,glass_breaking,gaussian,0,3.1240262940798075e-07,pink_noise,Pink noise,0.6830570101737976,False,benchmark_data/expanded_generated/ced/synthetic/0/1-20133-A-39.wav
1-211527-A-20,benchmark_data/external/esc50/audio/1-211527-A-20.wav,baby_crying,gaussian,20,20.000000027550744,baby_crying,"Baby cry, infant cry",0.619408130645752,True,benchmark_data/expanded_generated/ced/synthetic/20/1-211527-A-20.wav
1-211527-A-20,benchmark_data/external/esc50/audio/1-211527-A-20.wav,baby_crying,gaussian,15,14.999999872942475,baby_crying,"Baby cry, infant cry",0.6256139278411865,True,benchmark_data/expanded_generated/ced/synthetic/15/1-211527-A-20.wav
1-211527-A-20,benchmark_data/external/esc50/audio/1-211527-A-20.wav,baby_crying,gaussian,10,10.00000000972506,baby_crying,"Baby cry, infant cry",0.5868798494338989,True,benchmark_data/expanded_generated/ced/synthetic/10/1-211527-A-20.wav
1-211527-A-20,benchmark_data/external/esc50/audio/1-211527-A-20.wav,baby_crying,gaussian,5,4.999999697838147,baby_crying,"Baby cry, infant cry",0.5980545282363892,True,benchmark_data/expanded_generated/ced/synthetic/5/1-211527-A-20.wav
1-211527-A-20,benchmark_data/external/esc50/audio/1-211527-A-20.wav,baby_crying,gaussian,0,1.6741453496724296e-07,animal,Animal,0.528915286064148,False,benchmark_data/expanded_generated/ced/synthetic/0/1-211527-A-20.wav
1-211527-B-20,benchmark_data/external/esc50/audio/1-211527-B-20.wav,baby_crying,gaussian,20,19.99999983659464,crying_sobbing,"Crying, sobbing",0.629031777381897,False,benchmark_data/expanded_generated/ced/synthetic/20/1-211527-B-20.wav
1-211527-B-20,benchmark_data/external/esc50/audio/1-211527-B-20.wav,baby_crying,gaussian,15,15.000000063077511,crying_sobbing,"Crying, sobbing",0.6276415586471558,False,benchmark_data/expanded_generated/ced/synthetic/15/1-211527-B-20.wav
1-211527-B-20,benchmark_data/external/esc50/audio/1-211527-B-20.wav,baby_crying,gaussian,10,9.999999929838054,crying_sobbing,"Crying, sobbing",0.6280068159103394,False,benchmark_data/expanded_generated/ced/synthetic/10/1-211527-B-20.wav
1-211527-B-20,benchmark_data/external/esc50/audio/1-211527-B-20.wav,baby_crying,gaussian,5,4.99999966575996,crying_sobbing,"Crying, sobbing",0.6107974052429199,False,benchmark_data/expanded_generated/ced/synthetic/5/1-211527-B-20.wav
1-211527-B-20,benchmark_data/external/esc50/audio/1-211527-B-20.wav,baby_crying,gaussian,0,3.3749472423317914e-07,laughter,Laughter,0.5929738879203796,False,benchmark_data/expanded_generated/ced/synthetic/0/1-211527-B-20.wav
1-211527-C-20,benchmark_data/external/esc50/audio/1-211527-C-20.wav,baby_crying,gaussian,20,20.000000036450896,baby_crying,"Baby cry, infant cry",0.6437044143676758,True,benchmark_data/expanded_generated/ced/synthetic/20/1-211527-C-20.wav
1-211527-C-20,benchmark_data/external/esc50/audio/1-211527-C-20.wav,baby_crying,gaussian,15,15.000000039176415,baby_crying,"Baby cry, infant cry",0.6345082521438599,True,benchmark_data/expanded_generated/ced/synthetic/15/1-211527-C-20.wav
1-211527-C-20,benchmark_data/external/esc50/audio/1-211527-C-20.wav,baby_crying,gaussian,10,9.999999944031103,baby_crying,"Baby cry, infant cry",0.6313621997833252,True,benchmark_data/expanded_generated/ced/synthetic/10/1-211527-C-20.wav
1-211527-C-20,benchmark_data/external/esc50/audio/1-211527-C-20.wav,baby_crying,gaussian,5,5.000000245194016,baby_crying,"Baby cry, infant cry",0.6237727999687195,True,benchmark_data/expanded_generated/ced/synthetic/5/1-211527-C-20.wav
1-211527-C-20,benchmark_data/external/esc50/audio/1-211527-C-20.wav,baby_crying,gaussian,0,-7.330874326994835e-08,animal,Animal,0.5668392777442932,False,benchmark_data/expanded_generated/ced/synthetic/0/1-211527-C-20.wav
1-22694-A-20,benchmark_data/external/esc50/audio/1-22694-A-20.wav,baby_crying,gaussian,20,19.999999976560687,crying_sobbing,"Crying, sobbing",0.648688554763794,False,benchmark_data/expanded_generated/ced/synthetic/20/1-22694-A-20.wav
1-22694-A-20,benchmark_data/external/esc50/audio/1-22694-A-20.wav,baby_crying,gaussian,15,15.000000297603561,crying_sobbing,"Crying, sobbing",0.6344866752624512,False,benchmark_data/expanded_generated/ced/synthetic/15/1-22694-A-20.wav
1-22694-A-20,benchmark_data/external/esc50/audio/1-22694-A-20.wav,baby_crying,gaussian,10,9.99999973289173,baby_crying,"Baby cry, infant cry",0.6270453929901123,True,benchmark_data/expanded_generated/ced/synthetic/10/1-22694-A-20.wav
1-22694-A-20,benchmark_data/external/esc50/audio/1-22694-A-20.wav,baby_crying,gaussian,5,4.999999947182675,baby_crying,"Baby cry, infant cry",0.5928220748901367,True,benchmark_data/expanded_generated/ced/synthetic/5/1-22694-A-20.wav
1-22694-A-20,benchmark_data/external/esc50/audio/1-22694-A-20.wav,baby_crying,gaussian,0,-1.1185444869259036e-07,baby_crying,"Baby cry, infant cry",0.5623502731323242,True,benchmark_data/expanded_generated/ced/synthetic/0/1-22694-A-20.wav
1-22694-B-20,benchmark_data/external/esc50/audio/1-22694-B-20.wav,baby_crying,gaussian,20,19.99999971213826,crying_sobbing,"Crying, sobbing",0.62259840965271,False,benchmark_data/expanded_generated/ced/synthetic/20/1-22694-B-20.wav
1-22694-B-20,benchmark_data/external/esc50/audio/1-22694-B-20.wav,baby_crying,gaussian,15,14.99999990305482,crying_sobbing,"Crying, sobbing",0.6064183712005615,False,benchmark_data/expanded_generated/ced/synthetic/15/1-22694-B-20.wav
1-22694-B-20,benchmark_data/external/esc50/audio/1-22694-B-20.wav,baby_crying,gaussian,10,9.999999637468203,baby_crying,"Baby cry, infant cry",0.6128007173538208,True,benchmark_data/expanded_generated/ced/synthetic/10/1-22694-B-20.wav
1-22694-B-20,benchmark_data/external/esc50/audio/1-22694-B-20.wav,baby_crying,gaussian,5,5.0000001117953765,baby_crying,"Baby cry, infant cry",0.5676939487457275,True,benchmark_data/expanded_generated/ced/synthetic/5/1-22694-B-20.wav
1-22694-B-20,benchmark_data/external/esc50/audio/1-22694-B-20.wav,baby_crying,gaussian,0,2.1943692635334485e-07,baby_crying,"Baby cry, infant cry",0.5331721901893616,True,benchmark_data/expanded_generated/ced/synthetic/0/1-22694-B-20.wav
1-24074-A-43,benchmark_data/external/esc50/audio/1-24074-A-43.wav,vehicle_horn,gaussian,20,20.00000014097119,vehicle,Vehicle,0.6478593945503235,False,benchmark_data/expanded_generated/ced/synthetic/20/1-24074-A-43.wav
1-24074-A-43,benchmark_data/external/esc50/audio/1-24074-A-43.wav,vehicle_horn,gaussian,15,15.000000199640862,vehicle,Vehicle,0.6360917091369629,False,benchmark_data/expanded_generated/ced/synthetic/15/1-24074-A-43.wav
1-24074-A-43,benchmark_data/external/esc50/audio/1-24074-A-43.wav,vehicle_horn,gaussian,10,10.000000042773205,vehicle,Vehicle,0.6319559216499329,False,benchmark_data/expanded_generated/ced/synthetic/10/1-24074-A-43.wav
1-24074-A-43,benchmark_data/external/esc50/audio/1-24074-A-43.wav,vehicle_horn,gaussian,5,4.999999669746435,vehicle,Vehicle,0.6203965544700623,False,benchmark_data/expanded_generated/ced/synthetic/5/1-24074-A-43.wav
1-24074-A-43,benchmark_data/external/esc50/audio/1-24074-A-43.wav,vehicle_horn,gaussian,0,-1.852184372996699e-07,vehicle,Vehicle,0.6183111071586609,False,benchmark_data/expanded_generated/ced/synthetic/0/1-24074-A-43.wav
1-24076-A-43,benchmark_data/external/esc50/audio/1-24076-A-43.wav,vehicle_horn,gaussian,20,20.00000031872068,vehicle,Vehicle,0.6808000206947327,False,benchmark_data/expanded_generated/ced/synthetic/20/1-24076-A-43.wav
1-24076-A-43,benchmark_data/external/esc50/audio/1-24076-A-43.wav,vehicle_horn,gaussian,15,15.000000129594916,vehicle,Vehicle,0.67314213514328,False,benchmark_data/expanded_generated/ced/synthetic/15/1-24076-A-43.wav
1-24076-A-43,benchmark_data/external/esc50/audio/1-24076-A-43.wav,vehicle_horn,gaussian,10,9.99999973560412,vehicle,Vehicle,0.6767444014549255,False,benchmark_data/expanded_generated/ced/synthetic/10/1-24076-A-43.wav
1-24076-A-43,benchmark_data/external/esc50/audio/1-24076-A-43.wav,vehicle_horn,gaussian,5,4.999999819636308,vehicle,Vehicle,0.6591271162033081,False,benchmark_data/expanded_generated/ced/synthetic/5/1-24076-A-43.wav
1-24076-A-43,benchmark_data/external/esc50/audio/1-24076-A-43.wav,vehicle_horn,gaussian,0,1.8853681997417306e-08,vehicle,Vehicle,0.6526969075202942,False,benchmark_data/expanded_generated/ced/synthetic/0/1-24076-A-43.wav
1-254507-A-43,benchmark_data/external/esc50/audio/1-254507-A-43.wav,vehicle_horn,gaussian,20,20.000000071416785,music,Music,0.6425268054008484,False,benchmark_data/expanded_generated/ced/synthetic/20/1-254507-A-43.wav
1-254507-A-43,benchmark_data/external/esc50/audio/1-254507-A-43.wav,vehicle_horn,gaussian,15,14.999999821529247,music,Music,0.6269141435623169,False,benchmark_data/expanded_generated/ced/synthetic/15/1-254507-A-43.wav
1-254507-A-43,benchmark_data/external/esc50/audio/1-254507-A-43.wav,vehicle_horn,gaussian,10,10.000000308139079,music,Music,0.6288365721702576,False,benchmark_data/expanded_generated/ced/synthetic/10/1-254507-A-43.wav
1-254507-A-43,benchmark_data/external/esc50/audio/1-254507-A-43.wav,vehicle_horn,gaussian,5,4.99999975294393,music,Music,0.6212359070777893,False,benchmark_data/expanded_generated/ced/synthetic/5/1-254507-A-43.wav
1-254507-A-43,benchmark_data/external/esc50/audio/1-254507-A-43.wav,vehicle_horn,gaussian,0,1.5584219670909752e-07,music,Music,0.58937007188797,False,benchmark_data/expanded_generated/ced/synthetic/0/1-254507-A-43.wav
1-26176-A-43,benchmark_data/external/esc50/audio/1-26176-A-43.wav,vehicle_horn,gaussian,20,19.99999997569677,vehicle,Vehicle,0.6299190521240234,False,benchmark_data/expanded_generated/ced/synthetic/20/1-26176-A-43.wav
1-26176-A-43,benchmark_data/external/esc50/audio/1-26176-A-43.wav,vehicle_horn,gaussian,15,15.00000024768524,vehicle,Vehicle,0.6256956458091736,False,benchmark_data/expanded_generated/ced/synthetic/15/1-26176-A-43.wav
1-26176-A-43,benchmark_data/external/esc50/audio/1-26176-A-43.wav,vehicle_horn,gaussian,10,9.999999825220225,vehicle,Vehicle,0.6157247424125671,False,benchmark_data/expanded_generated/ced/synthetic/10/1-26176-A-43.wav
1-26176-A-43,benchmark_data/external/esc50/audio/1-26176-A-43.wav,vehicle_horn,gaussian,5,4.9999996282556305,pink_noise,Pink noise,0.5981175303459167,False,benchmark_data/expanded_generated/ced/synthetic/5/1-26176-A-43.wav
1-26176-A-43,benchmark_data/external/esc50/audio/1-26176-A-43.wav,vehicle_horn,gaussian,0,-1.721019720935558e-07,white_noise,White noise,0.6063464283943176,False,benchmark_data/expanded_generated/ced/synthetic/0/1-26176-A-43.wav
1-26177-A-43,benchmark_data/external/esc50/audio/1-26177-A-43.wav,vehicle_horn,gaussian,20,20.00000012798027,vehicle,Vehicle,0.6483245491981506,False,benchmark_data/expanded_generated/ced/synthetic/20/1-26177-A-43.wav
1-26177-A-43,benchmark_data/external/esc50/audio/1-26177-A-43.wav,vehicle_horn,gaussian,15,15.000000192135746,vehicle,Vehicle,0.6422064900398254,False,benchmark_data/expanded_generated/ced/synthetic/15/1-26177-A-43.wav
1-26177-A-43,benchmark_data/external/esc50/audio/1-26177-A-43.wav,vehicle_horn,gaussian,10,10.000000035977678,vehicle,Vehicle,0.6434570550918579,False,benchmark_data/expanded_generated/ced/synthetic/10/1-26177-A-43.wav
1-26177-A-43,benchmark_data/external/esc50/audio/1-26177-A-43.wav,vehicle_horn,gaussian,5,5.000000313233648,vehicle,Vehicle,0.6231241226196289,False,benchmark_data/expanded_generated/ced/synthetic/5/1-26177-A-43.wav
1-26177-A-43,benchmark_data/external/esc50/audio/1-26177-A-43.wav,vehicle_horn,gaussian,0,-2.535063473846467e-07,vehicle,Vehicle,0.6190375685691833,False,benchmark_data/expanded_generated/ced/synthetic/0/1-26177-A-43.wav
1-26188-A-30,benchmark_data/external/esc50/audio/1-26188-A-30.wav,door_activity,gaussian,20,20.000000121223266,door_activity,Knock,0.7227063179016113,True,benchmark_data/expanded_generated/ced/synthetic/20/1-26188-A-30.wav
1-26188-A-30,benchmark_data/external/esc50/audio/1-26188-A-30.wav,door_activity,gaussian,15,15.000000146432097,door_activity,Knock,0.7189112901687622,True,benchmark_data/expanded_generated/ced/synthetic/15/1-26188-A-30.wav
1-26188-A-30,benchmark_data/external/esc50/audio/1-26188-A-30.wav,door_activity,gaussian,10,10.000000262003699,door_activity,Knock,0.7171139121055603,True,benchmark_data/expanded_generated/ced/synthetic/10/1-26188-A-30.wav
1-26188-A-30,benchmark_data/external/esc50/audio/1-26188-A-30.wav,door_activity,gaussian,5,5.000000083751509,door_activity,Knock,0.7230477333068848,True,benchmark_data/expanded_generated/ced/synthetic/5/1-26188-A-30.wav
1-26188-A-30,benchmark_data/external/esc50/audio/1-26188-A-30.wav,door_activity,gaussian,0,-1.3321579033537904e-07,door_activity,Knock,0.708209216594696,True,benchmark_data/expanded_generated/ced/synthetic/0/1-26188-A-30.wav
1-28808-A-43,benchmark_data/external/esc50/audio/1-28808-A-43.wav,vehicle_horn,gaussian,20,20.000000161253645,toot,Toot,0.70074462890625,False,benchmark_data/expanded_generated/ced/synthetic/20/1-28808-A-43.wav
1-28808-A-43,benchmark_data/external/esc50/audio/1-28808-A-43.wav,vehicle_horn,gaussian,15,14.999999730110908,toot,Toot,0.6897657513618469,False,benchmark_data/expanded_generated/ced/synthetic/15/1-28808-A-43.wav
1-28808-A-43,benchmark_data/external/esc50/audio/1-28808-A-43.wav,vehicle_horn,gaussian,10,9.999999839939598,toot,Toot,0.665538489818573,False,benchmark_data/expanded_generated/ced/synthetic/10/1-28808-A-43.wav
1-28808-A-43,benchmark_data/external/esc50/audio/1-28808-A-43.wav,vehicle_horn,gaussian,5,5.000000228357178,speech,Speech,0.6491268873214722,False,benchmark_data/expanded_generated/ced/synthetic/5/1-28808-A-43.wav
1-28808-A-43,benchmark_data/external/esc50/audio/1-28808-A-43.wav,vehicle_horn,gaussian,0,4.050750667844813e-08,vehicle,Vehicle,0.6260849237442017,False,benchmark_data/expanded_generated/ced/synthetic/0/1-28808-A-43.wav
1-30226-A-0,benchmark_data/external/esc50/audio/1-30226-A-0.wav,dog_barking,gaussian,20,19.99999981163097,animal,Animal,0.6963963508605957,False,benchmark_data/expanded_generated/ced/synthetic/20/1-30226-A-0.wav
1-30226-A-0,benchmark_data/external/esc50/audio/1-30226-A-0.wav,dog_barking,gaussian,15,14.999999871910411,animal,Animal,0.6916264891624451,False,benchmark_data/expanded_generated/ced/synthetic/15/1-30226-A-0.wav
1-30226-A-0,benchmark_data/external/esc50/audio/1-30226-A-0.wav,dog_barking,gaussian,10,9.999999844786393,animal,Animal,0.6748436689376831,False,benchmark_data/expanded_generated/ced/synthetic/10/1-30226-A-0.wav
1-30226-A-0,benchmark_data/external/esc50/audio/1-30226-A-0.wav,dog_barking,gaussian,5,4.999999851440994,animal,Animal,0.6593209505081177,False,benchmark_data/expanded_generated/ced/synthetic/5/1-30226-A-0.wav
1-30226-A-0,benchmark_data/external/esc50/audio/1-30226-A-0.wav,dog_barking,gaussian,0,-2.4266442011881445e-07,animal,Animal,0.6058577299118042,False,benchmark_data/expanded_generated/ced/synthetic/0/1-30226-A-0.wav
1-30344-A-0,benchmark_data/external/esc50/audio/1-30344-A-0.wav,dog_barking,gaussian,20,19.999999922093174,dog,Dog,0.6807490587234497,False,benchmark_data/expanded_generated/ced/synthetic/20/1-30344-A-0.wav
1-30344-A-0,benchmark_data/external/esc50/audio/1-30344-A-0.wav,dog_barking,gaussian,15,14.999999733567133,dog,Dog,0.6736322641372681,False,benchmark_data/expanded_generated/ced/synthetic/15/1-30344-A-0.wav
1-30344-A-0,benchmark_data/external/esc50/audio/1-30344-A-0.wav,dog_barking,gaussian,10,10.000000110588815,dog,Dog,0.66587233543396,False,benchmark_data/expanded_generated/ced/synthetic/10/1-30344-A-0.wav
1-30344-A-0,benchmark_data/external/esc50/audio/1-30344-A-0.wav,dog_barking,gaussian,5,4.999999768817294,dog,Dog,0.6485174894332886,False,benchmark_data/expanded_generated/ced/synthetic/5/1-30344-A-0.wav
1-30344-A-0,benchmark_data/external/esc50/audio/1-30344-A-0.wav,dog_barking,gaussian,0,4.9896902802998194e-08,dog,Dog,0.6330686807632446,False,benchmark_data/expanded_generated/ced/synthetic/0/1-30344-A-0.wav
1-31482-A-42,benchmark_data/external/esc50/audio/1-31482-A-42.wav,siren,gaussian,20,19.999999724234236,siren,Siren,0.5789139866828918,True,benchmark_data/expanded_generated/ced/synthetic/20/1-31482-A-42.wav
1-31482-A-42,benchmark_data/external/esc50/audio/1-31482-A-42.wav,siren,gaussian,15,14.999999908825819,siren,Siren,0.612930178642273,True,benchmark_data/expanded_generated/ced/synthetic/15/1-31482-A-42.wav
1-31482-A-42,benchmark_data/external/esc50/audio/1-31482-A-42.wav,siren,gaussian,10,10.00000013841823,siren,Siren,0.5750908255577087,True,benchmark_data/expanded_generated/ced/synthetic/10/1-31482-A-42.wav
1-31482-A-42,benchmark_data/external/esc50/audio/1-31482-A-42.wav,siren,gaussian,5,4.9999997745334515,white_noise,White noise,0.5668320655822754,False,benchmark_data/expanded_generated/ced/synthetic/5/1-31482-A-42.wav
1-31482-A-42,benchmark_data/external/esc50/audio/1-31482-A-42.wav,siren,gaussian,0,2.4867439316778126e-07,white_noise,White noise,0.5664101243019104,False,benchmark_data/expanded_generated/ced/synthetic/0/1-31482-A-42.wav
1-31482-B-42,benchmark_data/external/esc50/audio/1-31482-B-42.wav,siren,gaussian,20,19.999999890960105,emergency_vehicle,Emergency vehicle,0.6787816882133484,False,benchmark_data/expanded_generated/ced/synthetic/20/1-31482-B-42.wav
1-31482-B-42,benchmark_data/external/esc50/audio/1-31482-B-42.wav,siren,gaussian,15,15.00000024241765,emergency_vehicle,Emergency vehicle,0.6685633063316345,False,benchmark_data/expanded_generated/ced/synthetic/15/1-31482-B-42.wav
1-31482-B-42,benchmark_data/external/esc50/audio/1-31482-B-42.wav,siren,gaussian,10,10.000000039276532,emergency_vehicle,Emergency vehicle,0.6588826775550842,False,benchmark_data/expanded_generated/ced/synthetic/10/1-31482-B-42.wav
1-31482-B-42,benchmark_data/external/esc50/audio/1-31482-B-42.wav,siren,gaussian,5,4.999999888063966,siren,Siren,0.6383591294288635,True,benchmark_data/expanded_generated/ced/synthetic/5/1-31482-B-42.wav
1-31482-B-42,benchmark_data/external/esc50/audio/1-31482-B-42.wav,siren,gaussian,0,-2.049286595241939e-07,siren,Siren,0.6184303164482117,True,benchmark_data/expanded_generated/ced/synthetic/0/1-31482-B-42.wav
1-32318-A-0,benchmark_data/external/esc50/audio/1-32318-A-0.wav,dog_barking,gaussian,20,19.999999865859778,animal,Animal,0.6849968433380127,False,benchmark_data/expanded_generated/ced/synthetic/20/1-32318-A-0.wav
1-32318-A-0,benchmark_data/external/esc50/audio/1-32318-A-0.wav,dog_barking,gaussian,15,14.999999955034207,animal,Animal,0.6725303530693054,False,benchmark_data/expanded_generated/ced/synthetic/15/1-32318-A-0.wav
1-32318-A-0,benchmark_data/external/esc50/audio/1-32318-A-0.wav,dog_barking,gaussian,10,9.999999812493952,animal,Animal,0.6712139248847961,False,benchmark_data/expanded_generated/ced/synthetic/10/1-32318-A-0.wav
1-32318-A-0,benchmark_data/external/esc50/audio/1-32318-A-0.wav,dog_barking,gaussian,5,5.000000257930557,animal,Animal,0.649127721786499,False,benchmark_data/expanded_generated/ced/synthetic/5/1-32318-A-0.wav
1-32318-A-0,benchmark_data/external/esc50/audio/1-32318-A-0.wav,dog_barking,gaussian,0,-3.1134961429933024e-07,animal,Animal,0.6383360028266907,False,benchmark_data/expanded_generated/ced/synthetic/0/1-32318-A-0.wav
1-4211-A-12,benchmark_data/external/esc50/audio/1-4211-A-12.wav,fire,gaussian,20,20.00000008767303,fire,Fire,0.5612584352493286,True,benchmark_data/expanded_generated/ced/synthetic/20/1-4211-A-12.wav
1-4211-A-12,benchmark_data/external/esc50/audio/1-4211-A-12.wav,fire,gaussian,15,15.000000232456177,fire,Fire,0.5712172985076904,True,benchmark_data/expanded_generated/ced/synthetic/15/1-4211-A-12.wav
1-4211-A-12,benchmark_data/external/esc50/audio/1-4211-A-12.wav,fire,gaussian,10,9.999999746016705,fire,Fire,0.5366427898406982,True,benchmark_data/expanded_generated/ced/synthetic/10/1-4211-A-12.wav
1-4211-A-12,benchmark_data/external/esc50/audio/1-4211-A-12.wav,fire,gaussian,5,4.999999656250381,pink_noise,Pink noise,0.5396802425384521,False,benchmark_data/expanded_generated/ced/synthetic/5/1-4211-A-12.wav
1-4211-A-12,benchmark_data/external/esc50/audio/1-4211-A-12.wav,fire,gaussian,0,-1.2547023100517547e-07,pink_noise,Pink noise,0.5418830513954163,False,benchmark_data/expanded_generated/ced/synthetic/0/1-4211-A-12.wav
1-46272-A-12,benchmark_data/external/esc50/audio/1-46272-A-12.wav,fire,gaussian,20,19.99999974742924,fire,Fire,0.6564801335334778,True,benchmark_data/expanded_generated/ced/synthetic/20/1-46272-A-12.wav
1-46272-A-12,benchmark_data/external/esc50/audio/1-46272-A-12.wav,fire,gaussian,15,15.0000000189441,fire,Fire,0.6150020360946655,True,benchmark_data/expanded_generated/ced/synthetic/15/1-46272-A-12.wav
1-46272-A-12,benchmark_data/external/esc50/audio/1-46272-A-12.wav,fire,gaussian,10,10.000000169684306,rain_on_surface,Rain on surface,0.6005454063415527,False,benchmark_data/expanded_generated/ced/synthetic/10/1-46272-A-12.wav
1-46272-A-12,benchmark_data/external/esc50/audio/1-46272-A-12.wav,fire,gaussian,5,4.999999952199355,rain,Rain,0.6341145634651184,False,benchmark_data/expanded_generated/ced/synthetic/5/1-46272-A-12.wav
1-46272-A-12,benchmark_data/external/esc50/audio/1-46272-A-12.wav,fire,gaussian,0,-1.7654377859820016e-08,rain,Rain,0.6091054677963257,False,benchmark_data/expanded_generated/ced/synthetic/0/1-46272-A-12.wav
1-52290-A-30,benchmark_data/external/esc50/audio/1-52290-A-30.wav,door_activity,gaussian,20,20.000000233948295,door_activity,Knock,0.5895417332649231,True,benchmark_data/expanded_generated/ced/synthetic/20/1-52290-A-30.wav
1-52290-A-30,benchmark_data/external/esc50/audio/1-52290-A-30.wav,door_activity,gaussian,15,14.999999990900205,door_activity,Knock,0.610211193561554,True,benchmark_data/expanded_generated/ced/synthetic/15/1-52290-A-30.wav
1-52290-A-30,benchmark_data/external/esc50/audio/1-52290-A-30.wav,door_activity,gaussian,10,9.999999920222473,door_activity,Knock,0.6338575482368469,True,benchmark_data/expanded_generated/ced/synthetic/10/1-52290-A-30.wav
1-52290-A-30,benchmark_data/external/esc50/audio/1-52290-A-30.wav,door_activity,gaussian,5,4.999999884478033,door_activity,Knock,0.6365714073181152,True,benchmark_data/expanded_generated/ced/synthetic/5/1-52290-A-30.wav
1-52290-A-30,benchmark_data/external/esc50/audio/1-52290-A-30.wav,door_activity,gaussian,0,1.5550953266892295e-07,door_activity,Knock,0.6377934813499451,True,benchmark_data/expanded_generated/ced/synthetic/0/1-52290-A-30.wav
1-54084-A-42,benchmark_data/external/esc50/audio/1-54084-A-42.wav,siren,gaussian,20,20.00000010949162,siren,Siren,0.703352153301239,True,benchmark_data/expanded_generated/ced/synthetic/20/1-54084-A-42.wav
1-54084-A-42,benchmark_data/external/esc50/audio/1-54084-A-42.wav,siren,gaussian,15,14.999999859846874,siren,Siren,0.6958420872688293,True,benchmark_data/expanded_generated/ced/synthetic/15/1-54084-A-42.wav
1-54084-A-42,benchmark_data/external/esc50/audio/1-54084-A-42.wav,siren,gaussian,10,10.00000010733648,siren,Siren,0.6869075894355774,True,benchmark_data/expanded_generated/ced/synthetic/10/1-54084-A-42.wav
1-54084-A-42,benchmark_data/external/esc50/audio/1-54084-A-42.wav,siren,gaussian,5,4.99999995689263,siren,Siren,0.6769132614135742,True,benchmark_data/expanded_generated/ced/synthetic/5/1-54084-A-42.wav
1-54084-A-42,benchmark_data/external/esc50/audio/1-54084-A-42.wav,siren,gaussian,0,3.283957105525852e-07,siren,Siren,0.6640987992286682,True,benchmark_data/expanded_generated/ced/synthetic/0/1-54084-A-42.wav
1-59513-A-0,benchmark_data/external/esc50/audio/1-59513-A-0.wav,dog_barking,gaussian,20,20.00000022865503,animal,Animal,0.6801447868347168,False,benchmark_data/expanded_generated/ced/synthetic/20/1-59513-A-0.wav
1-59513-A-0,benchmark_data/external/esc50/audio/1-59513-A-0.wav,dog_barking,gaussian,15,14.99999970275125,animal,Animal,0.6734657883644104,False,benchmark_data/expanded_generated/ced/synthetic/15/1-59513-A-0.wav
1-59513-A-0,benchmark_data/external/esc50/audio/1-59513-A-0.wav,dog_barking,gaussian,10,10.000000381254635,animal,Animal,0.6483572125434875,False,benchmark_data/expanded_generated/ced/synthetic/10/1-59513-A-0.wav
1-59513-A-0,benchmark_data/external/esc50/audio/1-59513-A-0.wav,dog_barking,gaussian,5,4.99999976108,animal,Animal,0.6367092728614807,False,benchmark_data/expanded_generated/ced/synthetic/5/1-59513-A-0.wav
1-59513-A-0,benchmark_data/external/esc50/audio/1-59513-A-0.wav,dog_barking,gaussian,0,-1.8885449387890854e-07,animal,Animal,0.6304354071617126,False,benchmark_data/expanded_generated/ced/synthetic/0/1-59513-A-0.wav
1-60997-A-20,benchmark_data/external/esc50/audio/1-60997-A-20.wav,baby_crying,gaussian,20,20.00000016292937,baby_crying,"Baby cry, infant cry",0.6372970938682556,True,benchmark_data/expanded_generated/ced/synthetic/20/1-60997-A-20.wav
1-60997-A-20,benchmark_data/external/esc50/audio/1-60997-A-20.wav,baby_crying,gaussian,15,15.00000023851727,baby_crying,"Baby cry, infant cry",0.6377304196357727,True,benchmark_data/expanded_generated/ced/synthetic/15/1-60997-A-20.wav
1-60997-A-20,benchmark_data/external/esc50/audio/1-60997-A-20.wav,baby_crying,gaussian,10,9.999999882317818,baby_crying,"Baby cry, infant cry",0.6208972334861755,True,benchmark_data/expanded_generated/ced/synthetic/10/1-60997-A-20.wav
1-60997-A-20,benchmark_data/external/esc50/audio/1-60997-A-20.wav,baby_crying,gaussian,5,5.000000074787301,baby_crying,"Baby cry, infant cry",0.6205070614814758,True,benchmark_data/expanded_generated/ced/synthetic/5/1-60997-A-20.wav
1-60997-A-20,benchmark_data/external/esc50/audio/1-60997-A-20.wav,baby_crying,gaussian,0,-2.8170630243067866e-08,baby_crying,"Baby cry, infant cry",0.5891007781028748,True,benchmark_data/expanded_generated/ced/synthetic/0/1-60997-A-20.wav
1-60997-B-20,benchmark_data/external/esc50/audio/1-60997-B-20.wav,baby_crying,gaussian,20,20.00000009230334,baby_crying,"Baby cry, infant cry",0.6387851238250732,True,benchmark_data/expanded_generated/ced/synthetic/20/1-60997-B-20.wav
1-60997-B-20,benchmark_data/external/esc50/audio/1-60997-B-20.wav,baby_crying,gaussian,15,14.999999691286119,baby_crying,"Baby cry, infant cry",0.6358789205551147,True,benchmark_data/expanded_generated/ced/synthetic/15/1-60997-B-20.wav
1-60997-B-20,benchmark_data/external/esc50/audio/1-60997-B-20.wav,baby_crying,gaussian,10,10.00000029215503,baby_crying,"Baby cry, infant cry",0.6290809512138367,True,benchmark_data/expanded_generated/ced/synthetic/10/1-60997-B-20.wav
1-60997-B-20,benchmark_data/external/esc50/audio/1-60997-B-20.wav,baby_crying,gaussian,5,4.999999806593273,baby_crying,"Baby cry, infant cry",0.6244515180587769,True,benchmark_data/expanded_generated/ced/synthetic/5/1-60997-B-20.wav
1-60997-B-20,benchmark_data/external/esc50/audio/1-60997-B-20.wav,baby_crying,gaussian,0,-3.8317556489556055e-07,baby_crying,"Baby cry, infant cry",0.5875091552734375,True,benchmark_data/expanded_generated/ced/synthetic/0/1-60997-B-20.wav
1-7057-A-12,benchmark_data/external/esc50/audio/1-7057-A-12.wav,fire,gaussian,20,19.999999784020332,fire,Fire,0.698509156703949,True,benchmark_data/expanded_generated/ced/synthetic/20/1-7057-A-12.wav
1-7057-A-12,benchmark_data/external/esc50/audio/1-7057-A-12.wav,fire,gaussian,15,15.000000124422106,fire,Fire,0.6747445464134216,True,benchmark_data/expanded_generated/ced/synthetic/15/1-7057-A-12.wav
1-7057-A-12,benchmark_data/external/esc50/audio/1-7057-A-12.wav,fire,gaussian,10,9.999999873456352,fire,Fire,0.6991371512413025,True,benchmark_data/expanded_generated/ced/synthetic/10/1-7057-A-12.wav
1-7057-A-12,benchmark_data/external/esc50/audio/1-7057-A-12.wav,fire,gaussian,5,4.999999755717342,fire,Fire,0.6898258924484253,True,benchmark_data/expanded_generated/ced/synthetic/5/1-7057-A-12.wav
1-7057-A-12,benchmark_data/external/esc50/audio/1-7057-A-12.wav,fire,gaussian,0,1.5617558399484632e-07,fire,Fire,0.6102169156074524,True,benchmark_data/expanded_generated/ced/synthetic/0/1-7057-A-12.wav
1-76831-A-42,benchmark_data/external/esc50/audio/1-76831-A-42.wav,siren,gaussian,20,20.000000110632122,police_car_siren,Police car (siren),0.710669994354248,False,benchmark_data/expanded_generated/ced/synthetic/20/1-76831-A-42.wav
1-76831-A-42,benchmark_data/external/esc50/audio/1-76831-A-42.wav,siren,gaussian,15,14.999999662634291,police_car_siren,Police car (siren),0.6991862654685974,False,benchmark_data/expanded_generated/ced/synthetic/15/1-76831-A-42.wav
1-76831-A-42,benchmark_data/external/esc50/audio/1-76831-A-42.wav,siren,gaussian,10,10.000000216666749,police_car_siren,Police car (siren),0.6998154520988464,False,benchmark_data/expanded_generated/ced/synthetic/10/1-76831-A-42.wav
1-76831-A-42,benchmark_data/external/esc50/audio/1-76831-A-42.wav,siren,gaussian,5,4.999999819991295,police_car_siren,Police car (siren),0.6967957615852356,False,benchmark_data/expanded_generated/ced/synthetic/5/1-76831-A-42.wav
1-76831-A-42,benchmark_data/external/esc50/audio/1-76831-A-42.wav,siren,gaussian,0,-2.2325291271400917e-07,police_car_siren,Police car (siren),0.6700845956802368,False,benchmark_data/expanded_generated/ced/synthetic/0/1-76831-A-42.wav
1-76831-B-42,benchmark_data/external/esc50/audio/1-76831-B-42.wav,siren,gaussian,20,19.999999796265143,siren,Siren,0.6842712163925171,True,benchmark_data/expanded_generated/ced/synthetic/20/1-76831-B-42.wav
1-76831-B-42,benchmark_data/external/esc50/audio/1-76831-B-42.wav,siren,gaussian,15,15.000000028178063,siren,Siren,0.6788144111633301,True,benchmark_data/expanded_generated/ced/synthetic/15/1-76831-B-42.wav
1-76831-B-42,benchmark_data/external/esc50/audio/1-76831-B-42.wav,siren,gaussian,10,9.999999729029414,siren,Siren,0.6714010238647461,True,benchmark_data/expanded_generated/ced/synthetic/10/1-76831-B-42.wav
1-76831-B-42,benchmark_data/external/esc50/audio/1-76831-B-42.wav,siren,gaussian,5,4.999999865513358,siren,Siren,0.6561473608016968,True,benchmark_data/expanded_generated/ced/synthetic/5/1-76831-B-42.wav
1-76831-B-42,benchmark_data/external/esc50/audio/1-76831-B-42.wav,siren,gaussian,0,-1.0675804547064397e-07,siren,Siren,0.6511504054069519,True,benchmark_data/expanded_generated/ced/synthetic/0/1-76831-B-42.wav
1-76831-C-42,benchmark_data/external/esc50/audio/1-76831-C-42.wav,siren,gaussian,20,19.99999997643686,siren,Siren,0.6807913184165955,True,benchmark_data/expanded_generated/ced/synthetic/20/1-76831-C-42.wav
1-76831-C-42,benchmark_data/external/esc50/audio/1-76831-C-42.wav,siren,gaussian,15,15.000000021793507,siren,Siren,0.6757515668869019,True,benchmark_data/expanded_generated/ced/synthetic/15/1-76831-C-42.wav
1-76831-C-42,benchmark_data/external/esc50/audio/1-76831-C-42.wav,siren,gaussian,10,9.999999817287629,siren,Siren,0.675474226474762,True,benchmark_data/expanded_generated/ced/synthetic/10/1-76831-C-42.wav
1-76831-C-42,benchmark_data/external/esc50/audio/1-76831-C-42.wav,siren,gaussian,5,4.999999757698327,siren,Siren,0.6620044708251953,True,benchmark_data/expanded_generated/ced/synthetic/5/1-76831-C-42.wav
1-76831-C-42,benchmark_data/external/esc50/audio/1-76831-C-42.wav,siren,gaussian,0,2.686704053351135e-07,siren,Siren,0.6424103379249573,True,benchmark_data/expanded_generated/ced/synthetic/0/1-76831-C-42.wav
1-76831-D-42,benchmark_data/external/esc50/audio/1-76831-D-42.wav,siren,gaussian,20,20.000000017295463,siren,Siren,0.7018836736679077,True,benchmark_data/expanded_generated/ced/synthetic/20/1-76831-D-42.wav
1-76831-D-42,benchmark_data/external/esc50/audio/1-76831-D-42.wav,siren,gaussian,15,15.000000372651556,police_car_siren,Police car (siren),0.7046594023704529,False,benchmark_data/expanded_generated/ced/synthetic/15/1-76831-D-42.wav
1-76831-D-42,benchmark_data/external/esc50/audio/1-76831-D-42.wav,siren,gaussian,10,10.000000253903021,police_car_siren,Police car (siren),0.698946475982666,False,benchmark_data/expanded_generated/ced/synthetic/10/1-76831-D-42.wav
1-76831-D-42,benchmark_data/external/esc50/audio/1-76831-D-42.wav,siren,gaussian,5,5.000000040821877,police_car_siren,Police car (siren),0.6942307353019714,False,benchmark_data/expanded_generated/ced/synthetic/5/1-76831-D-42.wav
1-76831-D-42,benchmark_data/external/esc50/audio/1-76831-D-42.wav,siren,gaussian,0,2.626203210710126e-07,police_car_siren,Police car (siren),0.6923516392707825,False,benchmark_data/expanded_generated/ced/synthetic/0/1-76831-D-42.wav
1-76831-E-42,benchmark_data/external/esc50/audio/1-76831-E-42.wav,siren,gaussian,20,20.000000130879183,siren,Siren,0.7028769850730896,True,benchmark_data/expanded_generated/ced/synthetic/20/1-76831-E-42.wav
1-76831-E-42,benchmark_data/external/esc50/audio/1-76831-E-42.wav,siren,gaussian,15,15.00000033597258,siren,Siren,0.6975930333137512,True,benchmark_data/expanded_generated/ced/synthetic/15/1-76831-E-42.wav
1-76831-E-42,benchmark_data/external/esc50/audio/1-76831-E-42.wav,siren,gaussian,10,10.000000422530842,siren,Siren,0.6935405731201172,True,benchmark_data/expanded_generated/ced/synthetic/10/1-76831-E-42.wav
1-76831-E-42,benchmark_data/external/esc50/audio/1-76831-E-42.wav,siren,gaussian,5,5.000000127703207,siren,Siren,0.6886127591133118,True,benchmark_data/expanded_generated/ced/synthetic/5/1-76831-E-42.wav
1-76831-E-42,benchmark_data/external/esc50/audio/1-76831-E-42.wav,siren,gaussian,0,-2.224001096970851e-07,siren,Siren,0.6734906435012817,True,benchmark_data/expanded_generated/ced/synthetic/0/1-76831-E-42.wav
1-81001-A-30,benchmark_data/external/esc50/audio/1-81001-A-30.wav,door_activity,gaussian,20,19.999999705747328,door_activity,Knock,0.5686039924621582,True,benchmark_data/expanded_generated/ced/synthetic/20/1-81001-A-30.wav
1-81001-A-30,benchmark_data/external/esc50/audio/1-81001-A-30.wav,door_activity,gaussian,15,14.999999557379871,door_activity,Knock,0.5920409560203552,True,benchmark_data/expanded_generated/ced/synthetic/15/1-81001-A-30.wav
1-81001-A-30,benchmark_data/external/esc50/audio/1-81001-A-30.wav,door_activity,gaussian,10,10.00000039399219,door_activity,Knock,0.6327095627784729,True,benchmark_data/expanded_generated/ced/synthetic/10/1-81001-A-30.wav
1-81001-A-30,benchmark_data/external/esc50/audio/1-81001-A-30.wav,door_activity,gaussian,5,4.99999997518043,door_activity,Knock,0.6644875407218933,True,benchmark_data/expanded_generated/ced/synthetic/5/1-81001-A-30.wav
1-81001-A-30,benchmark_data/external/esc50/audio/1-81001-A-30.wav,door_activity,gaussian,0,-2.448278415986915e-07,door_activity,Knock,0.6715970039367676,True,benchmark_data/expanded_generated/ced/synthetic/0/1-81001-A-30.wav
1-81001-B-30,benchmark_data/external/esc50/audio/1-81001-B-30.wav,door_activity,gaussian,20,19.999999850456177,door_activity,Knock,0.5892413854598999,True,benchmark_data/expanded_generated/ced/synthetic/20/1-81001-B-30.wav
1-81001-B-30,benchmark_data/external/esc50/audio/1-81001-B-30.wav,door_activity,gaussian,15,14.999999841594022,door_activity,Knock,0.6089317798614502,True,benchmark_data/expanded_generated/ced/synthetic/15/1-81001-B-30.wav
1-81001-B-30,benchmark_data/external/esc50/audio/1-81001-B-30.wav,door_activity,gaussian,10,10.000000151316588,door_activity,Knock,0.609917163848877,True,benchmark_data/expanded_generated/ced/synthetic/10/1-81001-B-30.wav
1-81001-B-30,benchmark_data/external/esc50/audio/1-81001-B-30.wav,door_activity,gaussian,5,4.999999962433839,door_activity,Knock,0.6209918856620789,True,benchmark_data/expanded_generated/ced/synthetic/5/1-81001-B-30.wav
1-81001-B-30,benchmark_data/external/esc50/audio/1-81001-B-30.wav,door_activity,gaussian,0,-2.8267496097745963e-07,door_activity,Knock,0.6350221037864685,True,benchmark_data/expanded_generated/ced/synthetic/0/1-81001-B-30.wav
1-82817-A-30,benchmark_data/external/esc50/audio/1-82817-A-30.wav,door_activity,gaussian,20,20.000000226937882,door_activity,Knock,0.7169544696807861,True,benchmark_data/expanded_generated/ced/synthetic/20/1-82817-A-30.wav
1-82817-A-30,benchmark_data/external/esc50/audio/1-82817-A-30.wav,door_activity,gaussian,15,15.000000011952698,door_activity,Knock,0.7206974029541016,True,benchmark_data/expanded_generated/ced/synthetic/15/1-82817-A-30.wav
1-82817-A-30,benchmark_data/external/esc50/audio/1-82817-A-30.wav,door_activity,gaussian,10,10.0000002828219,door_activity,Knock,0.7182138562202454,True,benchmark_data/expanded_generated/ced/synthetic/10/1-82817-A-30.wav
1-82817-A-30,benchmark_data/external/esc50/audio/1-82817-A-30.wav,door_activity,gaussian,5,4.999999905994636,door_activity,Knock,0.7194602489471436,True,benchmark_data/expanded_generated/ced/synthetic/5/1-82817-A-30.wav
1-82817-A-30,benchmark_data/external/esc50/audio/1-82817-A-30.wav,door_activity,gaussian,0,1.4574787540422547e-07,door_activity,Knock,0.7216399312019348,True,benchmark_data/expanded_generated/ced/synthetic/0/1-82817-A-30.wav
1-84536-A-39,benchmark_data/external/esc50/audio/1-84536-A-39.wav,glass_breaking,gaussian,20,20.000000202920116,breaking,Breaking,0.7046020030975342,False,benchmark_data/expanded_generated/ced/synthetic/20/1-84536-A-39.wav
1-84536-A-39,benchmark_data/external/esc50/audio/1-84536-A-39.wav,glass_breaking,gaussian,15,15.000000001195659,breaking,Breaking,0.7054160833358765,False,benchmark_data/expanded_generated/ced/synthetic/15/1-84536-A-39.wav
1-84536-A-39,benchmark_data/external/esc50/audio/1-84536-A-39.wav,glass_breaking,gaussian,10,10.000000214014516,breaking,Breaking,0.7051045894622803,False,benchmark_data/expanded_generated/ced/synthetic/10/1-84536-A-39.wav
1-84536-A-39,benchmark_data/external/esc50/audio/1-84536-A-39.wav,glass_breaking,gaussian,5,4.999999932349961,breaking,Breaking,0.7018005847930908,False,benchmark_data/expanded_generated/ced/synthetic/5/1-84536-A-39.wav
1-84536-A-39,benchmark_data/external/esc50/audio/1-84536-A-39.wav,glass_breaking,gaussian,0,-2.5403251725290475e-07,breaking,Breaking,0.6924488544464111,False,benchmark_data/expanded_generated/ced/synthetic/0/1-84536-A-39.wav
1-84704-A-39,benchmark_data/external/esc50/audio/1-84704-A-39.wav,glass_breaking,gaussian,20,19.9999998755389,breaking,Breaking,0.6757428646087646,False,benchmark_data/expanded_generated/ced/synthetic/20/1-84704-A-39.wav
1-84704-A-39,benchmark_data/external/esc50/audio/1-84704-A-39.wav,glass_breaking,gaussian,15,14.999999806673918,breaking,Breaking,0.6671239137649536,False,benchmark_data/expanded_generated/ced/synthetic/15/1-84704-A-39.wav
1-84704-A-39,benchmark_data/external/esc50/audio/1-84704-A-39.wav,glass_breaking,gaussian,10,10.000000299765897,breaking,Breaking,0.6679537296295166,False,benchmark_data/expanded_generated/ced/synthetic/10/1-84704-A-39.wav
1-84704-A-39,benchmark_data/external/esc50/audio/1-84704-A-39.wav,glass_breaking,gaussian,5,4.999999875001303,breaking,Breaking,0.6618508100509644,False,benchmark_data/expanded_generated/ced/synthetic/5/1-84704-A-39.wav
1-84704-A-39,benchmark_data/external/esc50/audio/1-84704-A-39.wav,glass_breaking,gaussian,0,2.448455966448726e-07,pink_noise,Pink noise,0.6694661974906921,False,benchmark_data/expanded_generated/ced/synthetic/0/1-84704-A-39.wav
1-84705-A-39,benchmark_data/external/esc50/audio/1-84705-A-39.wav,glass_breaking,gaussian,20,20.00000015560324,clang,Clang,0.5471094250679016,False,benchmark_data/expanded_generated/ced/synthetic/20/1-84705-A-39.wav
1-84705-A-39,benchmark_data/external/esc50/audio/1-84705-A-39.wav,glass_breaking,gaussian,15,14.999999969838234,clang,Clang,0.5795462727546692,False,benchmark_data/expanded_generated/ced/synthetic/15/1-84705-A-39.wav
1-84705-A-39,benchmark_data/external/esc50/audio/1-84705-A-39.wav,glass_breaking,gaussian,10,10.000000059721417,clang,Clang,0.5492854118347168,False,benchmark_data/expanded_generated/ced/synthetic/10/1-84705-A-39.wav
1-84705-A-39,benchmark_data/external/esc50/audio/1-84705-A-39.wav,glass_breaking,gaussian,5,4.9999996454866,clang,Clang,0.5695149898529053,False,benchmark_data/expanded_generated/ced/synthetic/5/1-84705-A-39.wav
1-84705-A-39,benchmark_data/external/esc50/audio/1-84705-A-39.wav,glass_breaking,gaussian,0,1.8766666883392238e-07,pink_noise,Pink noise,0.5612763166427612,False,benchmark_data/expanded_generated/ced/synthetic/0/1-84705-A-39.wav
1-85168-A-39,benchmark_data/external/esc50/audio/1-85168-A-39.wav,glass_breaking,gaussian,20,20.000000085010996,breaking,Breaking,0.6824334263801575,False,benchmark_data/expanded_generated/ced/synthetic/20/1-85168-A-39.wav
1-85168-A-39,benchmark_data/external/esc50/audio/1-85168-A-39.wav,glass_breaking,gaussian,15,14.999999815118803,breaking,Breaking,0.6780936121940613,False,benchmark_data/expanded_generated/ced/synthetic/15/1-85168-A-39.wav
1-85168-A-39,benchmark_data/external/esc50/audio/1-85168-A-39.wav,glass_breaking,gaussian,10,9.999999944556526,breaking,Breaking,0.694758415222168,False,benchmark_data/expanded_generated/ced/synthetic/10/1-85168-A-39.wav
1-85168-A-39,benchmark_data/external/esc50/audio/1-85168-A-39.wav,glass_breaking,gaussian,5,5.000000229316377,breaking,Breaking,0.6772659420967102,False,benchmark_data/expanded_generated/ced/synthetic/5/1-85168-A-39.wav
1-85168-A-39,benchmark_data/external/esc50/audio/1-85168-A-39.wav,glass_breaking,gaussian,0,6.149430021566457e-08,breaking,Breaking,0.6738594174385071,False,benchmark_data/expanded_generated/ced/synthetic/0/1-85168-A-39.wav
1-85184-A-39,benchmark_data/external/esc50/audio/1-85184-A-39.wav,glass_breaking,gaussian,20,19.999999875206562,breaking,Breaking,0.683238685131073,False,benchmark_data/expanded_generated/ced/synthetic/20/1-85184-A-39.wav
1-85184-A-39,benchmark_data/external/esc50/audio/1-85184-A-39.wav,glass_breaking,gaussian,15,15.000000042225462,breaking,Breaking,0.6721735000610352,False,benchmark_data/expanded_generated/ced/synthetic/15/1-85184-A-39.wav
1-85184-A-39,benchmark_data/external/esc50/audio/1-85184-A-39.wav,glass_breaking,gaussian,10,9.999999799776566,breaking,Breaking,0.6843379735946655,False,benchmark_data/expanded_generated/ced/synthetic/10/1-85184-A-39.wav
1-85184-A-39,benchmark_data/external/esc50/audio/1-85184-A-39.wav,glass_breaking,gaussian,5,4.9999999951971965,breaking,Breaking,0.6807836890220642,False,benchmark_data/expanded_generated/ced/synthetic/5/1-85184-A-39.wav
1-85184-A-39,benchmark_data/external/esc50/audio/1-85184-A-39.wav,glass_breaking,gaussian,0,1.5480884462962223e-07,breaking,Breaking,0.6537644267082214,False,benchmark_data/expanded_generated/ced/synthetic/0/1-85184-A-39.wav
1-85362-A-0,benchmark_data/external/esc50/audio/1-85362-A-0.wav,dog_barking,gaussian,20,19.99999974245538,animal,Animal,0.6850703358650208,False,benchmark_data/expanded_generated/ced/synthetic/20/1-85362-A-0.wav
1-85362-A-0,benchmark_data/external/esc50/audio/1-85362-A-0.wav,dog_barking,gaussian,15,15.000000258052443,dog,Dog,0.6758598685264587,False,benchmark_data/expanded_generated/ced/synthetic/15/1-85362-A-0.wav
1-85362-A-0,benchmark_data/external/esc50/audio/1-85362-A-0.wav,dog_barking,gaussian,10,9.999999696463126,dog,Dog,0.6574340462684631,False,benchmark_data/expanded_generated/ced/synthetic/10/1-85362-A-0.wav
1-85362-A-0,benchmark_data/external/esc50/audio/1-85362-A-0.wav,dog_barking,gaussian,5,5.000000221777547,dog,Dog,0.6568006277084351,False,benchmark_data/expanded_generated/ced/synthetic/5/1-85362-A-0.wav
1-85362-A-0,benchmark_data/external/esc50/audio/1-85362-A-0.wav,dog_barking,gaussian,0,1.6330828018640385e-07,dog,Dog,0.6427437663078308,False,benchmark_data/expanded_generated/ced/synthetic/0/1-85362-A-0.wav
1-88807-A-39,benchmark_data/external/esc50/audio/1-88807-A-39.wav,glass_breaking,gaussian,20,19.999999729922244,chink_clink,"Chink, clink",0.5481607913970947,False,benchmark_data/expanded_generated/ced/synthetic/20/1-88807-A-39.wav
1-88807-A-39,benchmark_data/external/esc50/audio/1-88807-A-39.wav,glass_breaking,gaussian,15,14.999999700261162,pink_noise,Pink noise,0.5457571744918823,False,benchmark_data/expanded_generated/ced/synthetic/15/1-88807-A-39.wav
1-88807-A-39,benchmark_data/external/esc50/audio/1-88807-A-39.wav,glass_breaking,gaussian,10,9.999999760232512,pink_noise,Pink noise,0.5985665917396545,False,benchmark_data/expanded_generated/ced/synthetic/10/1-88807-A-39.wav
1-88807-A-39,benchmark_data/external/esc50/audio/1-88807-A-39.wav,glass_breaking,gaussian,5,4.999999861339898,pink_noise,Pink noise,0.6059470772743225,False,benchmark_data/expanded_generated/ced/synthetic/5/1-88807-A-39.wav
1-88807-A-39,benchmark_data/external/esc50/audio/1-88807-A-39.wav,glass_breaking,gaussian,0,4.388030018848425e-07,pink_noise,Pink noise,0.6404141187667847,False,benchmark_data/expanded_generated/ced/synthetic/0/1-88807-A-39.wav
1-97392-A-0,benchmark_data/external/esc50/audio/1-97392-A-0.wav,dog_barking,gaussian,20,20.00000029888946,animal,Animal,0.6997768878936768,False,benchmark_data/expanded_generated/ced/synthetic/20/1-97392-A-0.wav
1-97392-A-0,benchmark_data/external/esc50/audio/1-97392-A-0.wav,dog_barking,gaussian,15,14.999999804951452,animal,Animal,0.6867169737815857,False,benchmark_data/expanded_generated/ced/synthetic/15/1-97392-A-0.wav
1-97392-A-0,benchmark_data/external/esc50/audio/1-97392-A-0.wav,dog_barking,gaussian,10,9.99999993203787,animal,Animal,0.6764214634895325,False,benchmark_data/expanded_generated/ced/synthetic/10/1-97392-A-0.wav
1-97392-A-0,benchmark_data/external/esc50/audio/1-97392-A-0.wav,dog_barking,gaussian,5,4.999999656207591,animal,Animal,0.6684447526931763,False,benchmark_data/expanded_generated/ced/synthetic/5/1-97392-A-0.wav
1-97392-A-0,benchmark_data/external/esc50/audio/1-97392-A-0.wav,dog_barking,gaussian,0,-3.8787404431880647e-07,dog_barking,Bark,0.6557778716087341,True,benchmark_data/expanded_generated/ced/synthetic/0/1-97392-A-0.wav
1-977-A-39,benchmark_data/external/esc50/audio/1-977-A-39.wav,glass_breaking,gaussian,20,20.000000244141553,breaking,Breaking,0.6433147192001343,False,benchmark_data/expanded_generated/ced/synthetic/20/1-977-A-39.wav
1-977-A-39,benchmark_data/external/esc50/audio/1-977-A-39.wav,glass_breaking,gaussian,15,14.999999758786322,breaking,Breaking,0.6113831996917725,False,benchmark_data/expanded_generated/ced/synthetic/15/1-977-A-39.wav
1-977-A-39,benchmark_data/external/esc50/audio/1-977-A-39.wav,glass_breaking,gaussian,10,9.999999676858465,breaking,Breaking,0.567598283290863,False,benchmark_data/expanded_generated/ced/synthetic/10/1-977-A-39.wav
1-977-A-39,benchmark_data/external/esc50/audio/1-977-A-39.wav,glass_breaking,gaussian,5,5.000000434158994,chink_clink,"Chink, clink",0.5533352494239807,False,benchmark_data/expanded_generated/ced/synthetic/5/1-977-A-39.wav
1-977-A-39,benchmark_data/external/esc50/audio/1-977-A-39.wav,glass_breaking,gaussian,0,2.714760600808201e-07,glass,Glass,0.5548837184906006,False,benchmark_data/expanded_generated/ced/synthetic/0/1-977-A-39.wav
2-100648-A-43,benchmark_data/external/esc50/audio/2-100648-A-43.wav,vehicle_horn,gaussian,20,20.00000000752816,vehicle,Vehicle,0.6742909550666809,False,benchmark_data/expanded_generated/ced/synthetic/20/2-100648-A-43.wav
2-100648-A-43,benchmark_data/external/esc50/audio/2-100648-A-43.wav,vehicle_horn,gaussian,15,14.999999720465542,vehicle,Vehicle,0.6767454743385315,False,benchmark_data/expanded_generated/ced/synthetic/15/2-100648-A-43.wav
2-100648-A-43,benchmark_data/external/esc50/audio/2-100648-A-43.wav,vehicle_horn,gaussian,10,9.99999970635251,vehicle,Vehicle,0.6540866494178772,False,benchmark_data/expanded_generated/ced/synthetic/10/2-100648-A-43.wav
2-100648-A-43,benchmark_data/external/esc50/audio/2-100648-A-43.wav,vehicle_horn,gaussian,5,4.99999992254688,vehicle,Vehicle,0.6123594641685486,False,benchmark_data/expanded_generated/ced/synthetic/5/2-100648-A-43.wav
2-100648-A-43,benchmark_data/external/esc50/audio/2-100648-A-43.wav,vehicle_horn,gaussian,0,3.514302661874074e-07,pink_noise,Pink noise,0.5935508608818054,False,benchmark_data/expanded_generated/ced/synthetic/0/2-100648-A-43.wav
2-106881-A-39,benchmark_data/external/esc50/audio/2-106881-A-39.wav,glass_breaking,gaussian,20,20.00000007617709,crackle,Crackle,0.564405083656311,False,benchmark_data/expanded_generated/ced/synthetic/20/2-106881-A-39.wav
2-106881-A-39,benchmark_data/external/esc50/audio/2-106881-A-39.wav,glass_breaking,gaussian,15,15.000000198053602,crackle,Crackle,0.5604913234710693,False,benchmark_data/expanded_generated/ced/synthetic/15/2-106881-A-39.wav
2-106881-A-39,benchmark_data/external/esc50/audio/2-106881-A-39.wav,glass_breaking,gaussian,10,9.999999920781423,crackle,Crackle,0.5582451224327087,False,benchmark_data/expanded_generated/ced/synthetic/10/2-106881-A-39.wav
2-106881-A-39,benchmark_data/external/esc50/audio/2-106881-A-39.wav,glass_breaking,gaussian,5,5.0000002192954724,pink_noise,Pink noise,0.5431205630302429,False,benchmark_data/expanded_generated/ced/synthetic/5/2-106881-A-39.wav
2-106881-A-39,benchmark_data/external/esc50/audio/2-106881-A-39.wav,glass_breaking,gaussian,0,2.139694732666697e-07,static,Static,0.5694599151611328,False,benchmark_data/expanded_generated/ced/synthetic/0/2-106881-A-39.wav
2-107351-A-20,benchmark_data/external/esc50/audio/2-107351-A-20.wav,baby_crying,gaussian,20,20.00000004199621,crying_sobbing,"Crying, sobbing",0.6484822630882263,False,benchmark_data/expanded_generated/ced/synthetic/20/2-107351-A-20.wav
2-107351-A-20,benchmark_data/external/esc50/audio/2-107351-A-20.wav,baby_crying,gaussian,15,14.999999559101628,crying_sobbing,"Crying, sobbing",0.6560270190238953,False,benchmark_data/expanded_generated/ced/synthetic/15/2-107351-A-20.wav
2-107351-A-20,benchmark_data/external/esc50/audio/2-107351-A-20.wav,baby_crying,gaussian,10,10.000000208836974,crying_sobbing,"Crying, sobbing",0.6488861441612244,False,benchmark_data/expanded_generated/ced/synthetic/10/2-107351-A-20.wav
2-107351-A-20,benchmark_data/external/esc50/audio/2-107351-A-20.wav,baby_crying,gaussian,5,4.999999923053849,crying_sobbing,"Crying, sobbing",0.6225501894950867,False,benchmark_data/expanded_generated/ced/synthetic/5/2-107351-A-20.wav
2-107351-A-20,benchmark_data/external/esc50/audio/2-107351-A-20.wav,baby_crying,gaussian,0,3.000669316755414e-07,speech,Speech,0.583281397819519,False,benchmark_data/expanded_generated/ced/synthetic/0/2-107351-A-20.wav
2-107351-B-20,benchmark_data/external/esc50/audio/2-107351-B-20.wav,baby_crying,gaussian,20,20.000000237454433,crying_sobbing,"Crying, sobbing",0.6248970627784729,False,benchmark_data/expanded_generated/ced/synthetic/20/2-107351-B-20.wav
2-107351-B-20,benchmark_data/external/esc50/audio/2-107351-B-20.wav,baby_crying,gaussian,15,14.999999690860301,baby_crying,"Baby cry, infant cry",0.6408811807632446,True,benchmark_data/expanded_generated/ced/synthetic/15/2-107351-B-20.wav
2-107351-B-20,benchmark_data/external/esc50/audio/2-107351-B-20.wav,baby_crying,gaussian,10,9.999999917202796,baby_crying,"Baby cry, infant cry",0.6291586756706238,True,benchmark_data/expanded_generated/ced/synthetic/10/2-107351-B-20.wav
2-107351-B-20,benchmark_data/external/esc50/audio/2-107351-B-20.wav,baby_crying,gaussian,5,4.999999840921663,baby_crying,"Baby cry, infant cry",0.6325360536575317,True,benchmark_data/expanded_generated/ced/synthetic/5/2-107351-B-20.wav
2-107351-B-20,benchmark_data/external/esc50/audio/2-107351-B-20.wav,baby_crying,gaussian,0,4.978921815696708e-07,baby_crying,"Baby cry, infant cry",0.6092042922973633,True,benchmark_data/expanded_generated/ced/synthetic/0/2-107351-B-20.wav
2-112213-A-39,benchmark_data/external/esc50/audio/2-112213-A-39.wav,glass_breaking,gaussian,20,20.00000000546381,glass,Glass,0.7069185972213745,False,benchmark_data/expanded_generated/ced/synthetic/20/2-112213-A-39.wav
2-112213-A-39,benchmark_data/external/esc50/audio/2-112213-A-39.wav,glass_breaking,gaussian,15,15.000000335496019,glass,Glass,0.7088058590888977,False,benchmark_data/expanded_generated/ced/synthetic/15/2-112213-A-39.wav
2-112213-A-39,benchmark_data/external/esc50/audio/2-112213-A-39.wav,glass_breaking,gaussian,10,10.000000076400271,glass,Glass,0.7007285356521606,False,benchmark_data/expanded_generated/ced/synthetic/10/2-112213-A-39.wav
2-112213-A-39,benchmark_data/external/esc50/audio/2-112213-A-39.wav,glass_breaking,gaussian,5,5.000000136294197,breaking,Breaking,0.6820166110992432,False,benchmark_data/expanded_generated/ced/synthetic/5/2-112213-A-39.wav
2-112213-A-39,benchmark_data/external/esc50/audio/2-112213-A-39.wav,glass_breaking,gaussian,0,-2.2246786913258515e-07,breaking,Breaking,0.6855257749557495,False,benchmark_data/expanded_generated/ced/synthetic/0/2-112213-A-39.wav
2-112213-B-39,benchmark_data/external/esc50/audio/2-112213-B-39.wav,glass_breaking,gaussian,20,19.999999770778206,glass,Glass,0.6524854898452759,False,benchmark_data/expanded_generated/ced/synthetic/20/2-112213-B-39.wav
2-112213-B-39,benchmark_data/external/esc50/audio/2-112213-B-39.wav,glass_breaking,gaussian,15,15.00000030684567,breaking,Breaking,0.6623862385749817,False,benchmark_data/expanded_generated/ced/synthetic/15/2-112213-B-39.wav
2-112213-B-39,benchmark_data/external/esc50/audio/2-112213-B-39.wav,glass_breaking,gaussian,10,9.999999833052527,breaking,Breaking,0.679334819316864,False,benchmark_data/expanded_generated/ced/synthetic/10/2-112213-B-39.wav
2-112213-B-39,benchmark_data/external/esc50/audio/2-112213-B-39.wav,glass_breaking,gaussian,5,5.000000154498039,breaking,Breaking,0.6818462014198303,False,benchmark_data/expanded_generated/ced/synthetic/5/2-112213-B-39.wav
2-112213-B-39,benchmark_data/external/esc50/audio/2-112213-B-39.wav,glass_breaking,gaussian,0,-6.307180904299326e-09,pink_noise,Pink noise,0.6694636344909668,False,benchmark_data/expanded_generated/ced/synthetic/0/2-112213-B-39.wav
2-114254-A-30,benchmark_data/external/esc50/audio/2-114254-A-30.wav,door_activity,gaussian,20,19.999999781965705,wood_block,Wood block,0.6279402375221252,False,benchmark_data/expanded_generated/ced/synthetic/20/2-114254-A-30.wav
2-114254-A-30,benchmark_data/external/esc50/audio/2-114254-A-30.wav,door_activity,gaussian,15,15.000000001752966,wood_block,Wood block,0.6141611337661743,False,benchmark_data/expanded_generated/ced/synthetic/15/2-114254-A-30.wav
2-114254-A-30,benchmark_data/external/esc50/audio/2-114254-A-30.wav,door_activity,gaussian,10,9.999999856586971,wood_block,Wood block,0.6142429709434509,False,benchmark_data/expanded_generated/ced/synthetic/10/2-114254-A-30.wav
2-114254-A-30,benchmark_data/external/esc50/audio/2-114254-A-30.wav,door_activity,gaussian,5,4.9999996230553725,wood_block,Wood block,0.6103724241256714,False,benchmark_data/expanded_generated/ced/synthetic/5/2-114254-A-30.wav
2-114254-A-30,benchmark_data/external/esc50/audio/2-114254-A-30.wav,door_activity,gaussian,0,-3.9624390854898317e-07,white_noise,White noise,0.6046404242515564,False,benchmark_data/expanded_generated/ced/synthetic/0/2-114254-A-30.wav
2-114280-A-0,benchmark_data/external/esc50/audio/2-114280-A-0.wav,dog_barking,gaussian,20,20.000000100137562,dog,Dog,0.6835232973098755,False,benchmark_data/expanded_generated/ced/synthetic/20/2-114280-A-0.wav
2-114280-A-0,benchmark_data/external/esc50/audio/2-114280-A-0.wav,dog_barking,gaussian,15,15.000000265796285,dog,Dog,0.6763326525688171,False,benchmark_data/expanded_generated/ced/synthetic/15/2-114280-A-0.wav
2-114280-A-0,benchmark_data/external/esc50/audio/2-114280-A-0.wav,dog_barking,gaussian,10,10.000000158822038,dog,Dog,0.6696453094482422,False,benchmark_data/expanded_generated/ced/synthetic/10/2-114280-A-0.wav
2-114280-A-0,benchmark_data/external/esc50/audio/2-114280-A-0.wav,dog_barking,gaussian,5,4.999999724606344,dog,Dog,0.6627223491668701,False,benchmark_data/expanded_generated/ced/synthetic/5/2-114280-A-0.wav
2-114280-A-0,benchmark_data/external/esc50/audio/2-114280-A-0.wav,dog_barking,gaussian,0,9.26754814120527e-08,animal,Animal,0.6296399235725403,False,benchmark_data/expanded_generated/ced/synthetic/0/2-114280-A-0.wav
2-114587-A-0,benchmark_data/external/esc50/audio/2-114587-A-0.wav,dog_barking,gaussian,20,19.999999950659454,animal,Animal,0.693914532661438,False,benchmark_data/expanded_generated/ced/synthetic/20/2-114587-A-0.wav
2-114587-A-0,benchmark_data/external/esc50/audio/2-114587-A-0.wav,dog_barking,gaussian,15,15.000000096661296,animal,Animal,0.6751937866210938,False,benchmark_data/expanded_generated/ced/synthetic/15/2-114587-A-0.wav
2-114587-A-0,benchmark_data/external/esc50/audio/2-114587-A-0.wav,dog_barking,gaussian,10,9.99999974128853,animal,Animal,0.657416582107544,False,benchmark_data/expanded_generated/ced/synthetic/10/2-114587-A-0.wav
2-114587-A-0,benchmark_data/external/esc50/audio/2-114587-A-0.wav,dog_barking,gaussian,5,5.000000366135461,animal,Animal,0.6336897015571594,False,benchmark_data/expanded_generated/ced/synthetic/5/2-114587-A-0.wav
2-114587-A-0,benchmark_data/external/esc50/audio/2-114587-A-0.wav,dog_barking,gaussian,0,-1.837703963948438e-07,animal,Animal,0.611262321472168,False,benchmark_data/expanded_generated/ced/synthetic/0/2-114587-A-0.wav
2-116400-A-0,benchmark_data/external/esc50/audio/2-116400-A-0.wav,dog_barking,gaussian,20,20.000000332207193,dog,Dog,0.690523624420166,False,benchmark_data/expanded_generated/ced/synthetic/20/2-116400-A-0.wav
2-116400-A-0,benchmark_data/external/esc50/audio/2-116400-A-0.wav,dog_barking,gaussian,15,15.000000163277534,dog,Dog,0.6683597564697266,False,benchmark_data/expanded_generated/ced/synthetic/15/2-116400-A-0.wav
2-116400-A-0,benchmark_data/external/esc50/audio/2-116400-A-0.wav,dog_barking,gaussian,10,10.000000086506844,dog,Dog,0.6637595891952515,False,benchmark_data/expanded_generated/ced/synthetic/10/2-116400-A-0.wav
2-116400-A-0,benchmark_data/external/esc50/audio/2-116400-A-0.wav,dog_barking,gaussian,5,4.999999698114731,dog,Dog,0.6554309725761414,False,benchmark_data/expanded_generated/ced/synthetic/5/2-116400-A-0.wav
2-116400-A-0,benchmark_data/external/esc50/audio/2-116400-A-0.wav,dog_barking,gaussian,0,3.546943100915912e-07,dog,Dog,0.6472775340080261,False,benchmark_data/expanded_generated/ced/synthetic/0/2-116400-A-0.wav
2-117271-A-0,benchmark_data/external/esc50/audio/2-117271-A-0.wav,dog_barking,gaussian,20,20.00000028021087,dog,Dog,0.6840987801551819,False,benchmark_data/expanded_generated/ced/synthetic/20/2-117271-A-0.wav
2-117271-A-0,benchmark_data/external/esc50/audio/2-117271-A-0.wav,dog_barking,gaussian,15,15.000000321902597,dog,Dog,0.6712598204612732,False,benchmark_data/expanded_generated/ced/synthetic/15/2-117271-A-0.wav
2-117271-A-0,benchmark_data/external/esc50/audio/2-117271-A-0.wav,dog_barking,gaussian,10,10.000000393667195,animal,Animal,0.6529953479766846,False,benchmark_data/expanded_generated/ced/synthetic/10/2-117271-A-0.wav
2-117271-A-0,benchmark_data/external/esc50/audio/2-117271-A-0.wav,dog_barking,gaussian,5,5.000000103349606,animal,Animal,0.6365117430686951,False,benchmark_data/expanded_generated/ced/synthetic/5/2-117271-A-0.wav
2-117271-A-0,benchmark_data/external/esc50/audio/2-117271-A-0.wav,dog_barking,gaussian,0,7.905376977054571e-08,animal,Animal,0.6209858655929565,False,benchmark_data/expanded_generated/ced/synthetic/0/2-117271-A-0.wav
2-118072-A-0,benchmark_data/external/esc50/audio/2-118072-A-0.wav,dog_barking,gaussian,20,19.999999574564086,dog_barking,Bark,0.6234315633773804,True,benchmark_data/expanded_generated/ced/synthetic/20/2-118072-A-0.wav
2-118072-A-0,benchmark_data/external/esc50/audio/2-118072-A-0.wav,dog_barking,gaussian,15,15.000000108430015,dog_barking,Bark,0.6303050518035889,True,benchmark_data/expanded_generated/ced/synthetic/15/2-118072-A-0.wav
2-118072-A-0,benchmark_data/external/esc50/audio/2-118072-A-0.wav,dog_barking,gaussian,10,10.000000284174726,dog_barking,Bark,0.6314170360565186,True,benchmark_data/expanded_generated/ced/synthetic/10/2-118072-A-0.wav
2-118072-A-0,benchmark_data/external/esc50/audio/2-118072-A-0.wav,dog_barking,gaussian,5,4.999999812190788,dog_barking,Bark,0.6370424628257751,True,benchmark_data/expanded_generated/ced/synthetic/5/2-118072-A-0.wav
2-118072-A-0,benchmark_data/external/esc50/audio/2-118072-A-0.wav,dog_barking,gaussian,0,1.278135082578364e-07,dog_barking,Bark,0.5971402525901794,True,benchmark_data/expanded_generated/ced/synthetic/0/2-118072-A-0.wav
2-118624-A-30,benchmark_data/external/esc50/audio/2-118624-A-30.wav,door_activity,gaussian,20,19.999999709900063,door_activity,Knock,0.7001596689224243,True,benchmark_data/expanded_generated/ced/synthetic/20/2-118624-A-30.wav
2-118624-A-30,benchmark_data/external/esc50/audio/2-118624-A-30.wav,door_activity,gaussian,15,15.000000181768101,door_activity,Knock,0.6892404556274414,True,benchmark_data/expanded_generated/ced/synthetic/15/2-118624-A-30.wav
2-118624-A-30,benchmark_data/external/esc50/audio/2-118624-A-30.wav,door_activity,gaussian,10,10.000000185234041,door_activity,Knock,0.6916663646697998,True,benchmark_data/expanded_generated/ced/synthetic/10/2-118624-A-30.wav
2-118624-A-30,benchmark_data/external/esc50/audio/2-118624-A-30.wav,door_activity,gaussian,5,4.99999963981025,door_activity,Knock,0.6897523999214172,True,benchmark_data/expanded_generated/ced/synthetic/5/2-118624-A-30.wav
2-118624-A-30,benchmark_data/external/esc50/audio/2-118624-A-30.wav,door_activity,gaussian,0,-7.60998464254271e-08,door_activity,Knock,0.6784180402755737,True,benchmark_data/expanded_generated/ced/synthetic/0/2-118624-A-30.wav
2-118625-A-30,benchmark_data/external/esc50/audio/2-118625-A-30.wav,door_activity,gaussian,20,20.000000176670735,door_activity,Knock,0.6951988935470581,True,benchmark_data/expanded_generated/ced/synthetic/20/2-118625-A-30.wav
2-118625-A-30,benchmark_data/external/esc50/audio/2-118625-A-30.wav,door_activity,gaussian,15,14.999999802217241,door_activity,Knock,0.6867784261703491,True,benchmark_data/expanded_generated/ced/synthetic/15/2-118625-A-30.wav
2-118625-A-30,benchmark_data/external/esc50/audio/2-118625-A-30.wav,door_activity,gaussian,10,10.00000006084135,door_activity,Knock,0.6997698545455933,True,benchmark_data/expanded_generated/ced/synthetic/10/2-118625-A-30.wav
2-118625-A-30,benchmark_data/external/esc50/audio/2-118625-A-30.wav,door_activity,gaussian,5,4.999999913899068,door_activity,Knock,0.6960178017616272,True,benchmark_data/expanded_generated/ced/synthetic/5/2-118625-A-30.wav
2-118625-A-30,benchmark_data/external/esc50/audio/2-118625-A-30.wav,door_activity,gaussian,0,4.107719662722353e-08,door_activity,Knock,0.6919132471084595,True,benchmark_data/expanded_generated/ced/synthetic/0/2-118625-A-30.wav
2-118964-A-0,benchmark_data/external/esc50/audio/2-118964-A-0.wav,dog_barking,gaussian,20,20.000000326046333,animal,Animal,0.6656866669654846,False,benchmark_data/expanded_generated/ced/synthetic/20/2-118964-A-0.wav
2-118964-A-0,benchmark_data/external/esc50/audio/2-118964-A-0.wav,dog_barking,gaussian,15,14.99999981707198,animal,Animal,0.6505665183067322,False,benchmark_data/expanded_generated/ced/synthetic/15/2-118964-A-0.wav
2-118964-A-0,benchmark_data/external/esc50/audio/2-118964-A-0.wav,dog_barking,gaussian,10,9.99999959650825,dog,Dog,0.6294780969619751,False,benchmark_data/expanded_generated/ced/synthetic/10/2-118964-A-0.wav
2-118964-A-0,benchmark_data/external/esc50/audio/2-118964-A-0.wav,dog_barking,gaussian,5,5.000000001835962,dog_barking,Bark,0.6281270384788513,True,benchmark_data/expanded_generated/ced/synthetic/5/2-118964-A-0.wav
2-118964-A-0,benchmark_data/external/esc50/audio/2-118964-A-0.wav,dog_barking,gaussian,0,3.988433512858607e-08,dog_barking,Bark,0.6202865839004517,True,benchmark_data/expanded_generated/ced/synthetic/0/2-118964-A-0.wav
2-120218-A-30,benchmark_data/external/esc50/audio/2-120218-A-30.wav,door_activity,gaussian,20,20.000000295772487,door_activity,Knock,0.7150087356567383,True,benchmark_data/expanded_generated/ced/synthetic/20/2-120218-A-30.wav
2-120218-A-30,benchmark_data/external/esc50/audio/2-120218-A-30.wav,door_activity,gaussian,15,15.000000146947857,door_activity,Knock,0.7130537629127502,True,benchmark_data/expanded_generated/ced/synthetic/15/2-120218-A-30.wav
2-120218-A-30,benchmark_data/external/esc50/audio/2-120218-A-30.wav,door_activity,gaussian,10,10.000000251226295,door_activity,Knock,0.7083645462989807,True,benchmark_data/expanded_generated/ced/synthetic/10/2-120218-A-30.wav
2-120218-A-30,benchmark_data/external/esc50/audio/2-120218-A-30.wav,door_activity,gaussian,5,5.000000226125517,door_activity,Knock,0.7052793502807617,True,benchmark_data/expanded_generated/ced/synthetic/5/2-120218-A-30.wav
2-120218-A-30,benchmark_data/external/esc50/audio/2-120218-A-30.wav,door_activity,gaussian,0,7.937046262229341e-08,door_activity,Knock,0.6911332011222839,True,benchmark_data/expanded_generated/ced/synthetic/0/2-120218-A-30.wav
2-120218-B-30,benchmark_data/external/esc50/audio/2-120218-B-30.wav,door_activity,gaussian,20,19.999999998806338,door_activity,Knock,0.6739572882652283,True,benchmark_data/expanded_generated/ced/synthetic/20/2-120218-B-30.wav
2-120218-B-30,benchmark_data/external/esc50/audio/2-120218-B-30.wav,door_activity,gaussian,15,15.000000336496452,door_activity,Knock,0.7019854784011841,True,benchmark_data/expanded_generated/ced/synthetic/15/2-120218-B-30.wav
2-120218-B-30,benchmark_data/external/esc50/audio/2-120218-B-30.wav,door_activity,gaussian,10,10.00000017181073,door_activity,Knock,0.7129480242729187,True,benchmark_data/expanded_generated/ced/synthetic/10/2-120218-B-30.wav
2-120218-B-30,benchmark_data/external/esc50/audio/2-120218-B-30.wav,door_activity,gaussian,5,5.000000179682385,door_activity,Knock,0.7109519839286804,True,benchmark_data/expanded_generated/ced/synthetic/5/2-120218-B-30.wav
2-120218-B-30,benchmark_data/external/esc50/audio/2-120218-B-30.wav,door_activity,gaussian,0,2.5775842514081256e-07,door_activity,Knock,0.7119889259338379,True,benchmark_data/expanded_generated/ced/synthetic/0/2-120218-B-30.wav
2-122104-A-0,benchmark_data/external/esc50/audio/2-122104-A-0.wav,dog_barking,gaussian,20,19.99999983784757,animal,Animal,0.6772261261940002,False,benchmark_data/expanded_generated/ced/synthetic/20/2-122104-A-0.wav
2-122104-A-0,benchmark_data/external/esc50/audio/2-122104-A-0.wav,dog_barking,gaussian,15,14.999999977142252,animal,Animal,0.6716440320014954,False,benchmark_data/expanded_generated/ced/synthetic/15/2-122104-A-0.wav
2-122104-A-0,benchmark_data/external/esc50/audio/2-122104-A-0.wav,dog_barking,gaussian,10,9.999999771175329,dog,Dog,0.6634303331375122,False,benchmark_data/expanded_generated/ced/synthetic/10/2-122104-A-0.wav
2-122104-A-0,benchmark_data/external/esc50/audio/2-122104-A-0.wav,dog_barking,gaussian,5,5.000000004159636,dog,Dog,0.6533588767051697,False,benchmark_data/expanded_generated/ced/synthetic/5/2-122104-A-0.wav
2-122104-A-0,benchmark_data/external/esc50/audio/2-122104-A-0.wav,dog_barking,gaussian,0,-4.4039979901877423e-07,animal,Animal,0.627117931842804,False,benchmark_data/expanded_generated/ced/synthetic/0/2-122104-A-0.wav
2-122104-B-0,benchmark_data/external/esc50/audio/2-122104-B-0.wav,dog_barking,gaussian,20,20.000000376902424,animal,Animal,0.6789525151252747,False,benchmark_data/expanded_generated/ced/synthetic/20/2-122104-B-0.wav
2-122104-B-0,benchmark_data/external/esc50/audio/2-122104-B-0.wav,dog_barking,gaussian,15,15.000000495951722,animal,Animal,0.6645163893699646,False,benchmark_data/expanded_generated/ced/synthetic/15/2-122104-B-0.wav
2-122104-B-0,benchmark_data/external/esc50/audio/2-122104-B-0.wav,dog_barking,gaussian,10,9.99999976550204,dog,Dog,0.6553032994270325,False,benchmark_data/expanded_generated/ced/synthetic/10/2-122104-B-0.wav
2-122104-B-0,benchmark_data/external/esc50/audio/2-122104-B-0.wav,dog_barking,gaussian,5,5.000000182071234,animal,Animal,0.6422807574272156,False,benchmark_data/expanded_generated/ced/synthetic/5/2-122104-B-0.wav
2-122104-B-0,benchmark_data/external/esc50/audio/2-122104-B-0.wav,dog_barking,gaussian,0,-8.959321502344145e-08,animal,Animal,0.635572612285614,False,benchmark_data/expanded_generated/ced/synthetic/0/2-122104-B-0.wav
2-125520-A-43,benchmark_data/external/esc50/audio/2-125520-A-43.wav,vehicle_horn,gaussian,20,20.00000025489106,vehicle_horn,"Vehicle horn, car horn, honking",0.680507481098175,True,benchmark_data/expanded_generated/ced/synthetic/20/2-125520-A-43.wav
2-125520-A-43,benchmark_data/external/esc50/audio/2-125520-A-43.wav,vehicle_horn,gaussian,15,14.999999910255724,vehicle_horn,"Vehicle horn, car horn, honking",0.6566902995109558,True,benchmark_data/expanded_generated/ced/synthetic/15/2-125520-A-43.wav
2-125520-A-43,benchmark_data/external/esc50/audio/2-125520-A-43.wav,vehicle_horn,gaussian,10,9.999999726809447,vehicle_horn,"Vehicle horn, car horn, honking",0.6642453670501709,True,benchmark_data/expanded_generated/ced/synthetic/10/2-125520-A-43.wav
2-125520-A-43,benchmark_data/external/esc50/audio/2-125520-A-43.wav,vehicle_horn,gaussian,5,4.999999718894693,vehicle_horn,"Vehicle horn, car horn, honking",0.6336197853088379,True,benchmark_data/expanded_generated/ced/synthetic/5/2-125520-A-43.wav
2-125520-A-43,benchmark_data/external/esc50/audio/2-125520-A-43.wav,vehicle_horn,gaussian,0,-2.9989339202164925e-07,vehicle_horn,"Vehicle horn, car horn, honking",0.6024856567382812,True,benchmark_data/expanded_generated/ced/synthetic/0/2-125520-A-43.wav
2-128465-A-43,benchmark_data/external/esc50/audio/2-128465-A-43.wav,vehicle_horn,gaussian,20,19.999999604973283,vehicle,Vehicle,0.647930383682251,False,benchmark_data/expanded_generated/ced/synthetic/20/2-128465-A-43.wav
2-128465-A-43,benchmark_data/external/esc50/audio/2-128465-A-43.wav,vehicle_horn,gaussian,15,15.000000027047944,vehicle,Vehicle,0.643027126789093,False,benchmark_data/expanded_generated/ced/synthetic/15/2-128465-A-43.wav
2-128465-A-43,benchmark_data/external/esc50/audio/2-128465-A-43.wav,vehicle_horn,gaussian,10,9.999999921873556,vehicle,Vehicle,0.6338748931884766,False,benchmark_data/expanded_generated/ced/synthetic/10/2-128465-A-43.wav
2-128465-A-43,benchmark_data/external/esc50/audio/2-128465-A-43.wav,vehicle_horn,gaussian,5,5.000000306589248,vehicle,Vehicle,0.6159431338310242,False,benchmark_data/expanded_generated/ced/synthetic/5/2-128465-A-43.wav
2-128465-A-43,benchmark_data/external/esc50/audio/2-128465-A-43.wav,vehicle_horn,gaussian,0,-3.6343526682026915e-07,vehicle,Vehicle,0.6094250082969666,False,benchmark_data/expanded_generated/ced/synthetic/0/2-128465-A-43.wav
2-128465-B-43,benchmark_data/external/esc50/audio/2-128465-B-43.wav,vehicle_horn,gaussian,20,19.999999693314642,traffic_noise_roadway_noise,"Traffic noise, roadway noise",0.6875532865524292,False,benchmark_data/expanded_generated/ced/synthetic/20/2-128465-B-43.wav
2-128465-B-43,benchmark_data/external/esc50/audio/2-128465-B-43.wav,vehicle_horn,gaussian,15,14.999999672714004,traffic_noise_roadway_noise,"Traffic noise, roadway noise",0.6809458136558533,False,benchmark_data/expanded_generated/ced/synthetic/15/2-128465-B-43.wav
2-128465-B-43,benchmark_data/external/esc50/audio/2-128465-B-43.wav,vehicle_horn,gaussian,10,10.000000044977298,traffic_noise_roadway_noise,"Traffic noise, roadway noise",0.6653167009353638,False,benchmark_data/expanded_generated/ced/synthetic/10/2-128465-B-43.wav
2-128465-B-43,benchmark_data/external/esc50/audio/2-128465-B-43.wav,vehicle_horn,gaussian,5,5.000000304441887,vehicle,Vehicle,0.6324236989021301,False,benchmark_data/expanded_generated/ced/synthetic/5/2-128465-B-43.wav
2-128465-B-43,benchmark_data/external/esc50/audio/2-128465-B-43.wav,vehicle_horn,gaussian,0,4.5960768701324405e-07,vehicle,Vehicle,0.6196621656417847,False,benchmark_data/expanded_generated/ced/synthetic/0/2-128465-B-43.wav
2-133889-A-30,benchmark_data/external/esc50/audio/2-133889-A-30.wav,door_activity,gaussian,20,20.000000181376056,music,Music,0.5880362391471863,False,benchmark_data/expanded_generated/ced/synthetic/20/2-133889-A-30.wav
2-133889-A-30,benchmark_data/external/esc50/audio/2-133889-A-30.wav,door_activity,gaussian,15,14.999999876903855,music,Music,0.6086795330047607,False,benchmark_data/expanded_generated/ced/synthetic/15/2-133889-A-30.wav
2-133889-A-30,benchmark_data/external/esc50/audio/2-133889-A-30.wav,door_activity,gaussian,10,10.00000034892436,door_activity,Knock,0.6542077660560608,True,benchmark_data/expanded_generated/ced/synthetic/10/2-133889-A-30.wav
2-133889-A-30,benchmark_data/external/esc50/audio/2-133889-A-30.wav,door_activity,gaussian,5,5.000000277730521,door_activity,Knock,0.6346851587295532,True,benchmark_data/expanded_generated/ced/synthetic/5/2-133889-A-30.wav
2-133889-A-30,benchmark_data/external/esc50/audio/2-133889-A-30.wav,door_activity,gaussian,0,3.129223826071943e-07,door_activity,Knock,0.6459968090057373,True,benchmark_data/expanded_generated/ced/synthetic/0/2-133889-A-30.wav
2-134915-A-30,benchmark_data/external/esc50/audio/2-134915-A-30.wav,door_activity,gaussian,20,19.999999948047346,music,Music,0.5887314081192017,False,benchmark_data/expanded_generated/ced/synthetic/20/2-134915-A-30.wav
2-134915-A-30,benchmark_data/external/esc50/audio/2-134915-A-30.wav,door_activity,gaussian,15,14.999999747972284,music,Music,0.587673008441925,False,benchmark_data/expanded_generated/ced/synthetic/15/2-134915-A-30.wav
2-134915-A-30,benchmark_data/external/esc50/audio/2-134915-A-30.wav,door_activity,gaussian,10,9.999999830808209,door_activity,Knock,0.6539309024810791,True,benchmark_data/expanded_generated/ced/synthetic/10/2-134915-A-30.wav
2-134915-A-30,benchmark_data/external/esc50/audio/2-134915-A-30.wav,door_activity,gaussian,5,4.999999673448824,white_noise,White noise,0.624758243560791,False,benchmark_data/expanded_generated/ced/synthetic/5/2-134915-A-30.wav
2-134915-A-30,benchmark_data/external/esc50/audio/2-134915-A-30.wav,door_activity,gaussian,0,8.426542929816268e-08,white_noise,White noise,0.6200057864189148,False,benchmark_data/expanded_generated/ced/synthetic/0/2-134915-A-30.wav
2-138465-A-43,benchmark_data/external/esc50/audio/2-138465-A-43.wav,vehicle_horn,gaussian,20,20.00000033568401,music,Music,0.5761651396751404,False,benchmark_data/expanded_generated/ced/synthetic/20/2-138465-A-43.wav
2-138465-A-43,benchmark_data/external/esc50/audio/2-138465-A-43.wav,vehicle_horn,gaussian,15,14.999999958107821,music,Music,0.5757796764373779,False,benchmark_data/expanded_generated/ced/synthetic/15/2-138465-A-43.wav
2-138465-A-43,benchmark_data/external/esc50/audio/2-138465-A-43.wav,vehicle_horn,gaussian,10,9.9999998212269,white_noise,White noise,0.6193049550056458,False,benchmark_data/expanded_generated/ced/synthetic/10/2-138465-A-43.wav
2-138465-A-43,benchmark_data/external/esc50/audio/2-138465-A-43.wav,vehicle_horn,gaussian,5,5.000000232395282,pink_noise,Pink noise,0.6225674748420715,False,benchmark_data/expanded_generated/ced/synthetic/5/2-138465-A-43.wav
2-138465-A-43,benchmark_data/external/esc50/audio/2-138465-A-43.wav,vehicle_horn,gaussian,0,-1.9854692053155874e-07,pink_noise,Pink noise,0.596060574054718,False,benchmark_data/expanded_generated/ced/synthetic/0/2-138465-A-43.wav
2-140841-A-30,benchmark_data/external/esc50/audio/2-140841-A-30.wav,door_activity,gaussian,20,19.99999984696188,door_activity,Knock,0.6951256394386292,True,benchmark_data/expanded_generated/ced/synthetic/20/2-140841-A-30.wav
2-140841-A-30,benchmark_data/external/esc50/audio/2-140841-A-30.wav,door_activity,gaussian,15,14.999999714932928,door_activity,Knock,0.7032890319824219,True,benchmark_data/expanded_generated/ced/synthetic/15/2-140841-A-30.wav
2-140841-A-30,benchmark_data/external/esc50/audio/2-140841-A-30.wav,door_activity,gaussian,10,9.999999646200342,door_activity,Knock,0.6964636445045471,True,benchmark_data/expanded_generated/ced/synthetic/10/2-140841-A-30.wav
2-140841-A-30,benchmark_data/external/esc50/audio/2-140841-A-30.wav,door_activity,gaussian,5,5.000000239973148,door_activity,Knock,0.7029064893722534,True,benchmark_data/expanded_generated/ced/synthetic/5/2-140841-A-30.wav
2-140841-A-30,benchmark_data/external/esc50/audio/2-140841-A-30.wav,door_activity,gaussian,0,5.902064791737637e-08,door_activity,Knock,0.7118901014328003,True,benchmark_data/expanded_generated/ced/synthetic/0/2-140841-A-30.wav
2-141563-A-39,benchmark_data/external/esc50/audio/2-141563-A-39.wav,glass_breaking,gaussian,20,19.999999731121946,breaking,Breaking,0.6215789318084717,False,benchmark_data/expanded_generated/ced/synthetic/20/2-141563-A-39.wav
2-141563-A-39,benchmark_data/external/esc50/audio/2-141563-A-39.wav,glass_breaking,gaussian,15,14.999999840820884,breaking,Breaking,0.619835376739502,False,benchmark_data/expanded_generated/ced/synthetic/15/2-141563-A-39.wav
2-141563-A-39,benchmark_data/external/esc50/audio/2-141563-A-39.wav,glass_breaking,gaussian,10,10.000000036828883,pink_noise,Pink noise,0.6669569611549377,False,benchmark_data/expanded_generated/ced/synthetic/10/2-141563-A-39.wav
2-141563-A-39,benchmark_data/external/esc50/audio/2-141563-A-39.wav,glass_breaking,gaussian,5,5.000000167465199,pink_noise,Pink noise,0.673855185508728,False,benchmark_data/expanded_generated/ced/synthetic/5/2-141563-A-39.wav
2-141563-A-39,benchmark_data/external/esc50/audio/2-141563-A-39.wav,glass_breaking,gaussian,0,-2.9893435867982824e-07,pink_noise,Pink noise,0.6446710228919983,False,benchmark_data/expanded_generated/ced/synthetic/0/2-141563-A-39.wav
2-144137-A-43,benchmark_data/external/esc50/audio/2-144137-A-43.wav,vehicle_horn,gaussian,20,20.00000004192462,vehicle_horn,"Vehicle horn, car horn, honking",0.6793876886367798,True,benchmark_data/expanded_generated/ced/synthetic/20/2-144137-A-43.wav
2-144137-A-43,benchmark_data/external/esc50/audio/2-144137-A-43.wav,vehicle_horn,gaussian,15,14.999999804458923,vehicle_horn,"Vehicle horn, car horn, honking",0.6682972311973572,True,benchmark_data/expanded_generated/ced/synthetic/15/2-144137-A-43.wav
2-144137-A-43,benchmark_data/external/esc50/audio/2-144137-A-43.wav,vehicle_horn,gaussian,10,10.000000119092196,vehicle_horn,"Vehicle horn, car horn, honking",0.667375922203064,True,benchmark_data/expanded_generated/ced/synthetic/10/2-144137-A-43.wav
2-144137-A-43,benchmark_data/external/esc50/audio/2-144137-A-43.wav,vehicle_horn,gaussian,5,4.9999995505044375,vehicle_horn,"Vehicle horn, car horn, honking",0.6216802000999451,True,benchmark_data/expanded_generated/ced/synthetic/5/2-144137-A-43.wav
2-144137-A-43,benchmark_data/external/esc50/audio/2-144137-A-43.wav,vehicle_horn,gaussian,0,-2.455703785905364e-07,vehicle,Vehicle,0.6044622659683228,False,benchmark_data/expanded_generated/ced/synthetic/0/2-144137-A-43.wav
2-151079-A-20,benchmark_data/external/esc50/audio/2-151079-A-20.wav,baby_crying,gaussian,20,19.999999794227953,baby_crying,"Baby cry, infant cry",0.6325513124465942,True,benchmark_data/expanded_generated/ced/synthetic/20/2-151079-A-20.wav
2-151079-A-20,benchmark_data/external/esc50/audio/2-151079-A-20.wav,baby_crying,gaussian,15,14.999999880154935,baby_crying,"Baby cry, infant cry",0.6283689737319946,True,benchmark_data/expanded_generated/ced/synthetic/15/2-151079-A-20.wav
2-151079-A-20,benchmark_data/external/esc50/audio/2-151079-A-20.wav,baby_crying,gaussian,10,10.000000284933755,baby_crying,"Baby cry, infant cry",0.6329944133758545,True,benchmark_data/expanded_generated/ced/synthetic/10/2-151079-A-20.wav
2-151079-A-20,benchmark_data/external/esc50/audio/2-151079-A-20.wav,baby_crying,gaussian,5,5.0000003838462295,baby_crying,"Baby cry, infant cry",0.6067585349082947,True,benchmark_data/expanded_generated/ced/synthetic/5/2-151079-A-20.wav
2-151079-A-20,benchmark_data/external/esc50/audio/2-151079-A-20.wav,baby_crying,gaussian,0,-2.3123248066230722e-07,baby_crying,"Baby cry, infant cry",0.6062043905258179,True,benchmark_data/expanded_generated/ced/synthetic/0/2-151079-A-20.wav
2-173559-A-39,benchmark_data/external/esc50/audio/2-173559-A-39.wav,glass_breaking,gaussian,20,19.999999648608934,breaking,Breaking,0.6177904009819031,False,benchmark_data/expanded_generated/ced/synthetic/20/2-173559-A-39.wav
2-173559-A-39,benchmark_data/external/esc50/audio/2-173559-A-39.wav,glass_breaking,gaussian,15,15.000000295724483,breaking,Breaking,0.6496880054473877,False,benchmark_data/expanded_generated/ced/synthetic/15/2-173559-A-39.wav
2-173559-A-39,benchmark_data/external/esc50/audio/2-173559-A-39.wav,glass_breaking,gaussian,10,10.000000171621679,breaking,Breaking,0.6286576390266418,False,benchmark_data/expanded_generated/ced/synthetic/10/2-173559-A-39.wav
2-173559-A-39,benchmark_data/external/esc50/audio/2-173559-A-39.wav,glass_breaking,gaussian,5,5.000000101589544,breaking,Breaking,0.6447891592979431,False,benchmark_data/expanded_generated/ced/synthetic/5/2-173559-A-39.wav
2-173559-A-39,benchmark_data/external/esc50/audio/2-173559-A-39.wav,glass_breaking,gaussian,0,-2.277595419892266e-07,glass,Glass,0.6431357264518738,False,benchmark_data/expanded_generated/ced/synthetic/0/2-173559-A-39.wav
2-173607-A-39,benchmark_data/external/esc50/audio/2-173607-A-39.wav,glass_breaking,gaussian,20,19.99999970316928,breaking,Breaking,0.592354416847229,False,benchmark_data/expanded_generated/ced/synthetic/20/2-173607-A-39.wav
2-173607-A-39,benchmark_data/external/esc50/audio/2-173607-A-39.wav,glass_breaking,gaussian,15,15.000000229904927,breaking,Breaking,0.5815937519073486,False,benchmark_data/expanded_generated/ced/synthetic/15/2-173607-A-39.wav
2-173607-A-39,benchmark_data/external/esc50/audio/2-173607-A-39.wav,glass_breaking,gaussian,10,9.999999578254247,glass,Glass,0.6079790592193604,False,benchmark_data/expanded_generated/ced/synthetic/10/2-173607-A-39.wav
2-173607-A-39,benchmark_data/external/esc50/audio/2-173607-A-39.wav,glass_breaking,gaussian,5,4.999999751164603,glass,Glass,0.6442307829856873,False,benchmark_data/expanded_generated/ced/synthetic/5/2-173607-A-39.wav
2-173607-A-39,benchmark_data/external/esc50/audio/2-173607-A-39.wav,glass_breaking,gaussian,0,9.459304655862248e-08,pink_noise,Pink noise,0.6747517585754395,False,benchmark_data/expanded_generated/ced/synthetic/0/2-173607-A-39.wav
2-173618-A-39,benchmark_data/external/esc50/audio/2-173618-A-39.wav,glass_breaking,gaussian,20,19.999999751712053,glass,Glass,0.5844467878341675,False,benchmark_data/expanded_generated/ced/synthetic/20/2-173618-A-39.wav
2-173618-A-39,benchmark_data/external/esc50/audio/2-173618-A-39.wav,glass_breaking,gaussian,15,14.999999737656735,breaking,Breaking,0.5738690495491028,False,benchmark_data/expanded_generated/ced/synthetic/15/2-173618-A-39.wav
2-173618-A-39,benchmark_data/external/esc50/audio/2-173618-A-39.wav,glass_breaking,gaussian,10,10.000000005991465,pink_noise,Pink noise,0.6239484548568726,False,benchmark_data/expanded_generated/ced/synthetic/10/2-173618-A-39.wav
2-173618-A-39,benchmark_data/external/esc50/audio/2-173618-A-39.wav,glass_breaking,gaussian,5,4.999999773472657,pink_noise,Pink noise,0.6439998149871826,False,benchmark_data/expanded_generated/ced/synthetic/5/2-173618-A-39.wav
2-173618-A-39,benchmark_data/external/esc50/audio/2-173618-A-39.wav,glass_breaking,gaussian,0,2.2761841151757136e-07,pink_noise,Pink noise,0.6539491415023804,False,benchmark_data/expanded_generated/ced/synthetic/0/2-173618-A-39.wav
2-18766-A-12,benchmark_data/external/esc50/audio/2-18766-A-12.wav,fire,gaussian,20,19.999999605916297,fire,Fire,0.5958957672119141,True,benchmark_data/expanded_generated/ced/synthetic/20/2-18766-A-12.wav
2-18766-A-12,benchmark_data/external/esc50/audio/2-18766-A-12.wav,fire,gaussian,15,15.000000150568113,fire,Fire,0.5909076929092407,True,benchmark_data/expanded_generated/ced/synthetic/15/2-18766-A-12.wav
2-18766-A-12,benchmark_data/external/esc50/audio/2-18766-A-12.wav,fire,gaussian,10,9.99999988217276,fire,Fire,0.6127510070800781,True,benchmark_data/expanded_generated/ced/synthetic/10/2-18766-A-12.wav
2-18766-A-12,benchmark_data/external/esc50/audio/2-18766-A-12.wav,fire,gaussian,5,5.000000222237599,computer_keyboard,Computer keyboard,0.545159637928009,False,benchmark_data/expanded_generated/ced/synthetic/5/2-18766-A-12.wav
2-18766-A-12,benchmark_data/external/esc50/audio/2-18766-A-12.wav,fire,gaussian,0,3.32024927905163e-07,computer_keyboard,Computer keyboard,0.5621618032455444,False,benchmark_data/expanded_generated/ced/synthetic/0/2-18766-A-12.wav
2-18766-B-12,benchmark_data/external/esc50/audio/2-18766-B-12.wav,fire,gaussian,20,20.000000090784553,fire,Fire,0.5980762839317322,True,benchmark_data/expanded_generated/ced/synthetic/20/2-18766-B-12.wav
2-18766-B-12,benchmark_data/external/esc50/audio/2-18766-B-12.wav,fire,gaussian,15,14.999999819226389,fire,Fire,0.5897252559661865,True,benchmark_data/expanded_generated/ced/synthetic/15/2-18766-B-12.wav
2-18766-B-12,benchmark_data/external/esc50/audio/2-18766-B-12.wav,fire,gaussian,10,10.0000000819423,fire,Fire,0.573435366153717,True,benchmark_data/expanded_generated/ced/synthetic/10/2-18766-B-12.wav
2-18766-B-12,benchmark_data/external/esc50/audio/2-18766-B-12.wav,fire,gaussian,5,5.000000188975454,fire,Fire,0.5301312208175659,True,benchmark_data/expanded_generated/ced/synthetic/5/2-18766-B-12.wav
2-18766-B-12,benchmark_data/external/esc50/audio/2-18766-B-12.wav,fire,gaussian,0,-3.110022095310937e-07,rustle,Rustle,0.5323992371559143,False,benchmark_data/expanded_generated/ced/synthetic/0/2-18766-B-12.wav
2-250710-A-39,benchmark_data/external/esc50/audio/2-250710-A-39.wav,glass_breaking,gaussian,20,19.999999576976656,tuning_fork,Tuning fork,0.5660112500190735,False,benchmark_data/expanded_generated/ced/synthetic/20/2-250710-A-39.wav
2-250710-A-39,benchmark_data/external/esc50/audio/2-250710-A-39.wav,glass_breaking,gaussian,15,14.999999810636094,ping,Ping,0.5774377584457397,False,benchmark_data/expanded_generated/ced/synthetic/15/2-250710-A-39.wav
2-250710-A-39,benchmark_data/external/esc50/audio/2-250710-A-39.wav,glass_breaking,gaussian,10,10.00000014927558,ping,Ping,0.5932400822639465,False,benchmark_data/expanded_generated/ced/synthetic/10/2-250710-A-39.wav
2-250710-A-39,benchmark_data/external/esc50/audio/2-250710-A-39.wav,glass_breaking,gaussian,5,4.999999980493315,chink_clink,"Chink, clink",0.5623465776443481,False,benchmark_data/expanded_generated/ced/synthetic/5/2-250710-A-39.wav
2-250710-A-39,benchmark_data/external/esc50/audio/2-250710-A-39.wav,glass_breaking,gaussian,0,3.1862285764071024e-07,pink_noise,Pink noise,0.5769182443618774,False,benchmark_data/expanded_generated/ced/synthetic/0/2-250710-A-39.wav
2-28314-A-12,benchmark_data/external/esc50/audio/2-28314-A-12.wav,fire,gaussian,20,20.00000024912296,fire,Fire,0.6304811239242554,True,benchmark_data/expanded_generated/ced/synthetic/20/2-28314-A-12.wav
2-28314-A-12,benchmark_data/external/esc50/audio/2-28314-A-12.wav,fire,gaussian,15,15.000000228711386,fire,Fire,0.6309414505958557,True,benchmark_data/expanded_generated/ced/synthetic/15/2-28314-A-12.wav
2-28314-A-12,benchmark_data/external/esc50/audio/2-28314-A-12.wav,fire,gaussian,10,10.000000262234776,fire,Fire,0.6155849695205688,True,benchmark_data/expanded_generated/ced/synthetic/10/2-28314-A-12.wav
2-28314-A-12,benchmark_data/external/esc50/audio/2-28314-A-12.wav,fire,gaussian,5,5.000000143123313,fire,Fire,0.5638972520828247,True,benchmark_data/expanded_generated/ced/synthetic/5/2-28314-A-12.wav
2-28314-A-12,benchmark_data/external/esc50/audio/2-28314-A-12.wav,fire,gaussian,0,-1.8152997338036061e-07,pink_noise,Pink noise,0.5508883595466614,False,benchmark_data/expanded_generated/ced/synthetic/0/2-28314-A-12.wav
2-28314-B-12,benchmark_data/external/esc50/audio/2-28314-B-12.wav,fire,gaussian,20,19.999999820583692,fire,Fire,0.5302844643592834,True,benchmark_data/expanded_generated/ced/synthetic/20/2-28314-B-12.wav
2-28314-B-12,benchmark_data/external/esc50/audio/2-28314-B-12.wav,fire,gaussian,15,15.000000082380014,chop,Chop,0.5419830679893494,False,benchmark_data/expanded_generated/ced/synthetic/15/2-28314-B-12.wav
2-28314-B-12,benchmark_data/external/esc50/audio/2-28314-B-12.wav,fire,gaussian,10,10.000000018793052,chop,Chop,0.5547367930412292,False,benchmark_data/expanded_generated/ced/synthetic/10/2-28314-B-12.wav
2-28314-B-12,benchmark_data/external/esc50/audio/2-28314-B-12.wav,fire,gaussian,5,4.999999968096801,chop,Chop,0.5668738484382629,False,benchmark_data/expanded_generated/ced/synthetic/5/2-28314-B-12.wav
2-28314-B-12,benchmark_data/external/esc50/audio/2-28314-B-12.wav,fire,gaussian,0,-3.9098161961325256e-07,chop,Chop,0.5893328785896301,False,benchmark_data/expanded_generated/ced/synthetic/0/2-28314-B-12.wav
2-30322-A-12,benchmark_data/external/esc50/audio/2-30322-A-12.wav,fire,gaussian,20,20.00000013527459,fire,Fire,0.6452332735061646,True,benchmark_data/expanded_generated/ced/synthetic/20/2-30322-A-12.wav
2-30322-A-12,benchmark_data/external/esc50/audio/2-30322-A-12.wav,fire,gaussian,15,15.000000141944,fire,Fire,0.6245508790016174,True,benchmark_data/expanded_generated/ced/synthetic/15/2-30322-A-12.wav
2-30322-A-12,benchmark_data/external/esc50/audio/2-30322-A-12.wav,fire,gaussian,10,9.999999871114799,fire,Fire,0.6056948304176331,True,benchmark_data/expanded_generated/ced/synthetic/10/2-30322-A-12.wav
2-30322-A-12,benchmark_data/external/esc50/audio/2-30322-A-12.wav,fire,gaussian,5,4.999999774654512,fire,Fire,0.5746254920959473,True,benchmark_data/expanded_generated/ced/synthetic/5/2-30322-A-12.wav
2-30322-A-12,benchmark_data/external/esc50/audio/2-30322-A-12.wav,fire,gaussian,0,3.015650394154625e-07,pink_noise,Pink noise,0.5718722939491272,False,benchmark_data/expanded_generated/ced/synthetic/0/2-30322-A-12.wav
2-30322-B-12,benchmark_data/external/esc50/audio/2-30322-B-12.wav,fire,gaussian,20,19.999999836579736,fire,Fire,0.5896289348602295,True,benchmark_data/expanded_generated/ced/synthetic/20/2-30322-B-12.wav
2-30322-B-12,benchmark_data/external/esc50/audio/2-30322-B-12.wav,fire,gaussian,15,14.999999665190016,rain,Rain,0.5982328057289124,False,benchmark_data/expanded_generated/ced/synthetic/15/2-30322-B-12.wav
2-30322-B-12,benchmark_data/external/esc50/audio/2-30322-B-12.wav,fire,gaussian,10,10.000000111899212,fire,Fire,0.5523767471313477,True,benchmark_data/expanded_generated/ced/synthetic/10/2-30322-B-12.wav
2-30322-B-12,benchmark_data/external/esc50/audio/2-30322-B-12.wav,fire,gaussian,5,4.999999498047704,rain,Rain,0.5343239307403564,False,benchmark_data/expanded_generated/ced/synthetic/5/2-30322-B-12.wav
2-30322-B-12,benchmark_data/external/esc50/audio/2-30322-B-12.wav,fire,gaussian,0,-6.3013062213688195e-09,whip,Whip,0.5537856221199036,False,benchmark_data/expanded_generated/ced/synthetic/0/2-30322-B-12.wav
2-42101-A-43,benchmark_data/external/esc50/audio/2-42101-A-43.wav,vehicle_horn,gaussian,20,19.999999768252078,vehicle,Vehicle,0.6721608638763428,False,benchmark_data/expanded_generated/ced/synthetic/20/2-42101-A-43.wav
2-42101-A-43,benchmark_data/external/esc50/audio/2-42101-A-43.wav,vehicle_horn,gaussian,15,14.999999948391341,vehicle,Vehicle,0.6735431551933289,False,benchmark_data/expanded_generated/ced/synthetic/15/2-42101-A-43.wav
2-42101-A-43,benchmark_data/external/esc50/audio/2-42101-A-43.wav,vehicle_horn,gaussian,10,10.000000238081846,vehicle,Vehicle,0.6632586121559143,False,benchmark_data/expanded_generated/ced/synthetic/10/2-42101-A-43.wav
2-42101-A-43,benchmark_data/external/esc50/audio/2-42101-A-43.wav,vehicle_horn,gaussian,5,5.000000343188205,vehicle,Vehicle,0.6436616778373718,False,benchmark_data/expanded_generated/ced/synthetic/5/2-42101-A-43.wav
2-42101-A-43,benchmark_data/external/esc50/audio/2-42101-A-43.wav,vehicle_horn,gaussian,0,3.427056989332536e-07,vehicle,Vehicle,0.6185212731361389,False,benchmark_data/expanded_generated/ced/synthetic/0/2-42101-A-43.wav
2-43802-A-42,benchmark_data/external/esc50/audio/2-43802-A-42.wav,siren,gaussian,20,19.999999768630047,siren,Siren,0.657791256904602,True,benchmark_data/expanded_generated/ced/synthetic/20/2-43802-A-42.wav
2-43802-A-42,benchmark_data/external/esc50/audio/2-43802-A-42.wav,siren,gaussian,15,15.000000097377322,siren,Siren,0.648932695388794,True,benchmark_data/expanded_generated/ced/synthetic/15/2-43802-A-42.wav
2-43802-A-42,benchmark_data/external/esc50/audio/2-43802-A-42.wav,siren,gaussian,10,10.000000026665015,siren,Siren,0.643843948841095,True,benchmark_data/expanded_generated/ced/synthetic/10/2-43802-A-42.wav
2-43802-A-42,benchmark_data/external/esc50/audio/2-43802-A-42.wav,siren,gaussian,5,5.00000019472406,siren,Siren,0.6357049942016602,True,benchmark_data/expanded_generated/ced/synthetic/5/2-43802-A-42.wav
2-43802-A-42,benchmark_data/external/esc50/audio/2-43802-A-42.wav,siren,gaussian,0,2.3576018662108808e-08,siren,Siren,0.6055407524108887,True,benchmark_data/expanded_generated/ced/synthetic/0/2-43802-A-42.wav
2-43806-A-42,benchmark_data/external/esc50/audio/2-43806-A-42.wav,siren,gaussian,20,19.999999657634547,emergency_vehicle,Emergency vehicle,0.6533777117729187,False,benchmark_data/expanded_generated/ced/synthetic/20/2-43806-A-42.wav
2-43806-A-42,benchmark_data/external/esc50/audio/2-43806-A-42.wav,siren,gaussian,15,14.999999993850732,emergency_vehicle,Emergency vehicle,0.6567544937133789,False,benchmark_data/expanded_generated/ced/synthetic/15/2-43806-A-42.wav
2-43806-A-42,benchmark_data/external/esc50/audio/2-43806-A-42.wav,siren,gaussian,10,9.999999862823273,emergency_vehicle,Emergency vehicle,0.6523772478103638,False,benchmark_data/expanded_generated/ced/synthetic/10/2-43806-A-42.wav
2-43806-A-42,benchmark_data/external/esc50/audio/2-43806-A-42.wav,siren,gaussian,5,4.999999783333728,police_car_siren,Police car (siren),0.6637437343597412,False,benchmark_data/expanded_generated/ced/synthetic/5/2-43806-A-42.wav
2-43806-A-42,benchmark_data/external/esc50/audio/2-43806-A-42.wav,siren,gaussian,0,-3.285605284674768e-07,police_car_siren,Police car (siren),0.6595441102981567,False,benchmark_data/expanded_generated/ced/synthetic/0/2-43806-A-42.wav
2-50665-A-20,benchmark_data/external/esc50/audio/2-50665-A-20.wav,baby_crying,gaussian,20,20.000000275573576,baby_crying,"Baby cry, infant cry",0.5766809582710266,True,benchmark_data/expanded_generated/ced/synthetic/20/2-50665-A-20.wav
2-50665-A-20,benchmark_data/external/esc50/audio/2-50665-A-20.wav,baby_crying,gaussian,15,15.000000156365857,baby_crying,"Baby cry, infant cry",0.5502299666404724,True,benchmark_data/expanded_generated/ced/synthetic/15/2-50665-A-20.wav
2-50665-A-20,benchmark_data/external/esc50/audio/2-50665-A-20.wav,baby_crying,gaussian,10,10.00000005234896,pink_noise,Pink noise,0.5446484088897705,False,benchmark_data/expanded_generated/ced/synthetic/10/2-50665-A-20.wav
2-50665-A-20,benchmark_data/external/esc50/audio/2-50665-A-20.wav,baby_crying,gaussian,5,5.000000028068347,pink_noise,Pink noise,0.5592682957649231,False,benchmark_data/expanded_generated/ced/synthetic/5/2-50665-A-20.wav
2-50665-A-20,benchmark_data/external/esc50/audio/2-50665-A-20.wav,baby_crying,gaussian,0,1.7297683547363476e-07,pink_noise,Pink noise,0.5589893460273743,False,benchmark_data/expanded_generated/ced/synthetic/0/2-50665-A-20.wav
2-50666-A-20,benchmark_data/external/esc50/audio/2-50666-A-20.wav,baby_crying,gaussian,20,20.00000009716797,child_singing,Child singing,0.6404873728752136,False,benchmark_data/expanded_generated/ced/synthetic/20/2-50666-A-20.wav
2-50666-A-20,benchmark_data/external/esc50/audio/2-50666-A-20.wav,baby_crying,gaussian,15,14.999999678947407,child_singing,Child singing,0.6251802444458008,False,benchmark_data/expanded_generated/ced/synthetic/15/2-50666-A-20.wav
2-50666-A-20,benchmark_data/external/esc50/audio/2-50666-A-20.wav,baby_crying,gaussian,10,10.000000193048768,child_singing,Child singing,0.6048869490623474,False,benchmark_data/expanded_generated/ced/synthetic/10/2-50666-A-20.wav
2-50666-A-20,benchmark_data/external/esc50/audio/2-50666-A-20.wav,baby_crying,gaussian,5,5.00000036572791,baby_crying,"Baby cry, infant cry",0.5477240681648254,True,benchmark_data/expanded_generated/ced/synthetic/5/2-50666-A-20.wav
2-50666-A-20,benchmark_data/external/esc50/audio/2-50666-A-20.wav,baby_crying,gaussian,0,2.6977024199183226e-07,child_singing,Child singing,0.5588425397872925,False,benchmark_data/expanded_generated/ced/synthetic/0/2-50666-A-20.wav
2-54086-A-43,benchmark_data/external/esc50/audio/2-54086-A-43.wav,vehicle_horn,gaussian,20,20.000000177045347,vehicle,Vehicle,0.5434869527816772,False,benchmark_data/expanded_generated/ced/synthetic/20/2-54086-A-43.wav
2-54086-A-43,benchmark_data/external/esc50/audio/2-54086-A-43.wav,vehicle_horn,gaussian,15,14.9999997813625,vehicle,Vehicle,0.5474947690963745,False,benchmark_data/expanded_generated/ced/synthetic/15/2-54086-A-43.wav
2-54086-A-43,benchmark_data/external/esc50/audio/2-54086-A-43.wav,vehicle_horn,gaussian,10,10.000000052316897,vehicle,Vehicle,0.5626115202903748,False,benchmark_data/expanded_generated/ced/synthetic/10/2-54086-A-43.wav
2-54086-A-43,benchmark_data/external/esc50/audio/2-54086-A-43.wav,vehicle_horn,gaussian,5,4.99999995457898,vehicle,Vehicle,0.5622087717056274,False,benchmark_data/expanded_generated/ced/synthetic/5/2-54086-A-43.wav
2-54086-A-43,benchmark_data/external/esc50/audio/2-54086-A-43.wav,vehicle_horn,gaussian,0,-8.378702821919905e-08,white_noise,White noise,0.5741847157478333,False,benchmark_data/expanded_generated/ced/synthetic/0/2-54086-A-43.wav
2-61311-A-12,benchmark_data/external/esc50/audio/2-61311-A-12.wav,fire,gaussian,20,20.000000172781938,fire,Fire,0.5462920069694519,True,benchmark_data/expanded_generated/ced/synthetic/20/2-61311-A-12.wav
2-61311-A-12,benchmark_data/external/esc50/audio/2-61311-A-12.wav,fire,gaussian,15,15.000000248364085,finger_snapping,Finger snapping,0.5336785912513733,False,benchmark_data/expanded_generated/ced/synthetic/15/2-61311-A-12.wav
2-61311-A-12,benchmark_data/external/esc50/audio/2-61311-A-12.wav,fire,gaussian,10,10.000000211620698,finger_snapping,Finger snapping,0.5299400687217712,False,benchmark_data/expanded_generated/ced/synthetic/10/2-61311-A-12.wav
2-61311-A-12,benchmark_data/external/esc50/audio/2-61311-A-12.wav,fire,gaussian,5,5.000000019164696,slap_smack,"Slap, smack",0.5258479118347168,False,benchmark_data/expanded_generated/ced/synthetic/5/2-61311-A-12.wav
2-61311-A-12,benchmark_data/external/esc50/audio/2-61311-A-12.wav,fire,gaussian,0,-1.6457613185310795e-07,slap_smack,"Slap, smack",0.5326185822486877,False,benchmark_data/expanded_generated/ced/synthetic/0/2-61311-A-12.wav
2-65747-A-12,benchmark_data/external/esc50/audio/2-65747-A-12.wav,fire,gaussian,20,20.000000389871566,patter,Patter,0.5610643625259399,False,benchmark_data/expanded_generated/ced/synthetic/20/2-65747-A-12.wav
2-65747-A-12,benchmark_data/external/esc50/audio/2-65747-A-12.wav,fire,gaussian,15,15.000000069804564,patter,Patter,0.5695776343345642,False,benchmark_data/expanded_generated/ced/synthetic/15/2-65747-A-12.wav
2-65747-A-12,benchmark_data/external/esc50/audio/2-65747-A-12.wav,fire,gaussian,10,10.000000319477971,patter,Patter,0.5584205985069275,False,benchmark_data/expanded_generated/ced/synthetic/10/2-65747-A-12.wav
2-65747-A-12,benchmark_data/external/esc50/audio/2-65747-A-12.wav,fire,gaussian,5,4.999999662505502,patter,Patter,0.5873228907585144,False,benchmark_data/expanded_generated/ced/synthetic/5/2-65747-A-12.wav
2-65747-A-12,benchmark_data/external/esc50/audio/2-65747-A-12.wav,fire,gaussian,0,-5.851989716983924e-08,patter,Patter,0.5526606440544128,False,benchmark_data/expanded_generated/ced/synthetic/0/2-65747-A-12.wav
2-66637-A-20,benchmark_data/external/esc50/audio/2-66637-A-20.wav,baby_crying,gaussian,20,19.999999931650812,crying_sobbing,"Crying, sobbing",0.6680218577384949,False,benchmark_data/expanded_generated/ced/synthetic/20/2-66637-A-20.wav
2-66637-A-20,benchmark_data/external/esc50/audio/2-66637-A-20.wav,baby_crying,gaussian,15,15.000000239922644,crying_sobbing,"Crying, sobbing",0.6593061089515686,False,benchmark_data/expanded_generated/ced/synthetic/15/2-66637-A-20.wav
2-66637-A-20,benchmark_data/external/esc50/audio/2-66637-A-20.wav,baby_crying,gaussian,10,9.999999933711814,crying_sobbing,"Crying, sobbing",0.6543787121772766,False,benchmark_data/expanded_generated/ced/synthetic/10/2-66637-A-20.wav
2-66637-A-20,benchmark_data/external/esc50/audio/2-66637-A-20.wav,baby_crying,gaussian,5,5.000000122041524,crying_sobbing,"Crying, sobbing",0.6212367415428162,False,benchmark_data/expanded_generated/ced/synthetic/5/2-66637-A-20.wav
2-66637-A-20,benchmark_data/external/esc50/audio/2-66637-A-20.wav,baby_crying,gaussian,0,-2.2455974618651078e-07,pink_noise,Pink noise,0.5811010003089905,False,benchmark_data/expanded_generated/ced/synthetic/0/2-66637-A-20.wav
2-66637-B-20,benchmark_data/external/esc50/audio/2-66637-B-20.wav,baby_crying,gaussian,20,19.999999853936977,crying_sobbing,"Crying, sobbing",0.642702579498291,False,benchmark_data/expanded_generated/ced/synthetic/20/2-66637-B-20.wav
2-66637-B-20,benchmark_data/external/esc50/audio/2-66637-B-20.wav,baby_crying,gaussian,15,15.00000015061752,crying_sobbing,"Crying, sobbing",0.6420506834983826,False,benchmark_data/expanded_generated/ced/synthetic/15/2-66637-B-20.wav
2-66637-B-20,benchmark_data/external/esc50/audio/2-66637-B-20.wav,baby_crying,gaussian,10,9.999999816392526,crying_sobbing,"Crying, sobbing",0.6118963956832886,False,benchmark_data/expanded_generated/ced/synthetic/10/2-66637-B-20.wav
2-66637-B-20,benchmark_data/external/esc50/audio/2-66637-B-20.wav,baby_crying,gaussian,5,5.000000308523927,crying_sobbing,"Crying, sobbing",0.6019608378410339,False,benchmark_data/expanded_generated/ced/synthetic/5/2-66637-B-20.wav
2-66637-B-20,benchmark_data/external/esc50/audio/2-66637-B-20.wav,baby_crying,gaussian,0,-2.3781372842964513e-07,crying_sobbing,"Crying, sobbing",0.5721940398216248,False,benchmark_data/expanded_generated/ced/synthetic/0/2-66637-B-20.wav
2-70052-A-42,benchmark_data/external/esc50/audio/2-70052-A-42.wav,siren,gaussian,20,20.000000019700003,emergency_vehicle,Emergency vehicle,0.6909741163253784,False,benchmark_data/expanded_generated/ced/synthetic/20/2-70052-A-42.wav
2-70052-A-42,benchmark_data/external/esc50/audio/2-70052-A-42.wav,siren,gaussian,15,15.000000216315922,emergency_vehicle,Emergency vehicle,0.6779615879058838,False,benchmark_data/expanded_generated/ced/synthetic/15/2-70052-A-42.wav
2-70052-A-42,benchmark_data/external/esc50/audio/2-70052-A-42.wav,siren,gaussian,10,9.999999814119999,emergency_vehicle,Emergency vehicle,0.6617334485054016,False,benchmark_data/expanded_generated/ced/synthetic/10/2-70052-A-42.wav
2-70052-A-42,benchmark_data/external/esc50/audio/2-70052-A-42.wav,siren,gaussian,5,4.999999854302838,emergency_vehicle,Emergency vehicle,0.6358428001403809,False,benchmark_data/expanded_generated/ced/synthetic/5/2-70052-A-42.wav
2-70052-A-42,benchmark_data/external/esc50/audio/2-70052-A-42.wav,siren,gaussian,0,2.8668465900401333e-07,siren,Siren,0.5994128584861755,True,benchmark_data/expanded_generated/ced/synthetic/0/2-70052-A-42.wav
2-70052-B-42,benchmark_data/external/esc50/audio/2-70052-B-42.wav,siren,gaussian,20,20.000000068524685,emergency_vehicle,Emergency vehicle,0.6723646521568298,False,benchmark_data/expanded_generated/ced/synthetic/20/2-70052-B-42.wav
2-70052-B-42,benchmark_data/external/esc50/audio/2-70052-B-42.wav,siren,gaussian,15,14.999999918351502,emergency_vehicle,Emergency vehicle,0.6605455875396729,False,benchmark_data/expanded_generated/ced/synthetic/15/2-70052-B-42.wav
2-70052-B-42,benchmark_data/external/esc50/audio/2-70052-B-42.wav,siren,gaussian,10,10.000000229766496,emergency_vehicle,Emergency vehicle,0.6418641209602356,False,benchmark_data/expanded_generated/ced/synthetic/10/2-70052-B-42.wav
2-70052-B-42,benchmark_data/external/esc50/audio/2-70052-B-42.wav,siren,gaussian,5,4.999999966900843,white_noise,White noise,0.5921686887741089,False,benchmark_data/expanded_generated/ced/synthetic/5/2-70052-B-42.wav
2-70052-B-42,benchmark_data/external/esc50/audio/2-70052-B-42.wav,siren,gaussian,0,7.315347628714327e-08,white_noise,White noise,0.5478780269622803,False,benchmark_data/expanded_generated/ced/synthetic/0/2-70052-B-42.wav
2-70936-A-42,benchmark_data/external/esc50/audio/2-70936-A-42.wav,siren,gaussian,20,20.000000292895585,siren,Siren,0.7055930495262146,True,benchmark_data/expanded_generated/ced/synthetic/20/2-70936-A-42.wav
2-70936-A-42,benchmark_data/external/esc50/audio/2-70936-A-42.wav,siren,gaussian,15,14.999999771559168,siren,Siren,0.6989063024520874,True,benchmark_data/expanded_generated/ced/synthetic/15/2-70936-A-42.wav
2-70936-A-42,benchmark_data/external/esc50/audio/2-70936-A-42.wav,siren,gaussian,10,9.999999825188274,siren,Siren,0.6854389309883118,True,benchmark_data/expanded_generated/ced/synthetic/10/2-70936-A-42.wav
2-70936-A-42,benchmark_data/external/esc50/audio/2-70936-A-42.wav,siren,gaussian,5,4.9999999580461925,siren,Siren,0.6583324670791626,True,benchmark_data/expanded_generated/ced/synthetic/5/2-70936-A-42.wav
2-70936-A-42,benchmark_data/external/esc50/audio/2-70936-A-42.wav,siren,gaussian,0,-2.402729525452195e-07,siren,Siren,0.6155233979225159,True,benchmark_data/expanded_generated/ced/synthetic/0/2-70936-A-42.wav
2-70938-A-42,benchmark_data/external/esc50/audio/2-70938-A-42.wav,siren,gaussian,20,20.000000032509057,siren,Siren,0.688628077507019,True,benchmark_data/expanded_generated/ced/synthetic/20/2-70938-A-42.wav
2-70938-A-42,benchmark_data/external/esc50/audio/2-70938-A-42.wav,siren,gaussian,15,14.9999998610301,siren,Siren,0.6699253916740417,True,benchmark_data/expanded_generated/ced/synthetic/15/2-70938-A-42.wav
2-70938-A-42,benchmark_data/external/esc50/audio/2-70938-A-42.wav,siren,gaussian,10,9.999999620935839,siren,Siren,0.6448088884353638,True,benchmark_data/expanded_generated/ced/synthetic/10/2-70938-A-42.wav
2-70938-A-42,benchmark_data/external/esc50/audio/2-70938-A-42.wav,siren,gaussian,5,4.999999921719947,siren,Siren,0.6397040486335754,True,benchmark_data/expanded_generated/ced/synthetic/5/2-70938-A-42.wav
2-70938-A-42,benchmark_data/external/esc50/audio/2-70938-A-42.wav,siren,gaussian,0,-1.445668746607748e-07,siren,Siren,0.6085243821144104,True,benchmark_data/expanded_generated/ced/synthetic/0/2-70938-A-42.wav
2-70939-A-42,benchmark_data/external/esc50/audio/2-70939-A-42.wav,siren,gaussian,20,19.999999897707756,siren,Siren,0.6892740726470947,True,benchmark_data/expanded_generated/ced/synthetic/20/2-70939-A-42.wav
2-70939-A-42,benchmark_data/external/esc50/audio/2-70939-A-42.wav,siren,gaussian,15,14.999999951809714,siren,Siren,0.6843434572219849,True,benchmark_data/expanded_generated/ced/synthetic/15/2-70939-A-42.wav
2-70939-A-42,benchmark_data/external/esc50/audio/2-70939-A-42.wav,siren,gaussian,10,9.999999821864227,siren,Siren,0.6721484661102295,True,benchmark_data/expanded_generated/ced/synthetic/10/2-70939-A-42.wav
2-70939-A-42,benchmark_data/external/esc50/audio/2-70939-A-42.wav,siren,gaussian,5,4.9999999692266615,emergency_vehicle,Emergency vehicle,0.6628401279449463,False,benchmark_data/expanded_generated/ced/synthetic/5/2-70939-A-42.wav
2-70939-A-42,benchmark_data/external/esc50/audio/2-70939-A-42.wav,siren,gaussian,0,2.6415167497011825e-07,emergency_vehicle,Emergency vehicle,0.6450737118721008,False,benchmark_data/expanded_generated/ced/synthetic/0/2-70939-A-42.wav
2-72688-A-42,benchmark_data/external/esc50/audio/2-72688-A-42.wav,siren,gaussian,20,19.999999914267303,siren,Siren,0.7103760838508606,True,benchmark_data/expanded_generated/ced/synthetic/20/2-72688-A-42.wav
2-72688-A-42,benchmark_data/external/esc50/audio/2-72688-A-42.wav,siren,gaussian,15,14.99999969764988,siren,Siren,0.6973208785057068,True,benchmark_data/expanded_generated/ced/synthetic/15/2-72688-A-42.wav
2-72688-A-42,benchmark_data/external/esc50/audio/2-72688-A-42.wav,siren,gaussian,10,9.99999957516677,siren,Siren,0.6928889751434326,True,benchmark_data/expanded_generated/ced/synthetic/10/2-72688-A-42.wav
2-72688-A-42,benchmark_data/external/esc50/audio/2-72688-A-42.wav,siren,gaussian,5,5.000000052010723,siren,Siren,0.6872808933258057,True,benchmark_data/expanded_generated/ced/synthetic/5/2-72688-A-42.wav
2-72688-A-42,benchmark_data/external/esc50/audio/2-72688-A-42.wav,siren,gaussian,0,-1.2268000459210635e-08,siren,Siren,0.6683725714683533,True,benchmark_data/expanded_generated/ced/synthetic/0/2-72688-A-42.wav
2-80482-A-20,benchmark_data/external/esc50/audio/2-80482-A-20.wav,baby_crying,gaussian,20,19.999999643556446,baby_crying,"Baby cry, infant cry",0.6356614232063293,True,benchmark_data/expanded_generated/ced/synthetic/20/2-80482-A-20.wav
2-80482-A-20,benchmark_data/external/esc50/audio/2-80482-A-20.wav,baby_crying,gaussian,15,14.999999579068685,baby_crying,"Baby cry, infant cry",0.6396143436431885,True,benchmark_data/expanded_generated/ced/synthetic/15/2-80482-A-20.wav
2-80482-A-20,benchmark_data/external/esc50/audio/2-80482-A-20.wav,baby_crying,gaussian,10,9.99999988784485,baby_crying,"Baby cry, infant cry",0.6500714421272278,True,benchmark_data/expanded_generated/ced/synthetic/10/2-80482-A-20.wav
2-80482-A-20,benchmark_data/external/esc50/audio/2-80482-A-20.wav,baby_crying,gaussian,5,4.9999999925534055,baby_crying,"Baby cry, infant cry",0.6487204432487488,True,benchmark_data/expanded_generated/ced/synthetic/5/2-80482-A-20.wav
2-80482-A-20,benchmark_data/external/esc50/audio/2-80482-A-20.wav,baby_crying,gaussian,0,-2.881848091100146e-07,baby_crying,"Baby cry, infant cry",0.6548913717269897,True,benchmark_data/expanded_generated/ced/synthetic/0/2-80482-A-20.wav
3-104632-A-12,benchmark_data/external/esc50/audio/3-104632-A-12.wav,fire,gaussian,20,19.99999981105408,fire,Fire,0.5342702865600586,True,benchmark_data/expanded_generated/ced/synthetic/20/3-104632-A-12.wav
3-104632-A-12,benchmark_data/external/esc50/audio/3-104632-A-12.wav,fire,gaussian,15,15.00000015176196,fire,Fire,0.5403856635093689,True,benchmark_data/expanded_generated/ced/synthetic/15/3-104632-A-12.wav
3-104632-A-12,benchmark_data/external/esc50/audio/3-104632-A-12.wav,fire,gaussian,10,10.000000210189427,fire,Fire,0.555308997631073,True,benchmark_data/expanded_generated/ced/synthetic/10/3-104632-A-12.wav
3-104632-A-12,benchmark_data/external/esc50/audio/3-104632-A-12.wav,fire,gaussian,5,5.000000242607815,fire,Fire,0.5687573552131653,True,benchmark_data/expanded_generated/ced/synthetic/5/3-104632-A-12.wav
3-104632-A-12,benchmark_data/external/esc50/audio/3-104632-A-12.wav,fire,gaussian,0,-1.701618107668927e-07,fire,Fire,0.5841221213340759,True,benchmark_data/expanded_generated/ced/synthetic/0/3-104632-A-12.wav
3-104958-A-12,benchmark_data/external/esc50/audio/3-104958-A-12.wav,fire,gaussian,20,19.999999687894807,crackle,Crackle,0.530701220035553,False,benchmark_data/expanded_generated/ced/synthetic/20/3-104958-A-12.wav
3-104958-A-12,benchmark_data/external/esc50/audio/3-104958-A-12.wav,fire,gaussian,15,14.999999611474957,static,Static,0.5288039445877075,False,benchmark_data/expanded_generated/ced/synthetic/15/3-104958-A-12.wav
3-104958-A-12,benchmark_data/external/esc50/audio/3-104958-A-12.wav,fire,gaussian,10,9.999999880670805,static,Static,0.5582852959632874,False,benchmark_data/expanded_generated/ced/synthetic/10/3-104958-A-12.wav
3-104958-A-12,benchmark_data/external/esc50/audio/3-104958-A-12.wav,fire,gaussian,5,4.999999954358495,static,Static,0.5892547369003296,False,benchmark_data/expanded_generated/ced/synthetic/5/3-104958-A-12.wav
3-104958-A-12,benchmark_data/external/esc50/audio/3-104958-A-12.wav,fire,gaussian,0,-2.708925298893434e-07,static,Static,0.6135375499725342,False,benchmark_data/expanded_generated/ced/synthetic/0/3-104958-A-12.wav
3-120644-A-12,benchmark_data/external/esc50/audio/3-120644-A-12.wav,fire,gaussian,20,19.99999986603557,patter,Patter,0.55387943983078,False,benchmark_data/expanded_generated/ced/synthetic/20/3-120644-A-12.wav
3-120644-A-12,benchmark_data/external/esc50/audio/3-120644-A-12.wav,fire,gaussian,15,14.999999922668314,animal,Animal,0.5392987132072449,False,benchmark_data/expanded_generated/ced/synthetic/15/3-120644-A-12.wav
3-120644-A-12,benchmark_data/external/esc50/audio/3-120644-A-12.wav,fire,gaussian,10,10.000000244401871,throbbing,Throbbing,0.5245262384414673,False,benchmark_data/expanded_generated/ced/synthetic/10/3-120644-A-12.wav
3-120644-A-12,benchmark_data/external/esc50/audio/3-120644-A-12.wav,fire,gaussian,5,5.000000246161732,throbbing,Throbbing,0.5251256227493286,False,benchmark_data/expanded_generated/ced/synthetic/5/3-120644-A-12.wav
3-120644-A-12,benchmark_data/external/esc50/audio/3-120644-A-12.wav,fire,gaussian,0,-1.9492129315004747e-07,pink_noise,Pink noise,0.5553840398788452,False,benchmark_data/expanded_generated/ced/synthetic/0/3-120644-A-12.wav
3-136288-A-0,benchmark_data/external/esc50/audio/3-136288-A-0.wav,dog_barking,gaussian,20,19.99999970848396,animal,Animal,0.6806629300117493,False,benchmark_data/expanded_generated/ced/synthetic/20/3-136288-A-0.wav
3-136288-A-0,benchmark_data/external/esc50/audio/3-136288-A-0.wav,dog_barking,gaussian,15,15.000000418664401,dog,Dog,0.6681641340255737,False,benchmark_data/expanded_generated/ced/synthetic/15/3-136288-A-0.wav
3-136288-A-0,benchmark_data/external/esc50/audio/3-136288-A-0.wav,dog_barking,gaussian,10,10.000000116242731,animal,Animal,0.6663216948509216,False,benchmark_data/expanded_generated/ced/synthetic/10/3-136288-A-0.wav
3-136288-A-0,benchmark_data/external/esc50/audio/3-136288-A-0.wav,dog_barking,gaussian,5,4.999999850462284,dog,Dog,0.6496894359588623,False,benchmark_data/expanded_generated/ced/synthetic/5/3-136288-A-0.wav
3-136288-A-0,benchmark_data/external/esc50/audio/3-136288-A-0.wav,dog_barking,gaussian,0,2.3342277360225216e-07,animal,Animal,0.6471028923988342,False,benchmark_data/expanded_generated/ced/synthetic/0/3-136288-A-0.wav
3-144028-A-0,benchmark_data/external/esc50/audio/3-144028-A-0.wav,dog_barking,gaussian,20,19.999999815682948,animal,Animal,0.6675034165382385,False,benchmark_data/expanded_generated/ced/synthetic/20/3-144028-A-0.wav
3-144028-A-0,benchmark_data/external/esc50/audio/3-144028-A-0.wav,dog_barking,gaussian,15,15.000000162195537,animal,Animal,0.6515287160873413,False,benchmark_data/expanded_generated/ced/synthetic/15/3-144028-A-0.wav
3-144028-A-0,benchmark_data/external/esc50/audio/3-144028-A-0.wav,dog_barking,gaussian,10,9.999999835178063,animal,Animal,0.6473605036735535,False,benchmark_data/expanded_generated/ced/synthetic/10/3-144028-A-0.wav
3-144028-A-0,benchmark_data/external/esc50/audio/3-144028-A-0.wav,dog_barking,gaussian,5,5.000000278157673,animal,Animal,0.642449676990509,False,benchmark_data/expanded_generated/ced/synthetic/5/3-144028-A-0.wav
3-144028-A-0,benchmark_data/external/esc50/audio/3-144028-A-0.wav,dog_barking,gaussian,0,1.0748385582483583e-07,animal,Animal,0.6390126347541809,False,benchmark_data/expanded_generated/ced/synthetic/0/3-144028-A-0.wav
3-144510-A-30,benchmark_data/external/esc50/audio/3-144510-A-30.wav,door_activity,gaussian,20,20.000000058688347,door_activity,Knock,0.7039981484413147,True,benchmark_data/expanded_generated/ced/synthetic/20/3-144510-A-30.wav
3-144510-A-30,benchmark_data/external/esc50/audio/3-144510-A-30.wav,door_activity,gaussian,15,15.000000132265988,door_activity,Knock,0.7052563428878784,True,benchmark_data/expanded_generated/ced/synthetic/15/3-144510-A-30.wav
3-144510-A-30,benchmark_data/external/esc50/audio/3-144510-A-30.wav,door_activity,gaussian,10,9.999999908343847,door_activity,Knock,0.7085797190666199,True,benchmark_data/expanded_generated/ced/synthetic/10/3-144510-A-30.wav
3-144510-A-30,benchmark_data/external/esc50/audio/3-144510-A-30.wav,door_activity,gaussian,5,4.999999884967624,door_activity,Knock,0.7158195376396179,True,benchmark_data/expanded_generated/ced/synthetic/5/3-144510-A-30.wav
3-144510-A-30,benchmark_data/external/esc50/audio/3-144510-A-30.wav,door_activity,gaussian,0,6.354542857956953e-08,door_activity,Knock,0.7122591733932495,True,benchmark_data/expanded_generated/ced/synthetic/0/3-144510-A-30.wav
3-145577-A-43,benchmark_data/external/esc50/audio/3-145577-A-43.wav,vehicle_horn,gaussian,20,20.00000002605931,pink_noise,Pink noise,0.5583029389381409,False,benchmark_data/expanded_generated/ced/synthetic/20/3-145577-A-43.wav
3-145577-A-43,benchmark_data/external/esc50/audio/3-145577-A-43.wav,vehicle_horn,gaussian,15,14.999999699984691,pink_noise,Pink noise,0.5931745171546936,False,benchmark_data/expanded_generated/ced/synthetic/15/3-145577-A-43.wav
3-145577-A-43,benchmark_data/external/esc50/audio/3-145577-A-43.wav,vehicle_horn,gaussian,10,9.999999571278797,pink_noise,Pink noise,0.6202309131622314,False,benchmark_data/expanded_generated/ced/synthetic/10/3-145577-A-43.wav
3-145577-A-43,benchmark_data/external/esc50/audio/3-145577-A-43.wav,vehicle_horn,gaussian,5,5.000000118610396,pink_noise,Pink noise,0.6208168268203735,False,benchmark_data/expanded_generated/ced/synthetic/5/3-145577-A-43.wav
3-145577-A-43,benchmark_data/external/esc50/audio/3-145577-A-43.wav,vehicle_horn,gaussian,0,1.984672134774748e-08,white_noise,White noise,0.6135901212692261,False,benchmark_data/expanded_generated/ced/synthetic/0/3-145577-A-43.wav
3-145774-A-12,benchmark_data/external/esc50/audio/3-145774-A-12.wav,fire,gaussian,20,20.0000000165483,fire,Fire,0.5306190848350525,True,benchmark_data/expanded_generated/ced/synthetic/20/3-145774-A-12.wav
3-145774-A-12,benchmark_data/external/esc50/audio/3-145774-A-12.wav,fire,gaussian,15,15.000000298166503,fire,Fire,0.5362266898155212,True,benchmark_data/expanded_generated/ced/synthetic/15/3-145774-A-12.wav
3-145774-A-12,benchmark_data/external/esc50/audio/3-145774-A-12.wav,fire,gaussian,10,10.00000022765155,fire,Fire,0.5662322044372559,True,benchmark_data/expanded_generated/ced/synthetic/10/3-145774-A-12.wav
3-145774-A-12,benchmark_data/external/esc50/audio/3-145774-A-12.wav,fire,gaussian,5,5.000000312466847,fire,Fire,0.5425267815589905,True,benchmark_data/expanded_generated/ced/synthetic/5/3-145774-A-12.wav
3-145774-A-12,benchmark_data/external/esc50/audio/3-145774-A-12.wav,fire,gaussian,0,1.8306478235002037e-08,pink_noise,Pink noise,0.5281521081924438,False,benchmark_data/expanded_generated/ced/synthetic/0/3-145774-A-12.wav
3-146697-A-43,benchmark_data/external/esc50/audio/3-146697-A-43.wav,vehicle_horn,gaussian,20,19.99999984551036,vehicle,Vehicle,0.6008031368255615,False,benchmark_data/expanded_generated/ced/synthetic/20/3-146697-A-43.wav
3-146697-A-43,benchmark_data/external/esc50/audio/3-146697-A-43.wav,vehicle_horn,gaussian,15,14.999999640760123,vehicle,Vehicle,0.5930706858634949,False,benchmark_data/expanded_generated/ced/synthetic/15/3-146697-A-43.wav
3-146697-A-43,benchmark_data/external/esc50/audio/3-146697-A-43.wav,vehicle_horn,gaussian,10,10.000000097707211,vehicle,Vehicle,0.6014435887336731,False,benchmark_data/expanded_generated/ced/synthetic/10/3-146697-A-43.wav
3-146697-A-43,benchmark_data/external/esc50/audio/3-146697-A-43.wav,vehicle_horn,gaussian,5,5.000000267827499,white_noise,White noise,0.5961140990257263,False,benchmark_data/expanded_generated/ced/synthetic/5/3-146697-A-43.wav
3-146697-A-43,benchmark_data/external/esc50/audio/3-146697-A-43.wav,vehicle_horn,gaussian,0,6.886341871942139e-08,white_noise,White noise,0.6063171029090881,False,benchmark_data/expanded_generated/ced/synthetic/0/3-146697-A-43.wav
3-147965-A-12,benchmark_data/external/esc50/audio/3-147965-A-12.wav,fire,gaussian,20,20.00000035969167,boiling,Boiling,0.609518826007843,False,benchmark_data/expanded_generated/ced/synthetic/20/3-147965-A-12.wav
3-147965-A-12,benchmark_data/external/esc50/audio/3-147965-A-12.wav,fire,gaussian,15,14.999999547508697,boiling,Boiling,0.6219700574874878,False,benchmark_data/expanded_generated/ced/synthetic/15/3-147965-A-12.wav
3-147965-A-12,benchmark_data/external/esc50/audio/3-147965-A-12.wav,fire,gaussian,10,10.000000049963436,boiling,Boiling,0.6083469390869141,False,benchmark_data/expanded_generated/ced/synthetic/10/3-147965-A-12.wav
3-147965-A-12,benchmark_data/external/esc50/audio/3-147965-A-12.wav,fire,gaussian,5,4.999999758465818,patter,Patter,0.5757424831390381,False,benchmark_data/expanded_generated/ced/synthetic/5/3-147965-A-12.wav
3-147965-A-12,benchmark_data/external/esc50/audio/3-147965-A-12.wav,fire,gaussian,0,-1.1330145582636958e-07,white_noise,White noise,0.5513362884521484,False,benchmark_data/expanded_generated/ced/synthetic/0/3-147965-A-12.wav
3-151080-A-20,benchmark_data/external/esc50/audio/3-151080-A-20.wav,baby_crying,gaussian,20,20.000000158579002,baby_crying,"Baby cry, infant cry",0.6574468016624451,True,benchmark_data/expanded_generated/ced/synthetic/20/3-151080-A-20.wav
3-151080-A-20,benchmark_data/external/esc50/audio/3-151080-A-20.wav,baby_crying,gaussian,15,14.99999962959591,baby_crying,"Baby cry, infant cry",0.6609093546867371,True,benchmark_data/expanded_generated/ced/synthetic/15/3-151080-A-20.wav
3-151080-A-20,benchmark_data/external/esc50/audio/3-151080-A-20.wav,baby_crying,gaussian,10,9.99999980254694,baby_crying,"Baby cry, infant cry",0.6705161929130554,True,benchmark_data/expanded_generated/ced/synthetic/10/3-151080-A-20.wav
3-151080-A-20,benchmark_data/external/esc50/audio/3-151080-A-20.wav,baby_crying,gaussian,5,5.000000267180456,baby_crying,"Baby cry, infant cry",0.6690736413002014,True,benchmark_data/expanded_generated/ced/synthetic/5/3-151080-A-20.wav
3-151080-A-20,benchmark_data/external/esc50/audio/3-151080-A-20.wav,baby_crying,gaussian,0,1.6644300785049557e-07,baby_crying,"Baby cry, infant cry",0.5302054286003113,True,benchmark_data/expanded_generated/ced/synthetic/0/3-151080-A-20.wav
3-151081-A-20,benchmark_data/external/esc50/audio/3-151081-A-20.wav,baby_crying,gaussian,20,19.999999657403166,baby_crying,"Baby cry, infant cry",0.6584606170654297,True,benchmark_data/expanded_generated/ced/synthetic/20/3-151081-A-20.wav
3-151081-A-20,benchmark_data/external/esc50/audio/3-151081-A-20.wav,baby_crying,gaussian,15,14.999999947423287,baby_crying,"Baby cry, infant cry",0.6545239686965942,True,benchmark_data/expanded_generated/ced/synthetic/15/3-151081-A-20.wav
3-151081-A-20,benchmark_data/external/esc50/audio/3-151081-A-20.wav,baby_crying,gaussian,10,10.000000203495121,baby_crying,"Baby cry, infant cry",0.6391641497612,True,benchmark_data/expanded_generated/ced/synthetic/10/3-151081-A-20.wav
3-151081-A-20,benchmark_data/external/esc50/audio/3-151081-A-20.wav,baby_crying,gaussian,5,4.999999744260314,baby_crying,"Baby cry, infant cry",0.6328557729721069,True,benchmark_data/expanded_generated/ced/synthetic/5/3-151081-A-20.wav
3-151081-A-20,benchmark_data/external/esc50/audio/3-151081-A-20.wav,baby_crying,gaussian,0,-2.504724255447495e-07,baby_crying,"Baby cry, infant cry",0.6338946223258972,True,benchmark_data/expanded_generated/ced/synthetic/0/3-151081-A-20.wav
3-151081-B-20,benchmark_data/external/esc50/audio/3-151081-B-20.wav,baby_crying,gaussian,20,19.9999999596974,baby_crying,"Baby cry, infant cry",0.5911716222763062,True,benchmark_data/expanded_generated/ced/synthetic/20/3-151081-B-20.wav
3-151081-B-20,benchmark_data/external/esc50/audio/3-151081-B-20.wav,baby_crying,gaussian,15,15.00000008448296,baby_crying,"Baby cry, infant cry",0.5950812697410583,True,benchmark_data/expanded_generated/ced/synthetic/15/3-151081-B-20.wav
3-151081-B-20,benchmark_data/external/esc50/audio/3-151081-B-20.wav,baby_crying,gaussian,10,9.999999756842278,baby_crying,"Baby cry, infant cry",0.5764089226722717,True,benchmark_data/expanded_generated/ced/synthetic/10/3-151081-B-20.wav
3-151081-B-20,benchmark_data/external/esc50/audio/3-151081-B-20.wav,baby_crying,gaussian,5,5.000000329197531,chicken_rooster,"Chicken, rooster",0.6453524231910706,False,benchmark_data/expanded_generated/ced/synthetic/5/3-151081-B-20.wav
3-151081-B-20,benchmark_data/external/esc50/audio/3-151081-B-20.wav,baby_crying,gaussian,0,1.5438355308058262e-07,chicken_rooster,"Chicken, rooster",0.6389544606208801,False,benchmark_data/expanded_generated/ced/synthetic/0/3-151081-B-20.wav
3-151089-A-30,benchmark_data/external/esc50/audio/3-151089-A-30.wav,door_activity,gaussian,20,20.00000007454762,door_activity,Knock,0.649287760257721,True,benchmark_data/expanded_generated/ced/synthetic/20/3-151089-A-30.wav
3-151089-A-30,benchmark_data/external/esc50/audio/3-151089-A-30.wav,door_activity,gaussian,15,14.999999919918816,door_activity,Knock,0.663126528263092,True,benchmark_data/expanded_generated/ced/synthetic/15/3-151089-A-30.wav
3-151089-A-30,benchmark_data/external/esc50/audio/3-151089-A-30.wav,door_activity,gaussian,10,10.00000031616176,door_activity,Knock,0.6697332859039307,True,benchmark_data/expanded_generated/ced/synthetic/10/3-151089-A-30.wav
3-151089-A-30,benchmark_data/external/esc50/audio/3-151089-A-30.wav,door_activity,gaussian,5,4.999999700502361,door_activity,Knock,0.6958577632904053,True,benchmark_data/expanded_generated/ced/synthetic/5/3-151089-A-30.wav
3-151089-A-30,benchmark_data/external/esc50/audio/3-151089-A-30.wav,door_activity,gaussian,0,1.3786943777906197e-07,door_activity,Knock,0.6751034259796143,True,benchmark_data/expanded_generated/ced/synthetic/0/3-151089-A-30.wav
3-152007-A-20,benchmark_data/external/esc50/audio/3-152007-A-20.wav,baby_crying,gaussian,20,20.000000162617276,baby_crying,"Baby cry, infant cry",0.651232123374939,True,benchmark_data/expanded_generated/ced/synthetic/20/3-152007-A-20.wav
3-152007-A-20,benchmark_data/external/esc50/audio/3-152007-A-20.wav,baby_crying,gaussian,15,15.000000015464604,baby_crying,"Baby cry, infant cry",0.6402928233146667,True,benchmark_data/expanded_generated/ced/synthetic/15/3-152007-A-20.wav
3-152007-A-20,benchmark_data/external/esc50/audio/3-152007-A-20.wav,baby_crying,gaussian,10,9.999999902697743,baby_crying,"Baby cry, infant cry",0.6093340516090393,True,benchmark_data/expanded_generated/ced/synthetic/10/3-152007-A-20.wav
3-152007-A-20,benchmark_data/external/esc50/audio/3-152007-A-20.wav,baby_crying,gaussian,5,4.999999619225914,baby_crying,"Baby cry, infant cry",0.6109665632247925,True,benchmark_data/expanded_generated/ced/synthetic/5/3-152007-A-20.wav
3-152007-A-20,benchmark_data/external/esc50/audio/3-152007-A-20.wav,baby_crying,gaussian,0,7.264408573645117e-08,baby_crying,"Baby cry, infant cry",0.6030336618423462,True,benchmark_data/expanded_generated/ced/synthetic/0/3-152007-A-20.wav
3-152007-B-20,benchmark_data/external/esc50/audio/3-152007-B-20.wav,baby_crying,gaussian,20,20.000000101384046,baby_crying,"Baby cry, infant cry",0.6597263813018799,True,benchmark_data/expanded_generated/ced/synthetic/20/3-152007-B-20.wav
3-152007-B-20,benchmark_data/external/esc50/audio/3-152007-B-20.wav,baby_crying,gaussian,15,15.00000021592424,baby_crying,"Baby cry, infant cry",0.6579996943473816,True,benchmark_data/expanded_generated/ced/synthetic/15/3-152007-B-20.wav
3-152007-B-20,benchmark_data/external/esc50/audio/3-152007-B-20.wav,baby_crying,gaussian,10,10.00000035037133,baby_crying,"Baby cry, infant cry",0.6494928002357483,True,benchmark_data/expanded_generated/ced/synthetic/10/3-152007-B-20.wav
3-152007-B-20,benchmark_data/external/esc50/audio/3-152007-B-20.wav,baby_crying,gaussian,5,5.000000073445286,baby_crying,"Baby cry, infant cry",0.6406731605529785,True,benchmark_data/expanded_generated/ced/synthetic/5/3-152007-B-20.wav
3-152007-B-20,benchmark_data/external/esc50/audio/3-152007-B-20.wav,baby_crying,gaussian,0,-2.0989039157679955e-07,baby_crying,"Baby cry, infant cry",0.6337544918060303,True,benchmark_data/expanded_generated/ced/synthetic/0/3-152007-B-20.wav
3-152007-C-20,benchmark_data/external/esc50/audio/3-152007-C-20.wav,baby_crying,gaussian,20,20.000000027970827,baby_crying,"Baby cry, infant cry",0.640661358833313,True,benchmark_data/expanded_generated/ced/synthetic/20/3-152007-C-20.wav
3-152007-C-20,benchmark_data/external/esc50/audio/3-152007-C-20.wav,baby_crying,gaussian,15,14.999999706243267,baby_crying,"Baby cry, infant cry",0.6318497657775879,True,benchmark_data/expanded_generated/ced/synthetic/15/3-152007-C-20.wav
3-152007-C-20,benchmark_data/external/esc50/audio/3-152007-C-20.wav,baby_crying,gaussian,10,10.00000017081635,baby_crying,"Baby cry, infant cry",0.6359041333198547,True,benchmark_data/expanded_generated/ced/synthetic/10/3-152007-C-20.wav
3-152007-C-20,benchmark_data/external/esc50/audio/3-152007-C-20.wav,baby_crying,gaussian,5,5.0000001112844314,baby_crying,"Baby cry, infant cry",0.5823743939399719,True,benchmark_data/expanded_generated/ced/synthetic/5/3-152007-C-20.wav
3-152007-C-20,benchmark_data/external/esc50/audio/3-152007-C-20.wav,baby_crying,gaussian,0,-3.0574253397453254e-07,animal,Animal,0.5866219997406006,False,benchmark_data/expanded_generated/ced/synthetic/0/3-152007-C-20.wav
3-152007-D-20,benchmark_data/external/esc50/audio/3-152007-D-20.wav,baby_crying,gaussian,20,20.00000024973929,baby_crying,"Baby cry, infant cry",0.6403369903564453,True,benchmark_data/expanded_generated/ced/synthetic/20/3-152007-D-20.wav
3-152007-D-20,benchmark_data/external/esc50/audio/3-152007-D-20.wav,baby_crying,gaussian,15,15.000000460824893,baby_crying,"Baby cry, infant cry",0.6320137977600098,True,benchmark_data/expanded_generated/ced/synthetic/15/3-152007-D-20.wav
3-152007-D-20,benchmark_data/external/esc50/audio/3-152007-D-20.wav,baby_crying,gaussian,10,9.999999850459131,baby_crying,"Baby cry, infant cry",0.6473160982131958,True,benchmark_data/expanded_generated/ced/synthetic/10/3-152007-D-20.wav
3-152007-D-20,benchmark_data/external/esc50/audio/3-152007-D-20.wav,baby_crying,gaussian,5,5.000000132605531,baby_crying,"Baby cry, infant cry",0.6357510685920715,True,benchmark_data/expanded_generated/ced/synthetic/5/3-152007-D-20.wav
3-152007-D-20,benchmark_data/external/esc50/audio/3-152007-D-20.wav,baby_crying,gaussian,0,6.670993278294916e-08,baby_crying,"Baby cry, infant cry",0.6453658938407898,True,benchmark_data/expanded_generated/ced/synthetic/0/3-152007-D-20.wav
3-152007-E-20,benchmark_data/external/esc50/audio/3-152007-E-20.wav,baby_crying,gaussian,20,20.0000000985429,baby_crying,"Baby cry, infant cry",0.692995548248291,True,benchmark_data/expanded_generated/ced/synthetic/20/3-152007-E-20.wav
3-152007-E-20,benchmark_data/external/esc50/audio/3-152007-E-20.wav,baby_crying,gaussian,15,15.000000020177621,baby_crying,"Baby cry, infant cry",0.6883760094642639,True,benchmark_data/expanded_generated/ced/synthetic/15/3-152007-E-20.wav
3-152007-E-20,benchmark_data/external/esc50/audio/3-152007-E-20.wav,baby_crying,gaussian,10,10.00000009297311,baby_crying,"Baby cry, infant cry",0.6906774044036865,True,benchmark_data/expanded_generated/ced/synthetic/10/3-152007-E-20.wav
3-152007-E-20,benchmark_data/external/esc50/audio/3-152007-E-20.wav,baby_crying,gaussian,5,5.0000000413595815,baby_crying,"Baby cry, infant cry",0.6903343200683594,True,benchmark_data/expanded_generated/ced/synthetic/5/3-152007-E-20.wav
3-152007-E-20,benchmark_data/external/esc50/audio/3-152007-E-20.wav,baby_crying,gaussian,0,-8.46350578015078e-08,baby_crying,"Baby cry, infant cry",0.6805658936500549,True,benchmark_data/expanded_generated/ced/synthetic/0/3-152007-E-20.wav
3-152594-A-30,benchmark_data/external/esc50/audio/3-152594-A-30.wav,door_activity,gaussian,20,19.99999974761836,door_activity,Knock,0.7064850330352783,True,benchmark_data/expanded_generated/ced/synthetic/20/3-152594-A-30.wav
3-152594-A-30,benchmark_data/external/esc50/audio/3-152594-A-30.wav,door_activity,gaussian,15,14.999999928267293,door_activity,Knock,0.7094526886940002,True,benchmark_data/expanded_generated/ced/synthetic/15/3-152594-A-30.wav
3-152594-A-30,benchmark_data/external/esc50/audio/3-152594-A-30.wav,door_activity,gaussian,10,9.999999860807549,door_activity,Knock,0.7079689502716064,True,benchmark_data/expanded_generated/ced/synthetic/10/3-152594-A-30.wav
3-152594-A-30,benchmark_data/external/esc50/audio/3-152594-A-30.wav,door_activity,gaussian,5,4.9999998409334045,door_activity,Knock,0.6998103857040405,True,benchmark_data/expanded_generated/ced/synthetic/5/3-152594-A-30.wav
3-152594-A-30,benchmark_data/external/esc50/audio/3-152594-A-30.wav,door_activity,gaussian,0,2.651266003658252e-07,door_activity,Knock,0.6949360370635986,True,benchmark_data/expanded_generated/ced/synthetic/0/3-152594-A-30.wav
3-153057-A-43,benchmark_data/external/esc50/audio/3-153057-A-43.wav,vehicle_horn,gaussian,20,19.999999976444606,vehicle_horn,"Vehicle horn, car horn, honking",0.6104456186294556,True,benchmark_data/expanded_generated/ced/synthetic/20/3-153057-A-43.wav
3-153057-A-43,benchmark_data/external/esc50/audio/3-153057-A-43.wav,vehicle_horn,gaussian,15,14.999999832403642,vehicle_horn,"Vehicle horn, car horn, honking",0.6125265955924988,True,benchmark_data/expanded_generated/ced/synthetic/15/3-153057-A-43.wav
3-153057-A-43,benchmark_data/external/esc50/audio/3-153057-A-43.wav,vehicle_horn,gaussian,10,10.000000122077392,vehicle,Vehicle,0.5945848822593689,False,benchmark_data/expanded_generated/ced/synthetic/10/3-153057-A-43.wav
3-153057-A-43,benchmark_data/external/esc50/audio/3-153057-A-43.wav,vehicle_horn,gaussian,5,5.0000002369742536,vehicle_horn,"Vehicle horn, car horn, honking",0.5768193006515503,True,benchmark_data/expanded_generated/ced/synthetic/5/3-153057-A-43.wav
3-153057-A-43,benchmark_data/external/esc50/audio/3-153057-A-43.wav,vehicle_horn,gaussian,0,1.3452398912724286e-07,vehicle,Vehicle,0.5870528817176819,False,benchmark_data/expanded_generated/ced/synthetic/0/3-153057-A-43.wav
3-154378-A-30,benchmark_data/external/esc50/audio/3-154378-A-30.wav,door_activity,gaussian,20,19.99999974629918,door_activity,Knock,0.6973506212234497,True,benchmark_data/expanded_generated/ced/synthetic/20/3-154378-A-30.wav
3-154378-A-30,benchmark_data/external/esc50/audio/3-154378-A-30.wav,door_activity,gaussian,15,15.000000071796702,door_activity,Knock,0.7031179070472717,True,benchmark_data/expanded_generated/ced/synthetic/15/3-154378-A-30.wav
3-154378-A-30,benchmark_data/external/esc50/audio/3-154378-A-30.wav,door_activity,gaussian,10,10.000000201691249,door_activity,Knock,0.7032066583633423,True,benchmark_data/expanded_generated/ced/synthetic/10/3-154378-A-30.wav
3-154378-A-30,benchmark_data/external/esc50/audio/3-154378-A-30.wav,door_activity,gaussian,5,4.999999790527911,door_activity,Knock,0.699489176273346,True,benchmark_data/expanded_generated/ced/synthetic/5/3-154378-A-30.wav
3-154378-A-30,benchmark_data/external/esc50/audio/3-154378-A-30.wav,door_activity,gaussian,0,-4.961782153370214e-07,door_activity,Knock,0.6797880530357361,True,benchmark_data/expanded_generated/ced/synthetic/0/3-154378-A-30.wav
3-155130-A-43,benchmark_data/external/esc50/audio/3-155130-A-43.wav,vehicle_horn,gaussian,20,20.000000209735056,vehicle,Vehicle,0.6896384954452515,False,benchmark_data/expanded_generated/ced/synthetic/20/3-155130-A-43.wav
3-155130-A-43,benchmark_data/external/esc50/audio/3-155130-A-43.wav,vehicle_horn,gaussian,15,15.000000178709467,vehicle,Vehicle,0.677508533000946,False,benchmark_data/expanded_generated/ced/synthetic/15/3-155130-A-43.wav
3-155130-A-43,benchmark_data/external/esc50/audio/3-155130-A-43.wav,vehicle_horn,gaussian,10,10.000000114403813,vehicle,Vehicle,0.6728926301002502,False,benchmark_data/expanded_generated/ced/synthetic/10/3-155130-A-43.wav
3-155130-A-43,benchmark_data/external/esc50/audio/3-155130-A-43.wav,vehicle_horn,gaussian,5,4.999999963997558,vehicle,Vehicle,0.6570188999176025,False,benchmark_data/expanded_generated/ced/synthetic/5/3-155130-A-43.wav
3-155130-A-43,benchmark_data/external/esc50/audio/3-155130-A-43.wav,vehicle_horn,gaussian,0,-1.5725508842309544e-08,vehicle,Vehicle,0.6426546573638916,False,benchmark_data/expanded_generated/ced/synthetic/0/3-155130-A-43.wav
3-155234-A-43,benchmark_data/external/esc50/audio/3-155234-A-43.wav,vehicle_horn,gaussian,20,20.000000167532342,vehicle,Vehicle,0.6310462951660156,False,benchmark_data/expanded_generated/ced/synthetic/20/3-155234-A-43.wav
3-155234-A-43,benchmark_data/external/esc50/audio/3-155234-A-43.wav,vehicle_horn,gaussian,15,14.999999855488657,vehicle,Vehicle,0.629408061504364,False,benchmark_data/expanded_generated/ced/synthetic/15/3-155234-A-43.wav
3-155234-A-43,benchmark_data/external/esc50/audio/3-155234-A-43.wav,vehicle_horn,gaussian,10,10.000000059822485,vehicle,Vehicle,0.63637375831604,False,benchmark_data/expanded_generated/ced/synthetic/10/3-155234-A-43.wav
3-155234-A-43,benchmark_data/external/esc50/audio/3-155234-A-43.wav,vehicle_horn,gaussian,5,5.000000041180889,vehicle,Vehicle,0.6184635162353516,False,benchmark_data/expanded_generated/ced/synthetic/5/3-155234-A-43.wav
3-155234-A-43,benchmark_data/external/esc50/audio/3-155234-A-43.wav,vehicle_horn,gaussian,0,-1.1992473950352667e-07,vehicle,Vehicle,0.5965191721916199,False,benchmark_data/expanded_generated/ced/synthetic/0/3-155234-A-43.wav
3-155312-A-0,benchmark_data/external/esc50/audio/3-155312-A-0.wav,dog_barking,gaussian,20,20.00000018600666,animal,Animal,0.7076205611228943,False,benchmark_data/expanded_generated/ced/synthetic/20/3-155312-A-0.wav
3-155312-A-0,benchmark_data/external/esc50/audio/3-155312-A-0.wav,dog_barking,gaussian,15,15.00000006523006,dog,Dog,0.6937111616134644,False,benchmark_data/expanded_generated/ced/synthetic/15/3-155312-A-0.wav
3-155312-A-0,benchmark_data/external/esc50/audio/3-155312-A-0.wav,dog_barking,gaussian,10,10.000000259287207,animal,Animal,0.6869818568229675,False,benchmark_data/expanded_generated/ced/synthetic/10/3-155312-A-0.wav
3-155312-A-0,benchmark_data/external/esc50/audio/3-155312-A-0.wav,dog_barking,gaussian,5,4.999999863579576,dog,Dog,0.6728909015655518,False,benchmark_data/expanded_generated/ced/synthetic/5/3-155312-A-0.wav
3-155312-A-0,benchmark_data/external/esc50/audio/3-155312-A-0.wav,dog_barking,gaussian,0,2.36055732744019e-07,dog,Dog,0.6452086567878723,False,benchmark_data/expanded_generated/ced/synthetic/0/3-155312-A-0.wav
3-157187-A-12,benchmark_data/external/esc50/audio/3-157187-A-12.wav,fire,gaussian,20,19.99999972444732,fire,Fire,0.5350016355514526,True,benchmark_data/expanded_generated/ced/synthetic/20/3-157187-A-12.wav
3-157187-A-12,benchmark_data/external/esc50/audio/3-157187-A-12.wav,fire,gaussian,15,14.999999762171633,pink_noise,Pink noise,0.5357656478881836,False,benchmark_data/expanded_generated/ced/synthetic/15/3-157187-A-12.wav
3-157187-A-12,benchmark_data/external/esc50/audio/3-157187-A-12.wav,fire,gaussian,10,9.999999729507858,pink_noise,Pink noise,0.5665517449378967,False,benchmark_data/expanded_generated/ced/synthetic/10/3-157187-A-12.wav
3-157187-A-12,benchmark_data/external/esc50/audio/3-157187-A-12.wav,fire,gaussian,5,4.999999842794531,pink_noise,Pink noise,0.5877500176429749,False,benchmark_data/expanded_generated/ced/synthetic/5/3-157187-A-12.wav
3-157187-A-12,benchmark_data/external/esc50/audio/3-157187-A-12.wav,fire,gaussian,0,1.5032312699131055e-07,pink_noise,Pink noise,0.567331075668335,False,benchmark_data/expanded_generated/ced/synthetic/0/3-157187-A-12.wav
3-157695-A-0,benchmark_data/external/esc50/audio/3-157695-A-0.wav,dog_barking,gaussian,20,20.000000271715752,owl,Owl,0.6544316411018372,False,benchmark_data/expanded_generated/ced/synthetic/20/3-157695-A-0.wav
3-157695-A-0,benchmark_data/external/esc50/audio/3-157695-A-0.wav,dog_barking,gaussian,15,14.999999998083752,owl,Owl,0.6362324953079224,False,benchmark_data/expanded_generated/ced/synthetic/15/3-157695-A-0.wav
3-157695-A-0,benchmark_data/external/esc50/audio/3-157695-A-0.wav,dog_barking,gaussian,10,9.999999616333838,animal,Animal,0.5845428109169006,False,benchmark_data/expanded_generated/ced/synthetic/10/3-157695-A-0.wav
3-157695-A-0,benchmark_data/external/esc50/audio/3-157695-A-0.wav,dog_barking,gaussian,5,4.999999798591653,animal,Animal,0.5983282923698425,False,benchmark_data/expanded_generated/ced/synthetic/5/3-157695-A-0.wav
3-157695-A-0,benchmark_data/external/esc50/audio/3-157695-A-0.wav,dog_barking,gaussian,0,-2.7584086264905696e-07,animal,Animal,0.5872454643249512,False,benchmark_data/expanded_generated/ced/synthetic/0/3-157695-A-0.wav
3-158476-A-12,benchmark_data/external/esc50/audio/3-158476-A-12.wav,fire,gaussian,20,19.9999998673971,animal,Animal,0.603130042552948,False,benchmark_data/expanded_generated/ced/synthetic/20/3-158476-A-12.wav
3-158476-A-12,benchmark_data/external/esc50/audio/3-158476-A-12.wav,fire,gaussian,15,14.999999848908587,animal,Animal,0.5985233187675476,False,benchmark_data/expanded_generated/ced/synthetic/15/3-158476-A-12.wav
3-158476-A-12,benchmark_data/external/esc50/audio/3-158476-A-12.wav,fire,gaussian,10,9.999999942096993,animal,Animal,0.5809586048126221,False,benchmark_data/expanded_generated/ced/synthetic/10/3-158476-A-12.wav
3-158476-A-12,benchmark_data/external/esc50/audio/3-158476-A-12.wav,fire,gaussian,5,4.999999584224094,rustle,Rustle,0.5602831840515137,False,benchmark_data/expanded_generated/ced/synthetic/5/3-158476-A-12.wav
3-158476-A-12,benchmark_data/external/esc50/audio/3-158476-A-12.wav,fire,gaussian,0,2.582720567927203e-07,rustle,Rustle,0.5623162388801575,False,benchmark_data/expanded_generated/ced/synthetic/0/3-158476-A-12.wav
3-161010-A-43,benchmark_data/external/esc50/audio/3-161010-A-43.wav,vehicle_horn,gaussian,20,19.999999922670582,vehicle,Vehicle,0.6319059729576111,False,benchmark_data/expanded_generated/ced/synthetic/20/3-161010-A-43.wav
3-161010-A-43,benchmark_data/external/esc50/audio/3-161010-A-43.wav,vehicle_horn,gaussian,15,15.000000135373293,vehicle,Vehicle,0.6284176111221313,False,benchmark_data/expanded_generated/ced/synthetic/15/3-161010-A-43.wav
3-161010-A-43,benchmark_data/external/esc50/audio/3-161010-A-43.wav,vehicle_horn,gaussian,10,10.000000262192623,vehicle,Vehicle,0.6291444301605225,False,benchmark_data/expanded_generated/ced/synthetic/10/3-161010-A-43.wav
3-161010-A-43,benchmark_data/external/esc50/audio/3-161010-A-43.wav,vehicle_horn,gaussian,5,4.999999811934616,vehicle,Vehicle,0.6248763799667358,False,benchmark_data/expanded_generated/ced/synthetic/5/3-161010-A-43.wav
3-161010-A-43,benchmark_data/external/esc50/audio/3-161010-A-43.wav,vehicle_horn,gaussian,0,-2.1033433383831252e-08,vehicle,Vehicle,0.6157904863357544,False,benchmark_data/expanded_generated/ced/synthetic/0/3-161010-A-43.wav
3-163459-A-0,benchmark_data/external/esc50/audio/3-163459-A-0.wav,dog_barking,gaussian,20,19.999999828571287,dog_barking,Bark,0.6676622033119202,True,benchmark_data/expanded_generated/ced/synthetic/20/3-163459-A-0.wav
3-163459-A-0,benchmark_data/external/esc50/audio/3-163459-A-0.wav,dog_barking,gaussian,15,14.999999819658003,animal,Animal,0.6525962352752686,False,benchmark_data/expanded_generated/ced/synthetic/15/3-163459-A-0.wav
3-163459-A-0,benchmark_data/external/esc50/audio/3-163459-A-0.wav,dog_barking,gaussian,10,9.99999993144714,animal,Animal,0.6502137780189514,False,benchmark_data/expanded_generated/ced/synthetic/10/3-163459-A-0.wav
3-163459-A-0,benchmark_data/external/esc50/audio/3-163459-A-0.wav,dog_barking,gaussian,5,4.999999768496524,dog_barking,Bark,0.6493455171585083,True,benchmark_data/expanded_generated/ced/synthetic/5/3-163459-A-0.wav
3-163459-A-0,benchmark_data/external/esc50/audio/3-163459-A-0.wav,dog_barking,gaussian,0,-2.8606304367428305e-07,dog_barking,Bark,0.647985577583313,True,benchmark_data/expanded_generated/ced/synthetic/0/3-163459-A-0.wav
3-170015-A-0,benchmark_data/external/esc50/audio/3-170015-A-0.wav,dog_barking,gaussian,20,19.99999989083436,animal,Animal,0.6682195663452148,False,benchmark_data/expanded_generated/ced/synthetic/20/3-170015-A-0.wav
3-170015-A-0,benchmark_data/external/esc50/audio/3-170015-A-0.wav,dog_barking,gaussian,15,14.99999995976108,animal,Animal,0.6726921796798706,False,benchmark_data/expanded_generated/ced/synthetic/15/3-170015-A-0.wav
3-170015-A-0,benchmark_data/external/esc50/audio/3-170015-A-0.wav,dog_barking,gaussian,10,10.00000004954006,animal,Animal,0.6665740609169006,False,benchmark_data/expanded_generated/ced/synthetic/10/3-170015-A-0.wav
3-170015-A-0,benchmark_data/external/esc50/audio/3-170015-A-0.wav,dog_barking,gaussian,5,5.00000029441789,animal,Animal,0.6470381021499634,False,benchmark_data/expanded_generated/ced/synthetic/5/3-170015-A-0.wav
3-170015-A-0,benchmark_data/external/esc50/audio/3-170015-A-0.wav,dog_barking,gaussian,0,-2.1585427976149763e-07,dog_barking,Bark,0.6145779490470886,True,benchmark_data/expanded_generated/ced/synthetic/0/3-170015-A-0.wav
3-170574-A-30,benchmark_data/external/esc50/audio/3-170574-A-30.wav,door_activity,gaussian,20,20.0000001954157,door_activity,Knock,0.6574960350990295,True,benchmark_data/expanded_generated/ced/synthetic/20/3-170574-A-30.wav
3-170574-A-30,benchmark_data/external/esc50/audio/3-170574-A-30.wav,door_activity,gaussian,15,14.999999712700582,door_activity,Knock,0.6672584414482117,True,benchmark_data/expanded_generated/ced/synthetic/15/3-170574-A-30.wav
3-170574-A-30,benchmark_data/external/esc50/audio/3-170574-A-30.wav,door_activity,gaussian,10,9.999999679795454,door_activity,Knock,0.67116379737854,True,benchmark_data/expanded_generated/ced/synthetic/10/3-170574-A-30.wav
3-170574-A-30,benchmark_data/external/esc50/audio/3-170574-A-30.wav,door_activity,gaussian,5,4.99999964751981,door_activity,Knock,0.6881365180015564,True,benchmark_data/expanded_generated/ced/synthetic/5/3-170574-A-30.wav
3-170574-A-30,benchmark_data/external/esc50/audio/3-170574-A-30.wav,door_activity,gaussian,0,-3.8658615230468394e-09,door_activity,Knock,0.6785284876823425,True,benchmark_data/expanded_generated/ced/synthetic/0/3-170574-A-30.wav
3-174840-A-43,benchmark_data/external/esc50/audio/3-174840-A-43.wav,vehicle_horn,gaussian,20,20.000000019889733,vehicle_horn,"Vehicle horn, car horn, honking",0.5427348017692566,True,benchmark_data/expanded_generated/ced/synthetic/20/3-174840-A-43.wav
3-174840-A-43,benchmark_data/external/esc50/audio/3-174840-A-43.wav,vehicle_horn,gaussian,15,15.000000096738919,vehicle_horn,"Vehicle horn, car horn, honking",0.5340456366539001,True,benchmark_data/expanded_generated/ced/synthetic/15/3-174840-A-43.wav
3-174840-A-43,benchmark_data/external/esc50/audio/3-174840-A-43.wav,vehicle_horn,gaussian,10,10.000000027595966,white_noise,White noise,0.5359835624694824,False,benchmark_data/expanded_generated/ced/synthetic/10/3-174840-A-43.wav
3-174840-A-43,benchmark_data/external/esc50/audio/3-174840-A-43.wav,vehicle_horn,gaussian,5,4.999999878172905,white_noise,White noise,0.5612301230430603,False,benchmark_data/expanded_generated/ced/synthetic/5/3-174840-A-43.wav
3-174840-A-43,benchmark_data/external/esc50/audio/3-174840-A-43.wav,vehicle_horn,gaussian,0,-2.511398732480674e-07,white_noise,White noise,0.5874797701835632,False,benchmark_data/expanded_generated/ced/synthetic/0/3-174840-A-43.wav
3-180147-A-30,benchmark_data/external/esc50/audio/3-180147-A-30.wav,door_activity,gaussian,20,20.00000024704699,door_activity,Knock,0.6957097053527832,True,benchmark_data/expanded_generated/ced/synthetic/20/3-180147-A-30.wav
3-180147-A-30,benchmark_data/external/esc50/audio/3-180147-A-30.wav,door_activity,gaussian,15,15.000000315390338,door_activity,Knock,0.6982618570327759,True,benchmark_data/expanded_generated/ced/synthetic/15/3-180147-A-30.wav
3-180147-A-30,benchmark_data/external/esc50/audio/3-180147-A-30.wav,door_activity,gaussian,10,9.999999753444463,door_activity,Knock,0.7093470692634583,True,benchmark_data/expanded_generated/ced/synthetic/10/3-180147-A-30.wav
3-180147-A-30,benchmark_data/external/esc50/audio/3-180147-A-30.wav,door_activity,gaussian,5,4.999999741837886,door_activity,Knock,0.7069290280342102,True,benchmark_data/expanded_generated/ced/synthetic/5/3-180147-A-30.wav
3-180147-A-30,benchmark_data/external/esc50/audio/3-180147-A-30.wav,door_activity,gaussian,0,1.6472557345243852e-07,door_activity,Knock,0.6891362071037292,True,benchmark_data/expanded_generated/ced/synthetic/0/3-180147-A-30.wav
3-180256-A-0,benchmark_data/external/esc50/audio/3-180256-A-0.wav,dog_barking,gaussian,20,19.999999786372168,animal,Animal,0.695451021194458,False,benchmark_data/expanded_generated/ced/synthetic/20/3-180256-A-0.wav
3-180256-A-0,benchmark_data/external/esc50/audio/3-180256-A-0.wav,dog_barking,gaussian,15,15.00000026839265,animal,Animal,0.6780866980552673,False,benchmark_data/expanded_generated/ced/synthetic/15/3-180256-A-0.wav
3-180256-A-0,benchmark_data/external/esc50/audio/3-180256-A-0.wav,dog_barking,gaussian,10,9.999999898257329,animal,Animal,0.6667011976242065,False,benchmark_data/expanded_generated/ced/synthetic/10/3-180256-A-0.wav
3-180256-A-0,benchmark_data/external/esc50/audio/3-180256-A-0.wav,dog_barking,gaussian,5,4.999999885832013,animal,Animal,0.6554968357086182,False,benchmark_data/expanded_generated/ced/synthetic/5/3-180256-A-0.wav
3-180256-A-0,benchmark_data/external/esc50/audio/3-180256-A-0.wav,dog_barking,gaussian,0,2.738551619421441e-07,animal,Animal,0.6167622208595276,False,benchmark_data/expanded_generated/ced/synthetic/0/3-180256-A-0.wav
3-180977-A-0,benchmark_data/external/esc50/audio/3-180977-A-0.wav,dog_barking,gaussian,20,19.99999979883981,animal,Animal,0.7042719721794128,False,benchmark_data/expanded_generated/ced/synthetic/20/3-180977-A-0.wav
3-180977-A-0,benchmark_data/external/esc50/audio/3-180977-A-0.wav,dog_barking,gaussian,15,15.000000012894613,animal,Animal,0.693677544593811,False,benchmark_data/expanded_generated/ced/synthetic/15/3-180977-A-0.wav
3-180977-A-0,benchmark_data/external/esc50/audio/3-180977-A-0.wav,dog_barking,gaussian,10,10.00000036517209,animal,Animal,0.6865622997283936,False,benchmark_data/expanded_generated/ced/synthetic/10/3-180977-A-0.wav
3-180977-A-0,benchmark_data/external/esc50/audio/3-180977-A-0.wav,dog_barking,gaussian,5,5.000000144942272,animal,Animal,0.636162519454956,False,benchmark_data/expanded_generated/ced/synthetic/5/3-180977-A-0.wav
3-180977-A-0,benchmark_data/external/esc50/audio/3-180977-A-0.wav,dog_barking,gaussian,0,-4.0744053977353314e-07,animal,Animal,0.623033344745636,False,benchmark_data/expanded_generated/ced/synthetic/0/3-180977-A-0.wav
3-182023-A-30,benchmark_data/external/esc50/audio/3-182023-A-30.wav,door_activity,gaussian,20,19.999999585268316,door_activity,Knock,0.7155489921569824,True,benchmark_data/expanded_generated/ced/synthetic/20/3-182023-A-30.wav
3-182023-A-30,benchmark_data/external/esc50/audio/3-182023-A-30.wav,door_activity,gaussian,15,14.999999829616367,door_activity,Knock,0.709214985370636,True,benchmark_data/expanded_generated/ced/synthetic/15/3-182023-A-30.wav
3-182023-A-30,benchmark_data/external/esc50/audio/3-182023-A-30.wav,door_activity,gaussian,10,10.000000171687013,door_activity,Knock,0.7033372521400452,True,benchmark_data/expanded_generated/ced/synthetic/10/3-182023-A-30.wav
3-182023-A-30,benchmark_data/external/esc50/audio/3-182023-A-30.wav,door_activity,gaussian,5,4.99999986270528,door_activity,Knock,0.7079700231552124,True,benchmark_data/expanded_generated/ced/synthetic/5/3-182023-A-30.wav
3-182023-A-30,benchmark_data/external/esc50/audio/3-182023-A-30.wav,door_activity,gaussian,0,2.9788947068774005e-07,door_activity,Knock,0.6641360521316528,True,benchmark_data/expanded_generated/ced/synthetic/0/3-182023-A-30.wav
3-182025-A-30,benchmark_data/external/esc50/audio/3-182025-A-30.wav,door_activity,gaussian,20,19.99999996637445,door_activity,Knock,0.7028565406799316,True,benchmark_data/expanded_generated/ced/synthetic/20/3-182025-A-30.wav
3-182025-A-30,benchmark_data/external/esc50/audio/3-182025-A-30.wav,door_activity,gaussian,15,15.000000125066402,door_activity,Knock,0.6997417211532593,True,benchmark_data/expanded_generated/ced/synthetic/15/3-182025-A-30.wav
3-182025-A-30,benchmark_data/external/esc50/audio/3-182025-A-30.wav,door_activity,gaussian,10,10.000000335729958,door_activity,Knock,0.6951565146446228,True,benchmark_data/expanded_generated/ced/synthetic/10/3-182025-A-30.wav
3-182025-A-30,benchmark_data/external/esc50/audio/3-182025-A-30.wav,door_activity,gaussian,5,5.000000250912798,door_activity,Knock,0.6997814178466797,True,benchmark_data/expanded_generated/ced/synthetic/5/3-182025-A-30.wav
3-182025-A-30,benchmark_data/external/esc50/audio/3-182025-A-30.wav,door_activity,gaussian,0,-2.8210443493554673e-07,door_activity,Knock,0.7108738422393799,True,benchmark_data/expanded_generated/ced/synthetic/0/3-182025-A-30.wav
3-203371-A-39,benchmark_data/external/esc50/audio/3-203371-A-39.wav,glass_breaking,gaussian,20,19.99999967661321,breaking,Breaking,0.6377997398376465,False,benchmark_data/expanded_generated/ced/synthetic/20/3-203371-A-39.wav
3-203371-A-39,benchmark_data/external/esc50/audio/3-203371-A-39.wav,glass_breaking,gaussian,15,14.999999870640487,breaking,Breaking,0.6361332535743713,False,benchmark_data/expanded_generated/ced/synthetic/15/3-203371-A-39.wav
3-203371-A-39,benchmark_data/external/esc50/audio/3-203371-A-39.wav,glass_breaking,gaussian,10,10.000000176890051,pink_noise,Pink noise,0.667594850063324,False,benchmark_data/expanded_generated/ced/synthetic/10/3-203371-A-39.wav
3-203371-A-39,benchmark_data/external/esc50/audio/3-203371-A-39.wav,glass_breaking,gaussian,5,4.9999997210157465,pink_noise,Pink noise,0.6707966327667236,False,benchmark_data/expanded_generated/ced/synthetic/5/3-203371-A-39.wav
3-203371-A-39,benchmark_data/external/esc50/audio/3-203371-A-39.wav,glass_breaking,gaussian,0,1.081231046371702e-07,pink_noise,Pink noise,0.6643052101135254,False,benchmark_data/expanded_generated/ced/synthetic/0/3-203371-A-39.wav
3-203373-A-39,benchmark_data/external/esc50/audio/3-203373-A-39.wav,glass_breaking,gaussian,20,20.00000004161739,breaking,Breaking,0.6943491101264954,False,benchmark_data/expanded_generated/ced/synthetic/20/3-203373-A-39.wav
3-203373-A-39,benchmark_data/external/esc50/audio/3-203373-A-39.wav,glass_breaking,gaussian,15,14.999999985580674,breaking,Breaking,0.6849085092544556,False,benchmark_data/expanded_generated/ced/synthetic/15/3-203373-A-39.wav
3-203373-A-39,benchmark_data/external/esc50/audio/3-203373-A-39.wav,glass_breaking,gaussian,10,9.999999955479609,breaking,Breaking,0.6737213134765625,False,benchmark_data/expanded_generated/ced/synthetic/10/3-203373-A-39.wav
3-203373-A-39,benchmark_data/external/esc50/audio/3-203373-A-39.wav,glass_breaking,gaussian,5,4.999999781426015,pink_noise,Pink noise,0.6097458004951477,False,benchmark_data/expanded_generated/ced/synthetic/5/3-203373-A-39.wav
3-203373-A-39,benchmark_data/external/esc50/audio/3-203373-A-39.wav,glass_breaking,gaussian,0,-1.0951714164352526e-07,pink_noise,Pink noise,0.5959184169769287,False,benchmark_data/expanded_generated/ced/synthetic/0/3-203373-A-39.wav
3-203374-A-39,benchmark_data/external/esc50/audio/3-203374-A-39.wav,glass_breaking,gaussian,20,19.99999975523999,breaking,Breaking,0.6641808152198792,False,benchmark_data/expanded_generated/ced/synthetic/20/3-203374-A-39.wav
3-203374-A-39,benchmark_data/external/esc50/audio/3-203374-A-39.wav,glass_breaking,gaussian,15,15.000000009780347,breaking,Breaking,0.6449801325798035,False,benchmark_data/expanded_generated/ced/synthetic/15/3-203374-A-39.wav
3-203374-A-39,benchmark_data/external/esc50/audio/3-203374-A-39.wav,glass_breaking,gaussian,10,10.000000202173464,breaking,Breaking,0.627385675907135,False,benchmark_data/expanded_generated/ced/synthetic/10/3-203374-A-39.wav
3-203374-A-39,benchmark_data/external/esc50/audio/3-203374-A-39.wav,glass_breaking,gaussian,5,4.9999996649725285,breaking,Breaking,0.6280338764190674,False,benchmark_data/expanded_generated/ced/synthetic/5/3-203374-A-39.wav
3-203374-A-39,benchmark_data/external/esc50/audio/3-203374-A-39.wav,glass_breaking,gaussian,0,-3.6969511107978074e-07,breaking,Breaking,0.6465923190116882,False,benchmark_data/expanded_generated/ced/synthetic/0/3-203374-A-39.wav
3-203375-A-39,benchmark_data/external/esc50/audio/3-203375-A-39.wav,glass_breaking,gaussian,20,20.00000031286084,breaking,Breaking,0.6805961728096008,False,benchmark_data/expanded_generated/ced/synthetic/20/3-203375-A-39.wav
3-203375-A-39,benchmark_data/external/esc50/audio/3-203375-A-39.wav,glass_breaking,gaussian,15,14.999999925852913,breaking,Breaking,0.6795844435691833,False,benchmark_data/expanded_generated/ced/synthetic/15/3-203375-A-39.wav
3-203375-A-39,benchmark_data/external/esc50/audio/3-203375-A-39.wav,glass_breaking,gaussian,10,10.000000190188931,breaking,Breaking,0.6787457466125488,False,benchmark_data/expanded_generated/ced/synthetic/10/3-203375-A-39.wav
3-203375-A-39,benchmark_data/external/esc50/audio/3-203375-A-39.wav,glass_breaking,gaussian,5,4.999999675519,breaking,Breaking,0.6808487772941589,False,benchmark_data/expanded_generated/ced/synthetic/5/3-203375-A-39.wav
3-203375-A-39,benchmark_data/external/esc50/audio/3-203375-A-39.wav,glass_breaking,gaussian,0,2.486511490191929e-07,breaking,Breaking,0.6687276363372803,False,benchmark_data/expanded_generated/ced/synthetic/0/3-203375-A-39.wav
3-203377-A-39,benchmark_data/external/esc50/audio/3-203377-A-39.wav,glass_breaking,gaussian,20,19.99999969330958,breaking,Breaking,0.6312034130096436,False,benchmark_data/expanded_generated/ced/synthetic/20/3-203377-A-39.wav
3-203377-A-39,benchmark_data/external/esc50/audio/3-203377-A-39.wav,glass_breaking,gaussian,15,14.999999696871225,breaking,Breaking,0.6303983926773071,False,benchmark_data/expanded_generated/ced/synthetic/15/3-203377-A-39.wav
3-203377-A-39,benchmark_data/external/esc50/audio/3-203377-A-39.wav,glass_breaking,gaussian,10,9.999999578922695,breaking,Breaking,0.6347476840019226,False,benchmark_data/expanded_generated/ced/synthetic/10/3-203377-A-39.wav
3-203377-A-39,benchmark_data/external/esc50/audio/3-203377-A-39.wav,glass_breaking,gaussian,5,5.000000218552486,pink_noise,Pink noise,0.6444788575172424,False,benchmark_data/expanded_generated/ced/synthetic/5/3-203377-A-39.wav
3-203377-A-39,benchmark_data/external/esc50/audio/3-203377-A-39.wav,glass_breaking,gaussian,0,2.761420605993613e-07,pink_noise,Pink noise,0.6264476776123047,False,benchmark_data/expanded_generated/ced/synthetic/0/3-203377-A-39.wav
3-216280-A-39,benchmark_data/external/esc50/audio/3-216280-A-39.wav,glass_breaking,gaussian,20,20.000000073971464,chink_clink,"Chink, clink",0.6299645304679871,False,benchmark_data/expanded_generated/ced/synthetic/20/3-216280-A-39.wav
3-216280-A-39,benchmark_data/external/esc50/audio/3-216280-A-39.wav,glass_breaking,gaussian,15,14.999999965368655,chink_clink,"Chink, clink",0.6186721920967102,False,benchmark_data/expanded_generated/ced/synthetic/15/3-216280-A-39.wav
3-216280-A-39,benchmark_data/external/esc50/audio/3-216280-A-39.wav,glass_breaking,gaussian,10,9.999999901662974,chink_clink,"Chink, clink",0.6185118556022644,False,benchmark_data/expanded_generated/ced/synthetic/10/3-216280-A-39.wav
3-216280-A-39,benchmark_data/external/esc50/audio/3-216280-A-39.wav,glass_breaking,gaussian,5,4.9999996464307355,chink_clink,"Chink, clink",0.5989543199539185,False,benchmark_data/expanded_generated/ced/synthetic/5/3-216280-A-39.wav
3-216280-A-39,benchmark_data/external/esc50/audio/3-216280-A-39.wav,glass_breaking,gaussian,0,1.0010885688502134e-07,chink_clink,"Chink, clink",0.5683878064155579,False,benchmark_data/expanded_generated/ced/synthetic/0/3-216280-A-39.wav
3-216281-A-39,benchmark_data/external/esc50/audio/3-216281-A-39.wav,glass_breaking,gaussian,20,20.00000021280305,chink_clink,"Chink, clink",0.6680912375450134,False,benchmark_data/expanded_generated/ced/synthetic/20/3-216281-A-39.wav
3-216281-A-39,benchmark_data/external/esc50/audio/3-216281-A-39.wav,glass_breaking,gaussian,15,15.000000255477426,chink_clink,"Chink, clink",0.6650257706642151,False,benchmark_data/expanded_generated/ced/synthetic/15/3-216281-A-39.wav
3-216281-A-39,benchmark_data/external/esc50/audio/3-216281-A-39.wav,glass_breaking,gaussian,10,9.999999873772442,chink_clink,"Chink, clink",0.6500346660614014,False,benchmark_data/expanded_generated/ced/synthetic/10/3-216281-A-39.wav
3-216281-A-39,benchmark_data/external/esc50/audio/3-216281-A-39.wav,glass_breaking,gaussian,5,4.9999998851800855,chink_clink,"Chink, clink",0.6183056235313416,False,benchmark_data/expanded_generated/ced/synthetic/5/3-216281-A-39.wav
3-216281-A-39,benchmark_data/external/esc50/audio/3-216281-A-39.wav,glass_breaking,gaussian,0,2.0834533432489227e-07,chink_clink,"Chink, clink",0.6072578430175781,False,benchmark_data/expanded_generated/ced/synthetic/0/3-216281-A-39.wav
3-216284-A-39,benchmark_data/external/esc50/audio/3-216284-A-39.wav,glass_breaking,gaussian,20,19.99999987048891,chink_clink,"Chink, clink",0.6587238907814026,False,benchmark_data/expanded_generated/ced/synthetic/20/3-216284-A-39.wav
3-216284-A-39,benchmark_data/external/esc50/audio/3-216284-A-39.wav,glass_breaking,gaussian,15,14.99999968170058,chink_clink,"Chink, clink",0.6449022889137268,False,benchmark_data/expanded_generated/ced/synthetic/15/3-216284-A-39.wav
3-216284-A-39,benchmark_data/external/esc50/audio/3-216284-A-39.wav,glass_breaking,gaussian,10,9.999999956854255,chink_clink,"Chink, clink",0.6391335725784302,False,benchmark_data/expanded_generated/ced/synthetic/10/3-216284-A-39.wav
3-216284-A-39,benchmark_data/external/esc50/audio/3-216284-A-39.wav,glass_breaking,gaussian,5,4.999999747819408,chink_clink,"Chink, clink",0.6156214475631714,False,benchmark_data/expanded_generated/ced/synthetic/5/3-216284-A-39.wav
3-216284-A-39,benchmark_data/external/esc50/audio/3-216284-A-39.wav,glass_breaking,gaussian,0,1.834348856303332e-07,chink_clink,"Chink, clink",0.6066398024559021,False,benchmark_data/expanded_generated/ced/synthetic/0/3-216284-A-39.wav
3-243726-A-43,benchmark_data/external/esc50/audio/3-243726-A-43.wav,vehicle_horn,gaussian,20,20.000000021810106,toot,Toot,0.6571536660194397,False,benchmark_data/expanded_generated/ced/synthetic/20/3-243726-A-43.wav
3-243726-A-43,benchmark_data/external/esc50/audio/3-243726-A-43.wav,vehicle_horn,gaussian,15,14.999999814494986,toot,Toot,0.6348645687103271,False,benchmark_data/expanded_generated/ced/synthetic/15/3-243726-A-43.wav
3-243726-A-43,benchmark_data/external/esc50/audio/3-243726-A-43.wav,vehicle_horn,gaussian,10,10.000000010620393,vehicle,Vehicle,0.629177451133728,False,benchmark_data/expanded_generated/ced/synthetic/10/3-243726-A-43.wav
3-243726-A-43,benchmark_data/external/esc50/audio/3-243726-A-43.wav,vehicle_horn,gaussian,5,5.000000331475052,vehicle,Vehicle,0.6466683149337769,False,benchmark_data/expanded_generated/ced/synthetic/5/3-243726-A-43.wav
3-243726-A-43,benchmark_data/external/esc50/audio/3-243726-A-43.wav,vehicle_horn,gaussian,0,-8.117676539274109e-08,train,Train,0.6170271635055542,False,benchmark_data/expanded_generated/ced/synthetic/0/3-243726-A-43.wav
3-51376-A-42,benchmark_data/external/esc50/audio/3-51376-A-42.wav,siren,gaussian,20,20.000000331799384,siren,Siren,0.7098021507263184,True,benchmark_data/expanded_generated/ced/synthetic/20/3-51376-A-42.wav
3-51376-A-42,benchmark_data/external/esc50/audio/3-51376-A-42.wav,siren,gaussian,15,15.000000332956702,siren,Siren,0.701449453830719,True,benchmark_data/expanded_generated/ced/synthetic/15/3-51376-A-42.wav
3-51376-A-42,benchmark_data/external/esc50/audio/3-51376-A-42.wav,siren,gaussian,10,9.999999878374187,siren,Siren,0.6905072331428528,True,benchmark_data/expanded_generated/ced/synthetic/10/3-51376-A-42.wav
3-51376-A-42,benchmark_data/external/esc50/audio/3-51376-A-42.wav,siren,gaussian,5,4.999999712984944,siren,Siren,0.6797505021095276,True,benchmark_data/expanded_generated/ced/synthetic/5/3-51376-A-42.wav
3-51376-A-42,benchmark_data/external/esc50/audio/3-51376-A-42.wav,siren,gaussian,0,-1.5722187633706374e-07,siren,Siren,0.6534395217895508,True,benchmark_data/expanded_generated/ced/synthetic/0/3-51376-A-42.wav
3-51731-A-42,benchmark_data/external/esc50/audio/3-51731-A-42.wav,siren,gaussian,20,20.000000172862276,emergency_vehicle,Emergency vehicle,0.6888490319252014,False,benchmark_data/expanded_generated/ced/synthetic/20/3-51731-A-42.wav
3-51731-A-42,benchmark_data/external/esc50/audio/3-51731-A-42.wav,siren,gaussian,15,15.00000002017066,emergency_vehicle,Emergency vehicle,0.6764506101608276,False,benchmark_data/expanded_generated/ced/synthetic/15/3-51731-A-42.wav
3-51731-A-42,benchmark_data/external/esc50/audio/3-51731-A-42.wav,siren,gaussian,10,10.000000191476282,emergency_vehicle,Emergency vehicle,0.6742136478424072,False,benchmark_data/expanded_generated/ced/synthetic/10/3-51731-A-42.wav
3-51731-A-42,benchmark_data/external/esc50/audio/3-51731-A-42.wav,siren,gaussian,5,4.999999953018525,emergency_vehicle,Emergency vehicle,0.632088840007782,False,benchmark_data/expanded_generated/ced/synthetic/5/3-51731-A-42.wav
3-51731-A-42,benchmark_data/external/esc50/audio/3-51731-A-42.wav,siren,gaussian,0,-3.026126624944517e-07,emergency_vehicle,Emergency vehicle,0.6181086897850037,False,benchmark_data/expanded_generated/ced/synthetic/0/3-51731-A-42.wav
3-51731-B-42,benchmark_data/external/esc50/audio/3-51731-B-42.wav,siren,gaussian,20,20.000000169786997,emergency_vehicle,Emergency vehicle,0.6938430666923523,False,benchmark_data/expanded_generated/ced/synthetic/20/3-51731-B-42.wav
3-51731-B-42,benchmark_data/external/esc50/audio/3-51731-B-42.wav,siren,gaussian,15,15.000000320272584,emergency_vehicle,Emergency vehicle,0.6933188438415527,False,benchmark_data/expanded_generated/ced/synthetic/15/3-51731-B-42.wav
3-51731-B-42,benchmark_data/external/esc50/audio/3-51731-B-42.wav,siren,gaussian,10,10.000000201316343,emergency_vehicle,Emergency vehicle,0.6882611513137817,False,benchmark_data/expanded_generated/ced/synthetic/10/3-51731-B-42.wav
3-51731-B-42,benchmark_data/external/esc50/audio/3-51731-B-42.wav,siren,gaussian,5,4.999999974262888,emergency_vehicle,Emergency vehicle,0.6819996237754822,False,benchmark_data/expanded_generated/ced/synthetic/5/3-51731-B-42.wav
3-51731-B-42,benchmark_data/external/esc50/audio/3-51731-B-42.wav,siren,gaussian,0,-1.4696971629594572e-08,emergency_vehicle,Emergency vehicle,0.6656764149665833,False,benchmark_data/expanded_generated/ced/synthetic/0/3-51731-B-42.wav
3-51909-A-42,benchmark_data/external/esc50/audio/3-51909-A-42.wav,siren,gaussian,20,19.999999911960526,siren,Siren,0.7006075978279114,True,benchmark_data/expanded_generated/ced/synthetic/20/3-51909-A-42.wav
3-51909-A-42,benchmark_data/external/esc50/audio/3-51909-A-42.wav,siren,gaussian,15,14.999999761128029,siren,Siren,0.6925742030143738,True,benchmark_data/expanded_generated/ced/synthetic/15/3-51909-A-42.wav
3-51909-A-42,benchmark_data/external/esc50/audio/3-51909-A-42.wav,siren,gaussian,10,9.999999992212256,siren,Siren,0.688095211982727,True,benchmark_data/expanded_generated/ced/synthetic/10/3-51909-A-42.wav
3-51909-A-42,benchmark_data/external/esc50/audio/3-51909-A-42.wav,siren,gaussian,5,4.999999912867467,siren,Siren,0.6608516573905945,True,benchmark_data/expanded_generated/ced/synthetic/5/3-51909-A-42.wav
3-51909-A-42,benchmark_data/external/esc50/audio/3-51909-A-42.wav,siren,gaussian,0,2.2231824031738914e-07,siren,Siren,0.640497088432312,True,benchmark_data/expanded_generated/ced/synthetic/0/3-51909-A-42.wav
3-51909-B-42,benchmark_data/external/esc50/audio/3-51909-B-42.wav,siren,gaussian,20,20.00000010701319,siren,Siren,0.7117853164672852,True,benchmark_data/expanded_generated/ced/synthetic/20/3-51909-B-42.wav
3-51909-B-42,benchmark_data/external/esc50/audio/3-51909-B-42.wav,siren,gaussian,15,15.00000021658591,siren,Siren,0.7107752561569214,True,benchmark_data/expanded_generated/ced/synthetic/15/3-51909-B-42.wav
3-51909-B-42,benchmark_data/external/esc50/audio/3-51909-B-42.wav,siren,gaussian,10,9.99999974184205,siren,Siren,0.6989444494247437,True,benchmark_data/expanded_generated/ced/synthetic/10/3-51909-B-42.wav
3-51909-B-42,benchmark_data/external/esc50/audio/3-51909-B-42.wav,siren,gaussian,5,5.000000255495449,siren,Siren,0.6819683313369751,True,benchmark_data/expanded_generated/ced/synthetic/5/3-51909-B-42.wav
3-51909-B-42,benchmark_data/external/esc50/audio/3-51909-B-42.wav,siren,gaussian,0,-1.216007290917685e-07,siren,Siren,0.636947751045227,True,benchmark_data/expanded_generated/ced/synthetic/0/3-51909-B-42.wav
3-58772-A-42,benchmark_data/external/esc50/audio/3-58772-A-42.wav,siren,gaussian,20,19.999999760749713,siren,Siren,0.7113536596298218,True,benchmark_data/expanded_generated/ced/synthetic/20/3-58772-A-42.wav
3-58772-A-42,benchmark_data/external/esc50/audio/3-58772-A-42.wav,siren,gaussian,15,15.000000279751182,siren,Siren,0.7017555236816406,True,benchmark_data/expanded_generated/ced/synthetic/15/3-58772-A-42.wav
3-58772-A-42,benchmark_data/external/esc50/audio/3-58772-A-42.wav,siren,gaussian,10,10.000000055045284,siren,Siren,0.6979760527610779,True,benchmark_data/expanded_generated/ced/synthetic/10/3-58772-A-42.wav
3-58772-A-42,benchmark_data/external/esc50/audio/3-58772-A-42.wav,siren,gaussian,5,4.9999999033453735,siren,Siren,0.6763938069343567,True,benchmark_data/expanded_generated/ced/synthetic/5/3-58772-A-42.wav
3-58772-A-42,benchmark_data/external/esc50/audio/3-58772-A-42.wav,siren,gaussian,0,-1.8038523950751573e-07,siren,Siren,0.6548798680305481,True,benchmark_data/expanded_generated/ced/synthetic/0/3-58772-A-42.wav
3-62878-A-42,benchmark_data/external/esc50/audio/3-62878-A-42.wav,siren,gaussian,20,19.99999987718859,siren,Siren,0.6970563530921936,True,benchmark_data/expanded_generated/ced/synthetic/20/3-62878-A-42.wav
3-62878-A-42,benchmark_data/external/esc50/audio/3-62878-A-42.wav,siren,gaussian,15,15.000000000600291,siren,Siren,0.6914181709289551,True,benchmark_data/expanded_generated/ced/synthetic/15/3-62878-A-42.wav
3-62878-A-42,benchmark_data/external/esc50/audio/3-62878-A-42.wav,siren,gaussian,10,9.999999621967273,police_car_siren,Police car (siren),0.6790281534194946,False,benchmark_data/expanded_generated/ced/synthetic/10/3-62878-A-42.wav
3-62878-A-42,benchmark_data/external/esc50/audio/3-62878-A-42.wav,siren,gaussian,5,5.000000197202066,police_car_siren,Police car (siren),0.6647997498512268,False,benchmark_data/expanded_generated/ced/synthetic/5/3-62878-A-42.wav
3-62878-A-42,benchmark_data/external/esc50/audio/3-62878-A-42.wav,siren,gaussian,0,5.9770233152587e-08,police_car_siren,Police car (siren),0.6533518433570862,False,benchmark_data/expanded_generated/ced/synthetic/0/3-62878-A-42.wav
3-62878-B-42,benchmark_data/external/esc50/audio/3-62878-B-42.wav,siren,gaussian,20,19.9999998615321,police_car_siren,Police car (siren),0.6903114914894104,False,benchmark_data/expanded_generated/ced/synthetic/20/3-62878-B-42.wav
3-62878-B-42,benchmark_data/external/esc50/audio/3-62878-B-42.wav,siren,gaussian,15,15.000000194809282,police_car_siren,Police car (siren),0.6867021322250366,False,benchmark_data/expanded_generated/ced/synthetic/15/3-62878-B-42.wav
3-62878-B-42,benchmark_data/external/esc50/audio/3-62878-B-42.wav,siren,gaussian,10,10.000000029369875,police_car_siren,Police car (siren),0.6796393394470215,False,benchmark_data/expanded_generated/ced/synthetic/10/3-62878-B-42.wav
3-62878-B-42,benchmark_data/external/esc50/audio/3-62878-B-42.wav,siren,gaussian,5,4.999999761530553,police_car_siren,Police car (siren),0.6660773754119873,False,benchmark_data/expanded_generated/ced/synthetic/5/3-62878-B-42.wav
3-62878-B-42,benchmark_data/external/esc50/audio/3-62878-B-42.wav,siren,gaussian,0,-9.398278065956801e-08,police_car_siren,Police car (siren),0.6414947509765625,False,benchmark_data/expanded_generated/ced/synthetic/0/3-62878-B-42.wav
3-65748-A-12,benchmark_data/external/esc50/audio/3-65748-A-12.wav,fire,gaussian,20,19.999999782280717,fire,Fire,0.5922413468360901,True,benchmark_data/expanded_generated/ced/synthetic/20/3-65748-A-12.wav
3-65748-A-12,benchmark_data/external/esc50/audio/3-65748-A-12.wav,fire,gaussian,15,14.999999862921424,fire,Fire,0.5747467279434204,True,benchmark_data/expanded_generated/ced/synthetic/15/3-65748-A-12.wav
3-65748-A-12,benchmark_data/external/esc50/audio/3-65748-A-12.wav,fire,gaussian,10,10.000000052480813,fire,Fire,0.5958738923072815,True,benchmark_data/expanded_generated/ced/synthetic/10/3-65748-A-12.wav
3-65748-A-12,benchmark_data/external/esc50/audio/3-65748-A-12.wav,fire,gaussian,5,4.9999999824166395,fire,Fire,0.5455323457717896,True,benchmark_data/expanded_generated/ced/synthetic/5/3-65748-A-12.wav
3-65748-A-12,benchmark_data/external/esc50/audio/3-65748-A-12.wav,fire,gaussian,0,3.3147955831324865e-07,pink_noise,Pink noise,0.533950686454773,False,benchmark_data/expanded_generated/ced/synthetic/0/3-65748-A-12.wav
4-102871-A-42,benchmark_data/external/esc50/audio/4-102871-A-42.wav,siren,gaussian,20,20.000000111892085,emergency_vehicle,Emergency vehicle,0.6806495785713196,False,benchmark_data/expanded_generated/ced/synthetic/20/4-102871-A-42.wav
4-102871-A-42,benchmark_data/external/esc50/audio/4-102871-A-42.wav,siren,gaussian,15,15.000000154242787,emergency_vehicle,Emergency vehicle,0.6711356043815613,False,benchmark_data/expanded_generated/ced/synthetic/15/4-102871-A-42.wav
4-102871-A-42,benchmark_data/external/esc50/audio/4-102871-A-42.wav,siren,gaussian,10,9.999999998052257,emergency_vehicle,Emergency vehicle,0.6675750613212585,False,benchmark_data/expanded_generated/ced/synthetic/10/4-102871-A-42.wav
4-102871-A-42,benchmark_data/external/esc50/audio/4-102871-A-42.wav,siren,gaussian,5,4.999999796781575,emergency_vehicle,Emergency vehicle,0.624037504196167,False,benchmark_data/expanded_generated/ced/synthetic/5/4-102871-A-42.wav
4-102871-A-42,benchmark_data/external/esc50/audio/4-102871-A-42.wav,siren,gaussian,0,2.2254650433749653e-07,siren,Siren,0.6061963438987732,True,benchmark_data/expanded_generated/ced/synthetic/0/4-102871-A-42.wav
4-111671-A-42,benchmark_data/external/esc50/audio/4-111671-A-42.wav,siren,gaussian,20,19.999999847009413,police_car_siren,Police car (siren),0.7013769745826721,False,benchmark_data/expanded_generated/ced/synthetic/20/4-111671-A-42.wav
4-111671-A-42,benchmark_data/external/esc50/audio/4-111671-A-42.wav,siren,gaussian,15,15.000000106192015,police_car_siren,Police car (siren),0.6952873468399048,False,benchmark_data/expanded_generated/ced/synthetic/15/4-111671-A-42.wav
4-111671-A-42,benchmark_data/external/esc50/audio/4-111671-A-42.wav,siren,gaussian,10,9.999999761967938,police_car_siren,Police car (siren),0.6898040175437927,False,benchmark_data/expanded_generated/ced/synthetic/10/4-111671-A-42.wav
4-111671-A-42,benchmark_data/external/esc50/audio/4-111671-A-42.wav,siren,gaussian,5,5.000000151238018,police_car_siren,Police car (siren),0.663534939289093,False,benchmark_data/expanded_generated/ced/synthetic/5/4-111671-A-42.wav
4-111671-A-42,benchmark_data/external/esc50/audio/4-111671-A-42.wav,siren,gaussian,0,3.7664339749225087e-07,police_car_siren,Police car (siren),0.6529864072799683,False,benchmark_data/expanded_generated/ced/synthetic/0/4-111671-A-42.wav
4-111671-B-42,benchmark_data/external/esc50/audio/4-111671-B-42.wav,siren,gaussian,20,20.000000226959003,siren,Siren,0.6795877814292908,True,benchmark_data/expanded_generated/ced/synthetic/20/4-111671-B-42.wav
4-111671-B-42,benchmark_data/external/esc50/audio/4-111671-B-42.wav,siren,gaussian,15,14.999999958824395,siren,Siren,0.6625749468803406,True,benchmark_data/expanded_generated/ced/synthetic/15/4-111671-B-42.wav
4-111671-B-42,benchmark_data/external/esc50/audio/4-111671-B-42.wav,siren,gaussian,10,9.99999979511798,emergency_vehicle,Emergency vehicle,0.663659393787384,False,benchmark_data/expanded_generated/ced/synthetic/10/4-111671-B-42.wav
4-111671-B-42,benchmark_data/external/esc50/audio/4-111671-B-42.wav,siren,gaussian,5,4.999999791167305,emergency_vehicle,Emergency vehicle,0.6588238477706909,False,benchmark_data/expanded_generated/ced/synthetic/5/4-111671-B-42.wav
4-111671-B-42,benchmark_data/external/esc50/audio/4-111671-B-42.wav,siren,gaussian,0,1.2732703977389387e-07,emergency_vehicle,Emergency vehicle,0.6478063464164734,False,benchmark_data/expanded_generated/ced/synthetic/0/4-111671-B-42.wav
4-121532-A-42,benchmark_data/external/esc50/audio/4-121532-A-42.wav,siren,gaussian,20,19.999999808534646,siren,Siren,0.7114688754081726,True,benchmark_data/expanded_generated/ced/synthetic/20/4-121532-A-42.wav
4-121532-A-42,benchmark_data/external/esc50/audio/4-121532-A-42.wav,siren,gaussian,15,15.00000021938813,siren,Siren,0.7021166682243347,True,benchmark_data/expanded_generated/ced/synthetic/15/4-121532-A-42.wav
4-121532-A-42,benchmark_data/external/esc50/audio/4-121532-A-42.wav,siren,gaussian,10,9.999999585899,siren,Siren,0.694774866104126,True,benchmark_data/expanded_generated/ced/synthetic/10/4-121532-A-42.wav
4-121532-A-42,benchmark_data/external/esc50/audio/4-121532-A-42.wav,siren,gaussian,5,4.9999999797358,siren,Siren,0.6851356625556946,True,benchmark_data/expanded_generated/ced/synthetic/5/4-121532-A-42.wav
4-121532-A-42,benchmark_data/external/esc50/audio/4-121532-A-42.wav,siren,gaussian,0,-6.514258967248212e-08,siren,Siren,0.6739234328269958,True,benchmark_data/expanded_generated/ced/synthetic/0/4-121532-A-42.wav
4-164661-A-12,benchmark_data/external/esc50/audio/4-164661-A-12.wav,fire,gaussian,20,20.000000048121137,vehicle,Vehicle,0.56377112865448,False,benchmark_data/expanded_generated/ced/synthetic/20/4-164661-A-12.wav
4-164661-A-12,benchmark_data/external/esc50/audio/4-164661-A-12.wav,fire,gaussian,15,15.000000087617906,vehicle,Vehicle,0.5447843074798584,False,benchmark_data/expanded_generated/ced/synthetic/15/4-164661-A-12.wav
4-164661-A-12,benchmark_data/external/esc50/audio/4-164661-A-12.wav,fire,gaussian,10,10.000000207338008,rain_on_surface,Rain on surface,0.5398315191268921,False,benchmark_data/expanded_generated/ced/synthetic/10/4-164661-A-12.wav
4-164661-A-12,benchmark_data/external/esc50/audio/4-164661-A-12.wav,fire,gaussian,5,4.9999997681012704,rain_on_surface,Rain on surface,0.5554249286651611,False,benchmark_data/expanded_generated/ced/synthetic/5/4-164661-A-12.wav
4-164661-A-12,benchmark_data/external/esc50/audio/4-164661-A-12.wav,fire,gaussian,0,-3.299318282137375e-07,pink_noise,Pink noise,0.5836656093597412,False,benchmark_data/expanded_generated/ced/synthetic/0/4-164661-A-12.wav
4-164661-B-12,benchmark_data/external/esc50/audio/4-164661-B-12.wav,fire,gaussian,20,20.000000351851362,inside_small_room,"Inside, small room",0.5126385688781738,False,benchmark_data/expanded_generated/ced/synthetic/20/4-164661-B-12.wav
4-164661-B-12,benchmark_data/external/esc50/audio/4-164661-B-12.wav,fire,gaussian,15,15.000000118235873,white_noise,White noise,0.5211682915687561,False,benchmark_data/expanded_generated/ced/synthetic/15/4-164661-B-12.wav
4-164661-B-12,benchmark_data/external/esc50/audio/4-164661-B-12.wav,fire,gaussian,10,10.000000050231279,white_noise,White noise,0.5397094488143921,False,benchmark_data/expanded_generated/ced/synthetic/10/4-164661-B-12.wav
4-164661-B-12,benchmark_data/external/esc50/audio/4-164661-B-12.wav,fire,gaussian,5,4.999999923049397,white_noise,White noise,0.55552077293396,False,benchmark_data/expanded_generated/ced/synthetic/5/4-164661-B-12.wav
4-164661-B-12,benchmark_data/external/esc50/audio/4-164661-B-12.wav,fire,gaussian,0,1.0427933590423965e-07,pink_noise,Pink noise,0.5686801075935364,False,benchmark_data/expanded_generated/ced/synthetic/0/4-164661-B-12.wav
4-167077-A-20,benchmark_data/external/esc50/audio/4-167077-A-20.wav,baby_crying,gaussian,20,20.00000040324459,baby_crying,"Baby cry, infant cry",0.6565474271774292,True,benchmark_data/expanded_generated/ced/synthetic/20/4-167077-A-20.wav
4-167077-A-20,benchmark_data/external/esc50/audio/4-167077-A-20.wav,baby_crying,gaussian,15,15.000000201575725,baby_crying,"Baby cry, infant cry",0.6455530524253845,True,benchmark_data/expanded_generated/ced/synthetic/15/4-167077-A-20.wav
4-167077-A-20,benchmark_data/external/esc50/audio/4-167077-A-20.wav,baby_crying,gaussian,10,9.999999961727827,baby_crying,"Baby cry, infant cry",0.6164510846138,True,benchmark_data/expanded_generated/ced/synthetic/10/4-167077-A-20.wav
4-167077-A-20,benchmark_data/external/esc50/audio/4-167077-A-20.wav,baby_crying,gaussian,5,5.000000013605202,baby_crying,"Baby cry, infant cry",0.6002517938613892,True,benchmark_data/expanded_generated/ced/synthetic/5/4-167077-A-20.wav
4-167077-A-20,benchmark_data/external/esc50/audio/4-167077-A-20.wav,baby_crying,gaussian,0,-9.663714218541041e-08,baby_crying,"Baby cry, infant cry",0.5816226601600647,True,benchmark_data/expanded_generated/ced/synthetic/0/4-167077-A-20.wav
4-167077-B-20,benchmark_data/external/esc50/audio/4-167077-B-20.wav,baby_crying,gaussian,20,20.000000180706614,baby_crying,"Baby cry, infant cry",0.6403449177742004,True,benchmark_data/expanded_generated/ced/synthetic/20/4-167077-B-20.wav
4-167077-B-20,benchmark_data/external/esc50/audio/4-167077-B-20.wav,baby_crying,gaussian,15,15.000000262370277,baby_crying,"Baby cry, infant cry",0.6245644092559814,True,benchmark_data/expanded_generated/ced/synthetic/15/4-167077-B-20.wav
4-167077-B-20,benchmark_data/external/esc50/audio/4-167077-B-20.wav,baby_crying,gaussian,10,10.000000328508463,baby_crying,"Baby cry, infant cry",0.618355393409729,True,benchmark_data/expanded_generated/ced/synthetic/10/4-167077-B-20.wav
4-167077-B-20,benchmark_data/external/esc50/audio/4-167077-B-20.wav,baby_crying,gaussian,5,4.999999715914011,baby_crying,"Baby cry, infant cry",0.6073400378227234,True,benchmark_data/expanded_generated/ced/synthetic/5/4-167077-B-20.wav
4-167077-B-20,benchmark_data/external/esc50/audio/4-167077-B-20.wav,baby_crying,gaussian,0,1.2636188685712382e-07,baby_crying,"Baby cry, infant cry",0.6340222954750061,True,benchmark_data/expanded_generated/ced/synthetic/0/4-167077-B-20.wav
4-167077-C-20,benchmark_data/external/esc50/audio/4-167077-C-20.wav,baby_crying,gaussian,20,19.999999913043677,baby_crying,"Baby cry, infant cry",0.6567225456237793,True,benchmark_data/expanded_generated/ced/synthetic/20/4-167077-C-20.wav
4-167077-C-20,benchmark_data/external/esc50/audio/4-167077-C-20.wav,baby_crying,gaussian,15,14.999999976246976,baby_crying,"Baby cry, infant cry",0.6494779586791992,True,benchmark_data/expanded_generated/ced/synthetic/15/4-167077-C-20.wav
4-167077-C-20,benchmark_data/external/esc50/audio/4-167077-C-20.wav,baby_crying,gaussian,10,9.999999764665002,baby_crying,"Baby cry, infant cry",0.6388466954231262,True,benchmark_data/expanded_generated/ced/synthetic/10/4-167077-C-20.wav
4-167077-C-20,benchmark_data/external/esc50/audio/4-167077-C-20.wav,baby_crying,gaussian,5,4.999999779772387,baby_crying,"Baby cry, infant cry",0.6362621784210205,True,benchmark_data/expanded_generated/ced/synthetic/5/4-167077-C-20.wav
4-167077-C-20,benchmark_data/external/esc50/audio/4-167077-C-20.wav,baby_crying,gaussian,0,1.223766821533939e-07,baby_crying,"Baby cry, infant cry",0.6083094477653503,True,benchmark_data/expanded_generated/ced/synthetic/0/4-167077-C-20.wav
4-170247-A-12,benchmark_data/external/esc50/audio/4-170247-A-12.wav,fire,gaussian,20,19.999999803292873,fire,Fire,0.569797158241272,True,benchmark_data/expanded_generated/ced/synthetic/20/4-170247-A-12.wav
4-170247-A-12,benchmark_data/external/esc50/audio/4-170247-A-12.wav,fire,gaussian,15,14.999999705553302,rain,Rain,0.5585317015647888,False,benchmark_data/expanded_generated/ced/synthetic/15/4-170247-A-12.wav
4-170247-A-12,benchmark_data/external/esc50/audio/4-170247-A-12.wav,fire,gaussian,10,9.99999977112495,pink_noise,Pink noise,0.5594426989555359,False,benchmark_data/expanded_generated/ced/synthetic/10/4-170247-A-12.wav
4-170247-A-12,benchmark_data/external/esc50/audio/4-170247-A-12.wav,fire,gaussian,5,4.99999988964572,pink_noise,Pink noise,0.5467796325683594,False,benchmark_data/expanded_generated/ced/synthetic/5/4-170247-A-12.wav
4-170247-A-12,benchmark_data/external/esc50/audio/4-170247-A-12.wav,fire,gaussian,0,1.8168283959493037e-07,pink_noise,Pink noise,0.5528680682182312,False,benchmark_data/expanded_generated/ced/synthetic/0/4-170247-A-12.wav
4-170247-B-12,benchmark_data/external/esc50/audio/4-170247-B-12.wav,fire,gaussian,20,19.999999806502476,fire,Fire,0.5589470267295837,True,benchmark_data/expanded_generated/ced/synthetic/20/4-170247-B-12.wav
4-170247-B-12,benchmark_data/external/esc50/audio/4-170247-B-12.wav,fire,gaussian,15,14.999999701718295,white_noise,White noise,0.5353813767433167,False,benchmark_data/expanded_generated/ced/synthetic/15/4-170247-B-12.wav
4-170247-B-12,benchmark_data/external/esc50/audio/4-170247-B-12.wav,fire,gaussian,10,10.000000360073605,pink_noise,Pink noise,0.568333089351654,False,benchmark_data/expanded_generated/ced/synthetic/10/4-170247-B-12.wav
4-170247-B-12,benchmark_data/external/esc50/audio/4-170247-B-12.wav,fire,gaussian,5,4.999999901899811,pink_noise,Pink noise,0.565708339214325,False,benchmark_data/expanded_generated/ced/synthetic/5/4-170247-B-12.wav
4-170247-B-12,benchmark_data/external/esc50/audio/4-170247-B-12.wav,fire,gaussian,0,1.0139639604494946e-07,pink_noise,Pink noise,0.5543006658554077,False,benchmark_data/expanded_generated/ced/synthetic/0/4-170247-B-12.wav
4-171207-A-12,benchmark_data/external/esc50/audio/4-171207-A-12.wav,fire,gaussian,20,20.000000180200267,vehicle,Vehicle,0.5485548377037048,False,benchmark_data/expanded_generated/ced/synthetic/20/4-171207-A-12.wav
4-171207-A-12,benchmark_data/external/esc50/audio/4-171207-A-12.wav,fire,gaussian,15,15.000000156343859,white_noise,White noise,0.5689305663108826,False,benchmark_data/expanded_generated/ced/synthetic/15/4-171207-A-12.wav
4-171207-A-12,benchmark_data/external/esc50/audio/4-171207-A-12.wav,fire,gaussian,10,9.999999733709956,pink_noise,Pink noise,0.5955694913864136,False,benchmark_data/expanded_generated/ced/synthetic/10/4-171207-A-12.wav
4-171207-A-12,benchmark_data/external/esc50/audio/4-171207-A-12.wav,fire,gaussian,5,5.000000161088538,pink_noise,Pink noise,0.5948290228843689,False,benchmark_data/expanded_generated/ced/synthetic/5/4-171207-A-12.wav
4-171207-A-12,benchmark_data/external/esc50/audio/4-171207-A-12.wav,fire,gaussian,0,2.5327068825401184e-07,pink_noise,Pink noise,0.5859286785125732,False,benchmark_data/expanded_generated/ced/synthetic/0/4-171207-A-12.wav
4-175845-A-43,benchmark_data/external/esc50/audio/4-175845-A-43.wav,vehicle_horn,gaussian,20,20.00000014415631,vehicle,Vehicle,0.6849744915962219,False,benchmark_data/expanded_generated/ced/synthetic/20/4-175845-A-43.wav
4-175845-A-43,benchmark_data/external/esc50/audio/4-175845-A-43.wav,vehicle_horn,gaussian,15,15.000000364092866,vehicle,Vehicle,0.6775073409080505,False,benchmark_data/expanded_generated/ced/synthetic/15/4-175845-A-43.wav
4-175845-A-43,benchmark_data/external/esc50/audio/4-175845-A-43.wav,vehicle_horn,gaussian,10,9.99999998000497,vehicle,Vehicle,0.6681517958641052,False,benchmark_data/expanded_generated/ced/synthetic/10/4-175845-A-43.wav
4-175845-A-43,benchmark_data/external/esc50/audio/4-175845-A-43.wav,vehicle_horn,gaussian,5,4.9999997683189275,vehicle,Vehicle,0.6558696031570435,False,benchmark_data/expanded_generated/ced/synthetic/5/4-175845-A-43.wav
4-175845-A-43,benchmark_data/external/esc50/audio/4-175845-A-43.wav,vehicle_horn,gaussian,0,2.2274313520197786e-08,vehicle,Vehicle,0.6177219152450562,False,benchmark_data/expanded_generated/ced/synthetic/0/4-175845-A-43.wav
4-175846-A-43,benchmark_data/external/esc50/audio/4-175846-A-43.wav,vehicle_horn,gaussian,20,19.999999751703662,vehicle_horn,"Vehicle horn, car horn, honking",0.65504390001297,True,benchmark_data/expanded_generated/ced/synthetic/20/4-175846-A-43.wav
4-175846-A-43,benchmark_data/external/esc50/audio/4-175846-A-43.wav,vehicle_horn,gaussian,15,14.999999700473662,vehicle_horn,"Vehicle horn, car horn, honking",0.6411827206611633,True,benchmark_data/expanded_generated/ced/synthetic/15/4-175846-A-43.wav
4-175846-A-43,benchmark_data/external/esc50/audio/4-175846-A-43.wav,vehicle_horn,gaussian,10,9.999999822840685,vehicle,Vehicle,0.6254987120628357,False,benchmark_data/expanded_generated/ced/synthetic/10/4-175846-A-43.wav
4-175846-A-43,benchmark_data/external/esc50/audio/4-175846-A-43.wav,vehicle_horn,gaussian,5,4.999999842827164,vehicle_horn,"Vehicle horn, car horn, honking",0.6222385168075562,True,benchmark_data/expanded_generated/ced/synthetic/5/4-175846-A-43.wav
4-175846-A-43,benchmark_data/external/esc50/audio/4-175846-A-43.wav,vehicle_horn,gaussian,0,-2.728430577590977e-07,vehicle,Vehicle,0.603672981262207,False,benchmark_data/expanded_generated/ced/synthetic/0/4-175846-A-43.wav
4-175855-A-43,benchmark_data/external/esc50/audio/4-175855-A-43.wav,vehicle_horn,gaussian,20,20.000000230854056,vehicle_horn,"Vehicle horn, car horn, honking",0.6792243123054504,True,benchmark_data/expanded_generated/ced/synthetic/20/4-175855-A-43.wav
4-175855-A-43,benchmark_data/external/esc50/audio/4-175855-A-43.wav,vehicle_horn,gaussian,15,14.99999995532319,vehicle_horn,"Vehicle horn, car horn, honking",0.6738284826278687,True,benchmark_data/expanded_generated/ced/synthetic/15/4-175855-A-43.wav
4-175855-A-43,benchmark_data/external/esc50/audio/4-175855-A-43.wav,vehicle_horn,gaussian,10,10.000000208820447,vehicle,Vehicle,0.6536708474159241,False,benchmark_data/expanded_generated/ced/synthetic/10/4-175855-A-43.wav
4-175855-A-43,benchmark_data/external/esc50/audio/4-175855-A-43.wav,vehicle_horn,gaussian,5,5.000000489023211,vehicle,Vehicle,0.6652206182479858,False,benchmark_data/expanded_generated/ced/synthetic/5/4-175855-A-43.wav
4-175855-A-43,benchmark_data/external/esc50/audio/4-175855-A-43.wav,vehicle_horn,gaussian,0,-2.7899374490223685e-07,vehicle,Vehicle,0.6546295881271362,False,benchmark_data/expanded_generated/ced/synthetic/0/4-175855-A-43.wav
4-175856-A-43,benchmark_data/external/esc50/audio/4-175856-A-43.wav,vehicle_horn,gaussian,20,19.999999986359686,vehicle_horn,"Vehicle horn, car horn, honking",0.6899793148040771,True,benchmark_data/expanded_generated/ced/synthetic/20/4-175856-A-43.wav
4-175856-A-43,benchmark_data/external/esc50/audio/4-175856-A-43.wav,vehicle_horn,gaussian,15,15.000000047379816,vehicle_horn,"Vehicle horn, car horn, honking",0.6717963218688965,True,benchmark_data/expanded_generated/ced/synthetic/15/4-175856-A-43.wav
4-175856-A-43,benchmark_data/external/esc50/audio/4-175856-A-43.wav,vehicle_horn,gaussian,10,9.999999947413373,vehicle,Vehicle,0.6583869457244873,False,benchmark_data/expanded_generated/ced/synthetic/10/4-175856-A-43.wav
4-175856-A-43,benchmark_data/external/esc50/audio/4-175856-A-43.wav,vehicle_horn,gaussian,5,5.000000155831757,vehicle,Vehicle,0.6554257273674011,False,benchmark_data/expanded_generated/ced/synthetic/5/4-175856-A-43.wav
4-175856-A-43,benchmark_data/external/esc50/audio/4-175856-A-43.wav,vehicle_horn,gaussian,0,1.8069292661268412e-07,vehicle,Vehicle,0.6437727808952332,False,benchmark_data/expanded_generated/ced/synthetic/0/4-175856-A-43.wav
4-176631-A-43,benchmark_data/external/esc50/audio/4-176631-A-43.wav,vehicle_horn,gaussian,20,19.999999867099852,vehicle,Vehicle,0.6725241541862488,False,benchmark_data/expanded_generated/ced/synthetic/20/4-176631-A-43.wav
4-176631-A-43,benchmark_data/external/esc50/audio/4-176631-A-43.wav,vehicle_horn,gaussian,15,15.00000034309047,vehicle,Vehicle,0.6717221140861511,False,benchmark_data/expanded_generated/ced/synthetic/15/4-176631-A-43.wav
4-176631-A-43,benchmark_data/external/esc50/audio/4-176631-A-43.wav,vehicle_horn,gaussian,10,10.00000004579391,vehicle,Vehicle,0.6713818311691284,False,benchmark_data/expanded_generated/ced/synthetic/10/4-176631-A-43.wav
4-176631-A-43,benchmark_data/external/esc50/audio/4-176631-A-43.wav,vehicle_horn,gaussian,5,5.000000166345569,vehicle,Vehicle,0.654289722442627,False,benchmark_data/expanded_generated/ced/synthetic/5/4-176631-A-43.wav
4-176631-A-43,benchmark_data/external/esc50/audio/4-176631-A-43.wav,vehicle_horn,gaussian,0,-2.38642891923918e-07,vehicle,Vehicle,0.6366775631904602,False,benchmark_data/expanded_generated/ced/synthetic/0/4-176631-A-43.wav
4-176638-A-43,benchmark_data/external/esc50/audio/4-176638-A-43.wav,vehicle_horn,gaussian,20,20.000000242193792,vehicle_horn,"Vehicle horn, car horn, honking",0.7031673789024353,True,benchmark_data/expanded_generated/ced/synthetic/20/4-176638-A-43.wav
4-176638-A-43,benchmark_data/external/esc50/audio/4-176638-A-43.wav,vehicle_horn,gaussian,15,14.999999724956613,vehicle_horn,"Vehicle horn, car horn, honking",0.699501097202301,True,benchmark_data/expanded_generated/ced/synthetic/15/4-176638-A-43.wav
4-176638-A-43,benchmark_data/external/esc50/audio/4-176638-A-43.wav,vehicle_horn,gaussian,10,10.000000251026865,vehicle_horn,"Vehicle horn, car horn, honking",0.6861540079116821,True,benchmark_data/expanded_generated/ced/synthetic/10/4-176638-A-43.wav
4-176638-A-43,benchmark_data/external/esc50/audio/4-176638-A-43.wav,vehicle_horn,gaussian,5,5.000000126276733,vehicle_horn,"Vehicle horn, car horn, honking",0.6828157901763916,True,benchmark_data/expanded_generated/ced/synthetic/5/4-176638-A-43.wav
4-176638-A-43,benchmark_data/external/esc50/audio/4-176638-A-43.wav,vehicle_horn,gaussian,0,-5.331382680170653e-08,vehicle_horn,"Vehicle horn, car horn, honking",0.6700789928436279,True,benchmark_data/expanded_generated/ced/synthetic/0/4-176638-A-43.wav
4-178402-A-43,benchmark_data/external/esc50/audio/4-178402-A-43.wav,vehicle_horn,gaussian,20,19.999999885188032,vehicle_horn,"Vehicle horn, car horn, honking",0.6327074766159058,True,benchmark_data/expanded_generated/ced/synthetic/20/4-178402-A-43.wav
4-178402-A-43,benchmark_data/external/esc50/audio/4-178402-A-43.wav,vehicle_horn,gaussian,15,15.000000141367202,vehicle_horn,"Vehicle horn, car horn, honking",0.620337963104248,True,benchmark_data/expanded_generated/ced/synthetic/15/4-178402-A-43.wav
4-178402-A-43,benchmark_data/external/esc50/audio/4-178402-A-43.wav,vehicle_horn,gaussian,10,9.999999958812868,vehicle_horn,"Vehicle horn, car horn, honking",0.6047869324684143,True,benchmark_data/expanded_generated/ced/synthetic/10/4-178402-A-43.wav
4-178402-A-43,benchmark_data/external/esc50/audio/4-178402-A-43.wav,vehicle_horn,gaussian,5,4.999999964332382,vehicle,Vehicle,0.5987086296081543,False,benchmark_data/expanded_generated/ced/synthetic/5/4-178402-A-43.wav
4-178402-A-43,benchmark_data/external/esc50/audio/4-178402-A-43.wav,vehicle_horn,gaussian,0,1.8257216358114257e-07,vehicle,Vehicle,0.5925835967063904,False,benchmark_data/expanded_generated/ced/synthetic/0/4-178402-A-43.wav
4-181563-A-12,benchmark_data/external/esc50/audio/4-181563-A-12.wav,fire,gaussian,20,20.00000024688998,rain_on_surface,Rain on surface,0.5844814777374268,False,benchmark_data/expanded_generated/ced/synthetic/20/4-181563-A-12.wav
4-181563-A-12,benchmark_data/external/esc50/audio/4-181563-A-12.wav,fire,gaussian,15,15.000000107783977,rain_on_surface,Rain on surface,0.628418505191803,False,benchmark_data/expanded_generated/ced/synthetic/15/4-181563-A-12.wav
4-181563-A-12,benchmark_data/external/esc50/audio/4-181563-A-12.wav,fire,gaussian,10,9.99999996565872,rain,Rain,0.6327869296073914,False,benchmark_data/expanded_generated/ced/synthetic/10/4-181563-A-12.wav
4-181563-A-12,benchmark_data/external/esc50/audio/4-181563-A-12.wav,fire,gaussian,5,5.000000231531596,rain,Rain,0.5573101043701172,False,benchmark_data/expanded_generated/ced/synthetic/5/4-181563-A-12.wav
4-181563-A-12,benchmark_data/external/esc50/audio/4-181563-A-12.wav,fire,gaussian,0,2.2429381358826324e-07,rain,Rain,0.5303975939750671,False,benchmark_data/expanded_generated/ced/synthetic/0/4-181563-A-12.wav
4-182034-A-30,benchmark_data/external/esc50/audio/4-182034-A-30.wav,door_activity,gaussian,20,19.99999990383561,door_activity,Knock,0.7115213871002197,True,benchmark_data/expanded_generated/ced/synthetic/20/4-182034-A-30.wav
4-182034-A-30,benchmark_data/external/esc50/audio/4-182034-A-30.wav,door_activity,gaussian,15,14.999999959842805,door_activity,Knock,0.7129383087158203,True,benchmark_data/expanded_generated/ced/synthetic/15/4-182034-A-30.wav
4-182034-A-30,benchmark_data/external/esc50/audio/4-182034-A-30.wav,door_activity,gaussian,10,9.999999668551553,door_activity,Knock,0.7088724374771118,True,benchmark_data/expanded_generated/ced/synthetic/10/4-182034-A-30.wav
4-182034-A-30,benchmark_data/external/esc50/audio/4-182034-A-30.wav,door_activity,gaussian,5,4.99999960189695,door_activity,Knock,0.7107044458389282,True,benchmark_data/expanded_generated/ced/synthetic/5/4-182034-A-30.wav
4-182034-A-30,benchmark_data/external/esc50/audio/4-182034-A-30.wav,door_activity,gaussian,0,3.9658323772629915e-08,door_activity,Knock,0.6794161200523376,True,benchmark_data/expanded_generated/ced/synthetic/0/4-182034-A-30.wav
4-182039-A-30,benchmark_data/external/esc50/audio/4-182039-A-30.wav,door_activity,gaussian,20,20.0000004297649,door_activity,Knock,0.7164812088012695,True,benchmark_data/expanded_generated/ced/synthetic/20/4-182039-A-30.wav
4-182039-A-30,benchmark_data/external/esc50/audio/4-182039-A-30.wav,door_activity,gaussian,15,14.999999863705584,door_activity,Knock,0.7145379185676575,True,benchmark_data/expanded_generated/ced/synthetic/15/4-182039-A-30.wav
4-182039-A-30,benchmark_data/external/esc50/audio/4-182039-A-30.wav,door_activity,gaussian,10,10.000000167269587,door_activity,Knock,0.7064802646636963,True,benchmark_data/expanded_generated/ced/synthetic/10/4-182039-A-30.wav
4-182039-A-30,benchmark_data/external/esc50/audio/4-182039-A-30.wav,door_activity,gaussian,5,5.000000006099715,door_activity,Knock,0.7050890326499939,True,benchmark_data/expanded_generated/ced/synthetic/5/4-182039-A-30.wav
4-182039-A-30,benchmark_data/external/esc50/audio/4-182039-A-30.wav,door_activity,gaussian,0,9.54771651141443e-08,door_activity,Knock,0.6775445938110352,True,benchmark_data/expanded_generated/ced/synthetic/0/4-182039-A-30.wav
4-182041-A-30,benchmark_data/external/esc50/audio/4-182041-A-30.wav,door_activity,gaussian,20,20.000000031263774,door_activity,Knock,0.7230730056762695,True,benchmark_data/expanded_generated/ced/synthetic/20/4-182041-A-30.wav
4-182041-A-30,benchmark_data/external/esc50/audio/4-182041-A-30.wav,door_activity,gaussian,15,14.999999665240631,door_activity,Knock,0.7212206721305847,True,benchmark_data/expanded_generated/ced/synthetic/15/4-182041-A-30.wav
4-182041-A-30,benchmark_data/external/esc50/audio/4-182041-A-30.wav,door_activity,gaussian,10,9.999999608871201,door_activity,Knock,0.7247464060783386,True,benchmark_data/expanded_generated/ced/synthetic/10/4-182041-A-30.wav
4-182041-A-30,benchmark_data/external/esc50/audio/4-182041-A-30.wav,door_activity,gaussian,5,4.999999828006895,door_activity,Knock,0.7221450209617615,True,benchmark_data/expanded_generated/ced/synthetic/5/4-182041-A-30.wav
4-182041-A-30,benchmark_data/external/esc50/audio/4-182041-A-30.wav,door_activity,gaussian,0,-1.5224381921457706e-07,door_activity,Knock,0.7189014554023743,True,benchmark_data/expanded_generated/ced/synthetic/0/4-182041-A-30.wav
4-182368-A-12,benchmark_data/external/esc50/audio/4-182368-A-12.wav,fire,gaussian,20,19.999999584465158,fire,Fire,0.5513075590133667,True,benchmark_data/expanded_generated/ced/synthetic/20/4-182368-A-12.wav
4-182368-A-12,benchmark_data/external/esc50/audio/4-182368-A-12.wav,fire,gaussian,15,15.00000023592432,fire,Fire,0.5530416965484619,True,benchmark_data/expanded_generated/ced/synthetic/15/4-182368-A-12.wav
4-182368-A-12,benchmark_data/external/esc50/audio/4-182368-A-12.wav,fire,gaussian,10,9.99999988765597,patter,Patter,0.5525869131088257,False,benchmark_data/expanded_generated/ced/synthetic/10/4-182368-A-12.wav
4-182368-A-12,benchmark_data/external/esc50/audio/4-182368-A-12.wav,fire,gaussian,5,4.99999984664564,patter,Patter,0.5535768270492554,False,benchmark_data/expanded_generated/ced/synthetic/5/4-182368-A-12.wav
4-182368-A-12,benchmark_data/external/esc50/audio/4-182368-A-12.wav,fire,gaussian,0,1.717231249311752e-07,rustle,Rustle,0.5388987064361572,False,benchmark_data/expanded_generated/ced/synthetic/0/4-182368-A-12.wav
4-182369-A-12,benchmark_data/external/esc50/audio/4-182369-A-12.wav,fire,gaussian,20,20.00000026754975,fire,Fire,0.5807861685752869,True,benchmark_data/expanded_generated/ced/synthetic/20/4-182369-A-12.wav
4-182369-A-12,benchmark_data/external/esc50/audio/4-182369-A-12.wav,fire,gaussian,15,15.000000043293744,fire,Fire,0.5975234508514404,True,benchmark_data/expanded_generated/ced/synthetic/15/4-182369-A-12.wav
4-182369-A-12,benchmark_data/external/esc50/audio/4-182369-A-12.wav,fire,gaussian,10,10.000000020606718,fire,Fire,0.5785295963287354,True,benchmark_data/expanded_generated/ced/synthetic/10/4-182369-A-12.wav
4-182369-A-12,benchmark_data/external/esc50/audio/4-182369-A-12.wav,fire,gaussian,5,4.999999926633937,fire,Fire,0.5822534561157227,True,benchmark_data/expanded_generated/ced/synthetic/5/4-182369-A-12.wav
4-182369-A-12,benchmark_data/external/esc50/audio/4-182369-A-12.wav,fire,gaussian,0,1.91598008105258e-07,fire,Fire,0.536137580871582,True,benchmark_data/expanded_generated/ced/synthetic/0/4-182369-A-12.wav
4-182395-A-0,benchmark_data/external/esc50/audio/4-182395-A-0.wav,dog_barking,gaussian,20,19.99999995534376,dog,Dog,0.6732901334762573,False,benchmark_data/expanded_generated/ced/synthetic/20/4-182395-A-0.wav
4-182395-A-0,benchmark_data/external/esc50/audio/4-182395-A-0.wav,dog_barking,gaussian,15,14.999999750518791,dog,Dog,0.6513709425926208,False,benchmark_data/expanded_generated/ced/synthetic/15/4-182395-A-0.wav
4-182395-A-0,benchmark_data/external/esc50/audio/4-182395-A-0.wav,dog_barking,gaussian,10,9.999999893094442,animal,Animal,0.6450331211090088,False,benchmark_data/expanded_generated/ced/synthetic/10/4-182395-A-0.wav
4-182395-A-0,benchmark_data/external/esc50/audio/4-182395-A-0.wav,dog_barking,gaussian,5,4.99999994845664,dog_barking,Bark,0.6336143612861633,True,benchmark_data/expanded_generated/ced/synthetic/5/4-182395-A-0.wav
4-182395-A-0,benchmark_data/external/esc50/audio/4-182395-A-0.wav,dog_barking,gaussian,0,1.7663598561510425e-07,dog_barking,Bark,0.6352678537368774,True,benchmark_data/expanded_generated/ced/synthetic/0/4-182395-A-0.wav
4-183992-A-0,benchmark_data/external/esc50/audio/4-183992-A-0.wav,dog_barking,gaussian,20,20.000000207118983,animal,Animal,0.6725467443466187,False,benchmark_data/expanded_generated/ced/synthetic/20/4-183992-A-0.wav
4-183992-A-0,benchmark_data/external/esc50/audio/4-183992-A-0.wav,dog_barking,gaussian,15,14.999999729689026,animal,Animal,0.6606900691986084,False,benchmark_data/expanded_generated/ced/synthetic/15/4-183992-A-0.wav
4-183992-A-0,benchmark_data/external/esc50/audio/4-183992-A-0.wav,dog_barking,gaussian,10,9.999999578026296,animal,Animal,0.6439128518104553,False,benchmark_data/expanded_generated/ced/synthetic/10/4-183992-A-0.wav
4-183992-A-0,benchmark_data/external/esc50/audio/4-183992-A-0.wav,dog_barking,gaussian,5,5.000000290519439,animal,Animal,0.6352405548095703,False,benchmark_data/expanded_generated/ced/synthetic/5/4-183992-A-0.wav
4-183992-A-0,benchmark_data/external/esc50/audio/4-183992-A-0.wav,dog_barking,gaussian,0,6.187909965922037e-08,animal,Animal,0.6188470721244812,False,benchmark_data/expanded_generated/ced/synthetic/0/4-183992-A-0.wav
4-184575-A-0,benchmark_data/external/esc50/audio/4-184575-A-0.wav,dog_barking,gaussian,20,20.00000000673843,animal,Animal,0.6577625870704651,False,benchmark_data/expanded_generated/ced/synthetic/20/4-184575-A-0.wav
4-184575-A-0,benchmark_data/external/esc50/audio/4-184575-A-0.wav,dog_barking,gaussian,15,15.000000263953252,animal,Animal,0.6362246870994568,False,benchmark_data/expanded_generated/ced/synthetic/15/4-184575-A-0.wav
4-184575-A-0,benchmark_data/external/esc50/audio/4-184575-A-0.wav,dog_barking,gaussian,10,10.00000018399125,animal,Animal,0.6015811562538147,False,benchmark_data/expanded_generated/ced/synthetic/10/4-184575-A-0.wav
4-184575-A-0,benchmark_data/external/esc50/audio/4-184575-A-0.wav,dog_barking,gaussian,5,5.000000278827161,animal,Animal,0.5852490663528442,False,benchmark_data/expanded_generated/ced/synthetic/5/4-184575-A-0.wav
4-184575-A-0,benchmark_data/external/esc50/audio/4-184575-A-0.wav,dog_barking,gaussian,0,-3.0322649455709133e-07,animal,Animal,0.5666682124137878,False,benchmark_data/expanded_generated/ced/synthetic/0/4-184575-A-0.wav
4-185575-A-20,benchmark_data/external/esc50/audio/4-185575-A-20.wav,baby_crying,gaussian,20,19.999999585448727,baby_crying,"Baby cry, infant cry",0.6117720007896423,True,benchmark_data/expanded_generated/ced/synthetic/20/4-185575-A-20.wav
4-185575-A-20,benchmark_data/external/esc50/audio/4-185575-A-20.wav,baby_crying,gaussian,15,15.000000400501968,baby_crying,"Baby cry, infant cry",0.6237311959266663,True,benchmark_data/expanded_generated/ced/synthetic/15/4-185575-A-20.wav
4-185575-A-20,benchmark_data/external/esc50/audio/4-185575-A-20.wav,baby_crying,gaussian,10,10.000000149437753,crying_sobbing,"Crying, sobbing",0.6438755989074707,False,benchmark_data/expanded_generated/ced/synthetic/10/4-185575-A-20.wav
4-185575-A-20,benchmark_data/external/esc50/audio/4-185575-A-20.wav,baby_crying,gaussian,5,4.999999958669165,crying_sobbing,"Crying, sobbing",0.6224462389945984,False,benchmark_data/expanded_generated/ced/synthetic/5/4-185575-A-20.wav
4-185575-A-20,benchmark_data/external/esc50/audio/4-185575-A-20.wav,baby_crying,gaussian,0,1.6399881578564273e-07,crying_sobbing,"Crying, sobbing",0.6342889666557312,False,benchmark_data/expanded_generated/ced/synthetic/0/4-185575-A-20.wav
4-185575-B-20,benchmark_data/external/esc50/audio/4-185575-B-20.wav,baby_crying,gaussian,20,19.999999789869214,babbling,Babbling,0.6068339347839355,False,benchmark_data/expanded_generated/ced/synthetic/20/4-185575-B-20.wav
4-185575-B-20,benchmark_data/external/esc50/audio/4-185575-B-20.wav,baby_crying,gaussian,15,14.999999693121651,babbling,Babbling,0.5954923033714294,False,benchmark_data/expanded_generated/ced/synthetic/15/4-185575-B-20.wav
4-185575-B-20,benchmark_data/external/esc50/audio/4-185575-B-20.wav,baby_crying,gaussian,10,9.999999913078208,babbling,Babbling,0.5683150887489319,False,benchmark_data/expanded_generated/ced/synthetic/10/4-185575-B-20.wav
4-185575-B-20,benchmark_data/external/esc50/audio/4-185575-B-20.wav,baby_crying,gaussian,5,5.000000133979911,baby_crying,"Baby cry, infant cry",0.552789568901062,True,benchmark_data/expanded_generated/ced/synthetic/5/4-185575-B-20.wav
4-185575-B-20,benchmark_data/external/esc50/audio/4-185575-B-20.wav,baby_crying,gaussian,0,7.058266221474555e-08,baby_crying,"Baby cry, infant cry",0.5561922192573547,True,benchmark_data/expanded_generated/ced/synthetic/0/4-185575-B-20.wav
4-185575-C-20,benchmark_data/external/esc50/audio/4-185575-C-20.wav,baby_crying,gaussian,20,20.000000129823256,crying_sobbing,"Crying, sobbing",0.6322063207626343,False,benchmark_data/expanded_generated/ced/synthetic/20/4-185575-C-20.wav
4-185575-C-20,benchmark_data/external/esc50/audio/4-185575-C-20.wav,baby_crying,gaussian,15,15.000000303118542,crying_sobbing,"Crying, sobbing",0.630678117275238,False,benchmark_data/expanded_generated/ced/synthetic/15/4-185575-C-20.wav
4-185575-C-20,benchmark_data/external/esc50/audio/4-185575-C-20.wav,baby_crying,gaussian,10,9.999999911669528,crying_sobbing,"Crying, sobbing",0.6342324018478394,False,benchmark_data/expanded_generated/ced/synthetic/10/4-185575-C-20.wav
4-185575-C-20,benchmark_data/external/esc50/audio/4-185575-C-20.wav,baby_crying,gaussian,5,4.999999811242645,crying_sobbing,"Crying, sobbing",0.6064319014549255,False,benchmark_data/expanded_generated/ced/synthetic/5/4-185575-C-20.wav
4-185575-C-20,benchmark_data/external/esc50/audio/4-185575-C-20.wav,baby_crying,gaussian,0,-1.6564603583969237e-07,speech,Speech,0.5923925042152405,False,benchmark_data/expanded_generated/ced/synthetic/0/4-185575-C-20.wav
4-186518-A-30,benchmark_data/external/esc50/audio/4-186518-A-30.wav,door_activity,gaussian,20,20.000000260697597,door_activity,Knock,0.5789535641670227,True,benchmark_data/expanded_generated/ced/synthetic/20/4-186518-A-30.wav
4-186518-A-30,benchmark_data/external/esc50/audio/4-186518-A-30.wav,door_activity,gaussian,15,15.000000038475571,door_activity,Knock,0.5703741312026978,True,benchmark_data/expanded_generated/ced/synthetic/15/4-186518-A-30.wav
4-186518-A-30,benchmark_data/external/esc50/audio/4-186518-A-30.wav,door_activity,gaussian,10,10.000000153982143,door_activity,Knock,0.5585024952888489,True,benchmark_data/expanded_generated/ced/synthetic/10/4-186518-A-30.wav
4-186518-A-30,benchmark_data/external/esc50/audio/4-186518-A-30.wav,door_activity,gaussian,5,5.000000376180483,door_activity,Knock,0.621484637260437,True,benchmark_data/expanded_generated/ced/synthetic/5/4-186518-A-30.wav
4-186518-A-30,benchmark_data/external/esc50/audio/4-186518-A-30.wav,door_activity,gaussian,0,-1.7339454545450926e-08,door_activity,Knock,0.6337019205093384,True,benchmark_data/expanded_generated/ced/synthetic/0/4-186518-A-30.wav
4-187284-A-30,benchmark_data/external/esc50/audio/4-187284-A-30.wav,door_activity,gaussian,20,19.999999937409243,door_activity,Knock,0.5695115327835083,True,benchmark_data/expanded_generated/ced/synthetic/20/4-187284-A-30.wav
4-187284-A-30,benchmark_data/external/esc50/audio/4-187284-A-30.wav,door_activity,gaussian,15,15.000000175048667,door_activity,Knock,0.6232534646987915,True,benchmark_data/expanded_generated/ced/synthetic/15/4-187284-A-30.wav
4-187284-A-30,benchmark_data/external/esc50/audio/4-187284-A-30.wav,door_activity,gaussian,10,10.000000115717985,door_activity,Knock,0.6445163488388062,True,benchmark_data/expanded_generated/ced/synthetic/10/4-187284-A-30.wav
4-187284-A-30,benchmark_data/external/esc50/audio/4-187284-A-30.wav,door_activity,gaussian,5,4.9999998845610625,door_activity,Knock,0.677449643611908,True,benchmark_data/expanded_generated/ced/synthetic/5/4-187284-A-30.wav
4-187284-A-30,benchmark_data/external/esc50/audio/4-187284-A-30.wav,door_activity,gaussian,0,-2.1434282467579854e-07,door_activity,Knock,0.6862722635269165,True,benchmark_data/expanded_generated/ced/synthetic/0/4-187284-A-30.wav
4-188878-A-30,benchmark_data/external/esc50/audio/4-188878-A-30.wav,door_activity,gaussian,20,19.999999608838458,door_activity,Knock,0.682477593421936,True,benchmark_data/expanded_generated/ced/synthetic/20/4-188878-A-30.wav
4-188878-A-30,benchmark_data/external/esc50/audio/4-188878-A-30.wav,door_activity,gaussian,15,14.999999858725165,door_activity,Knock,0.6902869343757629,True,benchmark_data/expanded_generated/ced/synthetic/15/4-188878-A-30.wav
4-188878-A-30,benchmark_data/external/esc50/audio/4-188878-A-30.wav,door_activity,gaussian,10,10.000000277849988,door_activity,Knock,0.6976818442344666,True,benchmark_data/expanded_generated/ced/synthetic/10/4-188878-A-30.wav
4-188878-A-30,benchmark_data/external/esc50/audio/4-188878-A-30.wav,door_activity,gaussian,5,5.000000154004546,door_activity,Knock,0.6942046284675598,True,benchmark_data/expanded_generated/ced/synthetic/5/4-188878-A-30.wav
4-188878-A-30,benchmark_data/external/esc50/audio/4-188878-A-30.wav,door_activity,gaussian,0,2.276007797546349e-07,door_activity,Knock,0.6935606598854065,True,benchmark_data/expanded_generated/ced/synthetic/0/4-188878-A-30.wav
4-191015-A-43,benchmark_data/external/esc50/audio/4-191015-A-43.wav,vehicle_horn,gaussian,20,19.999999814494217,vehicle,Vehicle,0.6631161570549011,False,benchmark_data/expanded_generated/ced/synthetic/20/4-191015-A-43.wav
4-191015-A-43,benchmark_data/external/esc50/audio/4-191015-A-43.wav,vehicle_horn,gaussian,15,14.999999763095657,vehicle,Vehicle,0.6403539180755615,False,benchmark_data/expanded_generated/ced/synthetic/15/4-191015-A-43.wav
4-191015-A-43,benchmark_data/external/esc50/audio/4-191015-A-43.wav,vehicle_horn,gaussian,10,9.999999821113732,vehicle,Vehicle,0.6233237385749817,False,benchmark_data/expanded_generated/ced/synthetic/10/4-191015-A-43.wav
4-191015-A-43,benchmark_data/external/esc50/audio/4-191015-A-43.wav,vehicle_horn,gaussian,5,5.000000179804175,vehicle,Vehicle,0.6172694563865662,False,benchmark_data/expanded_generated/ced/synthetic/5/4-191015-A-43.wav
4-191015-A-43,benchmark_data/external/esc50/audio/4-191015-A-43.wav,vehicle_horn,gaussian,0,-2.4186956822285936e-08,white_noise,White noise,0.6014430522918701,False,benchmark_data/expanded_generated/ced/synthetic/0/4-191015-A-43.wav
4-191687-A-0,benchmark_data/external/esc50/audio/4-191687-A-0.wav,dog_barking,gaussian,20,20.000000082138932,animal,Animal,0.6886791586875916,False,benchmark_data/expanded_generated/ced/synthetic/20/4-191687-A-0.wav
4-191687-A-0,benchmark_data/external/esc50/audio/4-191687-A-0.wav,dog_barking,gaussian,15,15.000000348925482,animal,Animal,0.6893005967140198,False,benchmark_data/expanded_generated/ced/synthetic/15/4-191687-A-0.wav
4-191687-A-0,benchmark_data/external/esc50/audio/4-191687-A-0.wav,dog_barking,gaussian,10,10.00000038096128,animal,Animal,0.6795975565910339,False,benchmark_data/expanded_generated/ced/synthetic/10/4-191687-A-0.wav
4-191687-A-0,benchmark_data/external/esc50/audio/4-191687-A-0.wav,dog_barking,gaussian,5,4.9999999950236464,animal,Animal,0.6631545424461365,False,benchmark_data/expanded_generated/ced/synthetic/5/4-191687-A-0.wav
4-191687-A-0,benchmark_data/external/esc50/audio/4-191687-A-0.wav,dog_barking,gaussian,0,-2.172565633322399e-07,animal,Animal,0.6481800675392151,False,benchmark_data/expanded_generated/ced/synthetic/0/4-191687-A-0.wav
4-192236-A-0,benchmark_data/external/esc50/audio/4-192236-A-0.wav,dog_barking,gaussian,20,20.000000264378688,animal,Animal,0.6858027577400208,False,benchmark_data/expanded_generated/ced/synthetic/20/4-192236-A-0.wav
4-192236-A-0,benchmark_data/external/esc50/audio/4-192236-A-0.wav,dog_barking,gaussian,15,15.000000055742948,dog,Dog,0.6733567714691162,False,benchmark_data/expanded_generated/ced/synthetic/15/4-192236-A-0.wav
4-192236-A-0,benchmark_data/external/esc50/audio/4-192236-A-0.wav,dog_barking,gaussian,10,9.999999767668514,dog,Dog,0.6715317368507385,False,benchmark_data/expanded_generated/ced/synthetic/10/4-192236-A-0.wav
4-192236-A-0,benchmark_data/external/esc50/audio/4-192236-A-0.wav,dog_barking,gaussian,5,4.999999777314078,animal,Animal,0.6673480272293091,False,benchmark_data/expanded_generated/ced/synthetic/5/4-192236-A-0.wav
4-192236-A-0,benchmark_data/external/esc50/audio/4-192236-A-0.wav,dog_barking,gaussian,0,2.3615381063066628e-07,animal,Animal,0.6265956163406372,False,benchmark_data/expanded_generated/ced/synthetic/0/4-192236-A-0.wav
4-194754-A-0,benchmark_data/external/esc50/audio/4-194754-A-0.wav,dog_barking,gaussian,20,19.999999946383156,animal,Animal,0.6738669276237488,False,benchmark_data/expanded_generated/ced/synthetic/20/4-194754-A-0.wav
4-194754-A-0,benchmark_data/external/esc50/audio/4-194754-A-0.wav,dog_barking,gaussian,15,14.999999981779657,animal,Animal,0.6686622500419617,False,benchmark_data/expanded_generated/ced/synthetic/15/4-194754-A-0.wav
4-194754-A-0,benchmark_data/external/esc50/audio/4-194754-A-0.wav,dog_barking,gaussian,10,10.00000017622263,animal,Animal,0.6587587594985962,False,benchmark_data/expanded_generated/ced/synthetic/10/4-194754-A-0.wav
4-194754-A-0,benchmark_data/external/esc50/audio/4-194754-A-0.wav,dog_barking,gaussian,5,4.999999789123816,animal,Animal,0.634144127368927,False,benchmark_data/expanded_generated/ced/synthetic/5/4-194754-A-0.wav
4-194754-A-0,benchmark_data/external/esc50/audio/4-194754-A-0.wav,dog_barking,gaussian,0,2.878841396122679e-07,animal,Animal,0.6198329925537109,False,benchmark_data/expanded_generated/ced/synthetic/0/4-194754-A-0.wav
4-199261-A-0,benchmark_data/external/esc50/audio/4-199261-A-0.wav,dog_barking,gaussian,20,19.99999987048832,animal,Animal,0.6402188539505005,False,benchmark_data/expanded_generated/ced/synthetic/20/4-199261-A-0.wav
4-199261-A-0,benchmark_data/external/esc50/audio/4-199261-A-0.wav,dog_barking,gaussian,15,15.000000307339462,animal,Animal,0.6353791356086731,False,benchmark_data/expanded_generated/ced/synthetic/15/4-199261-A-0.wav
4-199261-A-0,benchmark_data/external/esc50/audio/4-199261-A-0.wav,dog_barking,gaussian,10,9.99999980655801,animal,Animal,0.6170433163642883,False,benchmark_data/expanded_generated/ced/synthetic/10/4-199261-A-0.wav
4-199261-A-0,benchmark_data/external/esc50/audio/4-199261-A-0.wav,dog_barking,gaussian,5,4.999999977621462,animal,Animal,0.60014808177948,False,benchmark_data/expanded_generated/ced/synthetic/5/4-199261-A-0.wav
4-199261-A-0,benchmark_data/external/esc50/audio/4-199261-A-0.wav,dog_barking,gaussian,0,-1.7290433922918434e-08,animal,Animal,0.5959351062774658,False,benchmark_data/expanded_generated/ced/synthetic/0/4-199261-A-0.wav
4-204115-A-39,benchmark_data/external/esc50/audio/4-204115-A-39.wav,glass_breaking,gaussian,20,20.000000217153495,breaking,Breaking,0.567573070526123,False,benchmark_data/expanded_generated/ced/synthetic/20/4-204115-A-39.wav
4-204115-A-39,benchmark_data/external/esc50/audio/4-204115-A-39.wav,glass_breaking,gaussian,15,14.999999683971891,breaking,Breaking,0.5606384873390198,False,benchmark_data/expanded_generated/ced/synthetic/15/4-204115-A-39.wav
4-204115-A-39,benchmark_data/external/esc50/audio/4-204115-A-39.wav,glass_breaking,gaussian,10,10.000000034383925,pink_noise,Pink noise,0.5737773180007935,False,benchmark_data/expanded_generated/ced/synthetic/10/4-204115-A-39.wav
4-204115-A-39,benchmark_data/external/esc50/audio/4-204115-A-39.wav,glass_breaking,gaussian,5,4.999999883481308,pink_noise,Pink noise,0.6314852833747864,False,benchmark_data/expanded_generated/ced/synthetic/5/4-204115-A-39.wav
4-204115-A-39,benchmark_data/external/esc50/audio/4-204115-A-39.wav,glass_breaking,gaussian,0,-2.7397754180716257e-07,pink_noise,Pink noise,0.6427182555198669,False,benchmark_data/expanded_generated/ced/synthetic/0/4-204115-A-39.wav
4-204119-A-39,benchmark_data/external/esc50/audio/4-204119-A-39.wav,glass_breaking,gaussian,20,19.999999684640567,breaking,Breaking,0.5637884140014648,False,benchmark_data/expanded_generated/ced/synthetic/20/4-204119-A-39.wav
4-204119-A-39,benchmark_data/external/esc50/audio/4-204119-A-39.wav,glass_breaking,gaussian,15,15.0000002027328,music,Music,0.5427356362342834,False,benchmark_data/expanded_generated/ced/synthetic/15/4-204119-A-39.wav
4-204119-A-39,benchmark_data/external/esc50/audio/4-204119-A-39.wav,glass_breaking,gaussian,10,10.000000195628578,pink_noise,Pink noise,0.560329020023346,False,benchmark_data/expanded_generated/ced/synthetic/10/4-204119-A-39.wav
4-204119-A-39,benchmark_data/external/esc50/audio/4-204119-A-39.wav,glass_breaking,gaussian,5,4.999999635256274,pink_noise,Pink noise,0.5767418146133423,False,benchmark_data/expanded_generated/ced/synthetic/5/4-204119-A-39.wav
4-204119-A-39,benchmark_data/external/esc50/audio/4-204119-A-39.wav,glass_breaking,gaussian,0,-9.501888881669432e-08,pink_noise,Pink noise,0.5764352083206177,False,benchmark_data/expanded_generated/ced/synthetic/0/4-204119-A-39.wav
4-204121-A-39,benchmark_data/external/esc50/audio/4-204121-A-39.wav,glass_breaking,gaussian,20,19.99999960525839,chink_clink,"Chink, clink",0.5573959350585938,False,benchmark_data/expanded_generated/ced/synthetic/20/4-204121-A-39.wav
4-204121-A-39,benchmark_data/external/esc50/audio/4-204121-A-39.wav,glass_breaking,gaussian,15,14.99999984863882,pink_noise,Pink noise,0.5503487586975098,False,benchmark_data/expanded_generated/ced/synthetic/15/4-204121-A-39.wav
4-204121-A-39,benchmark_data/external/esc50/audio/4-204121-A-39.wav,glass_breaking,gaussian,10,9.999999858537588,pink_noise,Pink noise,0.5773417353630066,False,benchmark_data/expanded_generated/ced/synthetic/10/4-204121-A-39.wav
4-204121-A-39,benchmark_data/external/esc50/audio/4-204121-A-39.wav,glass_breaking,gaussian,5,5.000000173362236,pink_noise,Pink noise,0.6012029647827148,False,benchmark_data/expanded_generated/ced/synthetic/5/4-204121-A-39.wav
4-204121-A-39,benchmark_data/external/esc50/audio/4-204121-A-39.wav,glass_breaking,gaussian,0,-2.2823303257369773e-07,pink_noise,Pink noise,0.5768811702728271,False,benchmark_data/expanded_generated/ced/synthetic/0/4-204121-A-39.wav
4-204123-A-39,benchmark_data/external/esc50/audio/4-204123-A-39.wav,glass_breaking,gaussian,20,19.999999626602253,breaking,Breaking,0.5779784917831421,False,benchmark_data/expanded_generated/ced/synthetic/20/4-204123-A-39.wav
4-204123-A-39,benchmark_data/external/esc50/audio/4-204123-A-39.wav,glass_breaking,gaussian,15,15.000000179252883,breaking,Breaking,0.5624254941940308,False,benchmark_data/expanded_generated/ced/synthetic/15/4-204123-A-39.wav
4-204123-A-39,benchmark_data/external/esc50/audio/4-204123-A-39.wav,glass_breaking,gaussian,10,9.999999907825783,pink_noise,Pink noise,0.5947203636169434,False,benchmark_data/expanded_generated/ced/synthetic/10/4-204123-A-39.wav
4-204123-A-39,benchmark_data/external/esc50/audio/4-204123-A-39.wav,glass_breaking,gaussian,5,5.000000139017117,pink_noise,Pink noise,0.620506227016449,False,benchmark_data/expanded_generated/ced/synthetic/5/4-204123-A-39.wav
4-204123-A-39,benchmark_data/external/esc50/audio/4-204123-A-39.wav,glass_breaking,gaussian,0,-2.3199257612796982e-07,pink_noise,Pink noise,0.6013563871383667,False,benchmark_data/expanded_generated/ced/synthetic/0/4-204123-A-39.wav
4-204777-A-39,benchmark_data/external/esc50/audio/4-204777-A-39.wav,glass_breaking,gaussian,20,19.99999965581075,glass,Glass,0.7166836857795715,False,benchmark_data/expanded_generated/ced/synthetic/20/4-204777-A-39.wav
4-204777-A-39,benchmark_data/external/esc50/audio/4-204777-A-39.wav,glass_breaking,gaussian,15,15.000000218011271,glass,Glass,0.7187420129776001,False,benchmark_data/expanded_generated/ced/synthetic/15/4-204777-A-39.wav
4-204777-A-39,benchmark_data/external/esc50/audio/4-204777-A-39.wav,glass_breaking,gaussian,10,10.000000399441916,breaking,Breaking,0.7081983685493469,False,benchmark_data/expanded_generated/ced/synthetic/10/4-204777-A-39.wav
4-204777-A-39,benchmark_data/external/esc50/audio/4-204777-A-39.wav,glass_breaking,gaussian,5,5.000000127209464,breaking,Breaking,0.6978908777236938,False,benchmark_data/expanded_generated/ced/synthetic/5/4-204777-A-39.wav
4-204777-A-39,benchmark_data/external/esc50/audio/4-204777-A-39.wav,glass_breaking,gaussian,0,1.6133721609680864e-07,pink_noise,Pink noise,0.6688517928123474,False,benchmark_data/expanded_generated/ced/synthetic/0/4-204777-A-39.wav
4-204777-B-39,benchmark_data/external/esc50/audio/4-204777-B-39.wav,glass_breaking,gaussian,20,20.000000021641352,glass,Glass,0.667210042476654,False,benchmark_data/expanded_generated/ced/synthetic/20/4-204777-B-39.wav
4-204777-B-39,benchmark_data/external/esc50/audio/4-204777-B-39.wav,glass_breaking,gaussian,15,15.000000235475843,glass,Glass,0.6629312038421631,False,benchmark_data/expanded_generated/ced/synthetic/15/4-204777-B-39.wav
4-204777-B-39,benchmark_data/external/esc50/audio/4-204777-B-39.wav,glass_breaking,gaussian,10,10.000000269942156,pink_noise,Pink noise,0.6799485683441162,False,benchmark_data/expanded_generated/ced/synthetic/10/4-204777-B-39.wav
4-204777-B-39,benchmark_data/external/esc50/audio/4-204777-B-39.wav,glass_breaking,gaussian,5,5.000000111961179,pink_noise,Pink noise,0.6941118240356445,False,benchmark_data/expanded_generated/ced/synthetic/5/4-204777-B-39.wav
4-204777-B-39,benchmark_data/external/esc50/audio/4-204777-B-39.wav,glass_breaking,gaussian,0,-3.321790806338785e-07,pink_noise,Pink noise,0.6820690035820007,False,benchmark_data/expanded_generated/ced/synthetic/0/4-204777-B-39.wav
4-204777-C-39,benchmark_data/external/esc50/audio/4-204777-C-39.wav,glass_breaking,gaussian,20,19.99999969709959,breaking,Breaking,0.6822882890701294,False,benchmark_data/expanded_generated/ced/synthetic/20/4-204777-C-39.wav
4-204777-C-39,benchmark_data/external/esc50/audio/4-204777-C-39.wav,glass_breaking,gaussian,15,14.99999960282231,breaking,Breaking,0.6823354959487915,False,benchmark_data/expanded_generated/ced/synthetic/15/4-204777-C-39.wav
4-204777-C-39,benchmark_data/external/esc50/audio/4-204777-C-39.wav,glass_breaking,gaussian,10,10.00000048675476,pink_noise,Pink noise,0.6863545775413513,False,benchmark_data/expanded_generated/ced/synthetic/10/4-204777-C-39.wav
4-204777-C-39,benchmark_data/external/esc50/audio/4-204777-C-39.wav,glass_breaking,gaussian,5,5.000000322929655,pink_noise,Pink noise,0.6812354922294617,False,benchmark_data/expanded_generated/ced/synthetic/5/4-204777-C-39.wav
4-204777-C-39,benchmark_data/external/esc50/audio/4-204777-C-39.wav,glass_breaking,gaussian,0,1.6516198562510458e-07,pink_noise,Pink noise,0.6855723857879639,False,benchmark_data/expanded_generated/ced/synthetic/0/4-204777-C-39.wav
4-207124-A-0,benchmark_data/external/esc50/audio/4-207124-A-0.wav,dog_barking,gaussian,20,20.00000041466789,animal,Animal,0.6710889339447021,False,benchmark_data/expanded_generated/ced/synthetic/20/4-207124-A-0.wav
4-207124-A-0,benchmark_data/external/esc50/audio/4-207124-A-0.wav,dog_barking,gaussian,15,14.999999862239164,animal,Animal,0.6509907245635986,False,benchmark_data/expanded_generated/ced/synthetic/15/4-207124-A-0.wav
4-207124-A-0,benchmark_data/external/esc50/audio/4-207124-A-0.wav,dog_barking,gaussian,10,10.00000005126106,dog,Dog,0.6477932929992676,False,benchmark_data/expanded_generated/ced/synthetic/10/4-207124-A-0.wav
4-207124-A-0,benchmark_data/external/esc50/audio/4-207124-A-0.wav,dog_barking,gaussian,5,4.999999767303288,animal,Animal,0.6209412813186646,False,benchmark_data/expanded_generated/ced/synthetic/5/4-207124-A-0.wav
4-207124-A-0,benchmark_data/external/esc50/audio/4-207124-A-0.wav,dog_barking,gaussian,0,2.626799492937764e-07,dog,Dog,0.6096452474594116,False,benchmark_data/expanded_generated/ced/synthetic/0/4-207124-A-0.wav
4-211502-A-30,benchmark_data/external/esc50/audio/4-211502-A-30.wav,door_activity,gaussian,20,19.999999956193268,music,Music,0.6762476563453674,False,benchmark_data/expanded_generated/ced/synthetic/20/4-211502-A-30.wav
4-211502-A-30,benchmark_data/external/esc50/audio/4-211502-A-30.wav,door_activity,gaussian,15,15.000000011833812,music,Music,0.6670112013816833,False,benchmark_data/expanded_generated/ced/synthetic/15/4-211502-A-30.wav
4-211502-A-30,benchmark_data/external/esc50/audio/4-211502-A-30.wav,door_activity,gaussian,10,9.99999979757894,music,Music,0.6630368828773499,False,benchmark_data/expanded_generated/ced/synthetic/10/4-211502-A-30.wav
4-211502-A-30,benchmark_data/external/esc50/audio/4-211502-A-30.wav,door_activity,gaussian,5,4.9999999924487275,music,Music,0.645906925201416,False,benchmark_data/expanded_generated/ced/synthetic/5/4-211502-A-30.wav
4-211502-A-30,benchmark_data/external/esc50/audio/4-211502-A-30.wav,door_activity,gaussian,0,-9.950436164484707e-08,music,Music,0.6314353346824646,False,benchmark_data/expanded_generated/ced/synthetic/0/4-211502-A-30.wav
4-212698-A-39,benchmark_data/external/esc50/audio/4-212698-A-39.wav,glass_breaking,gaussian,20,19.99999992051874,cap_gun,Cap gun,0.5308345556259155,False,benchmark_data/expanded_generated/ced/synthetic/20/4-212698-A-39.wav
4-212698-A-39,benchmark_data/external/esc50/audio/4-212698-A-39.wav,glass_breaking,gaussian,15,15.00000010503165,cap_gun,Cap gun,0.5369594097137451,False,benchmark_data/expanded_generated/ced/synthetic/15/4-212698-A-39.wav
4-212698-A-39,benchmark_data/external/esc50/audio/4-212698-A-39.wav,glass_breaking,gaussian,10,9.999999975342002,outside_rural_or_natural,"Outside, rural or natural",0.5174072980880737,False,benchmark_data/expanded_generated/ced/synthetic/10/4-212698-A-39.wav
4-212698-A-39,benchmark_data/external/esc50/audio/4-212698-A-39.wav,glass_breaking,gaussian,5,5.000000102366537,arrow,Arrow,0.5277830958366394,False,benchmark_data/expanded_generated/ced/synthetic/5/4-212698-A-39.wav
4-212698-A-39,benchmark_data/external/esc50/audio/4-212698-A-39.wav,glass_breaking,gaussian,0,-3.5974839883263956e-08,chop,Chop,0.5569940805435181,False,benchmark_data/expanded_generated/ced/synthetic/0/4-212698-A-39.wav
4-261068-A-30,benchmark_data/external/esc50/audio/4-261068-A-30.wav,door_activity,gaussian,20,19.9999999745047,music,Music,0.6267510056495667,False,benchmark_data/expanded_generated/ced/synthetic/20/4-261068-A-30.wav
4-261068-A-30,benchmark_data/external/esc50/audio/4-261068-A-30.wav,door_activity,gaussian,15,15.00000025912184,music,Music,0.6172329783439636,False,benchmark_data/expanded_generated/ced/synthetic/15/4-261068-A-30.wav
4-261068-A-30,benchmark_data/external/esc50/audio/4-261068-A-30.wav,door_activity,gaussian,10,10.000000286848554,music,Music,0.6433954834938049,False,benchmark_data/expanded_generated/ced/synthetic/10/4-261068-A-30.wav
4-261068-A-30,benchmark_data/external/esc50/audio/4-261068-A-30.wav,door_activity,gaussian,5,4.999999924763978,music,Music,0.6273545026779175,False,benchmark_data/expanded_generated/ced/synthetic/5/4-261068-A-30.wav
4-261068-A-30,benchmark_data/external/esc50/audio/4-261068-A-30.wav,door_activity,gaussian,0,-1.174458472484627e-08,music,Music,0.620972752571106,False,benchmark_data/expanded_generated/ced/synthetic/0/4-261068-A-30.wav
4-59579-A-20,benchmark_data/external/esc50/audio/4-59579-A-20.wav,baby_crying,gaussian,20,20.000000350592018,baby_crying,"Baby cry, infant cry",0.5824304819107056,True,benchmark_data/expanded_generated/ced/synthetic/20/4-59579-A-20.wav
4-59579-A-20,benchmark_data/external/esc50/audio/4-59579-A-20.wav,baby_crying,gaussian,15,15.000000446553798,baby_crying,"Baby cry, infant cry",0.5873404145240784,True,benchmark_data/expanded_generated/ced/synthetic/15/4-59579-A-20.wav
4-59579-A-20,benchmark_data/external/esc50/audio/4-59579-A-20.wav,baby_crying,gaussian,10,10.000000157387618,baby_crying,"Baby cry, infant cry",0.5646404027938843,True,benchmark_data/expanded_generated/ced/synthetic/10/4-59579-A-20.wav
4-59579-A-20,benchmark_data/external/esc50/audio/4-59579-A-20.wav,baby_crying,gaussian,5,4.999999961058564,speech,Speech,0.5622647404670715,False,benchmark_data/expanded_generated/ced/synthetic/5/4-59579-A-20.wav
4-59579-A-20,benchmark_data/external/esc50/audio/4-59579-A-20.wav,baby_crying,gaussian,0,-3.015246426345805e-07,screaming,Screaming,0.5648126006126404,False,benchmark_data/expanded_generated/ced/synthetic/0/4-59579-A-20.wav
4-59579-B-20,benchmark_data/external/esc50/audio/4-59579-B-20.wav,baby_crying,gaussian,20,20.000000040664894,baby_crying,"Baby cry, infant cry",0.6188611388206482,True,benchmark_data/expanded_generated/ced/synthetic/20/4-59579-B-20.wav
4-59579-B-20,benchmark_data/external/esc50/audio/4-59579-B-20.wav,baby_crying,gaussian,15,14.999999791960189,baby_crying,"Baby cry, infant cry",0.6071169972419739,True,benchmark_data/expanded_generated/ced/synthetic/15/4-59579-B-20.wav
4-59579-B-20,benchmark_data/external/esc50/audio/4-59579-B-20.wav,baby_crying,gaussian,10,10.000000114108161,baby_crying,"Baby cry, infant cry",0.5994504690170288,True,benchmark_data/expanded_generated/ced/synthetic/10/4-59579-B-20.wav
4-59579-B-20,benchmark_data/external/esc50/audio/4-59579-B-20.wav,baby_crying,gaussian,5,4.999999774932027,baby_crying,"Baby cry, infant cry",0.5707467794418335,True,benchmark_data/expanded_generated/ced/synthetic/5/4-59579-B-20.wav
4-59579-B-20,benchmark_data/external/esc50/audio/4-59579-B-20.wav,baby_crying,gaussian,0,2.9336845355483466e-08,speech,Speech,0.5677944421768188,False,benchmark_data/expanded_generated/ced/synthetic/0/4-59579-B-20.wav
4-67358-A-42,benchmark_data/external/esc50/audio/4-67358-A-42.wav,siren,gaussian,20,19.999999657576684,siren,Siren,0.6867401003837585,True,benchmark_data/expanded_generated/ced/synthetic/20/4-67358-A-42.wav
4-67358-A-42,benchmark_data/external/esc50/audio/4-67358-A-42.wav,siren,gaussian,15,15.000000030023317,siren,Siren,0.6724298000335693,True,benchmark_data/expanded_generated/ced/synthetic/15/4-67358-A-42.wav
4-67358-A-42,benchmark_data/external/esc50/audio/4-67358-A-42.wav,siren,gaussian,10,10.000000066939595,siren,Siren,0.6588658094406128,True,benchmark_data/expanded_generated/ced/synthetic/10/4-67358-A-42.wav
4-67358-A-42,benchmark_data/external/esc50/audio/4-67358-A-42.wav,siren,gaussian,5,4.999999722164806,siren,Siren,0.64024418592453,True,benchmark_data/expanded_generated/ced/synthetic/5/4-67358-A-42.wav
4-67358-A-42,benchmark_data/external/esc50/audio/4-67358-A-42.wav,siren,gaussian,0,1.8882308644944075e-07,siren,Siren,0.6063607335090637,True,benchmark_data/expanded_generated/ced/synthetic/0/4-67358-A-42.wav
4-80761-A-42,benchmark_data/external/esc50/audio/4-80761-A-42.wav,siren,gaussian,20,20.000000028671366,siren,Siren,0.712719202041626,True,benchmark_data/expanded_generated/ced/synthetic/20/4-80761-A-42.wav
4-80761-A-42,benchmark_data/external/esc50/audio/4-80761-A-42.wav,siren,gaussian,15,14.999999547119272,siren,Siren,0.709317147731781,True,benchmark_data/expanded_generated/ced/synthetic/15/4-80761-A-42.wav
4-80761-A-42,benchmark_data/external/esc50/audio/4-80761-A-42.wav,siren,gaussian,10,9.999999842786965,siren,Siren,0.704821765422821,True,benchmark_data/expanded_generated/ced/synthetic/10/4-80761-A-42.wav
4-80761-A-42,benchmark_data/external/esc50/audio/4-80761-A-42.wav,siren,gaussian,5,5.000000220614171,siren,Siren,0.6989595890045166,True,benchmark_data/expanded_generated/ced/synthetic/5/4-80761-A-42.wav
4-80761-A-42,benchmark_data/external/esc50/audio/4-80761-A-42.wav,siren,gaussian,0,2.5121504881115145e-07,siren,Siren,0.6781136989593506,True,benchmark_data/expanded_generated/ced/synthetic/0/4-80761-A-42.wav
4-90014-A-42,benchmark_data/external/esc50/audio/4-90014-A-42.wav,siren,gaussian,20,19.99999964045316,emergency_vehicle,Emergency vehicle,0.6709743142127991,False,benchmark_data/expanded_generated/ced/synthetic/20/4-90014-A-42.wav
4-90014-A-42,benchmark_data/external/esc50/audio/4-90014-A-42.wav,siren,gaussian,15,15.000000107094566,emergency_vehicle,Emergency vehicle,0.6348360776901245,False,benchmark_data/expanded_generated/ced/synthetic/15/4-90014-A-42.wav
4-90014-A-42,benchmark_data/external/esc50/audio/4-90014-A-42.wav,siren,gaussian,10,9.999999935544707,emergency_vehicle,Emergency vehicle,0.6517406702041626,False,benchmark_data/expanded_generated/ced/synthetic/10/4-90014-A-42.wav
4-90014-A-42,benchmark_data/external/esc50/audio/4-90014-A-42.wav,siren,gaussian,5,4.9999998512805846,emergency_vehicle,Emergency vehicle,0.6657484769821167,False,benchmark_data/expanded_generated/ced/synthetic/5/4-90014-A-42.wav
4-90014-A-42,benchmark_data/external/esc50/audio/4-90014-A-42.wav,siren,gaussian,0,-5.494815164431185e-08,emergency_vehicle,Emergency vehicle,0.662635087966919,False,benchmark_data/expanded_generated/ced/synthetic/0/4-90014-A-42.wav
4-90014-B-42,benchmark_data/external/esc50/audio/4-90014-B-42.wav,siren,gaussian,20,19.99999998805405,emergency_vehicle,Emergency vehicle,0.6709636449813843,False,benchmark_data/expanded_generated/ced/synthetic/20/4-90014-B-42.wav
4-90014-B-42,benchmark_data/external/esc50/audio/4-90014-B-42.wav,siren,gaussian,15,14.999999954700172,emergency_vehicle,Emergency vehicle,0.6718833446502686,False,benchmark_data/expanded_generated/ced/synthetic/15/4-90014-B-42.wav
4-90014-B-42,benchmark_data/external/esc50/audio/4-90014-B-42.wav,siren,gaussian,10,9.999999743189674,emergency_vehicle,Emergency vehicle,0.6520473957061768,False,benchmark_data/expanded_generated/ced/synthetic/10/4-90014-B-42.wav
4-90014-B-42,benchmark_data/external/esc50/audio/4-90014-B-42.wav,siren,gaussian,5,4.999999695783373,emergency_vehicle,Emergency vehicle,0.6568571925163269,False,benchmark_data/expanded_generated/ced/synthetic/5/4-90014-B-42.wav
4-90014-B-42,benchmark_data/external/esc50/audio/4-90014-B-42.wav,siren,gaussian,0,2.144964647135586e-07,emergency_vehicle,Emergency vehicle,0.6391443014144897,False,benchmark_data/expanded_generated/ced/synthetic/0/4-90014-B-42.wav
5-117118-A-42,benchmark_data/external/esc50/audio/5-117118-A-42.wav,siren,gaussian,20,20.00000025264306,siren,Siren,0.7075427770614624,True,benchmark_data/expanded_generated/ced/synthetic/20/5-117118-A-42.wav
5-117118-A-42,benchmark_data/external/esc50/audio/5-117118-A-42.wav,siren,gaussian,15,14.999999962776258,siren,Siren,0.6994880437850952,True,benchmark_data/expanded_generated/ced/synthetic/15/5-117118-A-42.wav
5-117118-A-42,benchmark_data/external/esc50/audio/5-117118-A-42.wav,siren,gaussian,10,9.999999867291695,siren,Siren,0.6807339787483215,True,benchmark_data/expanded_generated/ced/synthetic/10/5-117118-A-42.wav
5-117118-A-42,benchmark_data/external/esc50/audio/5-117118-A-42.wav,siren,gaussian,5,4.99999995211917,siren,Siren,0.6324110627174377,True,benchmark_data/expanded_generated/ced/synthetic/5/5-117118-A-42.wav
5-117118-A-42,benchmark_data/external/esc50/audio/5-117118-A-42.wav,siren,gaussian,0,2.904668765647474e-07,siren,Siren,0.5645294189453125,True,benchmark_data/expanded_generated/ced/synthetic/0/5-117118-A-42.wav
5-117120-A-42,benchmark_data/external/esc50/audio/5-117120-A-42.wav,siren,gaussian,20,20.000000068525082,siren,Siren,0.70917809009552,True,benchmark_data/expanded_generated/ced/synthetic/20/5-117120-A-42.wav
5-117120-A-42,benchmark_data/external/esc50/audio/5-117120-A-42.wav,siren,gaussian,15,14.999999822940362,siren,Siren,0.6988986730575562,True,benchmark_data/expanded_generated/ced/synthetic/15/5-117120-A-42.wav
5-117120-A-42,benchmark_data/external/esc50/audio/5-117120-A-42.wav,siren,gaussian,10,10.000000065593529,siren,Siren,0.6873639822006226,True,benchmark_data/expanded_generated/ced/synthetic/10/5-117120-A-42.wav
5-117120-A-42,benchmark_data/external/esc50/audio/5-117120-A-42.wav,siren,gaussian,5,4.999999681755279,siren,Siren,0.6693752408027649,True,benchmark_data/expanded_generated/ced/synthetic/5/5-117120-A-42.wav
5-117120-A-42,benchmark_data/external/esc50/audio/5-117120-A-42.wav,siren,gaussian,0,4.756807569171194e-07,siren,Siren,0.6283937096595764,True,benchmark_data/expanded_generated/ced/synthetic/0/5-117120-A-42.wav
5-117122-A-42,benchmark_data/external/esc50/audio/5-117122-A-42.wav,siren,gaussian,20,20.000000344191136,siren,Siren,0.7127858400344849,True,benchmark_data/expanded_generated/ced/synthetic/20/5-117122-A-42.wav
5-117122-A-42,benchmark_data/external/esc50/audio/5-117122-A-42.wav,siren,gaussian,15,15.000000193171362,siren,Siren,0.7037782073020935,True,benchmark_data/expanded_generated/ced/synthetic/15/5-117122-A-42.wav
5-117122-A-42,benchmark_data/external/esc50/audio/5-117122-A-42.wav,siren,gaussian,10,10.000000479884967,siren,Siren,0.6833587288856506,True,benchmark_data/expanded_generated/ced/synthetic/10/5-117122-A-42.wav
5-117122-A-42,benchmark_data/external/esc50/audio/5-117122-A-42.wav,siren,gaussian,5,4.9999999885611475,siren,Siren,0.6688981652259827,True,benchmark_data/expanded_generated/ced/synthetic/5/5-117122-A-42.wav
5-117122-A-42,benchmark_data/external/esc50/audio/5-117122-A-42.wav,siren,gaussian,0,1.1803311407959222e-07,siren,Siren,0.6138744354248047,True,benchmark_data/expanded_generated/ced/synthetic/0/5-117122-A-42.wav
5-133989-A-42,benchmark_data/external/esc50/audio/5-133989-A-42.wav,siren,gaussian,20,20.00000036288108,siren,Siren,0.7069106698036194,True,benchmark_data/expanded_generated/ced/synthetic/20/5-133989-A-42.wav
5-133989-A-42,benchmark_data/external/esc50/audio/5-133989-A-42.wav,siren,gaussian,15,14.999999883733867,siren,Siren,0.6882135272026062,True,benchmark_data/expanded_generated/ced/synthetic/15/5-133989-A-42.wav
5-133989-A-42,benchmark_data/external/esc50/audio/5-133989-A-42.wav,siren,gaussian,10,10.000000313584405,siren,Siren,0.6558648347854614,True,benchmark_data/expanded_generated/ced/synthetic/10/5-133989-A-42.wav
5-133989-A-42,benchmark_data/external/esc50/audio/5-133989-A-42.wav,siren,gaussian,5,4.999999742890225,siren,Siren,0.6321704983711243,True,benchmark_data/expanded_generated/ced/synthetic/5/5-133989-A-42.wav
5-133989-A-42,benchmark_data/external/esc50/audio/5-133989-A-42.wav,siren,gaussian,0,-2.4385181199087524e-07,siren,Siren,0.5910124778747559,True,benchmark_data/expanded_generated/ced/synthetic/0/5-133989-A-42.wav
5-133989-B-42,benchmark_data/external/esc50/audio/5-133989-B-42.wav,siren,gaussian,20,19.99999958808322,siren,Siren,0.7040088772773743,True,benchmark_data/expanded_generated/ced/synthetic/20/5-133989-B-42.wav
5-133989-B-42,benchmark_data/external/esc50/audio/5-133989-B-42.wav,siren,gaussian,15,15.000000246999596,siren,Siren,0.694756805896759,True,benchmark_data/expanded_generated/ced/synthetic/15/5-133989-B-42.wav
5-133989-B-42,benchmark_data/external/esc50/audio/5-133989-B-42.wav,siren,gaussian,10,9.999999779044552,siren,Siren,0.6763166189193726,True,benchmark_data/expanded_generated/ced/synthetic/10/5-133989-B-42.wav
5-133989-B-42,benchmark_data/external/esc50/audio/5-133989-B-42.wav,siren,gaussian,5,4.999999856462507,siren,Siren,0.6533350944519043,True,benchmark_data/expanded_generated/ced/synthetic/5/5-133989-B-42.wav
5-133989-B-42,benchmark_data/external/esc50/audio/5-133989-B-42.wav,siren,gaussian,0,4.294812112316797e-08,siren,Siren,0.6109130382537842,True,benchmark_data/expanded_generated/ced/synthetic/0/5-133989-B-42.wav
5-150409-A-42,benchmark_data/external/esc50/audio/5-150409-A-42.wav,siren,gaussian,20,19.999999771575204,siren,Siren,0.6352271437644958,True,benchmark_data/expanded_generated/ced/synthetic/20/5-150409-A-42.wav
5-150409-A-42,benchmark_data/external/esc50/audio/5-150409-A-42.wav,siren,gaussian,15,15.00000023042503,siren,Siren,0.6640949249267578,True,benchmark_data/expanded_generated/ced/synthetic/15/5-150409-A-42.wav
5-150409-A-42,benchmark_data/external/esc50/audio/5-150409-A-42.wav,siren,gaussian,10,9.999999923373613,siren,Siren,0.626715898513794,True,benchmark_data/expanded_generated/ced/synthetic/10/5-150409-A-42.wav
5-150409-A-42,benchmark_data/external/esc50/audio/5-150409-A-42.wav,siren,gaussian,5,5.000000163731317,siren,Siren,0.5656458139419556,True,benchmark_data/expanded_generated/ced/synthetic/5/5-150409-A-42.wav
5-150409-A-42,benchmark_data/external/esc50/audio/5-150409-A-42.wav,siren,gaussian,0,-1.8395325410157725e-07,siren,Siren,0.557202935218811,True,benchmark_data/expanded_generated/ced/synthetic/0/5-150409-A-42.wav
5-151085-A-20,benchmark_data/external/esc50/audio/5-151085-A-20.wav,baby_crying,gaussian,20,20.00000026155424,baby_crying,"Baby cry, infant cry",0.6666215062141418,True,benchmark_data/expanded_generated/ced/synthetic/20/5-151085-A-20.wav
5-151085-A-20,benchmark_data/external/esc50/audio/5-151085-A-20.wav,baby_crying,gaussian,15,15.000000324258725,baby_crying,"Baby cry, infant cry",0.669285774230957,True,benchmark_data/expanded_generated/ced/synthetic/15/5-151085-A-20.wav
5-151085-A-20,benchmark_data/external/esc50/audio/5-151085-A-20.wav,baby_crying,gaussian,10,9.999999741467423,baby_crying,"Baby cry, infant cry",0.6581065654754639,True,benchmark_data/expanded_generated/ced/synthetic/10/5-151085-A-20.wav
5-151085-A-20,benchmark_data/external/esc50/audio/5-151085-A-20.wav,baby_crying,gaussian,5,4.999999816792872,baby_crying,"Baby cry, infant cry",0.676037073135376,True,benchmark_data/expanded_generated/ced/synthetic/5/5-151085-A-20.wav
5-151085-A-20,benchmark_data/external/esc50/audio/5-151085-A-20.wav,baby_crying,gaussian,0,-2.6247904153270693e-07,baby_crying,"Baby cry, infant cry",0.5774833559989929,True,benchmark_data/expanded_generated/ced/synthetic/0/5-151085-A-20.wav
5-160551-A-42,benchmark_data/external/esc50/audio/5-160551-A-42.wav,siren,gaussian,20,19.99999974633547,emergency_vehicle,Emergency vehicle,0.6621463298797607,False,benchmark_data/expanded_generated/ced/synthetic/20/5-160551-A-42.wav
5-160551-A-42,benchmark_data/external/esc50/audio/5-160551-A-42.wav,siren,gaussian,15,14.99999985728877,police_car_siren,Police car (siren),0.6619724035263062,False,benchmark_data/expanded_generated/ced/synthetic/15/5-160551-A-42.wav
5-160551-A-42,benchmark_data/external/esc50/audio/5-160551-A-42.wav,siren,gaussian,10,10.000000121298251,police_car_siren,Police car (siren),0.6631423830986023,False,benchmark_data/expanded_generated/ced/synthetic/10/5-160551-A-42.wav
5-160551-A-42,benchmark_data/external/esc50/audio/5-160551-A-42.wav,siren,gaussian,5,5.000000106594131,police_car_siren,Police car (siren),0.6544721722602844,False,benchmark_data/expanded_generated/ced/synthetic/5/5-160551-A-42.wav
5-160551-A-42,benchmark_data/external/esc50/audio/5-160551-A-42.wav,siren,gaussian,0,-2.1841398968837812e-07,police_car_siren,Police car (siren),0.6407219171524048,False,benchmark_data/expanded_generated/ced/synthetic/0/5-160551-A-42.wav
5-179860-A-43,benchmark_data/external/esc50/audio/5-179860-A-43.wav,vehicle_horn,gaussian,20,20.000000138626135,vehicle,Vehicle,0.6652086973190308,False,benchmark_data/expanded_generated/ced/synthetic/20/5-179860-A-43.wav
5-179860-A-43,benchmark_data/external/esc50/audio/5-179860-A-43.wav,vehicle_horn,gaussian,15,14.99999979756363,vehicle,Vehicle,0.660534679889679,False,benchmark_data/expanded_generated/ced/synthetic/15/5-179860-A-43.wav
5-179860-A-43,benchmark_data/external/esc50/audio/5-179860-A-43.wav,vehicle_horn,gaussian,10,9.999999651096424,vehicle,Vehicle,0.6534343957901001,False,benchmark_data/expanded_generated/ced/synthetic/10/5-179860-A-43.wav
5-179860-A-43,benchmark_data/external/esc50/audio/5-179860-A-43.wav,vehicle_horn,gaussian,5,4.999999817947258,vehicle,Vehicle,0.6545090675354004,False,benchmark_data/expanded_generated/ced/synthetic/5/5-179860-A-43.wav
5-179860-A-43,benchmark_data/external/esc50/audio/5-179860-A-43.wav,vehicle_horn,gaussian,0,4.156656028909977e-07,vehicle,Vehicle,0.6407646536827087,False,benchmark_data/expanded_generated/ced/synthetic/0/5-179860-A-43.wav
5-179863-A-43,benchmark_data/external/esc50/audio/5-179863-A-43.wav,vehicle_horn,gaussian,20,20.000000217478956,vehicle,Vehicle,0.6121369004249573,False,benchmark_data/expanded_generated/ced/synthetic/20/5-179863-A-43.wav
5-179863-A-43,benchmark_data/external/esc50/audio/5-179863-A-43.wav,vehicle_horn,gaussian,15,14.999999772424783,vehicle,Vehicle,0.6152635812759399,False,benchmark_data/expanded_generated/ced/synthetic/15/5-179863-A-43.wav
5-179863-A-43,benchmark_data/external/esc50/audio/5-179863-A-43.wav,vehicle_horn,gaussian,10,10.000000171905665,vehicle,Vehicle,0.6286308169364929,False,benchmark_data/expanded_generated/ced/synthetic/10/5-179863-A-43.wav
5-179863-A-43,benchmark_data/external/esc50/audio/5-179863-A-43.wav,vehicle_horn,gaussian,5,5.000000024772122,vehicle,Vehicle,0.614565908908844,False,benchmark_data/expanded_generated/ced/synthetic/5/5-179863-A-43.wav
5-179863-A-43,benchmark_data/external/esc50/audio/5-179863-A-43.wav,vehicle_horn,gaussian,0,-2.3701675515149086e-07,vehicle,Vehicle,0.6174596548080444,False,benchmark_data/expanded_generated/ced/synthetic/0/5-179863-A-43.wav
5-179865-A-43,benchmark_data/external/esc50/audio/5-179865-A-43.wav,vehicle_horn,gaussian,20,19.999999758980877,vehicle,Vehicle,0.6679986119270325,False,benchmark_data/expanded_generated/ced/synthetic/20/5-179865-A-43.wav
5-179865-A-43,benchmark_data/external/esc50/audio/5-179865-A-43.wav,vehicle_horn,gaussian,15,14.999999899627497,vehicle,Vehicle,0.6592782735824585,False,benchmark_data/expanded_generated/ced/synthetic/15/5-179865-A-43.wav
5-179865-A-43,benchmark_data/external/esc50/audio/5-179865-A-43.wav,vehicle_horn,gaussian,10,9.99999997016804,vehicle,Vehicle,0.643438458442688,False,benchmark_data/expanded_generated/ced/synthetic/10/5-179865-A-43.wav
5-179865-A-43,benchmark_data/external/esc50/audio/5-179865-A-43.wav,vehicle_horn,gaussian,5,5.000000087789363,vehicle,Vehicle,0.6338035464286804,False,benchmark_data/expanded_generated/ced/synthetic/5/5-179865-A-43.wav
5-179865-A-43,benchmark_data/external/esc50/audio/5-179865-A-43.wav,vehicle_horn,gaussian,0,-1.8139623948017762e-07,vehicle,Vehicle,0.6299737095832825,False,benchmark_data/expanded_generated/ced/synthetic/0/5-179865-A-43.wav
5-179866-A-43,benchmark_data/external/esc50/audio/5-179866-A-43.wav,vehicle_horn,gaussian,20,20.00000022191724,vehicle_horn,"Vehicle horn, car horn, honking",0.6863599419593811,True,benchmark_data/expanded_generated/ced/synthetic/20/5-179866-A-43.wav
5-179866-A-43,benchmark_data/external/esc50/audio/5-179866-A-43.wav,vehicle_horn,gaussian,15,14.999999934373761,vehicle_horn,"Vehicle horn, car horn, honking",0.6819219589233398,True,benchmark_data/expanded_generated/ced/synthetic/15/5-179866-A-43.wav
5-179866-A-43,benchmark_data/external/esc50/audio/5-179866-A-43.wav,vehicle_horn,gaussian,10,10.000000148524324,vehicle_horn,"Vehicle horn, car horn, honking",0.6662687063217163,True,benchmark_data/expanded_generated/ced/synthetic/10/5-179866-A-43.wav
5-179866-A-43,benchmark_data/external/esc50/audio/5-179866-A-43.wav,vehicle_horn,gaussian,5,5.000000200644537,vehicle,Vehicle,0.6602078080177307,False,benchmark_data/expanded_generated/ced/synthetic/5/5-179866-A-43.wav
5-179866-A-43,benchmark_data/external/esc50/audio/5-179866-A-43.wav,vehicle_horn,gaussian,0,2.8109349817895315e-07,vehicle,Vehicle,0.6615225672721863,False,benchmark_data/expanded_generated/ced/synthetic/0/5-179866-A-43.wav
5-179868-A-43,benchmark_data/external/esc50/audio/5-179868-A-43.wav,vehicle_horn,gaussian,20,20.000000254434333,speech,Speech,0.7096036076545715,False,benchmark_data/expanded_generated/ced/synthetic/20/5-179868-A-43.wav
5-179868-A-43,benchmark_data/external/esc50/audio/5-179868-A-43.wav,vehicle_horn,gaussian,15,14.999999532873115,speech,Speech,0.7065125107765198,False,benchmark_data/expanded_generated/ced/synthetic/15/5-179868-A-43.wav
5-179868-A-43,benchmark_data/external/esc50/audio/5-179868-A-43.wav,vehicle_horn,gaussian,10,9.999999954960185,speech,Speech,0.7033020257949829,False,benchmark_data/expanded_generated/ced/synthetic/10/5-179868-A-43.wav
5-179868-A-43,benchmark_data/external/esc50/audio/5-179868-A-43.wav,vehicle_horn,gaussian,5,4.999999697221712,speech,Speech,0.6918721199035645,False,benchmark_data/expanded_generated/ced/synthetic/5/5-179868-A-43.wav
5-179868-A-43,benchmark_data/external/esc50/audio/5-179868-A-43.wav,vehicle_horn,gaussian,0,-2.3360413998238988e-07,speech,Speech,0.6620964407920837,False,benchmark_data/expanded_generated/ced/synthetic/0/5-179868-A-43.wav
5-180156-A-43,benchmark_data/external/esc50/audio/5-180156-A-43.wav,vehicle_horn,gaussian,20,19.999999555245484,vehicle,Vehicle,0.6653891801834106,False,benchmark_data/expanded_generated/ced/synthetic/20/5-180156-A-43.wav
5-180156-A-43,benchmark_data/external/esc50/audio/5-180156-A-43.wav,vehicle_horn,gaussian,15,14.999999867531404,vehicle,Vehicle,0.6754921078681946,False,benchmark_data/expanded_generated/ced/synthetic/15/5-180156-A-43.wav
5-180156-A-43,benchmark_data/external/esc50/audio/5-180156-A-43.wav,vehicle_horn,gaussian,10,10.000000282247136,vehicle,Vehicle,0.662204921245575,False,benchmark_data/expanded_generated/ced/synthetic/10/5-180156-A-43.wav
5-180156-A-43,benchmark_data/external/esc50/audio/5-180156-A-43.wav,vehicle_horn,gaussian,5,4.999999927905193,vehicle,Vehicle,0.6481382250785828,False,benchmark_data/expanded_generated/ced/synthetic/5/5-180156-A-43.wav
5-180156-A-43,benchmark_data/external/esc50/audio/5-180156-A-43.wav,vehicle_horn,gaussian,0,3.479452061501392e-07,vehicle,Vehicle,0.6330179572105408,False,benchmark_data/expanded_generated/ced/synthetic/0/5-180156-A-43.wav
5-180156-B-43,benchmark_data/external/esc50/audio/5-180156-B-43.wav,vehicle_horn,gaussian,20,20.00000016365645,vehicle,Vehicle,0.675538957118988,False,benchmark_data/expanded_generated/ced/synthetic/20/5-180156-B-43.wav
5-180156-B-43,benchmark_data/external/esc50/audio/5-180156-B-43.wav,vehicle_horn,gaussian,15,14.999999700164647,vehicle,Vehicle,0.6694907546043396,False,benchmark_data/expanded_generated/ced/synthetic/15/5-180156-B-43.wav
5-180156-B-43,benchmark_data/external/esc50/audio/5-180156-B-43.wav,vehicle_horn,gaussian,10,10.000000155351987,vehicle,Vehicle,0.6670660972595215,False,benchmark_data/expanded_generated/ced/synthetic/10/5-180156-B-43.wav
5-180156-B-43,benchmark_data/external/esc50/audio/5-180156-B-43.wav,vehicle_horn,gaussian,5,5.000000040219053,vehicle,Vehicle,0.6482061147689819,False,benchmark_data/expanded_generated/ced/synthetic/5/5-180156-B-43.wav
5-180156-B-43,benchmark_data/external/esc50/audio/5-180156-B-43.wav,vehicle_horn,gaussian,0,-6.120344212717026e-08,vehicle,Vehicle,0.6381917595863342,False,benchmark_data/expanded_generated/ced/synthetic/0/5-180156-B-43.wav
5-180156-C-43,benchmark_data/external/esc50/audio/5-180156-C-43.wav,vehicle_horn,gaussian,20,20.00000002834141,vehicle,Vehicle,0.6285527944564819,False,benchmark_data/expanded_generated/ced/synthetic/20/5-180156-C-43.wav
5-180156-C-43,benchmark_data/external/esc50/audio/5-180156-C-43.wav,vehicle_horn,gaussian,15,15.00000009520432,vehicle,Vehicle,0.5868238210678101,False,benchmark_data/expanded_generated/ced/synthetic/15/5-180156-C-43.wav
5-180156-C-43,benchmark_data/external/esc50/audio/5-180156-C-43.wav,vehicle_horn,gaussian,10,9.999999723764578,vehicle,Vehicle,0.594028651714325,False,benchmark_data/expanded_generated/ced/synthetic/10/5-180156-C-43.wav
5-180156-C-43,benchmark_data/external/esc50/audio/5-180156-C-43.wav,vehicle_horn,gaussian,5,5.000000010599111,vehicle,Vehicle,0.5877729654312134,False,benchmark_data/expanded_generated/ced/synthetic/5/5-180156-C-43.wav
5-180156-C-43,benchmark_data/external/esc50/audio/5-180156-C-43.wav,vehicle_horn,gaussian,0,-1.6088117705426684e-07,vehicle,Vehicle,0.5581398010253906,False,benchmark_data/expanded_generated/ced/synthetic/0/5-180156-C-43.wav
5-184323-A-42,benchmark_data/external/esc50/audio/5-184323-A-42.wav,siren,gaussian,20,20.000000150868118,siren,Siren,0.7159526348114014,True,benchmark_data/expanded_generated/ced/synthetic/20/5-184323-A-42.wav
5-184323-A-42,benchmark_data/external/esc50/audio/5-184323-A-42.wav,siren,gaussian,15,15.000000158544061,siren,Siren,0.7077001929283142,True,benchmark_data/expanded_generated/ced/synthetic/15/5-184323-A-42.wav
5-184323-A-42,benchmark_data/external/esc50/audio/5-184323-A-42.wav,siren,gaussian,10,10.0000000563844,siren,Siren,0.6896558403968811,True,benchmark_data/expanded_generated/ced/synthetic/10/5-184323-A-42.wav
5-184323-A-42,benchmark_data/external/esc50/audio/5-184323-A-42.wav,siren,gaussian,5,5.000000159681242,siren,Siren,0.6668804883956909,True,benchmark_data/expanded_generated/ced/synthetic/5/5-184323-A-42.wav
5-184323-A-42,benchmark_data/external/esc50/audio/5-184323-A-42.wav,siren,gaussian,0,-1.2641955451444177e-07,siren,Siren,0.635729193687439,True,benchmark_data/expanded_generated/ced/synthetic/0/5-184323-A-42.wav
5-186924-A-12,benchmark_data/external/esc50/audio/5-186924-A-12.wav,fire,gaussian,20,19.99999999206862,rain_on_surface,Rain on surface,0.5649321675300598,False,benchmark_data/expanded_generated/ced/synthetic/20/5-186924-A-12.wav
5-186924-A-12,benchmark_data/external/esc50/audio/5-186924-A-12.wav,fire,gaussian,15,15.00000020391103,white_noise,White noise,0.5442004203796387,False,benchmark_data/expanded_generated/ced/synthetic/15/5-186924-A-12.wav
5-186924-A-12,benchmark_data/external/esc50/audio/5-186924-A-12.wav,fire,gaussian,10,10.000000285379526,pink_noise,Pink noise,0.5789944529533386,False,benchmark_data/expanded_generated/ced/synthetic/10/5-186924-A-12.wav
5-186924-A-12,benchmark_data/external/esc50/audio/5-186924-A-12.wav,fire,gaussian,5,4.999999605727422,pink_noise,Pink noise,0.642634391784668,False,benchmark_data/expanded_generated/ced/synthetic/5/5-186924-A-12.wav
5-186924-A-12,benchmark_data/external/esc50/audio/5-186924-A-12.wav,fire,gaussian,0,-1.8170333438995765e-07,white_noise,White noise,0.599104106426239,False,benchmark_data/expanded_generated/ced/synthetic/0/5-186924-A-12.wav
5-189212-A-12,benchmark_data/external/esc50/audio/5-189212-A-12.wav,fire,gaussian,20,19.999999896421286,keys_jangling,Keys jangling,0.5515270233154297,False,benchmark_data/expanded_generated/ced/synthetic/20/5-189212-A-12.wav
5-189212-A-12,benchmark_data/external/esc50/audio/5-189212-A-12.wav,fire,gaussian,15,14.999999983976355,patter,Patter,0.5398954153060913,False,benchmark_data/expanded_generated/ced/synthetic/15/5-189212-A-12.wav
5-189212-A-12,benchmark_data/external/esc50/audio/5-189212-A-12.wav,fire,gaussian,10,10.00000002683021,rain,Rain,0.5493649244308472,False,benchmark_data/expanded_generated/ced/synthetic/10/5-189212-A-12.wav
5-189212-A-12,benchmark_data/external/esc50/audio/5-189212-A-12.wav,fire,gaussian,5,5.000000171746698,pink_noise,Pink noise,0.5551931858062744,False,benchmark_data/expanded_generated/ced/synthetic/5/5-189212-A-12.wav
5-189212-A-12,benchmark_data/external/esc50/audio/5-189212-A-12.wav,fire,gaussian,0,-3.574930845820773e-07,pink_noise,Pink noise,0.5618206858634949,False,benchmark_data/expanded_generated/ced/synthetic/0/5-189212-A-12.wav
5-189237-A-12,benchmark_data/external/esc50/audio/5-189237-A-12.wav,fire,gaussian,20,20.000000021182576,finger_snapping,Finger snapping,0.5579257011413574,False,benchmark_data/expanded_generated/ced/synthetic/20/5-189237-A-12.wav
5-189237-A-12,benchmark_data/external/esc50/audio/5-189237-A-12.wav,fire,gaussian,15,14.999999818302822,finger_snapping,Finger snapping,0.5378004312515259,False,benchmark_data/expanded_generated/ced/synthetic/15/5-189237-A-12.wav
5-189237-A-12,benchmark_data/external/esc50/audio/5-189237-A-12.wav,fire,gaussian,10,9.99999977170444,finger_snapping,Finger snapping,0.5467487573623657,False,benchmark_data/expanded_generated/ced/synthetic/10/5-189237-A-12.wav
5-189237-A-12,benchmark_data/external/esc50/audio/5-189237-A-12.wav,fire,gaussian,5,5.000000393623441,inside_small_room,"Inside, small room",0.5257592797279358,False,benchmark_data/expanded_generated/ced/synthetic/5/5-189237-A-12.wav
5-189237-A-12,benchmark_data/external/esc50/audio/5-189237-A-12.wav,fire,gaussian,0,-9.916758905035877e-09,rustle,Rustle,0.5205203890800476,False,benchmark_data/expanded_generated/ced/synthetic/0/5-189237-A-12.wav
5-193473-A-12,benchmark_data/external/esc50/audio/5-193473-A-12.wav,fire,gaussian,20,19.99999968640475,fire,Fire,0.6943850517272949,True,benchmark_data/expanded_generated/ced/synthetic/20/5-193473-A-12.wav
5-193473-A-12,benchmark_data/external/esc50/audio/5-193473-A-12.wav,fire,gaussian,15,15.000000160727332,fire,Fire,0.6989085078239441,True,benchmark_data/expanded_generated/ced/synthetic/15/5-193473-A-12.wav
5-193473-A-12,benchmark_data/external/esc50/audio/5-193473-A-12.wav,fire,gaussian,10,10.000000075487087,fire,Fire,0.7084387540817261,True,benchmark_data/expanded_generated/ced/synthetic/10/5-193473-A-12.wav
5-193473-A-12,benchmark_data/external/esc50/audio/5-193473-A-12.wav,fire,gaussian,5,5.000000206800753,fire,Fire,0.68769770860672,True,benchmark_data/expanded_generated/ced/synthetic/5/5-193473-A-12.wav
5-193473-A-12,benchmark_data/external/esc50/audio/5-193473-A-12.wav,fire,gaussian,0,3.171121731453716e-07,fire,Fire,0.6116438508033752,True,benchmark_data/expanded_generated/ced/synthetic/0/5-193473-A-12.wav
5-193473-B-12,benchmark_data/external/esc50/audio/5-193473-B-12.wav,fire,gaussian,20,19.99999965658596,fire,Fire,0.5424364805221558,True,benchmark_data/expanded_generated/ced/synthetic/20/5-193473-B-12.wav
5-193473-B-12,benchmark_data/external/esc50/audio/5-193473-B-12.wav,fire,gaussian,15,15.000000050933838,fire,Fire,0.5772756934165955,True,benchmark_data/expanded_generated/ced/synthetic/15/5-193473-B-12.wav
5-193473-B-12,benchmark_data/external/esc50/audio/5-193473-B-12.wav,fire,gaussian,10,9.999999817959967,fire,Fire,0.5806372761726379,True,benchmark_data/expanded_generated/ced/synthetic/10/5-193473-B-12.wav
5-193473-B-12,benchmark_data/external/esc50/audio/5-193473-B-12.wav,fire,gaussian,5,5.0000001522990285,fire,Fire,0.5732999444007874,True,benchmark_data/expanded_generated/ced/synthetic/5/5-193473-B-12.wav
5-193473-B-12,benchmark_data/external/esc50/audio/5-193473-B-12.wav,fire,gaussian,0,-6.790282277423608e-08,fire,Fire,0.5555784702301025,True,benchmark_data/expanded_generated/ced/synthetic/0/5-193473-B-12.wav
5-198411-A-20,benchmark_data/external/esc50/audio/5-198411-A-20.wav,baby_crying,gaussian,20,20.00000017811069,crying_sobbing,"Crying, sobbing",0.6265146136283875,False,benchmark_data/expanded_generated/ced/synthetic/20/5-198411-A-20.wav
5-198411-A-20,benchmark_data/external/esc50/audio/5-198411-A-20.wav,baby_crying,gaussian,15,14.999999866123865,crying_sobbing,"Crying, sobbing",0.618783175945282,False,benchmark_data/expanded_generated/ced/synthetic/15/5-198411-A-20.wav
5-198411-A-20,benchmark_data/external/esc50/audio/5-198411-A-20.wav,baby_crying,gaussian,10,10.000000210301303,baby_crying,"Baby cry, infant cry",0.6159858107566833,True,benchmark_data/expanded_generated/ced/synthetic/10/5-198411-A-20.wav
5-198411-A-20,benchmark_data/external/esc50/audio/5-198411-A-20.wav,baby_crying,gaussian,5,5.000000233514122,baby_crying,"Baby cry, infant cry",0.5953523516654968,True,benchmark_data/expanded_generated/ced/synthetic/5/5-198411-A-20.wav
5-198411-A-20,benchmark_data/external/esc50/audio/5-198411-A-20.wav,baby_crying,gaussian,0,7.979281330611701e-09,baby_crying,"Baby cry, infant cry",0.6070892214775085,True,benchmark_data/expanded_generated/ced/synthetic/0/5-198411-A-20.wav
5-198411-B-20,benchmark_data/external/esc50/audio/5-198411-B-20.wav,baby_crying,gaussian,20,20.000000407713685,inside_small_room,"Inside, small room",0.5559475421905518,False,benchmark_data/expanded_generated/ced/synthetic/20/5-198411-B-20.wav
5-198411-B-20,benchmark_data/external/esc50/audio/5-198411-B-20.wav,baby_crying,gaussian,15,15.000000055601845,baby_crying,"Baby cry, infant cry",0.5593920946121216,True,benchmark_data/expanded_generated/ced/synthetic/15/5-198411-B-20.wav
5-198411-B-20,benchmark_data/external/esc50/audio/5-198411-B-20.wav,baby_crying,gaussian,10,9.999999812907156,belly_laugh,Belly laugh,0.579957127571106,False,benchmark_data/expanded_generated/ced/synthetic/10/5-198411-B-20.wav
5-198411-B-20,benchmark_data/external/esc50/audio/5-198411-B-20.wav,baby_crying,gaussian,5,5.000000151561003,belly_laugh,Belly laugh,0.5825483202934265,False,benchmark_data/expanded_generated/ced/synthetic/5/5-198411-B-20.wav
5-198411-B-20,benchmark_data/external/esc50/audio/5-198411-B-20.wav,baby_crying,gaussian,0,2.5214411272398756e-07,pink_noise,Pink noise,0.5466405153274536,False,benchmark_data/expanded_generated/ced/synthetic/0/5-198411-B-20.wav
5-198411-C-20,benchmark_data/external/esc50/audio/5-198411-C-20.wav,baby_crying,gaussian,20,20.00000023044589,baby_crying,"Baby cry, infant cry",0.647771418094635,True,benchmark_data/expanded_generated/ced/synthetic/20/5-198411-C-20.wav
5-198411-C-20,benchmark_data/external/esc50/audio/5-198411-C-20.wav,baby_crying,gaussian,15,15.000000221379919,baby_crying,"Baby cry, infant cry",0.6375144124031067,True,benchmark_data/expanded_generated/ced/synthetic/15/5-198411-C-20.wav
5-198411-C-20,benchmark_data/external/esc50/audio/5-198411-C-20.wav,baby_crying,gaussian,10,9.999999735093201,speech,Speech,0.6265934109687805,False,benchmark_data/expanded_generated/ced/synthetic/10/5-198411-C-20.wav
5-198411-C-20,benchmark_data/external/esc50/audio/5-198411-C-20.wav,baby_crying,gaussian,5,4.999999680477627,speech,Speech,0.6161410808563232,False,benchmark_data/expanded_generated/ced/synthetic/5/5-198411-C-20.wav
5-198411-C-20,benchmark_data/external/esc50/audio/5-198411-C-20.wav,baby_crying,gaussian,0,9.992799727075188e-08,speech,Speech,0.622119128704071,False,benchmark_data/expanded_generated/ced/synthetic/0/5-198411-C-20.wav
5-198411-D-20,benchmark_data/external/esc50/audio/5-198411-D-20.wav,baby_crying,gaussian,20,19.999999971362904,baby_crying,"Baby cry, infant cry",0.6417995691299438,True,benchmark_data/expanded_generated/ced/synthetic/20/5-198411-D-20.wav
5-198411-D-20,benchmark_data/external/esc50/audio/5-198411-D-20.wav,baby_crying,gaussian,15,14.999999711789822,baby_crying,"Baby cry, infant cry",0.6382931470870972,True,benchmark_data/expanded_generated/ced/synthetic/15/5-198411-D-20.wav
5-198411-D-20,benchmark_data/external/esc50/audio/5-198411-D-20.wav,baby_crying,gaussian,10,9.999999894045176,baby_crying,"Baby cry, infant cry",0.628540575504303,True,benchmark_data/expanded_generated/ced/synthetic/10/5-198411-D-20.wav
5-198411-D-20,benchmark_data/external/esc50/audio/5-198411-D-20.wav,baby_crying,gaussian,5,4.999999914917053,baby_crying,"Baby cry, infant cry",0.6380484700202942,True,benchmark_data/expanded_generated/ced/synthetic/5/5-198411-D-20.wav
5-198411-D-20,benchmark_data/external/esc50/audio/5-198411-D-20.wav,baby_crying,gaussian,0,-2.996696863639098e-07,baby_crying,"Baby cry, infant cry",0.6150342226028442,True,benchmark_data/expanded_generated/ced/synthetic/0/5-198411-D-20.wav
5-198411-E-20,benchmark_data/external/esc50/audio/5-198411-E-20.wav,baby_crying,gaussian,20,19.999999767252085,baby_crying,"Baby cry, infant cry",0.6571264266967773,True,benchmark_data/expanded_generated/ced/synthetic/20/5-198411-E-20.wav
5-198411-E-20,benchmark_data/external/esc50/audio/5-198411-E-20.wav,baby_crying,gaussian,15,15.00000018325907,baby_crying,"Baby cry, infant cry",0.6725191473960876,True,benchmark_data/expanded_generated/ced/synthetic/15/5-198411-E-20.wav
5-198411-E-20,benchmark_data/external/esc50/audio/5-198411-E-20.wav,baby_crying,gaussian,10,10.000000119572878,baby_crying,"Baby cry, infant cry",0.6777141094207764,True,benchmark_data/expanded_generated/ced/synthetic/10/5-198411-E-20.wav
5-198411-E-20,benchmark_data/external/esc50/audio/5-198411-E-20.wav,baby_crying,gaussian,5,4.999999694298365,baby_crying,"Baby cry, infant cry",0.6811273694038391,True,benchmark_data/expanded_generated/ced/synthetic/5/5-198411-E-20.wav
5-198411-E-20,benchmark_data/external/esc50/audio/5-198411-E-20.wav,baby_crying,gaussian,0,-1.233435359671123e-07,baby_crying,"Baby cry, infant cry",0.6809748411178589,True,benchmark_data/expanded_generated/ced/synthetic/0/5-198411-E-20.wav
5-198411-F-20,benchmark_data/external/esc50/audio/5-198411-F-20.wav,baby_crying,gaussian,20,19.99999984716546,screaming,Screaming,0.6121364831924438,False,benchmark_data/expanded_generated/ced/synthetic/20/5-198411-F-20.wav
5-198411-F-20,benchmark_data/external/esc50/audio/5-198411-F-20.wav,baby_crying,gaussian,15,14.999999761493036,screaming,Screaming,0.6355559825897217,False,benchmark_data/expanded_generated/ced/synthetic/15/5-198411-F-20.wav
5-198411-F-20,benchmark_data/external/esc50/audio/5-198411-F-20.wav,baby_crying,gaussian,10,9.999999836647817,screaming,Screaming,0.6320955157279968,False,benchmark_data/expanded_generated/ced/synthetic/10/5-198411-F-20.wav
5-198411-F-20,benchmark_data/external/esc50/audio/5-198411-F-20.wav,baby_crying,gaussian,5,4.999999799100904,screaming,Screaming,0.6561421155929565,False,benchmark_data/expanded_generated/ced/synthetic/5/5-198411-F-20.wav
5-198411-F-20,benchmark_data/external/esc50/audio/5-198411-F-20.wav,baby_crying,gaussian,0,-1.4292072618204498e-07,speech,Speech,0.610852062702179,False,benchmark_data/expanded_generated/ced/synthetic/0/5-198411-F-20.wav
5-198411-G-20,benchmark_data/external/esc50/audio/5-198411-G-20.wav,baby_crying,gaussian,20,20.000000088157694,baby_crying,"Baby cry, infant cry",0.6289401650428772,True,benchmark_data/expanded_generated/ced/synthetic/20/5-198411-G-20.wav
5-198411-G-20,benchmark_data/external/esc50/audio/5-198411-G-20.wav,baby_crying,gaussian,15,14.99999988525255,crying_sobbing,"Crying, sobbing",0.6200056672096252,False,benchmark_data/expanded_generated/ced/synthetic/15/5-198411-G-20.wav
5-198411-G-20,benchmark_data/external/esc50/audio/5-198411-G-20.wav,baby_crying,gaussian,10,10.000000081579316,baby_crying,"Baby cry, infant cry",0.6178497672080994,True,benchmark_data/expanded_generated/ced/synthetic/10/5-198411-G-20.wav
5-198411-G-20,benchmark_data/external/esc50/audio/5-198411-G-20.wav,baby_crying,gaussian,5,5.000000299736962,baby_crying,"Baby cry, infant cry",0.598908543586731,True,benchmark_data/expanded_generated/ced/synthetic/5/5-198411-G-20.wav
5-198411-G-20,benchmark_data/external/esc50/audio/5-198411-G-20.wav,baby_crying,gaussian,0,3.5258554201744865e-07,baby_crying,"Baby cry, infant cry",0.6091771125793457,True,benchmark_data/expanded_generated/ced/synthetic/0/5-198411-G-20.wav
5-203128-A-0,benchmark_data/external/esc50/audio/5-203128-A-0.wav,dog_barking,gaussian,20,19.999999952913903,dog,Dog,0.6906924843788147,False,benchmark_data/expanded_generated/ced/synthetic/20/5-203128-A-0.wav
5-203128-A-0,benchmark_data/external/esc50/audio/5-203128-A-0.wav,dog_barking,gaussian,15,15.000000319594541,dog,Dog,0.6651418209075928,False,benchmark_data/expanded_generated/ced/synthetic/15/5-203128-A-0.wav
5-203128-A-0,benchmark_data/external/esc50/audio/5-203128-A-0.wav,dog_barking,gaussian,10,9.99999981332817,dog,Dog,0.6544703245162964,False,benchmark_data/expanded_generated/ced/synthetic/10/5-203128-A-0.wav
5-203128-A-0,benchmark_data/external/esc50/audio/5-203128-A-0.wav,dog_barking,gaussian,5,5.000000302434068,dog,Dog,0.6300063729286194,False,benchmark_data/expanded_generated/ced/synthetic/5/5-203128-A-0.wav
5-203128-A-0,benchmark_data/external/esc50/audio/5-203128-A-0.wav,dog_barking,gaussian,0,-4.062301419176636e-07,dog_barking,Bark,0.637893557548523,True,benchmark_data/expanded_generated/ced/synthetic/0/5-203128-A-0.wav
5-203128-B-0,benchmark_data/external/esc50/audio/5-203128-B-0.wav,dog_barking,gaussian,20,19.999999705731437,dog,Dog,0.678421139717102,False,benchmark_data/expanded_generated/ced/synthetic/20/5-203128-B-0.wav
5-203128-B-0,benchmark_data/external/esc50/audio/5-203128-B-0.wav,dog_barking,gaussian,15,14.99999987162534,dog,Dog,0.6556385159492493,False,benchmark_data/expanded_generated/ced/synthetic/15/5-203128-B-0.wav
5-203128-B-0,benchmark_data/external/esc50/audio/5-203128-B-0.wav,dog_barking,gaussian,10,10.00000005732895,animal,Animal,0.6480991840362549,False,benchmark_data/expanded_generated/ced/synthetic/10/5-203128-B-0.wav
5-203128-B-0,benchmark_data/external/esc50/audio/5-203128-B-0.wav,dog_barking,gaussian,5,4.999999768524359,dog,Dog,0.6283832788467407,False,benchmark_data/expanded_generated/ced/synthetic/5/5-203128-B-0.wav
5-203128-B-0,benchmark_data/external/esc50/audio/5-203128-B-0.wav,dog_barking,gaussian,0,-7.780691242242814e-08,dog,Dog,0.6071640849113464,False,benchmark_data/expanded_generated/ced/synthetic/0/5-203128-B-0.wav
5-208030-A-0,benchmark_data/external/esc50/audio/5-208030-A-0.wav,dog_barking,gaussian,20,20.000000170597843,animal,Animal,0.7068983316421509,False,benchmark_data/expanded_generated/ced/synthetic/20/5-208030-A-0.wav
5-208030-A-0,benchmark_data/external/esc50/audio/5-208030-A-0.wav,dog_barking,gaussian,15,14.999999904835661,animal,Animal,0.6942664980888367,False,benchmark_data/expanded_generated/ced/synthetic/15/5-208030-A-0.wav
5-208030-A-0,benchmark_data/external/esc50/audio/5-208030-A-0.wav,dog_barking,gaussian,10,9.999999827011827,animal,Animal,0.6899058222770691,False,benchmark_data/expanded_generated/ced/synthetic/10/5-208030-A-0.wav
5-208030-A-0,benchmark_data/external/esc50/audio/5-208030-A-0.wav,dog_barking,gaussian,5,5.000000068520532,animal,Animal,0.6721736788749695,False,benchmark_data/expanded_generated/ced/synthetic/5/5-208030-A-0.wav
5-208030-A-0,benchmark_data/external/esc50/audio/5-208030-A-0.wav,dog_barking,gaussian,0,1.7055162908940923e-07,dog,Dog,0.6575663685798645,False,benchmark_data/expanded_generated/ced/synthetic/0/5-208030-A-0.wav
5-212454-A-0,benchmark_data/external/esc50/audio/5-212454-A-0.wav,dog_barking,gaussian,20,20.000000099437948,animal,Animal,0.6484473943710327,False,benchmark_data/expanded_generated/ced/synthetic/20/5-212454-A-0.wav
5-212454-A-0,benchmark_data/external/esc50/audio/5-212454-A-0.wav,dog_barking,gaussian,15,14.999999640316455,animal,Animal,0.6327071785926819,False,benchmark_data/expanded_generated/ced/synthetic/15/5-212454-A-0.wav
5-212454-A-0,benchmark_data/external/esc50/audio/5-212454-A-0.wav,dog_barking,gaussian,10,9.999999870781537,animal,Animal,0.6249874234199524,False,benchmark_data/expanded_generated/ced/synthetic/10/5-212454-A-0.wav
5-212454-A-0,benchmark_data/external/esc50/audio/5-212454-A-0.wav,dog_barking,gaussian,5,5.0000000037211,animal,Animal,0.6140846610069275,False,benchmark_data/expanded_generated/ced/synthetic/5/5-212454-A-0.wav
5-212454-A-0,benchmark_data/external/esc50/audio/5-212454-A-0.wav,dog_barking,gaussian,0,-1.8544341200943466e-07,animal,Animal,0.627795934677124,False,benchmark_data/expanded_generated/ced/synthetic/0/5-212454-A-0.wav
5-213802-A-12,benchmark_data/external/esc50/audio/5-213802-A-12.wav,fire,gaussian,20,20.00000015891631,vehicle,Vehicle,0.5677683353424072,False,benchmark_data/expanded_generated/ced/synthetic/20/5-213802-A-12.wav
5-213802-A-12,benchmark_data/external/esc50/audio/5-213802-A-12.wav,fire,gaussian,15,15.000000214283588,white_noise,White noise,0.5683044195175171,False,benchmark_data/expanded_generated/ced/synthetic/15/5-213802-A-12.wav
5-213802-A-12,benchmark_data/external/esc50/audio/5-213802-A-12.wav,fire,gaussian,10,9.999999984156384,white_noise,White noise,0.6210120916366577,False,benchmark_data/expanded_generated/ced/synthetic/10/5-213802-A-12.wav
5-213802-A-12,benchmark_data/external/esc50/audio/5-213802-A-12.wav,fire,gaussian,5,4.999999724161632,white_noise,White noise,0.6311247944831848,False,benchmark_data/expanded_generated/ced/synthetic/5/5-213802-A-12.wav
5-213802-A-12,benchmark_data/external/esc50/audio/5-213802-A-12.wav,fire,gaussian,0,-1.7217504786609196e-07,white_noise,White noise,0.6340920329093933,False,benchmark_data/expanded_generated/ced/synthetic/0/5-213802-A-12.wav
5-213855-A-0,benchmark_data/external/esc50/audio/5-213855-A-0.wav,dog_barking,gaussian,20,20.00000017311807,animal,Animal,0.6536079049110413,False,benchmark_data/expanded_generated/ced/synthetic/20/5-213855-A-0.wav
5-213855-A-0,benchmark_data/external/esc50/audio/5-213855-A-0.wav,dog_barking,gaussian,15,14.999999896816153,animal,Animal,0.636116087436676,False,benchmark_data/expanded_generated/ced/synthetic/15/5-213855-A-0.wav
5-213855-A-0,benchmark_data/external/esc50/audio/5-213855-A-0.wav,dog_barking,gaussian,10,10.000000345966136,animal,Animal,0.6246387362480164,False,benchmark_data/expanded_generated/ced/synthetic/10/5-213855-A-0.wav
5-213855-A-0,benchmark_data/external/esc50/audio/5-213855-A-0.wav,dog_barking,gaussian,5,5.000000210086066,animal,Animal,0.5980396866798401,False,benchmark_data/expanded_generated/ced/synthetic/5/5-213855-A-0.wav
5-213855-A-0,benchmark_data/external/esc50/audio/5-213855-A-0.wav,dog_barking,gaussian,0,-7.010671992766496e-08,animal,Animal,0.603017270565033,False,benchmark_data/expanded_generated/ced/synthetic/0/5-213855-A-0.wav
5-215658-A-12,benchmark_data/external/esc50/audio/5-215658-A-12.wav,fire,gaussian,20,19.999999962405806,fire,Fire,0.5656050443649292,True,benchmark_data/expanded_generated/ced/synthetic/20/5-215658-A-12.wav
5-215658-A-12,benchmark_data/external/esc50/audio/5-215658-A-12.wav,fire,gaussian,15,14.999999791952472,fire,Fire,0.61948561668396,True,benchmark_data/expanded_generated/ced/synthetic/15/5-215658-A-12.wav
5-215658-A-12,benchmark_data/external/esc50/audio/5-215658-A-12.wav,fire,gaussian,10,10.00000013930702,white_noise,White noise,0.5476623773574829,False,benchmark_data/expanded_generated/ced/synthetic/10/5-215658-A-12.wav
5-215658-A-12,benchmark_data/external/esc50/audio/5-215658-A-12.wav,fire,gaussian,5,4.999999941237915,white_noise,White noise,0.5490353107452393,False,benchmark_data/expanded_generated/ced/synthetic/5/5-215658-A-12.wav
5-215658-A-12,benchmark_data/external/esc50/audio/5-215658-A-12.wav,fire,gaussian,0,-1.480377698906555e-07,white_noise,White noise,0.5543316006660461,False,benchmark_data/expanded_generated/ced/synthetic/0/5-215658-A-12.wav
5-215658-B-12,benchmark_data/external/esc50/audio/5-215658-B-12.wav,fire,gaussian,20,20.000000165245396,raindrop,Raindrop,0.547010600566864,False,benchmark_data/expanded_generated/ced/synthetic/20/5-215658-B-12.wav
5-215658-B-12,benchmark_data/external/esc50/audio/5-215658-B-12.wav,fire,gaussian,15,15.000000036168315,white_noise,White noise,0.553833544254303,False,benchmark_data/expanded_generated/ced/synthetic/15/5-215658-B-12.wav
5-215658-B-12,benchmark_data/external/esc50/audio/5-215658-B-12.wav,fire,gaussian,10,10.000000217342762,white_noise,White noise,0.5789603590965271,False,benchmark_data/expanded_generated/ced/synthetic/10/5-215658-B-12.wav
5-215658-B-12,benchmark_data/external/esc50/audio/5-215658-B-12.wav,fire,gaussian,5,4.999999583745486,white_noise,White noise,0.5882992744445801,False,benchmark_data/expanded_generated/ced/synthetic/5/5-215658-B-12.wav
5-215658-B-12,benchmark_data/external/esc50/audio/5-215658-B-12.wav,fire,gaussian,0,2.404726513611864e-07,white_noise,White noise,0.6529473662376404,False,benchmark_data/expanded_generated/ced/synthetic/0/5-215658-B-12.wav
5-217158-A-0,benchmark_data/external/esc50/audio/5-217158-A-0.wav,dog_barking,gaussian,20,20.000000228639255,dog,Dog,0.6344484090805054,False,benchmark_data/expanded_generated/ced/synthetic/20/5-217158-A-0.wav
5-217158-A-0,benchmark_data/external/esc50/audio/5-217158-A-0.wav,dog_barking,gaussian,15,14.999999794550403,dog,Dog,0.6430255770683289,False,benchmark_data/expanded_generated/ced/synthetic/15/5-217158-A-0.wav
5-217158-A-0,benchmark_data/external/esc50/audio/5-217158-A-0.wav,dog_barking,gaussian,10,9.999999961800436,dog,Dog,0.6465156674385071,False,benchmark_data/expanded_generated/ced/synthetic/10/5-217158-A-0.wav
5-217158-A-0,benchmark_data/external/esc50/audio/5-217158-A-0.wav,dog_barking,gaussian,5,5.000000193104209,dog,Dog,0.641036868095398,False,benchmark_data/expanded_generated/ced/synthetic/5/5-217158-A-0.wav
5-217158-A-0,benchmark_data/external/esc50/audio/5-217158-A-0.wav,dog_barking,gaussian,0,3.0366333876338087e-07,dog,Dog,0.6430263519287109,False,benchmark_data/expanded_generated/ced/synthetic/0/5-217158-A-0.wav
5-218980-A-30,benchmark_data/external/esc50/audio/5-218980-A-30.wav,door_activity,gaussian,20,20.000000252616697,door_activity,Knock,0.6116273999214172,True,benchmark_data/expanded_generated/ced/synthetic/20/5-218980-A-30.wav
5-218980-A-30,benchmark_data/external/esc50/audio/5-218980-A-30.wav,door_activity,gaussian,15,15.000000282634932,door_activity,Knock,0.6205019354820251,True,benchmark_data/expanded_generated/ced/synthetic/15/5-218980-A-30.wav
5-218980-A-30,benchmark_data/external/esc50/audio/5-218980-A-30.wav,door_activity,gaussian,10,10.000000221910309,door_activity,Knock,0.6344882249832153,True,benchmark_data/expanded_generated/ced/synthetic/10/5-218980-A-30.wav
5-218980-A-30,benchmark_data/external/esc50/audio/5-218980-A-30.wav,door_activity,gaussian,5,4.999999569242409,door_activity,Knock,0.6497431993484497,True,benchmark_data/expanded_generated/ced/synthetic/5/5-218980-A-30.wav
5-218980-A-30,benchmark_data/external/esc50/audio/5-218980-A-30.wav,door_activity,gaussian,0,1.808132515341468e-07,door_activity,Knock,0.6443666219711304,True,benchmark_data/expanded_generated/ced/synthetic/0/5-218980-A-30.wav
5-218981-A-30,benchmark_data/external/esc50/audio/5-218981-A-30.wav,door_activity,gaussian,20,20.000000194108665,door_activity,Knock,0.5650871992111206,True,benchmark_data/expanded_generated/ced/synthetic/20/5-218981-A-30.wav
5-218981-A-30,benchmark_data/external/esc50/audio/5-218981-A-30.wav,door_activity,gaussian,15,14.999999737773152,music,Music,0.5709444284439087,False,benchmark_data/expanded_generated/ced/synthetic/15/5-218981-A-30.wav
5-218981-A-30,benchmark_data/external/esc50/audio/5-218981-A-30.wav,door_activity,gaussian,10,9.999999681135538,music,Music,0.5768994688987732,False,benchmark_data/expanded_generated/ced/synthetic/10/5-218981-A-30.wav
5-218981-A-30,benchmark_data/external/esc50/audio/5-218981-A-30.wav,door_activity,gaussian,5,4.999999978158712,music,Music,0.5872094631195068,False,benchmark_data/expanded_generated/ced/synthetic/5/5-218981-A-30.wav
5-218981-A-30,benchmark_data/external/esc50/audio/5-218981-A-30.wav,door_activity,gaussian,0,6.880953981563713e-08,music,Music,0.5789337754249573,False,benchmark_data/expanded_generated/ced/synthetic/0/5-218981-A-30.wav
5-221528-A-39,benchmark_data/external/esc50/audio/5-221528-A-39.wav,glass_breaking,gaussian,20,20.000000415965168,breaking,Breaking,0.6863687634468079,False,benchmark_data/expanded_generated/ced/synthetic/20/5-221528-A-39.wav
5-221528-A-39,benchmark_data/external/esc50/audio/5-221528-A-39.wav,glass_breaking,gaussian,15,14.999999775511977,breaking,Breaking,0.6731969714164734,False,benchmark_data/expanded_generated/ced/synthetic/15/5-221528-A-39.wav
5-221528-A-39,benchmark_data/external/esc50/audio/5-221528-A-39.wav,glass_breaking,gaussian,10,9.99999982349589,breaking,Breaking,0.662980854511261,False,benchmark_data/expanded_generated/ced/synthetic/10/5-221528-A-39.wav
5-221528-A-39,benchmark_data/external/esc50/audio/5-221528-A-39.wav,glass_breaking,gaussian,5,5.00000001336238,breaking,Breaking,0.6193979978561401,False,benchmark_data/expanded_generated/ced/synthetic/5/5-221528-A-39.wav
5-221528-A-39,benchmark_data/external/esc50/audio/5-221528-A-39.wav,glass_breaking,gaussian,0,3.11930544842351e-07,chink_clink,"Chink, clink",0.5768035650253296,False,benchmark_data/expanded_generated/ced/synthetic/0/5-221528-A-39.wav
5-221529-A-39,benchmark_data/external/esc50/audio/5-221529-A-39.wav,glass_breaking,gaussian,20,19.99999976138978,breaking,Breaking,0.5577747225761414,False,benchmark_data/expanded_generated/ced/synthetic/20/5-221529-A-39.wav
5-221529-A-39,benchmark_data/external/esc50/audio/5-221529-A-39.wav,glass_breaking,gaussian,15,14.999999641273376,breaking,Breaking,0.5293377637863159,False,benchmark_data/expanded_generated/ced/synthetic/15/5-221529-A-39.wav
5-221529-A-39,benchmark_data/external/esc50/audio/5-221529-A-39.wav,glass_breaking,gaussian,10,10.000000237068534,pink_noise,Pink noise,0.5617863535881042,False,benchmark_data/expanded_generated/ced/synthetic/10/5-221529-A-39.wav
5-221529-A-39,benchmark_data/external/esc50/audio/5-221529-A-39.wav,glass_breaking,gaussian,5,5.000000262472017,pink_noise,Pink noise,0.6187456250190735,False,benchmark_data/expanded_generated/ced/synthetic/5/5-221529-A-39.wav
5-221529-A-39,benchmark_data/external/esc50/audio/5-221529-A-39.wav,glass_breaking,gaussian,0,9.024880386367694e-09,pink_noise,Pink noise,0.6067982316017151,False,benchmark_data/expanded_generated/ced/synthetic/0/5-221529-A-39.wav
5-231762-A-0,benchmark_data/external/esc50/audio/5-231762-A-0.wav,dog_barking,gaussian,20,20.000000104224583,dog,Dog,0.6622257232666016,False,benchmark_data/expanded_generated/ced/synthetic/20/5-231762-A-0.wav
5-231762-A-0,benchmark_data/external/esc50/audio/5-231762-A-0.wav,dog_barking,gaussian,15,14.999999563246849,dog,Dog,0.6493462324142456,False,benchmark_data/expanded_generated/ced/synthetic/15/5-231762-A-0.wav
5-231762-A-0,benchmark_data/external/esc50/audio/5-231762-A-0.wav,dog_barking,gaussian,10,9.999999840340253,dog,Dog,0.6261308193206787,False,benchmark_data/expanded_generated/ced/synthetic/10/5-231762-A-0.wav
5-231762-A-0,benchmark_data/external/esc50/audio/5-231762-A-0.wav,dog_barking,gaussian,5,4.999999710166562,dog,Dog,0.6266834139823914,False,benchmark_data/expanded_generated/ced/synthetic/5/5-231762-A-0.wav
5-231762-A-0,benchmark_data/external/esc50/audio/5-231762-A-0.wav,dog_barking,gaussian,0,-2.119377693372216e-08,dog_barking,Bark,0.620202362537384,True,benchmark_data/expanded_generated/ced/synthetic/0/5-231762-A-0.wav
5-233605-A-39,benchmark_data/external/esc50/audio/5-233605-A-39.wav,glass_breaking,gaussian,20,20.000000163574537,cap_gun,Cap gun,0.6198717355728149,False,benchmark_data/expanded_generated/ced/synthetic/20/5-233605-A-39.wav
5-233605-A-39,benchmark_data/external/esc50/audio/5-233605-A-39.wav,glass_breaking,gaussian,15,15.000000164347217,cap_gun,Cap gun,0.5841236114501953,False,benchmark_data/expanded_generated/ced/synthetic/15/5-233605-A-39.wav
5-233605-A-39,benchmark_data/external/esc50/audio/5-233605-A-39.wav,glass_breaking,gaussian,10,10.000000157198967,cap_gun,Cap gun,0.5690181851387024,False,benchmark_data/expanded_generated/ced/synthetic/10/5-233605-A-39.wav
5-233605-A-39,benchmark_data/external/esc50/audio/5-233605-A-39.wav,glass_breaking,gaussian,5,5.000000279466467,cap_gun,Cap gun,0.5832914710044861,False,benchmark_data/expanded_generated/ced/synthetic/5/5-233605-A-39.wav
5-233605-A-39,benchmark_data/external/esc50/audio/5-233605-A-39.wav,glass_breaking,gaussian,0,-8.829016462793596e-08,cap_gun,Cap gun,0.5380487442016602,False,benchmark_data/expanded_generated/ced/synthetic/0/5-233605-A-39.wav
5-233607-A-39,benchmark_data/external/esc50/audio/5-233607-A-39.wav,glass_breaking,gaussian,20,19.99999965700389,hammer,Hammer,0.5799794793128967,False,benchmark_data/expanded_generated/ced/synthetic/20/5-233607-A-39.wav
5-233607-A-39,benchmark_data/external/esc50/audio/5-233607-A-39.wav,glass_breaking,gaussian,15,14.999999871967029,hammer,Hammer,0.566169798374176,False,benchmark_data/expanded_generated/ced/synthetic/15/5-233607-A-39.wav
5-233607-A-39,benchmark_data/external/esc50/audio/5-233607-A-39.wav,glass_breaking,gaussian,10,10.000000275917962,pink_noise,Pink noise,0.5516140460968018,False,benchmark_data/expanded_generated/ced/synthetic/10/5-233607-A-39.wav
5-233607-A-39,benchmark_data/external/esc50/audio/5-233607-A-39.wav,glass_breaking,gaussian,5,4.999999923343958,pink_noise,Pink noise,0.5733467936515808,False,benchmark_data/expanded_generated/ced/synthetic/5/5-233607-A-39.wav
5-233607-A-39,benchmark_data/external/esc50/audio/5-233607-A-39.wav,glass_breaking,gaussian,0,-2.8753920920765556e-07,pink_noise,Pink noise,0.5930848717689514,False,benchmark_data/expanded_generated/ced/synthetic/0/5-233607-A-39.wav
5-235644-A-30,benchmark_data/external/esc50/audio/5-235644-A-30.wav,door_activity,gaussian,20,20.00000032198864,door_activity,Knock,0.6966431736946106,True,benchmark_data/expanded_generated/ced/synthetic/20/5-235644-A-30.wav
5-235644-A-30,benchmark_data/external/esc50/audio/5-235644-A-30.wav,door_activity,gaussian,15,14.999999726148125,door_activity,Knock,0.6984350681304932,True,benchmark_data/expanded_generated/ced/synthetic/15/5-235644-A-30.wav
5-235644-A-30,benchmark_data/external/esc50/audio/5-235644-A-30.wav,door_activity,gaussian,10,10.000000422125412,door_activity,Knock,0.7058339715003967,True,benchmark_data/expanded_generated/ced/synthetic/10/5-235644-A-30.wav
5-235644-A-30,benchmark_data/external/esc50/audio/5-235644-A-30.wav,door_activity,gaussian,5,4.999999835171663,door_activity,Knock,0.7026494145393372,True,benchmark_data/expanded_generated/ced/synthetic/5/5-235644-A-30.wav
5-235644-A-30,benchmark_data/external/esc50/audio/5-235644-A-30.wav,door_activity,gaussian,0,5.86366218643169e-08,door_activity,Knock,0.7122249007225037,True,benchmark_data/expanded_generated/ced/synthetic/0/5-235644-A-30.wav
5-250026-A-30,benchmark_data/external/esc50/audio/5-250026-A-30.wav,door_activity,gaussian,20,19.99999970627583,door_activity,Knock,0.7073103189468384,True,benchmark_data/expanded_generated/ced/synthetic/20/5-250026-A-30.wav
5-250026-A-30,benchmark_data/external/esc50/audio/5-250026-A-30.wav,door_activity,gaussian,15,14.99999989766097,door_activity,Knock,0.7023685574531555,True,benchmark_data/expanded_generated/ced/synthetic/15/5-250026-A-30.wav
5-250026-A-30,benchmark_data/external/esc50/audio/5-250026-A-30.wav,door_activity,gaussian,10,10.000000178710282,door_activity,Knock,0.7059958577156067,True,benchmark_data/expanded_generated/ced/synthetic/10/5-250026-A-30.wav
5-250026-A-30,benchmark_data/external/esc50/audio/5-250026-A-30.wav,door_activity,gaussian,5,5.000000055211595,door_activity,Knock,0.6996957659721375,True,benchmark_data/expanded_generated/ced/synthetic/5/5-250026-A-30.wav
5-250026-A-30,benchmark_data/external/esc50/audio/5-250026-A-30.wav,door_activity,gaussian,0,1.677426049509997e-07,door_activity,Knock,0.6997954845428467,True,benchmark_data/expanded_generated/ced/synthetic/0/5-250026-A-30.wav
5-250026-B-30,benchmark_data/external/esc50/audio/5-250026-B-30.wav,door_activity,gaussian,20,20.000000212467764,door_activity,Knock,0.562309741973877,True,benchmark_data/expanded_generated/ced/synthetic/20/5-250026-B-30.wav
5-250026-B-30,benchmark_data/external/esc50/audio/5-250026-B-30.wav,door_activity,gaussian,15,15.00000022114735,door_activity,Knock,0.5500789880752563,True,benchmark_data/expanded_generated/ced/synthetic/15/5-250026-B-30.wav
5-250026-B-30,benchmark_data/external/esc50/audio/5-250026-B-30.wav,door_activity,gaussian,10,9.999999596292097,door_activity,Knock,0.6110426783561707,True,benchmark_data/expanded_generated/ced/synthetic/10/5-250026-B-30.wav
5-250026-B-30,benchmark_data/external/esc50/audio/5-250026-B-30.wav,door_activity,gaussian,5,5.0000001901763405,door_activity,Knock,0.6171951293945312,True,benchmark_data/expanded_generated/ced/synthetic/5/5-250026-B-30.wav
5-250026-B-30,benchmark_data/external/esc50/audio/5-250026-B-30.wav,door_activity,gaussian,0,-1.486607312306535e-07,door_activity,Knock,0.6029782295227051,True,benchmark_data/expanded_generated/ced/synthetic/0/5-250026-B-30.wav
5-251426-A-30,benchmark_data/external/esc50/audio/5-251426-A-30.wav,door_activity,gaussian,20,20.000000374043424,door_activity,Knock,0.6735845804214478,True,benchmark_data/expanded_generated/ced/synthetic/20/5-251426-A-30.wav
5-251426-A-30,benchmark_data/external/esc50/audio/5-251426-A-30.wav,door_activity,gaussian,15,15.000000324894042,door_activity,Knock,0.6747862696647644,True,benchmark_data/expanded_generated/ced/synthetic/15/5-251426-A-30.wav
5-251426-A-30,benchmark_data/external/esc50/audio/5-251426-A-30.wav,door_activity,gaussian,10,9.999999600302022,door_activity,Knock,0.6845570206642151,True,benchmark_data/expanded_generated/ced/synthetic/10/5-251426-A-30.wav
5-251426-A-30,benchmark_data/external/esc50/audio/5-251426-A-30.wav,door_activity,gaussian,5,4.9999999931997,door_activity,Knock,0.7029956579208374,True,benchmark_data/expanded_generated/ced/synthetic/5/5-251426-A-30.wav
5-251426-A-30,benchmark_data/external/esc50/audio/5-251426-A-30.wav,door_activity,gaussian,0,-1.9352240980163392e-07,door_activity,Knock,0.6952840685844421,True,benchmark_data/expanded_generated/ced/synthetic/0/5-251426-A-30.wav
5-251426-B-30,benchmark_data/external/esc50/audio/5-251426-B-30.wav,door_activity,gaussian,20,19.999999703382908,door_activity,Knock,0.7131956219673157,True,benchmark_data/expanded_generated/ced/synthetic/20/5-251426-B-30.wav
5-251426-B-30,benchmark_data/external/esc50/audio/5-251426-B-30.wav,door_activity,gaussian,15,15.000000278049754,door_activity,Knock,0.7181036472320557,True,benchmark_data/expanded_generated/ced/synthetic/15/5-251426-B-30.wav
5-251426-B-30,benchmark_data/external/esc50/audio/5-251426-B-30.wav,door_activity,gaussian,10,9.999999670432242,door_activity,Knock,0.7192649841308594,True,benchmark_data/expanded_generated/ced/synthetic/10/5-251426-B-30.wav
5-251426-B-30,benchmark_data/external/esc50/audio/5-251426-B-30.wav,door_activity,gaussian,5,5.000000039930761,door_activity,Knock,0.7211488485336304,True,benchmark_data/expanded_generated/ced/synthetic/5/5-251426-B-30.wav
5-251426-B-30,benchmark_data/external/esc50/audio/5-251426-B-30.wav,door_activity,gaussian,0,-3.156501012588922e-07,door_activity,Knock,0.7222735285758972,True,benchmark_data/expanded_generated/ced/synthetic/0/5-251426-B-30.wav
5-256512-A-30,benchmark_data/external/esc50/audio/5-256512-A-30.wav,door_activity,gaussian,20,19.99999991293366,door_activity,Knock,0.7074404954910278,True,benchmark_data/expanded_generated/ced/synthetic/20/5-256512-A-30.wav
5-256512-A-30,benchmark_data/external/esc50/audio/5-256512-A-30.wav,door_activity,gaussian,15,14.999999741923828,door_activity,Knock,0.7122002243995667,True,benchmark_data/expanded_generated/ced/synthetic/15/5-256512-A-30.wav
5-256512-A-30,benchmark_data/external/esc50/audio/5-256512-A-30.wav,door_activity,gaussian,10,9.999999820917472,door_activity,Knock,0.706234335899353,True,benchmark_data/expanded_generated/ced/synthetic/10/5-256512-A-30.wav
5-256512-A-30,benchmark_data/external/esc50/audio/5-256512-A-30.wav,door_activity,gaussian,5,4.9999996797566,door_activity,Knock,0.6822617053985596,True,benchmark_data/expanded_generated/ced/synthetic/5/5-256512-A-30.wav
5-256512-A-30,benchmark_data/external/esc50/audio/5-256512-A-30.wav,door_activity,gaussian,0,-6.10319933813579e-08,door_activity,Knock,0.6538531184196472,True,benchmark_data/expanded_generated/ced/synthetic/0/5-256512-A-30.wav
5-257642-A-39,benchmark_data/external/esc50/audio/5-257642-A-39.wav,glass_breaking,gaussian,20,19.999999995402113,breaking,Breaking,0.661675751209259,False,benchmark_data/expanded_generated/ced/synthetic/20/5-257642-A-39.wav
5-257642-A-39,benchmark_data/external/esc50/audio/5-257642-A-39.wav,glass_breaking,gaussian,15,15.000000051324793,breaking,Breaking,0.6747338771820068,False,benchmark_data/expanded_generated/ced/synthetic/15/5-257642-A-39.wav
5-257642-A-39,benchmark_data/external/esc50/audio/5-257642-A-39.wav,glass_breaking,gaussian,10,9.999999754271835,breaking,Breaking,0.6927756667137146,False,benchmark_data/expanded_generated/ced/synthetic/10/5-257642-A-39.wav
5-257642-A-39,benchmark_data/external/esc50/audio/5-257642-A-39.wav,glass_breaking,gaussian,5,5.000000208312038,breaking,Breaking,0.6974651217460632,False,benchmark_data/expanded_generated/ced/synthetic/5/5-257642-A-39.wav
5-257642-A-39,benchmark_data/external/esc50/audio/5-257642-A-39.wav,glass_breaking,gaussian,0,1.2618895787237074e-07,breaking,Breaking,0.6849149465560913,False,benchmark_data/expanded_generated/ced/synthetic/0/5-257642-A-39.wav
5-260432-A-39,benchmark_data/external/esc50/audio/5-260432-A-39.wav,glass_breaking,gaussian,20,20.000000292578584,breaking,Breaking,0.6496239900588989,False,benchmark_data/expanded_generated/ced/synthetic/20/5-260432-A-39.wav
5-260432-A-39,benchmark_data/external/esc50/audio/5-260432-A-39.wav,glass_breaking,gaussian,15,14.999999866161284,breaking,Breaking,0.6362727880477905,False,benchmark_data/expanded_generated/ced/synthetic/15/5-260432-A-39.wav
5-260432-A-39,benchmark_data/external/esc50/audio/5-260432-A-39.wav,glass_breaking,gaussian,10,9.999999778464257,breaking,Breaking,0.6189290881156921,False,benchmark_data/expanded_generated/ced/synthetic/10/5-260432-A-39.wav
5-260432-A-39,benchmark_data/external/esc50/audio/5-260432-A-39.wav,glass_breaking,gaussian,5,5.000000226575455,breaking,Breaking,0.609793484210968,False,benchmark_data/expanded_generated/ced/synthetic/5/5-260432-A-39.wav
5-260432-A-39,benchmark_data/external/esc50/audio/5-260432-A-39.wav,glass_breaking,gaussian,0,1.0804042512987166e-07,breaking,Breaking,0.6304823160171509,False,benchmark_data/expanded_generated/ced/synthetic/0/5-260432-A-39.wav
5-260433-A-39,benchmark_data/external/esc50/audio/5-260433-A-39.wav,glass_breaking,gaussian,20,20.000000357736376,breaking,Breaking,0.6149058938026428,False,benchmark_data/expanded_generated/ced/synthetic/20/5-260433-A-39.wav
5-260433-A-39,benchmark_data/external/esc50/audio/5-260433-A-39.wav,glass_breaking,gaussian,15,14.999999618399986,breaking,Breaking,0.6122531890869141,False,benchmark_data/expanded_generated/ced/synthetic/15/5-260433-A-39.wav
5-260433-A-39,benchmark_data/external/esc50/audio/5-260433-A-39.wav,glass_breaking,gaussian,10,9.99999990124794,breaking,Breaking,0.5592780709266663,False,benchmark_data/expanded_generated/ced/synthetic/10/5-260433-A-39.wav
5-260433-A-39,benchmark_data/external/esc50/audio/5-260433-A-39.wav,glass_breaking,gaussian,5,4.9999997841217985,pink_noise,Pink noise,0.5773780345916748,False,benchmark_data/expanded_generated/ced/synthetic/5/5-260433-A-39.wav
5-260433-A-39,benchmark_data/external/esc50/audio/5-260433-A-39.wav,glass_breaking,gaussian,0,-6.980751225624281e-08,pink_noise,Pink noise,0.6080315113067627,False,benchmark_data/expanded_generated/ced/synthetic/0/5-260433-A-39.wav
5-260434-A-39,benchmark_data/external/esc50/audio/5-260434-A-39.wav,glass_breaking,gaussian,20,20.000000282139897,breaking,Breaking,0.6535513401031494,False,benchmark_data/expanded_generated/ced/synthetic/20/5-260434-A-39.wav
5-260434-A-39,benchmark_data/external/esc50/audio/5-260434-A-39.wav,glass_breaking,gaussian,15,15.000000439505804,breaking,Breaking,0.6474199295043945,False,benchmark_data/expanded_generated/ced/synthetic/15/5-260434-A-39.wav
5-260434-A-39,benchmark_data/external/esc50/audio/5-260434-A-39.wav,glass_breaking,gaussian,10,10.000000146365151,breaking,Breaking,0.6555642485618591,False,benchmark_data/expanded_generated/ced/synthetic/10/5-260434-A-39.wav
5-260434-A-39,benchmark_data/external/esc50/audio/5-260434-A-39.wav,glass_breaking,gaussian,5,5.0000000650264305,breaking,Breaking,0.6601887941360474,False,benchmark_data/expanded_generated/ced/synthetic/5/5-260434-A-39.wav
5-260434-A-39,benchmark_data/external/esc50/audio/5-260434-A-39.wav,glass_breaking,gaussian,0,-7.407638651293624e-08,breaking,Breaking,0.6684594750404358,False,benchmark_data/expanded_generated/ced/synthetic/0/5-260434-A-39.wav
5-9032-A-0,benchmark_data/external/esc50/audio/5-9032-A-0.wav,dog_barking,gaussian,20,20.00000027571636,domestic_animals_pets,"Domestic animals, pets",0.6472904086112976,False,benchmark_data/expanded_generated/ced/synthetic/20/5-9032-A-0.wav
5-9032-A-0,benchmark_data/external/esc50/audio/5-9032-A-0.wav,dog_barking,gaussian,15,14.999999945978612,domestic_animals_pets,"Domestic animals, pets",0.6298346519470215,False,benchmark_data/expanded_generated/ced/synthetic/15/5-9032-A-0.wav
5-9032-A-0,benchmark_data/external/esc50/audio/5-9032-A-0.wav,dog_barking,gaussian,10,9.999999963849088,domestic_animals_pets,"Domestic animals, pets",0.6428338885307312,False,benchmark_data/expanded_generated/ced/synthetic/10/5-9032-A-0.wav
5-9032-A-0,benchmark_data/external/esc50/audio/5-9032-A-0.wav,dog_barking,gaussian,5,4.999999903194773,domestic_animals_pets,"Domestic animals, pets",0.6214925646781921,False,benchmark_data/expanded_generated/ced/synthetic/5/5-9032-A-0.wav
5-9032-A-0,benchmark_data/external/esc50/audio/5-9032-A-0.wav,dog_barking,gaussian,0,-4.7067278040022507e-07,domestic_animals_pets,"Domestic animals, pets",0.6169399619102478,False,benchmark_data/expanded_generated/ced/synthetic/0/5-9032-A-0.wav
