sample_id,path,source_label,true_label,mapping_type,fold,esc10,sha256,leakage_status,condition,predicted_label,raw_predicted_label,confidence,correct,latency_ms,filename,source_dataset,clip_duration_seconds,sample_rate,peak_amplitude,rms,preprocessing_output_shape,model_input_shape,top_1,top_1_score,top_3,top_5
1-100032-A-0,benchmark_data/external/esc50/audio/1-100032-A-0.wav,dog,dog_barking,compatible,1,True,f40a849a2375c8c63312a73dd2dd6c74007301fcc21b4be2ece29a642831e3d8,POSSIBLE SOURCE OVERLAP,clean,dog_barking,Bark,0.6253823041915894,True,25.25989996502176,1-100032-A-0.wav,ESC-50,5.0,44100,0.99884033203125,0.04152475547692333,[220500],"{""array"": [220500], ""sampling_rate"": 44100}",Bark,0.6253823041915894,"[{""label"": ""Bark"", ""score"": 0.6253823041915894}, {""label"": ""Dog"", ""score"": 0.6189069747924805}, {""label"": ""Animal"", ""score"": 0.6046827435493469}]","[{""label"": ""Bark"", ""score"": 0.6253823041915894}, {""label"": ""Dog"", ""score"": 0.6189069747924805}, {""label"": ""Animal"", ""score"": 0.6046827435493469}, {""label"": ""Domestic animals, pets"", ""score"": 0.5998693704605103}, {""label"": ""Bow-wow"", ""score"": 0.5908209085464478}]"
1-101336-A-30,benchmark_data/external/esc50/audio/1-101336-A-30.wav,door_wood_knock,door_activity,compatible,1,False,e738266e395e378102f74e0920b05ff5937543788420d5b2a6b8d3df8bdb3910,POSSIBLE SOURCE OVERLAP,clean,door_activity,Knock,0.6385424137115479,True,64.1378000145778,1-101336-A-30.wav,ESC-50,5.0,44100,1.0,0.10315298686120303,[220500],"{""array"": [220500], ""sampling_rate"": 44100}",Knock,0.6385424137115479,"[{""label"": ""Knock"", ""score"": 0.6385424137115479}, {""label"": ""Whack, thwack"", ""score"": 0.5108754634857178}, {""label"": ""Speech"", ""score"": 0.5080062747001648}]","[{""label"": ""Knock"", ""score"": 0.6385424137115479}, {""label"": ""Whack, thwack"", ""score"": 0.5108754634857178}, {""label"": ""Speech"", ""score"": 0.5080062747001648}, {""label"": ""Music"", ""score"": 0.5077981948852539}, {""label"": ""Sound effect"", ""score"": 0.5067704319953918}]"
1-103995-A-30,benchmark_data/external/esc50/audio/1-103995-A-30.wav,door_wood_knock,door_activity,compatible,1,False,1c1d3e65b7a58658766180d2faeeb9bdd1fe7405119bf100d9cd2f671a6e2b11,POSSIBLE SOURCE OVERLAP,clean,door_activity,Knock,0.7098401188850403,True,61.125800013542175,1-103995-A-30.wav,ESC-50,5.0,44100,1.0,0.04575213303792081,[220500],"{""array"": [220500], ""sampling_rate"": 44100}",Knock,0.7098401188850403,"[{""label"": ""Knock"", ""score"": 0.7098401188850403}, {""label"": ""Sound effect"", ""score"": 0.527610719203949}, {""label"": ""Rattle"", ""score"": 0.5196452140808105}]","[{""label"": ""Knock"", ""score"": 0.7098401188850403}, {""label"": ""Sound effect"", ""score"": 0.527610719203949}, {""label"": ""Rattle"", ""score"": 0.5196452140808105}, {""label"": ""Door"", ""score"": 0.5164820551872253}, {""label"": ""Wood block"", ""score"": 0.5143337249755859}]"
1-103999-A-30,benchmark_data/external/esc50/audio/1-103999-A-30.wav,door_wood_knock,door_activity,compatible,1,False,f33db9ec0b036d0dd17c911d456c33a59c0fc85974245a85fed56b8d2568724e,POSSIBLE SOURCE OVERLAP,clean,door_activity,Knock,0.7142820358276367,True,42.346299975179136,1-103999-A-30.wav,ESC-50,5.0,44100,0.852142333984375,0.027739671170436783,[220500],"{""array"": [220500], ""sampling_rate"": 44100}",Knock,0.7142820358276367,"[{""label"": ""Knock"", ""score"": 0.7142820358276367}, {""label"": ""Sound effect"", ""score"": 0.5335614681243896}, {""label"": ""Door"", ""score"": 0.5180138349533081}]","[{""label"": ""Knock"", ""score"": 0.7142820358276367}, {""label"": ""Sound effect"", ""score"": 0.5335614681243896}, {""label"": ""Door"", ""score"": 0.5180138349533081}, {""label"": ""Rattle"", ""score"": 0.5109220147132874}, {""label"": ""Whack, thwack"", ""score"": 0.5094575881958008}]"
1-110389-A-0,benchmark_data/external/esc50/audio/1-110389-A-0.wav,dog,dog_barking,compatible,1,True,4a18f3f834eb184b9f02595ac74c7de37ef8048a3da92f58f27018fec580b36a,POSSIBLE SOURCE OVERLAP,clean,dog,Dog,0.6231082081794739,False,44.577499967999756,1-110389-A-0.wav,ESC-50,5.0,44100,0.681060791015625,0.034616819398160935,[220500],"{""array"": [220500], ""sampling_rate"": 44100}",Dog,0.6231082081794739,"[{""label"": ""Dog"", ""score"": 0.6231082081794739}, {""label"": ""Bark"", ""score"": 0.6173360347747803}, {""label"": ""Bow-wow"", ""score"": 0.6089164018630981}]","[{""label"": ""Dog"", ""score"": 0.6231082081794739}, {""label"": ""Bark"", ""score"": 0.6173360347747803}, {""label"": ""Bow-wow"", ""score"": 0.6089164018630981}, {""label"": ""Animal"", ""score"": 0.5994749665260315}, {""label"": ""Domestic animals, pets"", ""score"": 0.5934128761291504}]"
1-17124-A-43,benchmark_data/external/esc50/audio/1-17124-A-43.wav,car_horn,vehicle_horn,compatible,1,False,9d5e01e07a386ee36c2e73f40817d132a54d91c936eccc01414280abca5a4209,POSSIBLE SOURCE OVERLAP,clean,vehicle_horn,"Vehicle horn, car horn, honking",0.7162976264953613,True,29.64259998407215,1-17124-A-43.wav,ESC-50,5.0,44100,1.0,0.04698450547369896,[220500],"{""array"": [220500], ""sampling_rate"": 44100}","Vehicle horn, car horn, honking",0.7162976264953613,"[{""label"": ""Vehicle horn, car horn, honking"", ""score"": 0.7162976264953613}, {""label"": ""Vehicle"", ""score"": 0.6758347153663635}, {""label"": ""Outside, urban or manmade"", ""score"": 0.6214818954467773}]","[{""label"": ""Vehicle horn, car horn, honking"", ""score"": 0.7162976264953613}, {""label"": ""Vehicle"", ""score"": 0.6758347153663635}, {""label"": ""Outside, urban or manmade"", ""score"": 0.6214818954467773}, {""label"": ""Car"", ""score"": 0.6016305685043335}, {""label"": ""Toot"", ""score"": 0.5115513205528259}]"
1-17150-A-12,benchmark_data/external/esc50/audio/1-17150-A-12.wav,crackling_fire,fire,compatible,1,True,3d278bc2034dfb83881491a8eec97de6f1239f0a5b8a7c02be46b5aab0a51609,POSSIBLE SOURCE OVERLAP,clean,fire,Fire,0.6504863500595093,True,36.44860000349581,1-17150-A-12.wav,ESC-50,5.0,44100,0.88494873046875,0.03134056086858554,[220500],"{""array"": [220500], ""sampling_rate"": 44100}",Fire,0.6504863500595093,"[{""label"": ""Fire"", ""score"": 0.6504863500595093}, {""label"": ""Wind"", ""score"": 0.5438448190689087}, {""label"": ""Wind noise (microphone)"", ""score"": 0.5316352248191833}]","[{""label"": ""Fire"", ""score"": 0.6504863500595093}, {""label"": ""Wind"", ""score"": 0.5438448190689087}, {""label"": ""Wind noise (microphone)"", ""score"": 0.5316352248191833}, {""label"": ""Rain on surface"", ""score"": 0.5237781405448914}, {""label"": ""Rain"", ""score"": 0.5204382538795471}]"
1-17565-A-12,benchmark_data/external/esc50/audio/1-17565-A-12.wav,crackling_fire,fire,compatible,1,True,bf16e25363a2d5824c07e96dc05defcb87e1d9dcd47bfd241a9d25e01b411209,POSSIBLE SOURCE OVERLAP,clean,crumpling_crinkling,"Crumpling, crinkling",0.5569571256637573,False,26.226599991787225,1-17565-A-12.wav,ESC-50,5.0,44100,0.804229736328125,0.028678774185415704,[220500],"{""array"": [220500], ""sampling_rate"": 44100}","Crumpling, crinkling",0.5569571256637573,"[{""label"": ""Crumpling, crinkling"", ""score"": 0.5569571256637573}, {""label"": ""Inside, small room"", ""score"": 0.5365538001060486}, {""label"": ""Crack"", ""score"": 0.5169419050216675}]","[{""label"": ""Crumpling, crinkling"", ""score"": 0.5569571256637573}, {""label"": ""Inside, small room"", ""score"": 0.5365538001060486}, {""label"": ""Crack"", ""score"": 0.5169419050216675}, {""label"": ""Crackle"", ""score"": 0.5139451622962952}, {""label"": ""Tearing"", ""score"": 0.5100888013839722}]"
1-17742-A-12,benchmark_data/external/esc50/audio/1-17742-A-12.wav,crackling_fire,fire,compatible,1,True,57c4d44ed80ad163ac63353ea98a7b286cfbe5ceb844cc57959b70c08ce5dde9,POSSIBLE SOURCE OVERLAP,clean,patter,Patter,0.5535062551498413,False,33.44229998765513,1-17742-A-12.wav,ESC-50,5.0,44100,0.9041748046875,0.010639314923440607,[220500],"{""array"": [220500], ""sampling_rate"": 44100}",Patter,0.5535062551498413,"[{""label"": ""Patter"", ""score"": 0.5535062551498413}, {""label"": ""Fire"", ""score"": 0.5195184350013733}, {""label"": ""Raindrop"", ""score"": 0.5194782614707947}]","[{""label"": ""Patter"", ""score"": 0.5535062551498413}, {""label"": ""Fire"", ""score"": 0.5195184350013733}, {""label"": ""Raindrop"", ""score"": 0.5194782614707947}, {""label"": ""Animal"", ""score"": 0.5145073533058167}, {""label"": ""Rain on surface"", ""score"": 0.5132508277893066}]"
1-17808-A-12,benchmark_data/external/esc50/audio/1-17808-A-12.wav,crackling_fire,fire,compatible,1,True,e6a90f134fe2f2eaa759b2b01ec831d6f86e300522fb0a5d19e050df16c606af,POSSIBLE SOURCE OVERLAP,clean,rain_on_surface,Rain on surface,0.5407716035842896,False,33.77330000512302,1-17808-A-12.wav,ESC-50,5.0,44100,0.6990966796875,0.05236342871940713,[220500],"{""array"": [220500], ""sampling_rate"": 44100}",Rain on surface,0.5407716035842896,"[{""label"": ""Rain on surface"", ""score"": 0.5407716035842896}, {""label"": ""Rain"", ""score"": 0.533286988735199}, {""label"": ""Fire"", ""score"": 0.5302256941795349}]","[{""label"": ""Rain on surface"", ""score"": 0.5407716035842896}, {""label"": ""Rain"", ""score"": 0.533286988735199}, {""label"": ""Fire"", ""score"": 0.5302256941795349}, {""label"": ""Bicycle"", ""score"": 0.5259475708007812}, {""label"": ""Vehicle"", ""score"": 0.5207656025886536}]"
1-17808-B-12,benchmark_data/external/esc50/audio/1-17808-B-12.wav,crackling_fire,fire,compatible,1,True,f28b0f8158b6a5adfa4bca5df5c71963c839dd22815440c8b3e220ef2016a365,POSSIBLE SOURCE OVERLAP,clean,fire,Fire,0.5333807468414307,True,31.271199986804277,1-17808-B-12.wav,ESC-50,5.0,44100,0.65423583984375,0.030574743028652387,[220500],"{""array"": [220500], ""sampling_rate"": 44100}",Fire,0.5333807468414307,"[{""label"": ""Fire"", ""score"": 0.5333807468414307}, {""label"": ""Vehicle"", ""score"": 0.5220929980278015}, {""label"": ""Boiling"", ""score"": 0.5166569948196411}]","[{""label"": ""Fire"", ""score"": 0.5333807468414307}, {""label"": ""Vehicle"", ""score"": 0.5220929980278015}, {""label"": ""Boiling"", ""score"": 0.5166569948196411}, {""label"": ""Car"", ""score"": 0.5114984512329102}, {""label"": ""Patter"", ""score"": 0.5105858445167542}]"
1-187207-A-20,benchmark_data/external/esc50/audio/1-187207-A-20.wav,crying_baby,baby_crying,exact,1,True,ddf5bf45f73bc73d1838bf0cb6af530584f324aef513112ee15c210e83ecbd6b,POSSIBLE SOURCE OVERLAP,clean,laughter,Laughter,0.610967755317688,False,30.53150000050664,1-187207-A-20.wav,ESC-50,5.0,44100,0.94281005859375,0.15947091869428653,[220500],"{""array"": [220500], ""sampling_rate"": 44100}",Laughter,0.610967755317688,"[{""label"": ""Laughter"", ""score"": 0.610967755317688}, {""label"": ""Babbling"", ""score"": 0.5571990013122559}, {""label"": ""Baby laughter"", ""score"": 0.5372477173805237}]","[{""label"": ""Laughter"", ""score"": 0.610967755317688}, {""label"": ""Babbling"", ""score"": 0.5571990013122559}, {""label"": ""Baby laughter"", ""score"": 0.5372477173805237}, {""label"": ""Crying, sobbing"", ""score"": 0.5339347720146179}, {""label"": ""Inside, small room"", ""score"": 0.531158447265625}]"
1-19026-A-43,benchmark_data/external/esc50/audio/1-19026-A-43.wav,car_horn,vehicle_horn,compatible,1,False,67bb2fe5cf138930eb6a6a84bedeb7284093076738cd47ef73cc8b3b8393ff40,POSSIBLE SOURCE OVERLAP,clean,vehicle_horn,"Vehicle horn, car horn, honking",0.7195093631744385,True,32.28390001459047,1-19026-A-43.wav,ESC-50,5.0,44100,1.0,0.10760662106742355,[220500],"{""array"": [220500], ""sampling_rate"": 44100}","Vehicle horn, car horn, honking",0.7195093631744385,"[{""label"": ""Vehicle horn, car horn, honking"", ""score"": 0.7195093631744385}, {""label"": ""Vehicle"", ""score"": 0.5838730335235596}, {""label"": ""Car"", ""score"": 0.538041353225708}]","[{""label"": ""Vehicle horn, car horn, honking"", ""score"": 0.7195093631744385}, {""label"": ""Vehicle"", ""score"": 0.5838730335235596}, {""label"": ""Car"", ""score"": 0.538041353225708}, {""label"": ""Outside, urban or manmade"", ""score"": 0.5317587852478027}, {""label"": ""Toot"", ""score"": 0.5142763257026672}]"
1-20133-A-39,benchmark_data/external/esc50/audio/1-20133-A-39.wav,glass_breaking,glass_breaking,exact,1,False,db6946133c37fbd4513fe932dbb71e0b077bf7d240beaed339eb6c88e48c903b,POSSIBLE SOURCE OVERLAP,clean,breaking,Breaking,0.6422007083892822,False,32.49929996673018,1-20133-A-39.wav,ESC-50,5.0,44100,1.0,0.17282667577448108,[220500],"{""array"": [220500], ""sampling_rate"": 44100}",Breaking,0.6422007083892822,"[{""label"": ""Breaking"", ""score"": 0.6422007083892822}, {""label"": ""Chink, clink"", ""score"": 0.544488787651062}, {""label"": ""Glass"", ""score"": 0.5369781851768494}]","[{""label"": ""Breaking"", ""score"": 0.6422007083892822}, {""label"": ""Chink, clink"", ""score"": 0.544488787651062}, {""label"": ""Glass"", ""score"": 0.5369781851768494}, {""label"": ""Sound effect"", ""score"": 0.5295015573501587}, {""label"": ""Smash, crash"", ""score"": 0.5270170569419861}]"
1-211527-A-20,benchmark_data/external/esc50/audio/1-211527-A-20.wav,crying_baby,baby_crying,exact,1,True,3cbcd59a0db21f0ed8c252c74ea1bc193117d2c13ed99821885c46c564010b3e,POSSIBLE SOURCE OVERLAP,clean,baby_crying,"Baby cry, infant cry",0.6049343943595886,True,31.262599979527295,1-211527-A-20.wav,ESC-50,5.0,44100,0.78118896484375,0.07610148824236766,[220500],"{""array"": [220500], ""sampling_rate"": 44100}","Baby cry, infant cry",0.6049343943595886,"[{""label"": ""Baby cry, infant cry"", ""score"": 0.6049343943595886}, {""label"": ""Crying, sobbing"", ""score"": 0.5938448905944824}, {""label"": ""Whimper"", ""score"": 0.5232768654823303}]","[{""label"": ""Baby cry, infant cry"", ""score"": 0.6049343943595886}, {""label"": ""Crying, sobbing"", ""score"": 0.5938448905944824}, {""label"": ""Whimper"", ""score"": 0.5232768654823303}, {""label"": ""Inside, small room"", ""score"": 0.5223916172981262}, {""label"": ""Animal"", ""score"": 0.5189603567123413}]"
1-211527-B-20,benchmark_data/external/esc50/audio/1-211527-B-20.wav,crying_baby,baby_crying,exact,1,True,935be6bfdd4e24f767f5af092bb88c9a6ac000b926f1fe9075b66ebed907c8c0,POSSIBLE SOURCE OVERLAP,clean,crying_sobbing,"Crying, sobbing",0.6304613351821899,False,31.248199986293912,1-211527-B-20.wav,ESC-50,5.0,44100,0.7720947265625,0.08558898406129078,[220500],"{""array"": [220500], ""sampling_rate"": 44100}","Crying, sobbing",0.6304613351821899,"[{""label"": ""Crying, sobbing"", ""score"": 0.6304613351821899}, {""label"": ""Baby cry, infant cry"", ""score"": 0.6134864091873169}, {""label"": ""Laughter"", ""score"": 0.5318713784217834}]","[{""label"": ""Crying, sobbing"", ""score"": 0.6304613351821899}, {""label"": ""Baby cry, infant cry"", ""score"": 0.6134864091873169}, {""label"": ""Laughter"", ""score"": 0.5318713784217834}, {""label"": ""Inside, small room"", ""score"": 0.5157514810562134}, {""label"": ""Speech"", ""score"": 0.5127177238464355}]"
1-211527-C-20,benchmark_data/external/esc50/audio/1-211527-C-20.wav,crying_baby,baby_crying,exact,1,True,165fa383fbfd24ea4455a84802a78970f02c3461677c23fabecd647c3c675dbc,POSSIBLE SOURCE OVERLAP,clean,baby_crying,"Baby cry, infant cry",0.6493192911148071,True,33.66739995544776,1-211527-C-20.wav,ESC-50,5.0,44100,0.75738525390625,0.09250004904236415,[220500],"{""array"": [220500], ""sampling_rate"": 44100}","Baby cry, infant cry",0.6493192911148071,"[{""label"": ""Baby cry, infant cry"", ""score"": 0.6493192911148071}, {""label"": ""Crying, sobbing"", ""score"": 0.5875192880630493}, {""label"": ""Whimper"", ""score"": 0.5404148697853088}]","[{""label"": ""Baby cry, infant cry"", ""score"": 0.6493192911148071}, {""label"": ""Crying, sobbing"", ""score"": 0.5875192880630493}, {""label"": ""Whimper"", ""score"": 0.5404148697853088}, {""label"": ""Inside, small room"", ""score"": 0.5055743455886841}, {""label"": ""Animal"", ""score"": 0.5045285224914551}]"
1-22694-A-20,benchmark_data/external/esc50/audio/1-22694-A-20.wav,crying_baby,baby_crying,exact,1,True,e97893bf8a391f769576ee70497ba51640d3bc646cbf20e719f6d22cc033b2e3,POSSIBLE SOURCE OVERLAP,clean,crying_sobbing,"Crying, sobbing",0.6585046648979187,False,33.85870001511648,1-22694-A-20.wav,ESC-50,5.0,44100,0.8671875,0.09366243532777874,[220500],"{""array"": [220500], ""sampling_rate"": 44100}","Crying, sobbing",0.6585046648979187,"[{""label"": ""Crying, sobbing"", ""score"": 0.6585046648979187}, {""label"": ""Baby cry, infant cry"", ""score"": 0.6393654942512512}, {""label"": ""Whimper"", ""score"": 0.520643413066864}]","[{""label"": ""Crying, sobbing"", ""score"": 0.6585046648979187}, {""label"": ""Baby cry, infant cry"", ""score"": 0.6393654942512512}, {""label"": ""Whimper"", ""score"": 0.520643413066864}, {""label"": ""Inside, small room"", ""score"": 0.5160759091377258}, {""label"": ""Babbling"", ""score"": 0.5067690014839172}]"
1-22694-B-20,benchmark_data/external/esc50/audio/1-22694-B-20.wav,crying_baby,baby_crying,exact,1,True,cf7f480ac6fe0f61ed436d230200ca160f0c936c70009f3622b71c432af8b5ce,POSSIBLE SOURCE OVERLAP,clean,crying_sobbing,"Crying, sobbing",0.6504919528961182,False,35.31589999329299,1-22694-B-20.wav,ESC-50,5.0,44100,0.73876953125,0.06452665289859842,[220500],"{""array"": [220500], ""sampling_rate"": 44100}","Crying, sobbing",0.6504919528961182,"[{""label"": ""Crying, sobbing"", ""score"": 0.6504919528961182}, {""label"": ""Baby cry, infant cry"", ""score"": 0.632501482963562}, {""label"": ""Inside, small room"", ""score"": 0.5181351900100708}]","[{""label"": ""Crying, sobbing"", ""score"": 0.6504919528961182}, {""label"": ""Baby cry, infant cry"", ""score"": 0.632501482963562}, {""label"": ""Inside, small room"", ""score"": 0.5181351900100708}, {""label"": ""Whimper"", ""score"": 0.5082315802574158}, {""label"": ""Timpani"", ""score"": 0.505912721157074}]"
1-24074-A-43,benchmark_data/external/esc50/audio/1-24074-A-43.wav,car_horn,vehicle_horn,compatible,1,False,ebdbc03e89c6a41c8ce1df7b12d4e2c4bb3f91345c43e7d75a1ed1357ff5f7e0,POSSIBLE SOURCE OVERLAP,clean,vehicle,Vehicle,0.6793633103370667,False,30.508800002280623,1-24074-A-43.wav,ESC-50,5.0,44100,0.847808837890625,0.11483688384092967,[220500],"{""array"": [220500], ""sampling_rate"": 44100}",Vehicle,0.6793633103370667,"[{""label"": ""Vehicle"", ""score"": 0.6793633103370667}, {""label"": ""Toot"", ""score"": 0.6614120006561279}, {""label"": ""Car"", ""score"": 0.6513397693634033}]","[{""label"": ""Vehicle"", ""score"": 0.6793633103370667}, {""label"": ""Toot"", ""score"": 0.6614120006561279}, {""label"": ""Car"", ""score"": 0.6513397693634033}, {""label"": ""Traffic noise, roadway noise"", ""score"": 0.592185378074646}, {""label"": ""Outside, urban or manmade"", ""score"": 0.5521602630615234}]"
1-24076-A-43,benchmark_data/external/esc50/audio/1-24076-A-43.wav,car_horn,vehicle_horn,compatible,1,False,723edafd5bda638184bab5038745b6cafc9c813440b236175074d4d42b142d94,POSSIBLE SOURCE OVERLAP,clean,vehicle,Vehicle,0.6848150491714478,False,31.871600018348545,1-24076-A-43.wav,ESC-50,5.0,44100,1.0,0.16264015541637095,[220500],"{""array"": [220500], ""sampling_rate"": 44100}",Vehicle,0.6848150491714478,"[{""label"": ""Vehicle"", ""score"": 0.6848150491714478}, {""label"": ""Toot"", ""score"": 0.6417822241783142}, {""label"": ""Car"", ""score"": 0.5689998269081116}]","[{""label"": ""Vehicle"", ""score"": 0.6848150491714478}, {""label"": ""Toot"", ""score"": 0.6417822241783142}, {""label"": ""Car"", ""score"": 0.5689998269081116}, {""label"": ""Traffic noise, roadway noise"", ""score"": 0.549160897731781}, {""label"": ""Motor vehicle (road)"", ""score"": 0.5415948033332825}]"
1-254507-A-43,benchmark_data/external/esc50/audio/1-254507-A-43.wav,car_horn,vehicle_horn,compatible,1,False,ebe976ccd285cb44e6585d889f2a8759c5de47e9940f638ecaa300def46e544a,POSSIBLE SOURCE OVERLAP,clean,music,Music,0.571916937828064,False,33.031600003596395,1-254507-A-43.wav,ESC-50,5.0,44100,1.0,0.2198388897332809,[220500],"{""array"": [220500], ""sampling_rate"": 44100}",Music,0.571916937828064,"[{""label"": ""Music"", ""score"": 0.571916937828064}, {""label"": ""Sound effect"", ""score"": 0.5398411750793457}, {""label"": ""Vehicle"", ""score"": 0.5317025184631348}]","[{""label"": ""Music"", ""score"": 0.571916937828064}, {""label"": ""Sound effect"", ""score"": 0.5398411750793457}, {""label"": ""Vehicle"", ""score"": 0.5317025184631348}, {""label"": ""Timpani"", ""score"": 0.5160936117172241}, {""label"": ""Musical instrument"", ""score"": 0.5155878663063049}]"
1-26176-A-43,benchmark_data/external/esc50/audio/1-26176-A-43.wav,car_horn,vehicle_horn,compatible,1,False,f1972b41b111a56e84d4fff30dd2e628521d6c699693adc60c14985c4cfdbf25,POSSIBLE SOURCE OVERLAP,clean,vehicle_horn,"Vehicle horn, car horn, honking",0.6707643270492554,True,31.18350001750514,1-26176-A-43.wav,ESC-50,5.0,44100,0.849212646484375,0.07608567272339549,[220500],"{""array"": [220500], ""sampling_rate"": 44100}","Vehicle horn, car horn, honking",0.6707643270492554,"[{""label"": ""Vehicle horn, car horn, honking"", ""score"": 0.6707643270492554}, {""label"": ""Speech"", ""score"": 0.6529366970062256}, {""label"": ""Vehicle"", ""score"": 0.636786937713623}]","[{""label"": ""Vehicle horn, car horn, honking"", ""score"": 0.6707643270492554}, {""label"": ""Speech"", ""score"": 0.6529366970062256}, {""label"": ""Vehicle"", ""score"": 0.636786937713623}, {""label"": ""Outside, urban or manmade"", ""score"": 0.6101093292236328}, {""label"": ""Bus"", ""score"": 0.5353626608848572}]"
1-26177-A-43,benchmark_data/external/esc50/audio/1-26177-A-43.wav,car_horn,vehicle_horn,compatible,1,False,65655fc14cb749884c5965a42912decebf922aa6b51f1e27f56da7f35d1d381f,POSSIBLE SOURCE OVERLAP,clean,vehicle,Vehicle,0.6697713732719421,False,30.9463000157848,1-26177-A-43.wav,ESC-50,5.0,44100,0.75323486328125,0.11215986880116384,[220500],"{""array"": [220500], ""sampling_rate"": 44100}",Vehicle,0.6697713732719421,"[{""label"": ""Vehicle"", ""score"": 0.6697713732719421}, {""label"": ""Vehicle horn, car horn, honking"", ""score"": 0.6431054472923279}, {""label"": ""Outside, urban or manmade"", ""score"": 0.6100060343742371}]","[{""label"": ""Vehicle"", ""score"": 0.6697713732719421}, {""label"": ""Vehicle horn, car horn, honking"", ""score"": 0.6431054472923279}, {""label"": ""Outside, urban or manmade"", ""score"": 0.6100060343742371}, {""label"": ""Car"", ""score"": 0.5876516103744507}, {""label"": ""Toot"", ""score"": 0.5480177998542786}]"
1-26188-A-30,benchmark_data/external/esc50/audio/1-26188-A-30.wav,door_wood_knock,door_activity,compatible,1,False,655277d3f1c75ddc67aada3ab350bd6029fea04d288b9c747e10bc84cc802de1,POSSIBLE SOURCE OVERLAP,clean,door_activity,Knock,0.7218550443649292,True,31.502800004091114,1-26188-A-30.wav,ESC-50,5.0,44100,0.866668701171875,0.15585073728823717,[220500],"{""array"": [220500], ""sampling_rate"": 44100}",Knock,0.7218550443649292,"[{""label"": ""Knock"", ""score"": 0.7218550443649292}, {""label"": ""Music"", ""score"": 0.5506743788719177}, {""label"": ""Musical instrument"", ""score"": 0.519700288772583}]","[{""label"": ""Knock"", ""score"": 0.7218550443649292}, {""label"": ""Music"", ""score"": 0.5506743788719177}, {""label"": ""Musical instrument"", ""score"": 0.519700288772583}, {""label"": ""Wood block"", ""score"": 0.5165782570838928}, {""label"": ""Silence"", ""score"": 0.5160618424415588}]"
1-28808-A-43,benchmark_data/external/esc50/audio/1-28808-A-43.wav,car_horn,vehicle_horn,compatible,1,False,23c54679c820a7f6a71674df1ef064afffd3344d8ea859d9c5978301ce2736a5,POSSIBLE SOURCE OVERLAP,clean,toot,Toot,0.7022253274917603,False,32.12690004147589,1-28808-A-43.wav,ESC-50,5.0,44100,0.999969482421875,0.17790616113274027,[220500],"{""array"": [220500], ""sampling_rate"": 44100}",Toot,0.7022253274917603,"[{""label"": ""Toot"", ""score"": 0.7022253274917603}, {""label"": ""Vehicle"", ""score"": 0.6792986989021301}, {""label"": ""Speech"", ""score"": 0.6488723158836365}]","[{""label"": ""Toot"", ""score"": 0.7022253274917603}, {""label"": ""Vehicle"", ""score"": 0.6792986989021301}, {""label"": ""Speech"", ""score"": 0.6488723158836365}, {""label"": ""Car"", ""score"": 0.6223090887069702}, {""label"": ""Traffic noise, roadway noise"", ""score"": 0.5829806923866272}]"
1-30226-A-0,benchmark_data/external/esc50/audio/1-30226-A-0.wav,dog,dog_barking,compatible,1,True,ca2626d2b49c7c20a3e0f9f8d7aa56f4497643c6bc264ff37764392be2b15753,POSSIBLE SOURCE OVERLAP,clean,animal,Animal,0.6955667734146118,False,27.41399995284155,1-30226-A-0.wav,ESC-50,5.0,44100,0.447906494140625,0.03655798215531665,[220500],"{""array"": [220500], ""sampling_rate"": 44100}",Animal,0.6955667734146118,"[{""label"": ""Animal"", ""score"": 0.6955667734146118}, {""label"": ""Dog"", ""score"": 0.6900398135185242}, {""label"": ""Domestic animals, pets"", ""score"": 0.6624101400375366}]","[{""label"": ""Animal"", ""score"": 0.6955667734146118}, {""label"": ""Dog"", ""score"": 0.6900398135185242}, {""label"": ""Domestic animals, pets"", ""score"": 0.6624101400375366}, {""label"": ""Bark"", ""score"": 0.6295174956321716}, {""label"": ""Bow-wow"", ""score"": 0.6040891408920288}]"
1-30344-A-0,benchmark_data/external/esc50/audio/1-30344-A-0.wav,dog,dog_barking,compatible,1,True,52a876cff473fe9b6deb4feea9545a2b976e63e03744921afc72f9800758ce30,POSSIBLE SOURCE OVERLAP,clean,dog,Dog,0.7032626271247864,False,33.59990002354607,1-30344-A-0.wav,ESC-50,5.0,44100,0.92156982421875,0.08874734393666542,[220500],"{""array"": [220500], ""sampling_rate"": 44100}",Dog,0.7032626271247864,"[{""label"": ""Dog"", ""score"": 0.7032626271247864}, {""label"": ""Animal"", ""score"": 0.6997166872024536}, {""label"": ""Bark"", ""score"": 0.6921802759170532}]","[{""label"": ""Dog"", ""score"": 0.7032626271247864}, {""label"": ""Animal"", ""score"": 0.6997166872024536}, {""label"": ""Bark"", ""score"": 0.6921802759170532}, {""label"": ""Domestic animals, pets"", ""score"": 0.6882392764091492}, {""label"": ""Canidae, dogs, wolves"", ""score"": 0.5767562985420227}]"
1-31482-A-42,benchmark_data/external/esc50/audio/1-31482-A-42.wav,siren,siren,exact,1,False,e4c640a001c2abe808389c90b90ba7084fb1922d58235e3ec95c18c4afb4ef5c,POSSIBLE SOURCE OVERLAP,clean,siren,Siren,0.6195546984672546,True,32.02179999789223,1-31482-A-42.wav,ESC-50,5.0,44100,1.0,0.23955051525520407,[220500],"{""array"": [220500], ""sampling_rate"": 44100}",Siren,0.6195546984672546,"[{""label"": ""Siren"", ""score"": 0.6195546984672546}, {""label"": ""Speech"", ""score"": 0.5496196746826172}, {""label"": ""Civil defense siren"", ""score"": 0.5285671949386597}]","[{""label"": ""Siren"", ""score"": 0.6195546984672546}, {""label"": ""Speech"", ""score"": 0.5496196746826172}, {""label"": ""Civil defense siren"", ""score"": 0.5285671949386597}, {""label"": ""Buzzer"", ""score"": 0.5251294374465942}, {""label"": ""Music"", ""score"": 0.5190121531486511}]"
1-31482-B-42,benchmark_data/external/esc50/audio/1-31482-B-42.wav,siren,siren,exact,1,False,2446a3eb69758de0ddde8962ab8966790a19960c71ab649cff52aae3d5d93a54,POSSIBLE SOURCE OVERLAP,clean,emergency_vehicle,Emergency vehicle,0.678929328918457,False,32.17259998200461,1-31482-B-42.wav,ESC-50,5.0,44100,1.0,0.24237772790664694,[220500],"{""array"": [220500], ""sampling_rate"": 44100}",Emergency vehicle,0.678929328918457,"[{""label"": ""Emergency vehicle"", ""score"": 0.678929328918457}, {""label"": ""Siren"", ""score"": 0.6349565386772156}, {""label"": ""Fire engine, fire truck (siren)"", ""score"": 0.6326725482940674}]","[{""label"": ""Emergency vehicle"", ""score"": 0.678929328918457}, {""label"": ""Siren"", ""score"": 0.6349565386772156}, {""label"": ""Fire engine, fire truck (siren)"", ""score"": 0.6326725482940674}, {""label"": ""Vehicle"", ""score"": 0.6131734848022461}, {""label"": ""Police car (siren)"", ""score"": 0.5990620851516724}]"
1-32318-A-0,benchmark_data/external/esc50/audio/1-32318-A-0.wav,dog,dog_barking,compatible,1,True,0e96f0bab8bbba81c98a8d7741cf258c8381c6481bac36961b8603a600a6c321,POSSIBLE SOURCE OVERLAP,clean,animal,Animal,0.6996122002601624,False,30.48549999948591,1-32318-A-0.wav,ESC-50,5.0,44100,0.9598388671875,0.13249148285346107,[220500],"{""array"": [220500], ""sampling_rate"": 44100}",Animal,0.6996122002601624,"[{""label"": ""Animal"", ""score"": 0.6996122002601624}, {""label"": ""Dog"", ""score"": 0.68943852186203}, {""label"": ""Domestic animals, pets"", ""score"": 0.6697672605514526}]","[{""label"": ""Animal"", ""score"": 0.6996122002601624}, {""label"": ""Dog"", ""score"": 0.68943852186203}, {""label"": ""Domestic animals, pets"", ""score"": 0.6697672605514526}, {""label"": ""Bark"", ""score"": 0.6208011507987976}, {""label"": ""Bow-wow"", ""score"": 0.5933752059936523}]"
1-4211-A-12,benchmark_data/external/esc50/audio/1-4211-A-12.wav,crackling_fire,fire,compatible,1,True,6e8d15a855d1622c1f7dcd12e00ba2bfc3b65a316947e1bbdcaa0be0157175db,POSSIBLE SOURCE OVERLAP,clean,fire,Fire,0.5322495102882385,True,27.685800043400377,1-4211-A-12.wav,ESC-50,5.0,44100,0.707763671875,0.07552499229804423,[220500],"{""array"": [220500], ""sampling_rate"": 44100}",Fire,0.5322495102882385,"[{""label"": ""Fire"", ""score"": 0.5322495102882385}, {""label"": ""Wind"", ""score"": 0.5185745358467102}, {""label"": ""Vehicle"", ""score"": 0.5179136395454407}]","[{""label"": ""Fire"", ""score"": 0.5322495102882385}, {""label"": ""Wind"", ""score"": 0.5185745358467102}, {""label"": ""Vehicle"", ""score"": 0.5179136395454407}, {""label"": ""Wind noise (microphone)"", ""score"": 0.5157791972160339}, {""label"": ""Speech"", ""score"": 0.5148350596427917}]"
1-46272-A-12,benchmark_data/external/esc50/audio/1-46272-A-12.wav,crackling_fire,fire,compatible,1,True,d48f5f4994b0ac7bbd4983f7c4cb3bdee0a3fe15bdbd0ac8f0fba7450d75c678,POSSIBLE SOURCE OVERLAP,clean,fire,Fire,0.6692807674407959,True,24.760000000242144,1-46272-A-12.wav,ESC-50,5.0,44100,0.823516845703125,0.07660562565896946,[220500],"{""array"": [220500], ""sampling_rate"": 44100}",Fire,0.6692807674407959,"[{""label"": ""Fire"", ""score"": 0.6692807674407959}, {""label"": ""Wind"", ""score"": 0.5978211760520935}, {""label"": ""Wind noise (microphone)"", ""score"": 0.5900582075119019}]","[{""label"": ""Fire"", ""score"": 0.6692807674407959}, {""label"": ""Wind"", ""score"": 0.5978211760520935}, {""label"": ""Wind noise (microphone)"", ""score"": 0.5900582075119019}, {""label"": ""Rain on surface"", ""score"": 0.534724771976471}, {""label"": ""Rain"", ""score"": 0.5242027044296265}]"
1-52290-A-30,benchmark_data/external/esc50/audio/1-52290-A-30.wav,door_wood_knock,door_activity,compatible,1,False,09082f42b1ee2bc467eab41e2251419eb29fbf0b8bb7ab72a4b04812641c5dc6,POSSIBLE SOURCE OVERLAP,clean,door_activity,Knock,0.6373239755630493,True,24.43140000104904,1-52290-A-30.wav,ESC-50,5.0,44100,0.22882080078125,0.013328375380798467,[220500],"{""array"": [220500], ""sampling_rate"": 44100}",Knock,0.6373239755630493,"[{""label"": ""Knock"", ""score"": 0.6373239755630493}, {""label"": ""Sound effect"", ""score"": 0.5169305801391602}, {""label"": ""Tap"", ""score"": 0.5118154883384705}]","[{""label"": ""Knock"", ""score"": 0.6373239755630493}, {""label"": ""Sound effect"", ""score"": 0.5169305801391602}, {""label"": ""Tap"", ""score"": 0.5118154883384705}, {""label"": ""Rattle"", ""score"": 0.5109211802482605}, {""label"": ""Door"", ""score"": 0.5081575512886047}]"
1-54084-A-42,benchmark_data/external/esc50/audio/1-54084-A-42.wav,siren,siren,exact,1,False,b0ce84a3c012d144a1f97394cab2830512078d660e809eecb8abc4fa8ad0a9e1,POSSIBLE SOURCE OVERLAP,clean,siren,Siren,0.6986021399497986,True,25.075600016862154,1-54084-A-42.wav,ESC-50,5.0,44100,0.3388671875,0.08727356120715482,[220500],"{""array"": [220500], ""sampling_rate"": 44100}",Siren,0.6986021399497986,"[{""label"": ""Siren"", ""score"": 0.6986021399497986}, {""label"": ""Civil defense siren"", ""score"": 0.6972174644470215}, {""label"": ""Music"", ""score"": 0.515857458114624}]","[{""label"": ""Siren"", ""score"": 0.6986021399497986}, {""label"": ""Civil defense siren"", ""score"": 0.6972174644470215}, {""label"": ""Music"", ""score"": 0.515857458114624}, {""label"": ""Synthesizer"", ""score"": 0.5035029649734497}, {""label"": ""Musical instrument"", ""score"": 0.5025922656059265}]"
1-59513-A-0,benchmark_data/external/esc50/audio/1-59513-A-0.wav,dog,dog_barking,compatible,1,True,b573fcbb4d3a8a05a857dc1ffdb09c687253ff3a03baa326460e291ce4cbfee7,POSSIBLE SOURCE OVERLAP,clean,animal,Animal,0.6937968730926514,False,25.14739998150617,1-59513-A-0.wav,ESC-50,5.0,44100,0.805755615234375,0.12249943016918882,[220500],"{""array"": [220500], ""sampling_rate"": 44100}",Animal,0.6937968730926514,"[{""label"": ""Animal"", ""score"": 0.6937968730926514}, {""label"": ""Dog"", ""score"": 0.6899523138999939}, {""label"": ""Domestic animals, pets"", ""score"": 0.6614788770675659}]","[{""label"": ""Animal"", ""score"": 0.6937968730926514}, {""label"": ""Dog"", ""score"": 0.6899523138999939}, {""label"": ""Domestic animals, pets"", ""score"": 0.6614788770675659}, {""label"": ""Bark"", ""score"": 0.6274857521057129}, {""label"": ""Bow-wow"", ""score"": 0.6232075691223145}]"
1-60997-A-20,benchmark_data/external/esc50/audio/1-60997-A-20.wav,crying_baby,baby_crying,exact,1,True,6e225fdade2a26e8477eab8f3d9058537cd919de78fd1a2dcb029dcc014ce744,POSSIBLE SOURCE OVERLAP,clean,crying_sobbing,"Crying, sobbing",0.657921552658081,False,23.72220001416281,1-60997-A-20.wav,ESC-50,5.0,44100,0.811126708984375,0.08241640870988169,[220500],"{""array"": [220500], ""sampling_rate"": 44100}","Crying, sobbing",0.657921552658081,"[{""label"": ""Crying, sobbing"", ""score"": 0.657921552658081}, {""label"": ""Baby cry, infant cry"", ""score"": 0.5858064889907837}, {""label"": ""Whimper"", ""score"": 0.516646683216095}]","[{""label"": ""Crying, sobbing"", ""score"": 0.657921552658081}, {""label"": ""Baby cry, infant cry"", ""score"": 0.5858064889907837}, {""label"": ""Whimper"", ""score"": 0.516646683216095}, {""label"": ""Inside, small room"", ""score"": 0.5150575637817383}, {""label"": ""Speech"", ""score"": 0.5087386965751648}]"
1-60997-B-20,benchmark_data/external/esc50/audio/1-60997-B-20.wav,crying_baby,baby_crying,exact,1,True,2de04b4d958ab53a2f66653f66bc640757bb07cacbb1a614c28777f505c9aa20,POSSIBLE SOURCE OVERLAP,clean,baby_crying,"Baby cry, infant cry",0.634234607219696,True,25.569199991878122,1-60997-B-20.wav,ESC-50,5.0,44100,0.78717041015625,0.07329808787655967,[220500],"{""array"": [220500], ""sampling_rate"": 44100}","Baby cry, infant cry",0.634234607219696,"[{""label"": ""Baby cry, infant cry"", ""score"": 0.634234607219696}, {""label"": ""Crying, sobbing"", ""score"": 0.6056203246116638}, {""label"": ""Whimper"", ""score"": 0.5210548639297485}]","[{""label"": ""Baby cry, infant cry"", ""score"": 0.634234607219696}, {""label"": ""Crying, sobbing"", ""score"": 0.6056203246116638}, {""label"": ""Whimper"", ""score"": 0.5210548639297485}, {""label"": ""Inside, small room"", ""score"": 0.5109850764274597}, {""label"": ""Speech"", ""score"": 0.5037416219711304}]"
1-7057-A-12,benchmark_data/external/esc50/audio/1-7057-A-12.wav,crackling_fire,fire,compatible,1,True,f92e52f9ab78d700dc10bcbc36020082613e669db245961b3205e8394c075da6,POSSIBLE SOURCE OVERLAP,clean,fire,Fire,0.6912358403205872,True,25.281800015363842,1-7057-A-12.wav,ESC-50,5.0,44100,0.91943359375,0.007954766883023856,[220500],"{""array"": [220500], ""sampling_rate"": 44100}",Fire,0.6912358403205872,"[{""label"": ""Fire"", ""score"": 0.6912358403205872}, {""label"": ""Tearing"", ""score"": 0.536217212677002}, {""label"": ""Crackle"", ""score"": 0.5248042345046997}]","[{""label"": ""Fire"", ""score"": 0.6912358403205872}, {""label"": ""Tearing"", ""score"": 0.536217212677002}, {""label"": ""Crackle"", ""score"": 0.5248042345046997}, {""label"": ""Patter"", ""score"": 0.5229780077934265}, {""label"": ""Crumpling, crinkling"", ""score"": 0.5129604339599609}]"
1-76831-A-42,benchmark_data/external/esc50/audio/1-76831-A-42.wav,siren,siren,exact,1,False,4b3084efd71e12121f459df54c21b24e4a4710f93dd4f1585d2c2d507b6ec365,POSSIBLE SOURCE OVERLAP,clean,police_car_siren,Police car (siren),0.7081062197685242,False,27.59790001437068,1-76831-A-42.wav,ESC-50,5.0,44100,0.999969482421875,0.43473362666562976,[220500],"{""array"": [220500], ""sampling_rate"": 44100}",Police car (siren),0.7081062197685242,"[{""label"": ""Police car (siren)"", ""score"": 0.7081062197685242}, {""label"": ""Siren"", ""score"": 0.6989722847938538}, {""label"": ""Emergency vehicle"", ""score"": 0.6831306219100952}]","[{""label"": ""Police car (siren)"", ""score"": 0.7081062197685242}, {""label"": ""Siren"", ""score"": 0.6989722847938538}, {""label"": ""Emergency vehicle"", ""score"": 0.6831306219100952}, {""label"": ""Ambulance (siren)"", ""score"": 0.6506020426750183}, {""label"": ""Vehicle"", ""score"": 0.524128794670105}]"
1-76831-B-42,benchmark_data/external/esc50/audio/1-76831-B-42.wav,siren,siren,exact,1,False,5e91fb8adabdc48483e968357f839d801e29054c7fdb1338f8781ececbd9e76c,POSSIBLE SOURCE OVERLAP,clean,siren,Siren,0.6857609152793884,True,28.274099982809275,1-76831-B-42.wav,ESC-50,5.0,44100,0.999969482421875,0.43165561228240107,[220500],"{""array"": [220500], ""sampling_rate"": 44100}",Siren,0.6857609152793884,"[{""label"": ""Siren"", ""score"": 0.6857609152793884}, {""label"": ""Emergency vehicle"", ""score"": 0.6672458648681641}, {""label"": ""Ambulance (siren)"", ""score"": 0.6324750781059265}]","[{""label"": ""Siren"", ""score"": 0.6857609152793884}, {""label"": ""Emergency vehicle"", ""score"": 0.6672458648681641}, {""label"": ""Ambulance (siren)"", ""score"": 0.6324750781059265}, {""label"": ""Police car (siren)"", ""score"": 0.6117403507232666}, {""label"": ""Car alarm"", ""score"": 0.5445841550827026}]"
1-76831-C-42,benchmark_data/external/esc50/audio/1-76831-C-42.wav,siren,siren,exact,1,False,bed7848fd5b111ba310961c15e6a89520f14f5f3207178035a0807f5f60ab841,POSSIBLE SOURCE OVERLAP,clean,siren,Siren,0.6853029131889343,True,24.99609999358654,1-76831-C-42.wav,ESC-50,5.0,44100,0.999969482421875,0.42616898166497574,[220500],"{""array"": [220500], ""sampling_rate"": 44100}",Siren,0.6853029131889343,"[{""label"": ""Siren"", ""score"": 0.6853029131889343}, {""label"": ""Emergency vehicle"", ""score"": 0.6652137637138367}, {""label"": ""Ambulance (siren)"", ""score"": 0.6338016986846924}]","[{""label"": ""Siren"", ""score"": 0.6853029131889343}, {""label"": ""Emergency vehicle"", ""score"": 0.6652137637138367}, {""label"": ""Ambulance (siren)"", ""score"": 0.6338016986846924}, {""label"": ""Police car (siren)"", ""score"": 0.6032384634017944}, {""label"": ""Car alarm"", ""score"": 0.541252076625824}]"
1-76831-D-42,benchmark_data/external/esc50/audio/1-76831-D-42.wav,siren,siren,exact,1,False,6e69b25168dae7ff0833fd132c37fe599ed98a946cf1e44d702444e06b9a1913,POSSIBLE SOURCE OVERLAP,clean,siren,Siren,0.711489737033844,True,27.801799995359033,1-76831-D-42.wav,ESC-50,5.0,44100,0.999969482421875,0.4617825669553367,[220500],"{""array"": [220500], ""sampling_rate"": 44100}",Siren,0.711489737033844,"[{""label"": ""Siren"", ""score"": 0.711489737033844}, {""label"": ""Police car (siren)"", ""score"": 0.7066600322723389}, {""label"": ""Emergency vehicle"", ""score"": 0.6885854601860046}]","[{""label"": ""Siren"", ""score"": 0.711489737033844}, {""label"": ""Police car (siren)"", ""score"": 0.7066600322723389}, {""label"": ""Emergency vehicle"", ""score"": 0.6885854601860046}, {""label"": ""Ambulance (siren)"", ""score"": 0.6548485159873962}, {""label"": ""Car alarm"", ""score"": 0.524215042591095}]"
1-76831-E-42,benchmark_data/external/esc50/audio/1-76831-E-42.wav,siren,siren,exact,1,False,d45df4c567ab2398c4fae35654266e74f92de5022d36944fef4c9f79d919288a,POSSIBLE SOURCE OVERLAP,clean,siren,Siren,0.7089418172836304,True,27.237100002821535,1-76831-E-42.wav,ESC-50,5.0,44100,0.999969482421875,0.44055183691024735,[220500],"{""array"": [220500], ""sampling_rate"": 44100}",Siren,0.7089418172836304,"[{""label"": ""Siren"", ""score"": 0.7089418172836304}, {""label"": ""Police car (siren)"", ""score"": 0.6974307894706726}, {""label"": ""Emergency vehicle"", ""score"": 0.6786544919013977}]","[{""label"": ""Siren"", ""score"": 0.7089418172836304}, {""label"": ""Police car (siren)"", ""score"": 0.6974307894706726}, {""label"": ""Emergency vehicle"", ""score"": 0.6786544919013977}, {""label"": ""Ambulance (siren)"", ""score"": 0.6186708807945251}, {""label"": ""Car alarm"", ""score"": 0.599342942237854}]"
1-81001-A-30,benchmark_data/external/esc50/audio/1-81001-A-30.wav,door_wood_knock,door_activity,compatible,1,False,9f3bb3b76f7094b8f0df0385cc1feb208b55823efb08ab0cc50799a303400f48,POSSIBLE SOURCE OVERLAP,clean,chopping_food,Chopping (food),0.5544090270996094,False,26.49580000434071,1-81001-A-30.wav,ESC-50,5.0,44100,1.0,0.21588988949869917,[220500],"{""array"": [220500], ""sampling_rate"": 44100}",Chopping (food),0.5544090270996094,"[{""label"": ""Chopping (food)"", ""score"": 0.5544090270996094}, {""label"": ""Whack, thwack"", ""score"": 0.5407788753509521}, {""label"": ""Hammer"", ""score"": 0.5334030985832214}]","[{""label"": ""Chopping (food)"", ""score"": 0.5544090270996094}, {""label"": ""Whack, thwack"", ""score"": 0.5407788753509521}, {""label"": ""Hammer"", ""score"": 0.5334030985832214}, {""label"": ""Speech"", ""score"": 0.5223333239555359}, {""label"": ""Knock"", ""score"": 0.5201213359832764}]"
1-81001-B-30,benchmark_data/external/esc50/audio/1-81001-B-30.wav,door_wood_knock,door_activity,compatible,1,False,bab8493c0ffff799ecfc8f1f112ec52a9efbf522535ad0007dedaf53e9c766b9,POSSIBLE SOURCE OVERLAP,clean,door_activity,Knock,0.5450127124786377,True,27.83779997844249,1-81001-B-30.wav,ESC-50,5.0,44100,1.0,0.20935293122166823,[220500],"{""array"": [220500], ""sampling_rate"": 44100}",Knock,0.5450127124786377,"[{""label"": ""Knock"", ""score"": 0.5450127124786377}, {""label"": ""Whack, thwack"", ""score"": 0.5298893451690674}, {""label"": ""Hammer"", ""score"": 0.5193958878517151}]","[{""label"": ""Knock"", ""score"": 0.5450127124786377}, {""label"": ""Whack, thwack"", ""score"": 0.5298893451690674}, {""label"": ""Hammer"", ""score"": 0.5193958878517151}, {""label"": ""Chop"", ""score"": 0.5171463489532471}, {""label"": ""Tap"", ""score"": 0.5160769820213318}]"
1-82817-A-30,benchmark_data/external/esc50/audio/1-82817-A-30.wav,door_wood_knock,door_activity,compatible,1,False,acfb2591c6a5430b3abbfe59c8a3c866e849576bb4327ac668721b91367220cf,POSSIBLE SOURCE OVERLAP,clean,door_activity,Knock,0.6891883611679077,True,28.02759996848181,1-82817-A-30.wav,ESC-50,5.0,44100,0.926605224609375,0.03745468005262314,[220500],"{""array"": [220500], ""sampling_rate"": 44100}",Knock,0.6891883611679077,"[{""label"": ""Knock"", ""score"": 0.6891883611679077}, {""label"": ""Sound effect"", ""score"": 0.5292170643806458}, {""label"": ""Hammer"", ""score"": 0.5081827640533447}]","[{""label"": ""Knock"", ""score"": 0.6891883611679077}, {""label"": ""Sound effect"", ""score"": 0.5292170643806458}, {""label"": ""Hammer"", ""score"": 0.5081827640533447}, {""label"": ""Chopping (food)"", ""score"": 0.5074412822723389}, {""label"": ""Whack, thwack"", ""score"": 0.507081925868988}]"
1-84536-A-39,benchmark_data/external/esc50/audio/1-84536-A-39.wav,glass_breaking,glass_breaking,exact,1,False,79efba4c0c54acadc88783e83b428fc9c430db94515b25339a6b5598e2ade0c0,POSSIBLE SOURCE OVERLAP,clean,breaking,Breaking,0.6587580442428589,False,26.453300029970706,1-84536-A-39.wav,ESC-50,5.0,44100,1.0,0.130023095604998,[220500],"{""array"": [220500], ""sampling_rate"": 44100}",Breaking,0.6587580442428589,"[{""label"": ""Breaking"", ""score"": 0.6587580442428589}, {""label"": ""Glass"", ""score"": 0.6029302477836609}, {""label"": ""Shatter"", ""score"": 0.5304998159408569}]","[{""label"": ""Breaking"", ""score"": 0.6587580442428589}, {""label"": ""Glass"", ""score"": 0.6029302477836609}, {""label"": ""Shatter"", ""score"": 0.5304998159408569}, {""label"": ""Chink, clink"", ""score"": 0.529854953289032}, {""label"": ""Sound effect"", ""score"": 0.5294698476791382}]"
1-84704-A-39,benchmark_data/external/esc50/audio/1-84704-A-39.wav,glass_breaking,glass_breaking,exact,1,False,c3e1abf0273f02b5f89e7d51cb890f3ad1575dc55fe1023650b0860b6f3abd15,POSSIBLE SOURCE OVERLAP,clean,breaking,Breaking,0.6422986388206482,False,25.423399987630546,1-84704-A-39.wav,ESC-50,5.0,44100,1.0,0.06841867189354212,[220500],"{""array"": [220500], ""sampling_rate"": 44100}",Breaking,0.6422986388206482,"[{""label"": ""Breaking"", ""score"": 0.6422986388206482}, {""label"": ""Smash, crash"", ""score"": 0.5800158381462097}, {""label"": ""Chink, clink"", ""score"": 0.5650453567504883}]","[{""label"": ""Breaking"", ""score"": 0.6422986388206482}, {""label"": ""Smash, crash"", ""score"": 0.5800158381462097}, {""label"": ""Chink, clink"", ""score"": 0.5650453567504883}, {""label"": ""Glass"", ""score"": 0.5599000453948975}, {""label"": ""Sound effect"", ""score"": 0.5402597784996033}]"
1-84705-A-39,benchmark_data/external/esc50/audio/1-84705-A-39.wav,glass_breaking,glass_breaking,exact,1,False,e8cc52dd91213cd69031e10c0fe15f77230f588ececb13cc7c906c43ece32336,POSSIBLE SOURCE OVERLAP,clean,explosion,"Smash, crash",0.5436896085739136,False,26.006300002336502,1-84705-A-39.wav,ESC-50,5.0,44100,1.0,0.07484180108648263,[220500],"{""array"": [220500], ""sampling_rate"": 44100}","Smash, crash",0.5436896085739136,"[{""label"": ""Smash, crash"", ""score"": 0.5436896085739136}, {""label"": ""Breaking"", ""score"": 0.5383217930793762}, {""label"": ""Slap, smack"", ""score"": 0.5321508049964905}]","[{""label"": ""Smash, crash"", ""score"": 0.5436896085739136}, {""label"": ""Breaking"", ""score"": 0.5383217930793762}, {""label"": ""Slap, smack"", ""score"": 0.5321508049964905}, {""label"": ""Sound effect"", ""score"": 0.5306355953216553}, {""label"": ""Whack, thwack"", ""score"": 0.5136997103691101}]"
1-85168-A-39,benchmark_data/external/esc50/audio/1-85168-A-39.wav,glass_breaking,glass_breaking,exact,1,False,08fcf5a7656cc1c824122aba2a7dd1107130a0f9d6f3e3b73e7d06575b246ed5,POSSIBLE SOURCE OVERLAP,clean,breaking,Breaking,0.654688835144043,False,26.25280001666397,1-85168-A-39.wav,ESC-50,5.0,44100,1.0,0.08689698975728152,[220500],"{""array"": [220500], ""sampling_rate"": 44100}",Breaking,0.654688835144043,"[{""label"": ""Breaking"", ""score"": 0.654688835144043}, {""label"": ""Glass"", ""score"": 0.6019936203956604}, {""label"": ""Chink, clink"", ""score"": 0.5932636260986328}]","[{""label"": ""Breaking"", ""score"": 0.654688835144043}, {""label"": ""Glass"", ""score"": 0.6019936203956604}, {""label"": ""Chink, clink"", ""score"": 0.5932636260986328}, {""label"": ""Sound effect"", ""score"": 0.5364394783973694}, {""label"": ""Smash, crash"", ""score"": 0.5176723003387451}]"
1-85184-A-39,benchmark_data/external/esc50/audio/1-85184-A-39.wav,glass_breaking,glass_breaking,exact,1,False,aafacfae6a441ba21f4c76a11042726f933272709a099a54a15a905a1d65b837,POSSIBLE SOURCE OVERLAP,clean,breaking,Breaking,0.6587942838668823,False,26.546400040388107,1-85184-A-39.wav,ESC-50,5.0,44100,1.0,0.0823743787476928,[220500],"{""array"": [220500], ""sampling_rate"": 44100}",Breaking,0.6587942838668823,"[{""label"": ""Breaking"", ""score"": 0.6587942838668823}, {""label"": ""Chink, clink"", ""score"": 0.5610545873641968}, {""label"": ""Shatter"", ""score"": 0.5369206666946411}]","[{""label"": ""Breaking"", ""score"": 0.6587942838668823}, {""label"": ""Chink, clink"", ""score"": 0.5610545873641968}, {""label"": ""Shatter"", ""score"": 0.5369206666946411}, {""label"": ""Glass"", ""score"": 0.5271881222724915}, {""label"": ""Sound effect"", ""score"": 0.5267028212547302}]"
1-85362-A-0,benchmark_data/external/esc50/audio/1-85362-A-0.wav,dog,dog_barking,compatible,1,True,2f7742933d677b0dc8d77b802e90ee0fb94b5828183ca96f7a8dd8d24ab57b7b,POSSIBLE SOURCE OVERLAP,clean,animal,Animal,0.6959073543548584,False,26.91049996064976,1-85362-A-0.wav,ESC-50,5.0,44100,0.6884765625,0.07650726171880283,[220500],"{""array"": [220500], ""sampling_rate"": 44100}",Animal,0.6959073543548584,"[{""label"": ""Animal"", ""score"": 0.6959073543548584}, {""label"": ""Dog"", ""score"": 0.6905995011329651}, {""label"": ""Domestic animals, pets"", ""score"": 0.6628085970878601}]","[{""label"": ""Animal"", ""score"": 0.6959073543548584}, {""label"": ""Dog"", ""score"": 0.6905995011329651}, {""label"": ""Domestic animals, pets"", ""score"": 0.6628085970878601}, {""label"": ""Bow-wow"", ""score"": 0.6447194218635559}, {""label"": ""Speech"", ""score"": 0.6337380409240723}]"
1-88807-A-39,benchmark_data/external/esc50/audio/1-88807-A-39.wav,glass_breaking,glass_breaking,exact,1,False,e5c368173342c2acba450c7d3116fac74fcec86bc8dc26055c6da7ebc509d191,POSSIBLE SOURCE OVERLAP,clean,chink_clink,"Chink, clink",0.599907398223877,False,26.103199983481318,1-88807-A-39.wav,ESC-50,5.0,44100,0.7510986328125,0.01680228739812968,[220500],"{""array"": [220500], ""sampling_rate"": 44100}","Chink, clink",0.599907398223877,"[{""label"": ""Chink, clink"", ""score"": 0.599907398223877}, {""label"": ""Glass"", ""score"": 0.5439273118972778}, {""label"": ""Breaking"", ""score"": 0.5430771708488464}]","[{""label"": ""Chink, clink"", ""score"": 0.599907398223877}, {""label"": ""Glass"", ""score"": 0.5439273118972778}, {""label"": ""Breaking"", ""score"": 0.5430771708488464}, {""label"": ""Jingle bell"", ""score"": 0.5164980888366699}, {""label"": ""Sound effect"", ""score"": 0.5098690390586853}]"
1-97392-A-0,benchmark_data/external/esc50/audio/1-97392-A-0.wav,dog,dog_barking,compatible,1,True,9ec2eb304d2a1ab3a50150a2a558dce0771e4ffc920d074e107fd76cb7b5d28c,POSSIBLE SOURCE OVERLAP,clean,animal,Animal,0.6963436603546143,False,25.46309999888763,1-97392-A-0.wav,ESC-50,5.0,44100,0.956878662109375,0.08041828234499242,[220500],"{""array"": [220500], ""sampling_rate"": 44100}",Animal,0.6963436603546143,"[{""label"": ""Animal"", ""score"": 0.6963436603546143}, {""label"": ""Dog"", ""score"": 0.6909410953521729}, {""label"": ""Domestic animals, pets"", ""score"": 0.6775305867195129}]","[{""label"": ""Animal"", ""score"": 0.6963436603546143}, {""label"": ""Dog"", ""score"": 0.6909410953521729}, {""label"": ""Domestic animals, pets"", ""score"": 0.6775305867195129}, {""label"": ""Bark"", ""score"": 0.6594893336296082}, {""label"": ""Bow-wow"", ""score"": 0.5844249725341797}]"
1-977-A-39,benchmark_data/external/esc50/audio/1-977-A-39.wav,glass_breaking,glass_breaking,exact,1,False,67c88e07db9e2dd7a7551f0c5b99da315ce7df041f83ed57b479d8fda8fbfe27,POSSIBLE SOURCE OVERLAP,clean,chink_clink,"Chink, clink",0.6266515254974365,False,26.198900013696402,1-977-A-39.wav,ESC-50,5.0,44100,0.995391845703125,0.02892091084694723,[220500],"{""array"": [220500], ""sampling_rate"": 44100}","Chink, clink",0.6266515254974365,"[{""label"": ""Chink, clink"", ""score"": 0.6266515254974365}, {""label"": ""Breaking"", ""score"": 0.6258997321128845}, {""label"": ""Glass"", ""score"": 0.5733087658882141}]","[{""label"": ""Chink, clink"", ""score"": 0.6266515254974365}, {""label"": ""Breaking"", ""score"": 0.6258997321128845}, {""label"": ""Glass"", ""score"": 0.5733087658882141}, {""label"": ""Sound effect"", ""score"": 0.5260039567947388}, {""label"": ""Smash, crash"", ""score"": 0.5101479291915894}]"
2-100648-A-43,benchmark_data/external/esc50/audio/2-100648-A-43.wav,car_horn,vehicle_horn,compatible,2,False,d52b04e2cd6fee1467d9faae0297b5eb2e3c7a68575bf6f982ca0c738f91df68,POSSIBLE SOURCE OVERLAP,clean,vehicle,Vehicle,0.6771644949913025,False,26.118599984329194,2-100648-A-43.wav,ESC-50,5.0,44100,1.0,0.27018249752150014,[220500],"{""array"": [220500], ""sampling_rate"": 44100}",Vehicle,0.6771644949913025,"[{""label"": ""Vehicle"", ""score"": 0.6771644949913025}, {""label"": ""Speech"", ""score"": 0.6219779849052429}, {""label"": ""Traffic noise, roadway noise"", ""score"": 0.6143425703048706}]","[{""label"": ""Vehicle"", ""score"": 0.6771644949913025}, {""label"": ""Speech"", ""score"": 0.6219779849052429}, {""label"": ""Traffic noise, roadway noise"", ""score"": 0.6143425703048706}, {""label"": ""Toot"", ""score"": 0.5845380425453186}, {""label"": ""Motorcycle"", ""score"": 0.572699248790741}]"
2-106881-A-39,benchmark_data/external/esc50/audio/2-106881-A-39.wav,glass_breaking,glass_breaking,exact,2,False,e54a661c1fff8150b7c34d54da1686a18eaeaaf454394b866a251ceb68e3f886,POSSIBLE SOURCE OVERLAP,clean,crackle,Crackle,0.5867802500724792,False,26.099600014276803,2-106881-A-39.wav,ESC-50,5.0,44100,1.0,0.04600690625423601,[220500],"{""array"": [220500], ""sampling_rate"": 44100}",Crackle,0.5867802500724792,"[{""label"": ""Crackle"", ""score"": 0.5867802500724792}, {""label"": ""Breaking"", ""score"": 0.5620439052581787}, {""label"": ""Crushing"", ""score"": 0.5598517656326294}]","[{""label"": ""Crackle"", ""score"": 0.5867802500724792}, {""label"": ""Breaking"", ""score"": 0.5620439052581787}, {""label"": ""Crushing"", ""score"": 0.5598517656326294}, {""label"": ""Crack"", ""score"": 0.5489255785942078}, {""label"": ""Chink, clink"", ""score"": 0.5182958245277405}]"
2-107351-A-20,benchmark_data/external/esc50/audio/2-107351-A-20.wav,crying_baby,baby_crying,exact,2,True,f89a24c9494eab238d80013b9409e6da4058b8097c665a789e48de1aef1bcef5,POSSIBLE SOURCE OVERLAP,clean,crying_sobbing,"Crying, sobbing",0.6570410132408142,False,24.84630001708865,2-107351-A-20.wav,ESC-50,5.0,44100,0.9931640625,0.1874360909943069,[220500],"{""array"": [220500], ""sampling_rate"": 44100}","Crying, sobbing",0.6570410132408142,"[{""label"": ""Crying, sobbing"", ""score"": 0.6570410132408142}, {""label"": ""Baby cry, infant cry"", ""score"": 0.6230952739715576}, {""label"": ""Whimper"", ""score"": 0.5306387543678284}]","[{""label"": ""Crying, sobbing"", ""score"": 0.6570410132408142}, {""label"": ""Baby cry, infant cry"", ""score"": 0.6230952739715576}, {""label"": ""Whimper"", ""score"": 0.5306387543678284}, {""label"": ""Speech"", ""score"": 0.5300959348678589}, {""label"": ""Inside, small room"", ""score"": 0.5192158818244934}]"
2-107351-B-20,benchmark_data/external/esc50/audio/2-107351-B-20.wav,crying_baby,baby_crying,exact,2,True,ebb3365010813cec4b951d1294d3376fc598116a1f86115a3e279ea013160a6a,POSSIBLE SOURCE OVERLAP,clean,baby_crying,"Baby cry, infant cry",0.6430341005325317,True,26.414500025566667,2-107351-B-20.wav,ESC-50,5.0,44100,1.0,0.2507838005050098,[220500],"{""array"": [220500], ""sampling_rate"": 44100}","Baby cry, infant cry",0.6430341005325317,"[{""label"": ""Baby cry, infant cry"", ""score"": 0.6430341005325317}, {""label"": ""Crying, sobbing"", ""score"": 0.5692318081855774}, {""label"": ""Whimper"", ""score"": 0.5383591055870056}]","[{""label"": ""Baby cry, infant cry"", ""score"": 0.6430341005325317}, {""label"": ""Crying, sobbing"", ""score"": 0.5692318081855774}, {""label"": ""Whimper"", ""score"": 0.5383591055870056}, {""label"": ""Speech"", ""score"": 0.5141131281852722}, {""label"": ""Inside, small room"", ""score"": 0.5112510323524475}]"
2-112213-A-39,benchmark_data/external/esc50/audio/2-112213-A-39.wav,glass_breaking,glass_breaking,exact,2,False,a6b60fb2268d7f0ceda0ff6f798d2d51b4ceb08218b3ac5ca91980a42d9c706b,POSSIBLE SOURCE OVERLAP,clean,glass,Glass,0.7007136344909668,False,25.22889996180311,2-112213-A-39.wav,ESC-50,5.0,44100,0.93988037109375,0.09233576408256658,[220500],"{""array"": [220500], ""sampling_rate"": 44100}",Glass,0.7007136344909668,"[{""label"": ""Glass"", ""score"": 0.7007136344909668}, {""label"": ""Breaking"", ""score"": 0.6677049398422241}, {""label"": ""Shatter"", ""score"": 0.563651442527771}]","[{""label"": ""Glass"", ""score"": 0.7007136344909668}, {""label"": ""Breaking"", ""score"": 0.6677049398422241}, {""label"": ""Shatter"", ""score"": 0.563651442527771}, {""label"": ""Chink, clink"", ""score"": 0.5418327450752258}, {""label"": ""Sound effect"", ""score"": 0.5349923968315125}]"
2-112213-B-39,benchmark_data/external/esc50/audio/2-112213-B-39.wav,glass_breaking,glass_breaking,exact,2,False,d1d705535a4506b6e7f94c8ebff688bc0aa8bc115b42e8daf13542bec4f90ac7,POSSIBLE SOURCE OVERLAP,clean,glass,Glass,0.672457218170166,False,26.638399984221905,2-112213-B-39.wav,ESC-50,5.0,44100,1.0,0.09445740888797885,[220500],"{""array"": [220500], ""sampling_rate"": 44100}",Glass,0.672457218170166,"[{""label"": ""Glass"", ""score"": 0.672457218170166}, {""label"": ""Breaking"", ""score"": 0.6509831547737122}, {""label"": ""Chink, clink"", ""score"": 0.576513409614563}]","[{""label"": ""Glass"", ""score"": 0.672457218170166}, {""label"": ""Breaking"", ""score"": 0.6509831547737122}, {""label"": ""Chink, clink"", ""score"": 0.576513409614563}, {""label"": ""Sound effect"", ""score"": 0.5496885776519775}, {""label"": ""Smash, crash"", ""score"": 0.5349612236022949}]"
2-114254-A-30,benchmark_data/external/esc50/audio/2-114254-A-30.wav,door_wood_knock,door_activity,compatible,2,False,5717c5c7a3bce7f38c9c444ef54f4c702cca53a6e368a6dc5b1cfb8388f7f9eb,POSSIBLE SOURCE OVERLAP,clean,door_activity,Knock,0.6165563464164734,True,25.71040001930669,2-114254-A-30.wav,ESC-50,5.0,44100,0.50091552734375,0.016246322443420173,[220500],"{""array"": [220500], ""sampling_rate"": 44100}",Knock,0.6165563464164734,"[{""label"": ""Knock"", ""score"": 0.6165563464164734}, {""label"": ""Wood block"", ""score"": 0.527530312538147}, {""label"": ""Bouncing"", ""score"": 0.5273129343986511}]","[{""label"": ""Knock"", ""score"": 0.6165563464164734}, {""label"": ""Wood block"", ""score"": 0.527530312538147}, {""label"": ""Bouncing"", ""score"": 0.5273129343986511}, {""label"": ""Sound effect"", ""score"": 0.5248329639434814}, {""label"": ""Hands"", ""score"": 0.5089006423950195}]"
2-114280-A-0,benchmark_data/external/esc50/audio/2-114280-A-0.wav,dog,dog_barking,compatible,2,True,23cd06e6c8b2e054d13ad6392d34d91588cd8572041d6f4c1c337048fd5deb69,POSSIBLE SOURCE OVERLAP,clean,animal,Animal,0.6964837908744812,False,26.27189998747781,2-114280-A-0.wav,ESC-50,5.0,44100,0.9600830078125,0.13958301160099115,[220500],"{""array"": [220500], ""sampling_rate"": 44100}",Animal,0.6964837908744812,"[{""label"": ""Animal"", ""score"": 0.6964837908744812}, {""label"": ""Dog"", ""score"": 0.6923335194587708}, {""label"": ""Domestic animals, pets"", ""score"": 0.6722255945205688}]","[{""label"": ""Animal"", ""score"": 0.6964837908744812}, {""label"": ""Dog"", ""score"": 0.6923335194587708}, {""label"": ""Domestic animals, pets"", ""score"": 0.6722255945205688}, {""label"": ""Bark"", ""score"": 0.6296703815460205}, {""label"": ""Bow-wow"", ""score"": 0.5968070030212402}]"
2-114587-A-0,benchmark_data/external/esc50/audio/2-114587-A-0.wav,dog,dog_barking,compatible,2,True,34d7f9c32c2cda9b6b68483028bb85326259d1c5f2956eac2ecc48b18b06f999,POSSIBLE SOURCE OVERLAP,clean,animal,Animal,0.7170587182044983,False,26.09569998458028,2-114587-A-0.wav,ESC-50,5.0,44100,0.876678466796875,0.11230734132566357,[220500],"{""array"": [220500], ""sampling_rate"": 44100}",Animal,0.7170587182044983,"[{""label"": ""Animal"", ""score"": 0.7170587182044983}, {""label"": ""Dog"", ""score"": 0.7096474766731262}, {""label"": ""Domestic animals, pets"", ""score"": 0.704508364200592}]","[{""label"": ""Animal"", ""score"": 0.7170587182044983}, {""label"": ""Dog"", ""score"": 0.7096474766731262}, {""label"": ""Domestic animals, pets"", ""score"": 0.704508364200592}, {""label"": ""Bark"", ""score"": 0.6525530219078064}, {""label"": ""Bow-wow"", ""score"": 0.5962051153182983}]"
2-116400-A-0,benchmark_data/external/esc50/audio/2-116400-A-0.wav,dog,dog_barking,compatible,2,True,9830a9ccefad59e7ac9313b86913a6a15e5b4cb281fd479fc6fb076a06ff2a6e,POSSIBLE SOURCE OVERLAP,clean,animal,Animal,0.6896010637283325,False,28.954500041436404,2-116400-A-0.wav,ESC-50,5.0,44100,0.880340576171875,0.08551544416763777,[220500],"{""array"": [220500], ""sampling_rate"": 44100}",Animal,0.6896010637283325,"[{""label"": ""Animal"", ""score"": 0.6896010637283325}, {""label"": ""Dog"", ""score"": 0.6872217059135437}, {""label"": ""Domestic animals, pets"", ""score"": 0.6602998971939087}]","[{""label"": ""Animal"", ""score"": 0.6896010637283325}, {""label"": ""Dog"", ""score"": 0.6872217059135437}, {""label"": ""Domestic animals, pets"", ""score"": 0.6602998971939087}, {""label"": ""Bark"", ""score"": 0.6492393016815186}, {""label"": ""Bow-wow"", ""score"": 0.5647438168525696}]"
2-117271-A-0,benchmark_data/external/esc50/audio/2-117271-A-0.wav,dog,dog_barking,compatible,2,True,636eb41093489304bb85802fdf2e8ac8b911500516e210e01f3b0b92f156c01d,POSSIBLE SOURCE OVERLAP,clean,animal,Animal,0.7071551084518433,False,25.57699999306351,2-117271-A-0.wav,ESC-50,5.0,44100,0.96527099609375,0.2185547648219532,[220500],"{""array"": [220500], ""sampling_rate"": 44100}",Animal,0.7071551084518433,"[{""label"": ""Animal"", ""score"": 0.7071551084518433}, {""label"": ""Dog"", ""score"": 0.7046308517456055}, {""label"": ""Domestic animals, pets"", ""score"": 0.6876211762428284}]","[{""label"": ""Animal"", ""score"": 0.7071551084518433}, {""label"": ""Dog"", ""score"": 0.7046308517456055}, {""label"": ""Domestic animals, pets"", ""score"": 0.6876211762428284}, {""label"": ""Bow-wow"", ""score"": 0.6634190082550049}, {""label"": ""Bark"", ""score"": 0.6247591972351074}]"
2-118072-A-0,benchmark_data/external/esc50/audio/2-118072-A-0.wav,dog,dog_barking,compatible,2,True,c2003f5ce159e77c3a0e52ff042567d159ea8eab6cd3081e64c0b709556dcb4e,POSSIBLE SOURCE OVERLAP,clean,bow_wow,Bow-wow,0.6322854161262512,False,25.9131999919191,2-118072-A-0.wav,ESC-50,5.0,44100,0.9532470703125,0.08014521065968452,[220500],"{""array"": [220500], ""sampling_rate"": 44100}",Bow-wow,0.6322854161262512,"[{""label"": ""Bow-wow"", ""score"": 0.6322854161262512}, {""label"": ""Dog"", ""score"": 0.6243768334388733}, {""label"": ""Animal"", ""score"": 0.6117611527442932}]","[{""label"": ""Bow-wow"", ""score"": 0.6322854161262512}, {""label"": ""Dog"", ""score"": 0.6243768334388733}, {""label"": ""Animal"", ""score"": 0.6117611527442932}, {""label"": ""Bark"", ""score"": 0.5907531380653381}, {""label"": ""Domestic animals, pets"", ""score"": 0.5872443318367004}]"
2-118624-A-30,benchmark_data/external/esc50/audio/2-118624-A-30.wav,door_wood_knock,door_activity,compatible,2,False,9da7306a102bb32df6375513c35f7211c002b078b5d1161e3d8ca234867216e6,POSSIBLE SOURCE OVERLAP,clean,door_activity,Knock,0.6755468249320984,True,26.08829998644069,2-118624-A-30.wav,ESC-50,5.0,44100,0.975860595703125,0.05638772565976947,[220500],"{""array"": [220500], ""sampling_rate"": 44100}",Knock,0.6755468249320984,"[{""label"": ""Knock"", ""score"": 0.6755468249320984}, {""label"": ""Music"", ""score"": 0.5290656089782715}, {""label"": ""Sound effect"", ""score"": 0.5155574083328247}]","[{""label"": ""Knock"", ""score"": 0.6755468249320984}, {""label"": ""Music"", ""score"": 0.5290656089782715}, {""label"": ""Sound effect"", ""score"": 0.5155574083328247}, {""label"": ""Silence"", ""score"": 0.5146387219429016}, {""label"": ""Musical instrument"", ""score"": 0.5093333721160889}]"
2-118625-A-30,benchmark_data/external/esc50/audio/2-118625-A-30.wav,door_wood_knock,door_activity,compatible,2,False,547e4a4b40cbc54a390e4e20ca8740bae55659dcd6dfaf3f872147fc7b87eb93,POSSIBLE SOURCE OVERLAP,clean,door_activity,Knock,0.6382719874382019,True,27.057899977080524,2-118625-A-30.wav,ESC-50,5.0,44100,1.0,0.1404852026526812,[220500],"{""array"": [220500], ""sampling_rate"": 44100}",Knock,0.6382719874382019,"[{""label"": ""Knock"", ""score"": 0.6382719874382019}, {""label"": ""Hammer"", ""score"": 0.5407075881958008}, {""label"": ""Sound effect"", ""score"": 0.5203635096549988}]","[{""label"": ""Knock"", ""score"": 0.6382719874382019}, {""label"": ""Hammer"", ""score"": 0.5407075881958008}, {""label"": ""Sound effect"", ""score"": 0.5203635096549988}, {""label"": ""Door"", ""score"": 0.5144070982933044}, {""label"": ""Silence"", ""score"": 0.5066350698471069}]"
2-118964-A-0,benchmark_data/external/esc50/audio/2-118964-A-0.wav,dog,dog_barking,compatible,2,True,c684bc7d6ff7d8b9dbb7b033760319c4b4aac2ec0ae221df9ba684790a502d87,POSSIBLE SOURCE OVERLAP,clean,dog,Dog,0.6562652587890625,False,26.88650001073256,2-118964-A-0.wav,ESC-50,5.0,44100,0.943328857421875,0.20024366101133392,[220500],"{""array"": [220500], ""sampling_rate"": 44100}",Dog,0.6562652587890625,"[{""label"": ""Dog"", ""score"": 0.6562652587890625}, {""label"": ""Animal"", ""score"": 0.6379838585853577}, {""label"": ""Domestic animals, pets"", ""score"": 0.6163821816444397}]","[{""label"": ""Dog"", ""score"": 0.6562652587890625}, {""label"": ""Animal"", ""score"": 0.6379838585853577}, {""label"": ""Domestic animals, pets"", ""score"": 0.6163821816444397}, {""label"": ""Bark"", ""score"": 0.6159715056419373}, {""label"": ""Bow-wow"", ""score"": 0.6089282035827637}]"
2-120218-A-30,benchmark_data/external/esc50/audio/2-120218-A-30.wav,door_wood_knock,door_activity,compatible,2,False,dae3ed8868e44ec84033f246f4e52817cb8805804083fd8d8aee9c109322d88c,POSSIBLE SOURCE OVERLAP,clean,door_activity,Knock,0.6892527937889099,True,25.693700008559972,2-120218-A-30.wav,ESC-50,5.0,44100,0.50341796875,0.0432696024862189,[220500],"{""array"": [220500], ""sampling_rate"": 44100}",Knock,0.6892527937889099,"[{""label"": ""Knock"", ""score"": 0.6892527937889099}, {""label"": ""Thunk"", ""score"": 0.5353148579597473}, {""label"": ""Hands"", ""score"": 0.5281386375427246}]","[{""label"": ""Knock"", ""score"": 0.6892527937889099}, {""label"": ""Thunk"", ""score"": 0.5353148579597473}, {""label"": ""Hands"", ""score"": 0.5281386375427246}, {""label"": ""Tap"", ""score"": 0.5201941728591919}, {""label"": ""Music"", ""score"": 0.5135154724121094}]"
2-120218-B-30,benchmark_data/external/esc50/audio/2-120218-B-30.wav,door_wood_knock,door_activity,compatible,2,False,a9a1af8ac24e54bd91cb8d6127baf42fca8502f49cf3d1cea1e9806d262aeab7,POSSIBLE SOURCE OVERLAP,clean,door_activity,Knock,0.6430111527442932,True,25.72219999274239,2-120218-B-30.wav,ESC-50,5.0,44100,1.0,0.09027362830848792,[220500],"{""array"": [220500], ""sampling_rate"": 44100}",Knock,0.6430111527442932,"[{""label"": ""Knock"", ""score"": 0.6430111527442932}, {""label"": ""Tap"", ""score"": 0.5616462230682373}, {""label"": ""Thunk"", ""score"": 0.5609544515609741}]","[{""label"": ""Knock"", ""score"": 0.6430111527442932}, {""label"": ""Tap"", ""score"": 0.5616462230682373}, {""label"": ""Thunk"", ""score"": 0.5609544515609741}, {""label"": ""Hands"", ""score"": 0.5522903203964233}, {""label"": ""Door"", ""score"": 0.5166767239570618}]"
2-122104-A-0,benchmark_data/external/esc50/audio/2-122104-A-0.wav,dog,dog_barking,compatible,2,True,0ed7ff66a9d9a570768815d0027803283f091201ec8bf742f466441ad051f736,POSSIBLE SOURCE OVERLAP,clean,animal,Animal,0.6867651343345642,False,25.54859995143488,2-122104-A-0.wav,ESC-50,5.0,44100,0.572052001953125,0.07315057824464086,[220500],"{""array"": [220500], ""sampling_rate"": 44100}",Animal,0.6867651343345642,"[{""label"": ""Animal"", ""score"": 0.6867651343345642}, {""label"": ""Dog"", ""score"": 0.6764140725135803}, {""label"": ""Domestic animals, pets"", ""score"": 0.6572304368019104}]","[{""label"": ""Animal"", ""score"": 0.6867651343345642}, {""label"": ""Dog"", ""score"": 0.6764140725135803}, {""label"": ""Domestic animals, pets"", ""score"": 0.6572304368019104}, {""label"": ""Bark"", ""score"": 0.6237720847129822}, {""label"": ""Bow-wow"", ""score"": 0.6000866889953613}]"
2-122104-B-0,benchmark_data/external/esc50/audio/2-122104-B-0.wav,dog,dog_barking,compatible,2,True,3cbf9d8b919210c37a2c74706cdeacf99073a83e98ae6a797d31b34e35db9a59,POSSIBLE SOURCE OVERLAP,clean,animal,Animal,0.6927394866943359,False,26.004499988630414,2-122104-B-0.wav,ESC-50,5.0,44100,0.92462158203125,0.0906960954494188,[220500],"{""array"": [220500], ""sampling_rate"": 44100}",Animal,0.6927394866943359,"[{""label"": ""Animal"", ""score"": 0.6927394866943359}, {""label"": ""Dog"", ""score"": 0.680324375629425}, {""label"": ""Domestic animals, pets"", ""score"": 0.6652381420135498}]","[{""label"": ""Animal"", ""score"": 0.6927394866943359}, {""label"": ""Dog"", ""score"": 0.680324375629425}, {""label"": ""Domestic animals, pets"", ""score"": 0.6652381420135498}, {""label"": ""Bark"", ""score"": 0.6355502009391785}, {""label"": ""Bow-wow"", ""score"": 0.5859557390213013}]"
2-125520-A-43,benchmark_data/external/esc50/audio/2-125520-A-43.wav,car_horn,vehicle_horn,compatible,2,False,79e2335cf1fa4b0a6be7d2a93007f630acd89e178405ae2fabf45ee3af801fda,POSSIBLE SOURCE OVERLAP,clean,vehicle_horn,"Vehicle horn, car horn, honking",0.6836609840393066,True,26.555599994026124,2-125520-A-43.wav,ESC-50,5.0,44100,0.179046630859375,0.04428071865709624,[220500],"{""array"": [220500], ""sampling_rate"": 44100}","Vehicle horn, car horn, honking",0.6836609840393066,"[{""label"": ""Vehicle horn, car horn, honking"", ""score"": 0.6836609840393066}, {""label"": ""Vehicle"", ""score"": 0.5690614581108093}, {""label"": ""Car"", ""score"": 0.543316125869751}]","[{""label"": ""Vehicle horn, car horn, honking"", ""score"": 0.6836609840393066}, {""label"": ""Vehicle"", ""score"": 0.5690614581108093}, {""label"": ""Car"", ""score"": 0.543316125869751}, {""label"": ""Toot"", ""score"": 0.5251795649528503}, {""label"": ""Car alarm"", ""score"": 0.5086727738380432}]"
2-128465-A-43,benchmark_data/external/esc50/audio/2-128465-A-43.wav,car_horn,vehicle_horn,compatible,2,False,3ea14ee5f81618b2f7575597fd5ea84b81e9f6cad8be31925c8146e593c4223c,POSSIBLE SOURCE OVERLAP,clean,vehicle,Vehicle,0.6476535797119141,False,25.55609995033592,2-128465-A-43.wav,ESC-50,5.0,44100,0.545379638671875,0.08720826310611414,[220500],"{""array"": [220500], ""sampling_rate"": 44100}",Vehicle,0.6476535797119141,"[{""label"": ""Vehicle"", ""score"": 0.6476535797119141}, {""label"": ""Traffic noise, roadway noise"", ""score"": 0.6326977610588074}, {""label"": ""Car"", ""score"": 0.5585816502571106}]","[{""label"": ""Vehicle"", ""score"": 0.6476535797119141}, {""label"": ""Traffic noise, roadway noise"", ""score"": 0.6326977610588074}, {""label"": ""Car"", ""score"": 0.5585816502571106}, {""label"": ""Outside, urban or manmade"", ""score"": 0.546467125415802}, {""label"": ""Motorcycle"", ""score"": 0.532998263835907}]"
2-128465-B-43,benchmark_data/external/esc50/audio/2-128465-B-43.wav,car_horn,vehicle_horn,compatible,2,False,33b2d69540813ddad41ec1fd472d0a488badd3f584d6d2866b1c01cc8bf3f4fc,POSSIBLE SOURCE OVERLAP,clean,vehicle,Vehicle,0.6804361343383789,False,27.064200025051832,2-128465-B-43.wav,ESC-50,5.0,44100,0.840240478515625,0.12895077205015754,[220500],"{""array"": [220500], ""sampling_rate"": 44100}",Vehicle,0.6804361343383789,"[{""label"": ""Vehicle"", ""score"": 0.6804361343383789}, {""label"": ""Traffic noise, roadway noise"", ""score"": 0.6764918565750122}, {""label"": ""Car"", ""score"": 0.583845317363739}]","[{""label"": ""Vehicle"", ""score"": 0.6804361343383789}, {""label"": ""Traffic noise, roadway noise"", ""score"": 0.6764918565750122}, {""label"": ""Car"", ""score"": 0.583845317363739}, {""label"": ""Motor vehicle (road)"", ""score"": 0.5665518641471863}, {""label"": ""Bus"", ""score"": 0.5488640069961548}]"
2-133889-A-30,benchmark_data/external/esc50/audio/2-133889-A-30.wav,door_wood_knock,door_activity,compatible,2,False,107b60bc008ec68f0cd71632c12b7518ed4dfd5183538fc31b80db3800ee6e3b,POSSIBLE SOURCE OVERLAP,clean,door_activity,Knock,0.5439158082008362,True,26.304900005925447,2-133889-A-30.wav,ESC-50,5.0,44100,0.453704833984375,0.06781775560715421,[220500],"{""array"": [220500], ""sampling_rate"": 44100}",Knock,0.5439158082008362,"[{""label"": ""Knock"", ""score"": 0.5439158082008362}, {""label"": ""Heart murmur"", ""score"": 0.530163049697876}, {""label"": ""Throbbing"", ""score"": 0.5269466042518616}]","[{""label"": ""Knock"", ""score"": 0.5439158082008362}, {""label"": ""Heart murmur"", ""score"": 0.530163049697876}, {""label"": ""Throbbing"", ""score"": 0.5269466042518616}, {""label"": ""Heart sounds, heartbeat"", ""score"": 0.5250131487846375}, {""label"": ""Sound effect"", ""score"": 0.518928050994873}]"
2-134915-A-30,benchmark_data/external/esc50/audio/2-134915-A-30.wav,door_wood_knock,door_activity,compatible,2,False,18d40b05f1f00bde85437275e099b2bc1d1ef55d98e9b086858b0506b270d9ee,POSSIBLE SOURCE OVERLAP,clean,door_activity,Knock,0.5458449125289917,True,27.02159999171272,2-134915-A-30.wav,ESC-50,5.0,44100,0.440643310546875,0.07378470344906396,[220500],"{""array"": [220500], ""sampling_rate"": 44100}",Knock,0.5458449125289917,"[{""label"": ""Knock"", ""score"": 0.5458449125289917}, {""label"": ""Heart murmur"", ""score"": 0.5449249744415283}, {""label"": ""Heart sounds, heartbeat"", ""score"": 0.531693160533905}]","[{""label"": ""Knock"", ""score"": 0.5458449125289917}, {""label"": ""Heart murmur"", ""score"": 0.5449249744415283}, {""label"": ""Heart sounds, heartbeat"", ""score"": 0.531693160533905}, {""label"": ""Throbbing"", ""score"": 0.5300208330154419}, {""label"": ""Sound effect"", ""score"": 0.520357072353363}]"
2-138465-A-43,benchmark_data/external/esc50/audio/2-138465-A-43.wav,car_horn,vehicle_horn,compatible,2,False,380ec3e24401d866e349066951383dce4d58b6244fce3780f1b40c37b2aad242,POSSIBLE SOURCE OVERLAP,clean,music,Music,0.5688939690589905,False,25.221799965947866,2-138465-A-43.wav,ESC-50,5.0,44100,0.379150390625,0.08773561780005948,[220500],"{""array"": [220500], ""sampling_rate"": 44100}",Music,0.5688939690589905,"[{""label"": ""Music"", ""score"": 0.5688939690589905}, {""label"": ""Vehicle"", ""score"": 0.5618721842765808}, {""label"": ""Rain"", ""score"": 0.5518344640731812}]","[{""label"": ""Music"", ""score"": 0.5688939690589905}, {""label"": ""Vehicle"", ""score"": 0.5618721842765808}, {""label"": ""Rain"", ""score"": 0.5518344640731812}, {""label"": ""Rain on surface"", ""score"": 0.5416374802589417}, {""label"": ""Car"", ""score"": 0.5415884256362915}]"
2-140841-A-30,benchmark_data/external/esc50/audio/2-140841-A-30.wav,door_wood_knock,door_activity,compatible,2,False,1641e186482eb7088b54b56bfe3a2c4526b00e7f4ec046dddea6effe945e7298,POSSIBLE SOURCE OVERLAP,clean,door_activity,Knock,0.6625474095344543,True,24.23000003909692,2-140841-A-30.wav,ESC-50,5.0,44100,0.7686767578125,0.027944610345710948,[220500],"{""array"": [220500], ""sampling_rate"": 44100}",Knock,0.6625474095344543,"[{""label"": ""Knock"", ""score"": 0.6625474095344543}, {""label"": ""Sound effect"", ""score"": 0.5140902400016785}, {""label"": ""Tap"", ""score"": 0.5103726387023926}]","[{""label"": ""Knock"", ""score"": 0.6625474095344543}, {""label"": ""Sound effect"", ""score"": 0.5140902400016785}, {""label"": ""Tap"", ""score"": 0.5103726387023926}, {""label"": ""Door"", ""score"": 0.5074148178100586}, {""label"": ""Whack, thwack"", ""score"": 0.506007969379425}]"
2-141563-A-39,benchmark_data/external/esc50/audio/2-141563-A-39.wav,glass_breaking,glass_breaking,exact,2,False,3ef4dae6a116b3d18a0f9f18d4373f0247debb168b0718eee89c0a30a38890c7,POSSIBLE SOURCE OVERLAP,clean,chink_clink,"Chink, clink",0.6269675493240356,False,25.94870002940297,2-141563-A-39.wav,ESC-50,5.0,44100,0.4794921875,0.039542149947061116,[220500],"{""array"": [220500], ""sampling_rate"": 44100}","Chink, clink",0.6269675493240356,"[{""label"": ""Chink, clink"", ""score"": 0.6269675493240356}, {""label"": ""Breaking"", ""score"": 0.5756722092628479}, {""label"": ""Glass"", ""score"": 0.5353501439094543}]","[{""label"": ""Chink, clink"", ""score"": 0.6269675493240356}, {""label"": ""Breaking"", ""score"": 0.5756722092628479}, {""label"": ""Glass"", ""score"": 0.5353501439094543}, {""label"": ""Smash, crash"", ""score"": 0.5171303749084473}, {""label"": ""Vehicle"", ""score"": 0.5106447339057922}]"
2-144137-A-43,benchmark_data/external/esc50/audio/2-144137-A-43.wav,car_horn,vehicle_horn,compatible,2,False,47a434e6db6ed5f323cb3c27db65d6bb3e8b63190126ede88e0b5d07597df8bd,POSSIBLE SOURCE OVERLAP,clean,vehicle_horn,"Vehicle horn, car horn, honking",0.7105281949043274,True,25.958299986086786,2-144137-A-43.wav,ESC-50,5.0,44100,1.0,0.22364694576085134,[220500],"{""array"": [220500], ""sampling_rate"": 44100}","Vehicle horn, car horn, honking",0.7105281949043274,"[{""label"": ""Vehicle horn, car horn, honking"", ""score"": 0.7105281949043274}, {""label"": ""Vehicle"", ""score"": 0.5612939596176147}, {""label"": ""Outside, urban or manmade"", ""score"": 0.5315482020378113}]","[{""label"": ""Vehicle horn, car horn, honking"", ""score"": 0.7105281949043274}, {""label"": ""Vehicle"", ""score"": 0.5612939596176147}, {""label"": ""Outside, urban or manmade"", ""score"": 0.5315482020378113}, {""label"": ""Toot"", ""score"": 0.517859160900116}, {""label"": ""Car"", ""score"": 0.5174537301063538}]"
2-151079-A-20,benchmark_data/external/esc50/audio/2-151079-A-20.wav,crying_baby,baby_crying,exact,2,True,8a13243f77b12668061f6fb18e820d8398c75d35eca09f9640efdd9df6703499,POSSIBLE SOURCE OVERLAP,clean,baby_crying,"Baby cry, infant cry",0.6700964570045471,True,27.70330000203103,2-151079-A-20.wav,ESC-50,5.0,44100,0.5731201171875,0.06377670859027755,[220500],"{""array"": [220500], ""sampling_rate"": 44100}","Baby cry, infant cry",0.6700964570045471,"[{""label"": ""Baby cry, infant cry"", ""score"": 0.6700964570045471}, {""label"": ""Whimper"", ""score"": 0.5601450800895691}, {""label"": ""Crying, sobbing"", ""score"": 0.5227258801460266}]","[{""label"": ""Baby cry, infant cry"", ""score"": 0.6700964570045471}, {""label"": ""Whimper"", ""score"": 0.5601450800895691}, {""label"": ""Crying, sobbing"", ""score"": 0.5227258801460266}, {""label"": ""Speech"", ""score"": 0.5077491998672485}, {""label"": ""Hiccup"", ""score"": 0.5025799870491028}]"
2-173559-A-39,benchmark_data/external/esc50/audio/2-173559-A-39.wav,glass_breaking,glass_breaking,exact,2,False,e60d74d17651551cb82e4fd8a542ceae3f278da1a6b4393fe9e704c786ff4125,POSSIBLE SOURCE OVERLAP,clean,breaking,Breaking,0.619610071182251,False,28.05259998422116,2-173559-A-39.wav,ESC-50,5.0,44100,1.0,0.0547611717181676,[220500],"{""array"": [220500], ""sampling_rate"": 44100}",Breaking,0.619610071182251,"[{""label"": ""Breaking"", ""score"": 0.619610071182251}, {""label"": ""Chink, clink"", ""score"": 0.608987033367157}, {""label"": ""Smash, crash"", ""score"": 0.5752907395362854}]","[{""label"": ""Breaking"", ""score"": 0.619610071182251}, {""label"": ""Chink, clink"", ""score"": 0.608987033367157}, {""label"": ""Smash, crash"", ""score"": 0.5752907395362854}, {""label"": ""Glass"", ""score"": 0.5744604468345642}, {""label"": ""Burst, pop"", ""score"": 0.5103743076324463}]"
2-173607-A-39,benchmark_data/external/esc50/audio/2-173607-A-39.wav,glass_breaking,glass_breaking,exact,2,False,55cc07864f3f8195e51bbdf10fda1601df6b5ff0d5f486a356d79b60c0beb3d6,POSSIBLE SOURCE OVERLAP,clean,breaking,Breaking,0.6193497180938721,False,26.895000017248094,2-173607-A-39.wav,ESC-50,5.0,44100,1.0,0.05574192623520574,[220500],"{""array"": [220500], ""sampling_rate"": 44100}",Breaking,0.6193497180938721,"[{""label"": ""Breaking"", ""score"": 0.6193497180938721}, {""label"": ""Smash, crash"", ""score"": 0.575056254863739}, {""label"": ""Glass"", ""score"": 0.5731754899024963}]","[{""label"": ""Breaking"", ""score"": 0.6193497180938721}, {""label"": ""Smash, crash"", ""score"": 0.575056254863739}, {""label"": ""Glass"", ""score"": 0.5731754899024963}, {""label"": ""Chink, clink"", ""score"": 0.5565380454063416}, {""label"": ""Sound effect"", ""score"": 0.5319923162460327}]"
2-173618-A-39,benchmark_data/external/esc50/audio/2-173618-A-39.wav,glass_breaking,glass_breaking,exact,2,False,9170ecdc0903514ded47782447d6f0828d752ebc9765fa0cb257f869529dd830,POSSIBLE SOURCE OVERLAP,clean,glass,Glass,0.5892844796180725,False,26.964799966663122,2-173618-A-39.wav,ESC-50,5.0,44100,1.0,0.14119675785549926,[220500],"{""array"": [220500], ""sampling_rate"": 44100}",Glass,0.5892844796180725,"[{""label"": ""Glass"", ""score"": 0.5892844796180725}, {""label"": ""Breaking"", ""score"": 0.5765384435653687}, {""label"": ""Explosion"", ""score"": 0.5345212817192078}]","[{""label"": ""Glass"", ""score"": 0.5892844796180725}, {""label"": ""Breaking"", ""score"": 0.5765384435653687}, {""label"": ""Explosion"", ""score"": 0.5345212817192078}, {""label"": ""Chink, clink"", ""score"": 0.5339116454124451}, {""label"": ""Shatter"", ""score"": 0.5310987234115601}]"
2-18766-A-12,benchmark_data/external/esc50/audio/2-18766-A-12.wav,crackling_fire,fire,compatible,2,True,10a98a61a73baee8028c19b9de330261f2dae87f57b2792457d81e46a544697a,POSSIBLE SOURCE OVERLAP,clean,fire,Fire,0.6134812235832214,True,28.055300004780293,2-18766-A-12.wav,ESC-50,5.0,44100,0.72613525390625,0.010795126317636673,[220500],"{""array"": [220500], ""sampling_rate"": 44100}",Fire,0.6134812235832214,"[{""label"": ""Fire"", ""score"": 0.6134812235832214}, {""label"": ""Sizzle"", ""score"": 0.5248611569404602}, {""label"": ""Frying (food)"", ""score"": 0.519158124923706}]","[{""label"": ""Fire"", ""score"": 0.6134812235832214}, {""label"": ""Sizzle"", ""score"": 0.5248611569404602}, {""label"": ""Frying (food)"", ""score"": 0.519158124923706}, {""label"": ""Patter"", ""score"": 0.5099484324455261}, {""label"": ""Arrow"", ""score"": 0.5099170804023743}]"
2-18766-B-12,benchmark_data/external/esc50/audio/2-18766-B-12.wav,crackling_fire,fire,compatible,2,True,ce9d67f6f6b8d093d3dc2d14088251d76b2772210733908d01b0ecc08c349fe4,POSSIBLE SOURCE OVERLAP,clean,fire,Fire,0.5261296033859253,True,29.35370005434379,2-18766-B-12.wav,ESC-50,5.0,44100,0.982421875,0.017542716113139078,[220500],"{""array"": [220500], ""sampling_rate"": 44100}",Fire,0.5261296033859253,"[{""label"": ""Fire"", ""score"": 0.5261296033859253}, {""label"": ""Glass"", ""score"": 0.5215810537338257}, {""label"": ""Sound effect"", ""score"": 0.5191547274589539}]","[{""label"": ""Fire"", ""score"": 0.5261296033859253}, {""label"": ""Glass"", ""score"": 0.5215810537338257}, {""label"": ""Sound effect"", ""score"": 0.5191547274589539}, {""label"": ""Breaking"", ""score"": 0.5122336149215698}, {""label"": ""Chop"", ""score"": 0.5121762156486511}]"
2-250710-A-39,benchmark_data/external/esc50/audio/2-250710-A-39.wav,glass_breaking,glass_breaking,exact,2,False,ca0b7286ded500bd1f1928ef96ad5c35704bec66a790181afeb17ec7d995dbac,POSSIBLE SOURCE OVERLAP,clean,chink_clink,"Chink, clink",0.5458612442016602,False,26.697700028307736,2-250710-A-39.wav,ESC-50,5.0,44100,1.0,0.042744520247022556,[220500],"{""array"": [220500], ""sampling_rate"": 44100}","Chink, clink",0.5458612442016602,"[{""label"": ""Chink, clink"", ""score"": 0.5458612442016602}, {""label"": ""Hammer"", ""score"": 0.5210962295532227}, {""label"": ""Ping"", ""score"": 0.5183038115501404}]","[{""label"": ""Chink, clink"", ""score"": 0.5458612442016602}, {""label"": ""Hammer"", ""score"": 0.5210962295532227}, {""label"": ""Ping"", ""score"": 0.5183038115501404}, {""label"": ""Tambourine"", ""score"": 0.5175520181655884}, {""label"": ""Jingle bell"", ""score"": 0.5173293352127075}]"
2-28314-A-12,benchmark_data/external/esc50/audio/2-28314-A-12.wav,crackling_fire,fire,compatible,2,True,f77a729e093baeeba246d00c4875e6fd7702c3635e0e5e58aca2357f62d16c92,POSSIBLE SOURCE OVERLAP,clean,fire,Fire,0.6271076798439026,True,25.251600018236786,2-28314-A-12.wav,ESC-50,5.0,44100,0.84295654296875,0.01363150384355324,[220500],"{""array"": [220500], ""sampling_rate"": 44100}",Fire,0.6271076798439026,"[{""label"": ""Fire"", ""score"": 0.6271076798439026}, {""label"": ""Wind"", ""score"": 0.5285083651542664}, {""label"": ""Wind noise (microphone)"", ""score"": 0.5150342583656311}]","[{""label"": ""Fire"", ""score"": 0.6271076798439026}, {""label"": ""Wind"", ""score"": 0.5285083651542664}, {""label"": ""Wind noise (microphone)"", ""score"": 0.5150342583656311}, {""label"": ""Chop"", ""score"": 0.5128142833709717}, {""label"": ""Rain on surface"", ""score"": 0.5109062194824219}]"
2-28314-B-12,benchmark_data/external/esc50/audio/2-28314-B-12.wav,crackling_fire,fire,compatible,2,True,6c5f3f8b6af384c0b553741b51e7348c24537d686e7abaa6eadf4badd2da2168,POSSIBLE SOURCE OVERLAP,clean,whip,Whip,0.549264669418335,False,22.677899978589267,2-28314-B-12.wav,ESC-50,5.0,44100,0.88934326171875,0.019171514549173693,[220500],"{""array"": [220500], ""sampling_rate"": 44100}",Whip,0.549264669418335,"[{""label"": ""Whip"", ""score"": 0.549264669418335}, {""label"": ""Fire"", ""score"": 0.5378932356834412}, {""label"": ""Cap gun"", ""score"": 0.5105668902397156}]","[{""label"": ""Whip"", ""score"": 0.549264669418335}, {""label"": ""Fire"", ""score"": 0.5378932356834412}, {""label"": ""Cap gun"", ""score"": 0.5105668902397156}, {""label"": ""Gunshot, gunfire"", ""score"": 0.5084730386734009}, {""label"": ""Rain on surface"", ""score"": 0.5079983472824097}]"
2-30322-A-12,benchmark_data/external/esc50/audio/2-30322-A-12.wav,crackling_fire,fire,compatible,2,True,894526cbb7e9ca1150893b332a69cdc2cffaede5a29a881b4b7fe7dab4f1156e,POSSIBLE SOURCE OVERLAP,clean,fire,Fire,0.634678065776825,True,27.232499967794865,2-30322-A-12.wav,ESC-50,5.0,44100,0.803558349609375,0.019489891362911353,[220500],"{""array"": [220500], ""sampling_rate"": 44100}",Fire,0.634678065776825,"[{""label"": ""Fire"", ""score"": 0.634678065776825}, {""label"": ""Wind"", ""score"": 0.5384024381637573}, {""label"": ""Wind noise (microphone)"", ""score"": 0.5218910574913025}]","[{""label"": ""Fire"", ""score"": 0.634678065776825}, {""label"": ""Wind"", ""score"": 0.5384024381637573}, {""label"": ""Wind noise (microphone)"", ""score"": 0.5218910574913025}, {""label"": ""Rain on surface"", ""score"": 0.5132527351379395}, {""label"": ""Whip"", ""score"": 0.508551299571991}]"
2-30322-B-12,benchmark_data/external/esc50/audio/2-30322-B-12.wav,crackling_fire,fire,compatible,2,True,b0a16101ed58292d6105d0f694adfb885578c56292e04e6c64a53ca3d5c2e884,POSSIBLE SOURCE OVERLAP,clean,fire,Fire,0.6262653470039368,True,25.510800012852997,2-30322-B-12.wav,ESC-50,5.0,44100,0.72589111328125,0.02832183031354349,[220500],"{""array"": [220500], ""sampling_rate"": 44100}",Fire,0.6262653470039368,"[{""label"": ""Fire"", ""score"": 0.6262653470039368}, {""label"": ""Rain on surface"", ""score"": 0.5343040227890015}, {""label"": ""Wind"", ""score"": 0.5339210629463196}]","[{""label"": ""Fire"", ""score"": 0.6262653470039368}, {""label"": ""Rain on surface"", ""score"": 0.5343040227890015}, {""label"": ""Wind"", ""score"": 0.5339210629463196}, {""label"": ""Rain"", ""score"": 0.5272431969642639}, {""label"": ""Wind noise (microphone)"", ""score"": 0.5244457125663757}]"
2-42101-A-43,benchmark_data/external/esc50/audio/2-42101-A-43.wav,car_horn,vehicle_horn,compatible,2,False,7dbb349df688e552e85413d808b6338aa9e8fcc8a907d905817820a6dc603d49,POSSIBLE SOURCE OVERLAP,clean,vehicle,Vehicle,0.6820052266120911,False,25.659099977929145,2-42101-A-43.wav,ESC-50,5.0,44100,0.687713623046875,0.1532552105244075,[220500],"{""array"": [220500], ""sampling_rate"": 44100}",Vehicle,0.6820052266120911,"[{""label"": ""Vehicle"", ""score"": 0.6820052266120911}, {""label"": ""Toot"", ""score"": 0.6405829787254333}, {""label"": ""Traffic noise, roadway noise"", ""score"": 0.5951621532440186}]","[{""label"": ""Vehicle"", ""score"": 0.6820052266120911}, {""label"": ""Toot"", ""score"": 0.6405829787254333}, {""label"": ""Traffic noise, roadway noise"", ""score"": 0.5951621532440186}, {""label"": ""Car"", ""score"": 0.5915602445602417}, {""label"": ""Bus"", ""score"": 0.5511563420295715}]"
2-43802-A-42,benchmark_data/external/esc50/audio/2-43802-A-42.wav,siren,siren,exact,2,False,ba6777f4ea87490953ec0fe89499368ce993afb99ba9eec60747cbb94785eb4f,POSSIBLE SOURCE OVERLAP,clean,siren,Siren,0.6617250442504883,True,26.63759997813031,2-43802-A-42.wav,ESC-50,5.0,44100,0.96966552734375,0.20218913974939726,[220500],"{""array"": [220500], ""sampling_rate"": 44100}",Siren,0.6617250442504883,"[{""label"": ""Siren"", ""score"": 0.6617250442504883}, {""label"": ""Civil defense siren"", ""score"": 0.6486391425132751}, {""label"": ""Air horn, truck horn"", ""score"": 0.5405305624008179}]","[{""label"": ""Siren"", ""score"": 0.6617250442504883}, {""label"": ""Civil defense siren"", ""score"": 0.6486391425132751}, {""label"": ""Air horn, truck horn"", ""score"": 0.5405305624008179}, {""label"": ""Vehicle"", ""score"": 0.531210720539093}, {""label"": ""Fire engine, fire truck (siren)"", ""score"": 0.5181901454925537}]"
2-43806-A-42,benchmark_data/external/esc50/audio/2-43806-A-42.wav,siren,siren,exact,2,False,376353be53fe9eff3dc25d6ff94fd685510a985ba11cdfea39ea5ae33bbd42c2,POSSIBLE SOURCE OVERLAP,clean,emergency_vehicle,Emergency vehicle,0.6787448525428772,False,26.588400010950863,2-43806-A-42.wav,ESC-50,5.0,44100,0.802032470703125,0.17019746732520455,[220500],"{""array"": [220500], ""sampling_rate"": 44100}",Emergency vehicle,0.6787448525428772,"[{""label"": ""Emergency vehicle"", ""score"": 0.6787448525428772}, {""label"": ""Police car (siren)"", ""score"": 0.6382499933242798}, {""label"": ""Siren"", ""score"": 0.6368581056594849}]","[{""label"": ""Emergency vehicle"", ""score"": 0.6787448525428772}, {""label"": ""Police car (siren)"", ""score"": 0.6382499933242798}, {""label"": ""Siren"", ""score"": 0.6368581056594849}, {""label"": ""Fire engine, fire truck (siren)"", ""score"": 0.6156456470489502}, {""label"": ""Vehicle"", ""score"": 0.6065462231636047}]"
2-50665-A-20,benchmark_data/external/esc50/audio/2-50665-A-20.wav,crying_baby,baby_crying,exact,2,True,8179d295f531f165ee89e92c3fb9f496ca6e13cff1fae3bb76067ee84da49078,POSSIBLE SOURCE OVERLAP,clean,baby_crying,"Baby cry, infant cry",0.6503474712371826,True,25.39450000040233,2-50665-A-20.wav,ESC-50,5.0,44100,0.89508056640625,0.08261696479440851,[220500],"{""array"": [220500], ""sampling_rate"": 44100}","Baby cry, infant cry",0.6503474712371826,"[{""label"": ""Baby cry, infant cry"", ""score"": 0.6503474712371826}, {""label"": ""Whimper"", ""score"": 0.5644519925117493}, {""label"": ""Crying, sobbing"", ""score"": 0.5135400891304016}]","[{""label"": ""Baby cry, infant cry"", ""score"": 0.6503474712371826}, {""label"": ""Whimper"", ""score"": 0.5644519925117493}, {""label"": ""Crying, sobbing"", ""score"": 0.5135400891304016}, {""label"": ""Speech"", ""score"": 0.5064692497253418}, {""label"": ""Child singing"", ""score"": 0.506158709526062}]"
2-50666-A-20,benchmark_data/external/esc50/audio/2-50666-A-20.wav,crying_baby,baby_crying,exact,2,True,1f15be2b6c7bc156ccb5174b205b03eace593d728ea227a889ecd17375d4f5ea,POSSIBLE SOURCE OVERLAP,clean,child_singing,Child singing,0.6245274543762207,False,25.349300005473197,2-50666-A-20.wav,ESC-50,5.0,44100,0.65692138671875,0.11399119234497826,[220500],"{""array"": [220500], ""sampling_rate"": 44100}",Child singing,0.6245274543762207,"[{""label"": ""Child singing"", ""score"": 0.6245274543762207}, {""label"": ""Baby cry, infant cry"", ""score"": 0.5847859382629395}, {""label"": ""Singing"", ""score"": 0.5147044658660889}]","[{""label"": ""Child singing"", ""score"": 0.6245274543762207}, {""label"": ""Baby cry, infant cry"", ""score"": 0.5847859382629395}, {""label"": ""Singing"", ""score"": 0.5147044658660889}, {""label"": ""Speech"", ""score"": 0.5119763016700745}, {""label"": ""Whimper"", ""score"": 0.5070997476577759}]"
2-54086-A-43,benchmark_data/external/esc50/audio/2-54086-A-43.wav,car_horn,vehicle_horn,compatible,2,False,66d57ce16595c23b696ce37858261d98342005f1b07c2b9c2e6a9e4b76480d33,POSSIBLE SOURCE OVERLAP,clean,vehicle_horn,"Vehicle horn, car horn, honking",0.6029453873634338,True,24.70589999575168,2-54086-A-43.wav,ESC-50,5.0,44100,0.7535400390625,0.11911037596047284,[220500],"{""array"": [220500], ""sampling_rate"": 44100}","Vehicle horn, car horn, honking",0.6029453873634338,"[{""label"": ""Vehicle horn, car horn, honking"", ""score"": 0.6029453873634338}, {""label"": ""Buzzer"", ""score"": 0.5568876266479492}, {""label"": ""Vehicle"", ""score"": 0.5237643718719482}]","[{""label"": ""Vehicle horn, car horn, honking"", ""score"": 0.6029453873634338}, {""label"": ""Buzzer"", ""score"": 0.5568876266479492}, {""label"": ""Vehicle"", ""score"": 0.5237643718719482}, {""label"": ""Smoke detector, smoke alarm"", ""score"": 0.5137813091278076}, {""label"": ""Toot"", ""score"": 0.5119572281837463}]"
2-61311-A-12,benchmark_data/external/esc50/audio/2-61311-A-12.wav,crackling_fire,fire,compatible,2,True,e0c27e6498d90f6e3a70346ebd43669478a92a170d453ebae6afbda2af1954e2,POSSIBLE SOURCE OVERLAP,clean,slap_smack,"Slap, smack",0.5802309513092041,False,26.190800010226667,2-61311-A-12.wav,ESC-50,5.0,44100,0.8670654296875,0.03294508010157222,[220500],"{""array"": [220500], ""sampling_rate"": 44100}","Slap, smack",0.5802309513092041,"[{""label"": ""Slap, smack"", ""score"": 0.5802309513092041}, {""label"": ""Finger snapping"", ""score"": 0.5153017044067383}, {""label"": ""Clapping"", ""score"": 0.511341392993927}]","[{""label"": ""Slap, smack"", ""score"": 0.5802309513092041}, {""label"": ""Finger snapping"", ""score"": 0.5153017044067383}, {""label"": ""Clapping"", ""score"": 0.511341392993927}, {""label"": ""Whip"", ""score"": 0.5072946548461914}, {""label"": ""Fire"", ""score"": 0.5062906742095947}]"
2-65747-A-12,benchmark_data/external/esc50/audio/2-65747-A-12.wav,crackling_fire,fire,compatible,2,True,14a098365b21366eeec932f9cadfb368144fbd7d84e0066f81992afc3fac19a5,POSSIBLE SOURCE OVERLAP,clean,patter,Patter,0.5509771108627319,False,27.275300002656877,2-65747-A-12.wav,ESC-50,5.0,44100,0.88360595703125,0.01992310200323858,[220500],"{""array"": [220500], ""sampling_rate"": 44100}",Patter,0.5509771108627319,"[{""label"": ""Patter"", ""score"": 0.5509771108627319}, {""label"": ""Fire"", ""score"": 0.5370219945907593}, {""label"": ""Animal"", ""score"": 0.5205138921737671}]","[{""label"": ""Patter"", ""score"": 0.5509771108627319}, {""label"": ""Fire"", ""score"": 0.5370219945907593}, {""label"": ""Animal"", ""score"": 0.5205138921737671}, {""label"": ""Crackle"", ""score"": 0.5187675952911377}, {""label"": ""Inside, small room"", ""score"": 0.5165997743606567}]"
2-66637-A-20,benchmark_data/external/esc50/audio/2-66637-A-20.wav,crying_baby,baby_crying,exact,2,True,7956582f54756ada936b22c5d2e810d7237ddc95897a1557a59417e3b1be0f99,POSSIBLE SOURCE OVERLAP,clean,crying_sobbing,"Crying, sobbing",0.678965151309967,False,26.911500026471913,2-66637-A-20.wav,ESC-50,5.0,44100,0.753875732421875,0.10029835854953802,[220500],"{""array"": [220500], ""sampling_rate"": 44100}","Crying, sobbing",0.678965151309967,"[{""label"": ""Crying, sobbing"", ""score"": 0.678965151309967}, {""label"": ""Baby cry, infant cry"", ""score"": 0.6475005149841309}, {""label"": ""Speech"", ""score"": 0.5183946490287781}]","[{""label"": ""Crying, sobbing"", ""score"": 0.678965151309967}, {""label"": ""Baby cry, infant cry"", ""score"": 0.6475005149841309}, {""label"": ""Speech"", ""score"": 0.5183946490287781}, {""label"": ""Whimper"", ""score"": 0.5168548822402954}, {""label"": ""Inside, small room"", ""score"": 0.5124841928482056}]"
2-66637-B-20,benchmark_data/external/esc50/audio/2-66637-B-20.wav,crying_baby,baby_crying,exact,2,True,9ef70dfc68879c756405662282e61e32aa88b3716455b13205936c4f7a135bb8,POSSIBLE SOURCE OVERLAP,clean,baby_crying,"Baby cry, infant cry",0.6424083709716797,True,29.241300013381988,2-66637-B-20.wav,ESC-50,5.0,44100,0.754058837890625,0.07426429940699565,[220500],"{""array"": [220500], ""sampling_rate"": 44100}","Baby cry, infant cry",0.6424083709716797,"[{""label"": ""Baby cry, infant cry"", ""score"": 0.6424083709716797}, {""label"": ""Crying, sobbing"", ""score"": 0.6414687633514404}, {""label"": ""Babbling"", ""score"": 0.5433937907218933}]","[{""label"": ""Baby cry, infant cry"", ""score"": 0.6424083709716797}, {""label"": ""Crying, sobbing"", ""score"": 0.6414687633514404}, {""label"": ""Babbling"", ""score"": 0.5433937907218933}, {""label"": ""Inside, small room"", ""score"": 0.5215743780136108}, {""label"": ""Whimper"", ""score"": 0.5152509212493896}]"
2-70052-A-42,benchmark_data/external/esc50/audio/2-70052-A-42.wav,siren,siren,exact,2,False,012cf9bf49d8619a9c60cf0a606af4b0e32645d9220e9fa266865a858a906608,POSSIBLE SOURCE OVERLAP,clean,emergency_vehicle,Emergency vehicle,0.7027578353881836,False,26.718499953858554,2-70052-A-42.wav,ESC-50,5.0,44100,1.0,0.4053468683542753,[220500],"{""array"": [220500], ""sampling_rate"": 44100}",Emergency vehicle,0.7027578353881836,"[{""label"": ""Emergency vehicle"", ""score"": 0.7027578353881836}, {""label"": ""Siren"", ""score"": 0.6586691737174988}, {""label"": ""Fire engine, fire truck (siren)"", ""score"": 0.6420830488204956}]","[{""label"": ""Emergency vehicle"", ""score"": 0.7027578353881836}, {""label"": ""Siren"", ""score"": 0.6586691737174988}, {""label"": ""Fire engine, fire truck (siren)"", ""score"": 0.6420830488204956}, {""label"": ""Ambulance (siren)"", ""score"": 0.6287562847137451}, {""label"": ""Police car (siren)"", ""score"": 0.6256237626075745}]"
2-70052-B-42,benchmark_data/external/esc50/audio/2-70052-B-42.wav,siren,siren,exact,2,False,65bf1c84e863a15e878f73c316d66df38872ec63462efc0989cf06538e01aa62,POSSIBLE SOURCE OVERLAP,clean,emergency_vehicle,Emergency vehicle,0.6902459859848022,False,27.768900035880506,2-70052-B-42.wav,ESC-50,5.0,44100,1.0,0.26894550994457594,[220500],"{""array"": [220500], ""sampling_rate"": 44100}",Emergency vehicle,0.6902459859848022,"[{""label"": ""Emergency vehicle"", ""score"": 0.6902459859848022}, {""label"": ""Police car (siren)"", ""score"": 0.662354052066803}, {""label"": ""Siren"", ""score"": 0.6479663252830505}]","[{""label"": ""Emergency vehicle"", ""score"": 0.6902459859848022}, {""label"": ""Police car (siren)"", ""score"": 0.662354052066803}, {""label"": ""Siren"", ""score"": 0.6479663252830505}, {""label"": ""Vehicle"", ""score"": 0.5956555604934692}, {""label"": ""Ambulance (siren)"", ""score"": 0.5854499340057373}]"
2-70936-A-42,benchmark_data/external/esc50/audio/2-70936-A-42.wav,siren,siren,exact,2,False,187e6149565a5c95d350d672dfca2750e9471d6cad846ba5ddc998e7a3958f58,POSSIBLE SOURCE OVERLAP,clean,siren,Siren,0.7108388543128967,True,29.086299997288734,2-70936-A-42.wav,ESC-50,5.0,44100,0.96026611328125,0.35811417039816984,[220500],"{""array"": [220500], ""sampling_rate"": 44100}",Siren,0.7108388543128967,"[{""label"": ""Siren"", ""score"": 0.7108388543128967}, {""label"": ""Police car (siren)"", ""score"": 0.6947030425071716}, {""label"": ""Emergency vehicle"", ""score"": 0.6770907640457153}]","[{""label"": ""Siren"", ""score"": 0.7108388543128967}, {""label"": ""Police car (siren)"", ""score"": 0.6947030425071716}, {""label"": ""Emergency vehicle"", ""score"": 0.6770907640457153}, {""label"": ""Fire engine, fire truck (siren)"", ""score"": 0.5416015982627869}, {""label"": ""Ambulance (siren)"", ""score"": 0.5263177156448364}]"
2-70938-A-42,benchmark_data/external/esc50/audio/2-70938-A-42.wav,siren,siren,exact,2,False,942d1f4b4959e4f72b8176377934f26015f58863102188a25c07189bffe743d2,POSSIBLE SOURCE OVERLAP,clean,siren,Siren,0.7118971347808838,True,27.676800033077598,2-70938-A-42.wav,ESC-50,5.0,44100,1.0,0.21924736048364235,[220500],"{""array"": [220500], ""sampling_rate"": 44100}",Siren,0.7118971347808838,"[{""label"": ""Siren"", ""score"": 0.7118971347808838}, {""label"": ""Police car (siren)"", ""score"": 0.5877780914306641}, {""label"": ""Emergency vehicle"", ""score"": 0.5634108781814575}]","[{""label"": ""Siren"", ""score"": 0.7118971347808838}, {""label"": ""Police car (siren)"", ""score"": 0.5877780914306641}, {""label"": ""Emergency vehicle"", ""score"": 0.5634108781814575}, {""label"": ""Civil defense siren"", ""score"": 0.5596949458122253}, {""label"": ""Sound effect"", ""score"": 0.5242503881454468}]"
2-70939-A-42,benchmark_data/external/esc50/audio/2-70939-A-42.wav,siren,siren,exact,2,False,a3b366a40193537c92bc4053a1691a36f102c6067514f116cf07773498a0decf,POSSIBLE SOURCE OVERLAP,clean,emergency_vehicle,Emergency vehicle,0.6968838572502136,False,29.782700003124774,2-70939-A-42.wav,ESC-50,5.0,44100,1.0,0.4247759699362859,[220500],"{""array"": [220500], ""sampling_rate"": 44100}",Emergency vehicle,0.6968838572502136,"[{""label"": ""Emergency vehicle"", ""score"": 0.6968838572502136}, {""label"": ""Siren"", ""score"": 0.6951013207435608}, {""label"": ""Ambulance (siren)"", ""score"": 0.6805345416069031}]","[{""label"": ""Emergency vehicle"", ""score"": 0.6968838572502136}, {""label"": ""Siren"", ""score"": 0.6951013207435608}, {""label"": ""Ambulance (siren)"", ""score"": 0.6805345416069031}, {""label"": ""Police car (siren)"", ""score"": 0.6071838736534119}, {""label"": ""Vehicle"", ""score"": 0.5278785228729248}]"
2-72688-A-42,benchmark_data/external/esc50/audio/2-72688-A-42.wav,siren,siren,exact,2,False,406225783170623a673c8104c9eef1871d8a693f5f93372965e1041543530f30,POSSIBLE SOURCE OVERLAP,clean,siren,Siren,0.7039804458618164,True,26.650199957657605,2-72688-A-42.wav,ESC-50,5.0,44100,0.874969482421875,0.22611502850613158,[220500],"{""array"": [220500], ""sampling_rate"": 44100}",Siren,0.7039804458618164,"[{""label"": ""Siren"", ""score"": 0.7039804458618164}, {""label"": ""Civil defense siren"", ""score"": 0.6991576552391052}, {""label"": ""Speech"", ""score"": 0.510263979434967}]","[{""label"": ""Siren"", ""score"": 0.7039804458618164}, {""label"": ""Civil defense siren"", ""score"": 0.6991576552391052}, {""label"": ""Speech"", ""score"": 0.510263979434967}, {""label"": ""Bird"", ""score"": 0.5029518008232117}, {""label"": ""Music"", ""score"": 0.5027835965156555}]"
2-80482-A-20,benchmark_data/external/esc50/audio/2-80482-A-20.wav,crying_baby,baby_crying,exact,2,True,1bc0b84be46c90e74f19f4704f488cb17a4e34686fd76bc4454007f13bf64f33,POSSIBLE SOURCE OVERLAP,clean,baby_crying,"Baby cry, infant cry",0.6871262192726135,True,28.754499973729253,2-80482-A-20.wav,ESC-50,5.0,44100,0.788543701171875,0.04709516678018138,[220500],"{""array"": [220500], ""sampling_rate"": 44100}","Baby cry, infant cry",0.6871262192726135,"[{""label"": ""Baby cry, infant cry"", ""score"": 0.6871262192726135}, {""label"": ""Whimper"", ""score"": 0.5502778887748718}, {""label"": ""Crying, sobbing"", ""score"": 0.5425911545753479}]","[{""label"": ""Baby cry, infant cry"", ""score"": 0.6871262192726135}, {""label"": ""Whimper"", ""score"": 0.5502778887748718}, {""label"": ""Crying, sobbing"", ""score"": 0.5425911545753479}, {""label"": ""Speech"", ""score"": 0.5079941153526306}, {""label"": ""Music"", ""score"": 0.5025017857551575}]"
3-104632-A-12,benchmark_data/external/esc50/audio/3-104632-A-12.wav,crackling_fire,fire,compatible,3,True,415e6d92371447377a916760fdda326f55f6f88cf428dc45b3edfe45b1d2b0a5,POSSIBLE SOURCE OVERLAP,clean,tearing,Tearing,0.5319837331771851,False,26.070700027048588,3-104632-A-12.wav,ESC-50,5.0,44100,0.97576904296875,0.005753103529579419,[220500],"{""array"": [220500], ""sampling_rate"": 44100}",Tearing,0.5319837331771851,"[{""label"": ""Tearing"", ""score"": 0.5319837331771851}, {""label"": ""Sound effect"", ""score"": 0.5262720584869385}, {""label"": ""Speech"", ""score"": 0.5236020088195801}]","[{""label"": ""Tearing"", ""score"": 0.5319837331771851}, {""label"": ""Sound effect"", ""score"": 0.5262720584869385}, {""label"": ""Speech"", ""score"": 0.5236020088195801}, {""label"": ""Fire"", ""score"": 0.5184583067893982}, {""label"": ""Music"", ""score"": 0.5141335129737854}]"
3-104958-A-12,benchmark_data/external/esc50/audio/3-104958-A-12.wav,crackling_fire,fire,compatible,3,True,d538428b1a51d450809757d169ba16f77c85721c267a46d29f5d538dfc846563,POSSIBLE SOURCE OVERLAP,clean,crackle,Crackle,0.587339460849762,False,27.021099987905473,3-104958-A-12.wav,ESC-50,5.0,44100,0.664276123046875,0.006867730175602267,[220500],"{""array"": [220500], ""sampling_rate"": 44100}",Crackle,0.587339460849762,"[{""label"": ""Crackle"", ""score"": 0.587339460849762}, {""label"": ""Flap"", ""score"": 0.5267938375473022}, {""label"": ""Static"", ""score"": 0.5257287621498108}]","[{""label"": ""Crackle"", ""score"": 0.587339460849762}, {""label"": ""Flap"", ""score"": 0.5267938375473022}, {""label"": ""Static"", ""score"": 0.5257287621498108}, {""label"": ""Eruption"", ""score"": 0.513665497303009}, {""label"": ""Sound effect"", ""score"": 0.5094521045684814}]"
3-120644-A-12,benchmark_data/external/esc50/audio/3-120644-A-12.wav,crackling_fire,fire,compatible,3,True,44acca39a9f884a0ba916ea8f5865079006d42acd31a8498f4e5bb0d5bd10146,POSSIBLE SOURCE OVERLAP,clean,animal,Animal,0.5939489006996155,False,27.58880000328645,3-120644-A-12.wav,ESC-50,5.0,44100,0.5814208984375,0.02231344734670583,[220500],"{""array"": [220500], ""sampling_rate"": 44100}",Animal,0.5939489006996155,"[{""label"": ""Animal"", ""score"": 0.5939489006996155}, {""label"": ""Clip-clop"", ""score"": 0.5820826888084412}, {""label"": ""Horse"", ""score"": 0.5724956393241882}]","[{""label"": ""Animal"", ""score"": 0.5939489006996155}, {""label"": ""Clip-clop"", ""score"": 0.5820826888084412}, {""label"": ""Horse"", ""score"": 0.5724956393241882}, {""label"": ""Patter"", ""score"": 0.546500563621521}, {""label"": ""Fire"", ""score"": 0.5399175882339478}]"
3-136288-A-0,benchmark_data/external/esc50/audio/3-136288-A-0.wav,dog,dog_barking,compatible,3,True,8293b4fe3c40cf9bbe243fa27d153bbef86217f855e4295e89f41411267c9f8d,POSSIBLE SOURCE OVERLAP,clean,animal,Animal,0.681969404220581,False,26.688900019507855,3-136288-A-0.wav,ESC-50,5.0,44100,0.34576416015625,0.05383597019659152,[220500],"{""array"": [220500], ""sampling_rate"": 44100}",Animal,0.681969404220581,"[{""label"": ""Animal"", ""score"": 0.681969404220581}, {""label"": ""Dog"", ""score"": 0.6657626628875732}, {""label"": ""Domestic animals, pets"", ""score"": 0.6581848859786987}]","[{""label"": ""Animal"", ""score"": 0.681969404220581}, {""label"": ""Dog"", ""score"": 0.6657626628875732}, {""label"": ""Domestic animals, pets"", ""score"": 0.6581848859786987}, {""label"": ""Bow-wow"", ""score"": 0.6046057939529419}, {""label"": ""Yip"", ""score"": 0.5956372022628784}]"
3-144028-A-0,benchmark_data/external/esc50/audio/3-144028-A-0.wav,dog,dog_barking,compatible,3,True,2828c40f81b8bdfded734b1ea057444f780d1ada4241a2dc2ab70c646f963b47,POSSIBLE SOURCE OVERLAP,clean,animal,Animal,0.7045944333076477,False,27.108199952635914,3-144028-A-0.wav,ESC-50,5.0,44100,1.0,0.33871345063204056,[220500],"{""array"": [220500], ""sampling_rate"": 44100}",Animal,0.7045944333076477,"[{""label"": ""Animal"", ""score"": 0.7045944333076477}, {""label"": ""Dog"", ""score"": 0.6704168915748596}, {""label"": ""Domestic animals, pets"", ""score"": 0.6686599850654602}]","[{""label"": ""Animal"", ""score"": 0.7045944333076477}, {""label"": ""Dog"", ""score"": 0.6704168915748596}, {""label"": ""Domestic animals, pets"", ""score"": 0.6686599850654602}, {""label"": ""Bark"", ""score"": 0.6250790953636169}, {""label"": ""Bow-wow"", ""score"": 0.5780231952667236}]"
3-144510-A-30,benchmark_data/external/esc50/audio/3-144510-A-30.wav,door_wood_knock,door_activity,compatible,3,False,c7fbb4cbda9d1f2950bf205212115a372b840382228c3baeb6451ae83366ee34,POSSIBLE SOURCE OVERLAP,clean,door_activity,Knock,0.7071053981781006,True,28.320200042799115,3-144510-A-30.wav,ESC-50,5.0,44100,1.0,0.14147920690675228,[220500],"{""array"": [220500], ""sampling_rate"": 44100}",Knock,0.7071053981781006,"[{""label"": ""Knock"", ""score"": 0.7071053981781006}, {""label"": ""Sound effect"", ""score"": 0.5298134684562683}, {""label"": ""Door"", ""score"": 0.5104701519012451}]","[{""label"": ""Knock"", ""score"": 0.7071053981781006}, {""label"": ""Sound effect"", ""score"": 0.5298134684562683}, {""label"": ""Door"", ""score"": 0.5104701519012451}, {""label"": ""Music"", ""score"": 0.5086395740509033}, {""label"": ""Silence"", ""score"": 0.505657970905304}]"
3-145577-A-43,benchmark_data/external/esc50/audio/3-145577-A-43.wav,car_horn,vehicle_horn,compatible,3,False,0cfe3103f197d1f8d23cb7afb5b81468f44a66ca86e7cc1b6051fc2892f9c4e3,POSSIBLE SOURCE OVERLAP,clean,vehicle_horn,"Vehicle horn, car horn, honking",0.6496291756629944,True,26.66030003456399,3-145577-A-43.wav,ESC-50,5.0,44100,0.999969482421875,0.10863535441951191,[220500],"{""array"": [220500], ""sampling_rate"": 44100}","Vehicle horn, car horn, honking",0.6496291756629944,"[{""label"": ""Vehicle horn, car horn, honking"", ""score"": 0.6496291756629944}, {""label"": ""Vehicle"", ""score"": 0.599018394947052}, {""label"": ""Car"", ""score"": 0.5373511910438538}]","[{""label"": ""Vehicle horn, car horn, honking"", ""score"": 0.6496291756629944}, {""label"": ""Vehicle"", ""score"": 0.599018394947052}, {""label"": ""Car"", ""score"": 0.5373511910438538}, {""label"": ""Outside, urban or manmade"", ""score"": 0.5310961604118347}, {""label"": ""Sound effect"", ""score"": 0.5186576843261719}]"
3-145774-A-12,benchmark_data/external/esc50/audio/3-145774-A-12.wav,crackling_fire,fire,compatible,3,True,126163ee53c9cfc620a9963303a56e5e8fb2e1a47da02ac0a8849f35244e0c8e,POSSIBLE SOURCE OVERLAP,clean,fire,Fire,0.5376675724983215,True,29.124299995601177,3-145774-A-12.wav,ESC-50,5.0,44100,0.84735107421875,0.014287260224002153,[220500],"{""array"": [220500], ""sampling_rate"": 44100}",Fire,0.5376675724983215,"[{""label"": ""Fire"", ""score"": 0.5376675724983215}, {""label"": ""Chewing, mastication"", ""score"": 0.5260521769523621}, {""label"": ""Typing"", ""score"": 0.5142041444778442}]","[{""label"": ""Fire"", ""score"": 0.5376675724983215}, {""label"": ""Chewing, mastication"", ""score"": 0.5260521769523621}, {""label"": ""Typing"", ""score"": 0.5142041444778442}, {""label"": ""Inside, small room"", ""score"": 0.5110228657722473}, {""label"": ""Animal"", ""score"": 0.5097562670707703}]"
3-146697-A-43,benchmark_data/external/esc50/audio/3-146697-A-43.wav,car_horn,vehicle_horn,compatible,3,False,eecf11e6945781d89a689d5e691329935ca865a23827d4d57e79b6b84bd6b631,POSSIBLE SOURCE OVERLAP,clean,vehicle,Vehicle,0.6596954464912415,False,27.43790001841262,3-146697-A-43.wav,ESC-50,5.0,44100,0.18560791015625,0.049328540897331206,[220500],"{""array"": [220500], ""sampling_rate"": 44100}",Vehicle,0.6596954464912415,"[{""label"": ""Vehicle"", ""score"": 0.6596954464912415}, {""label"": ""Traffic noise, roadway noise"", ""score"": 0.6087079644203186}, {""label"": ""Car"", ""score"": 0.6009831428527832}]","[{""label"": ""Vehicle"", ""score"": 0.6596954464912415}, {""label"": ""Traffic noise, roadway noise"", ""score"": 0.6087079644203186}, {""label"": ""Car"", ""score"": 0.6009831428527832}, {""label"": ""Field recording"", ""score"": 0.5555115938186646}, {""label"": ""Outside, urban or manmade"", ""score"": 0.548557460308075}]"
3-147965-A-12,benchmark_data/external/esc50/audio/3-147965-A-12.wav,crackling_fire,fire,compatible,3,True,e5de3d144c438512347ce7ebad8a7d69b0f1a28e47dc1c2ee86da44a6ef30a03,POSSIBLE SOURCE OVERLAP,clean,boiling,Boiling,0.6206125020980835,False,27.795900008641183,3-147965-A-12.wav,ESC-50,5.0,44100,0.967010498046875,0.02387342212153864,[220500],"{""array"": [220500], ""sampling_rate"": 44100}",Boiling,0.6206125020980835,"[{""label"": ""Boiling"", ""score"": 0.6206125020980835}, {""label"": ""Patter"", ""score"": 0.544257402420044}, {""label"": ""Vehicle"", ""score"": 0.5211396217346191}]","[{""label"": ""Boiling"", ""score"": 0.6206125020980835}, {""label"": ""Patter"", ""score"": 0.544257402420044}, {""label"": ""Vehicle"", ""score"": 0.5211396217346191}, {""label"": ""Fire"", ""score"": 0.5111624598503113}, {""label"": ""Water"", ""score"": 0.5108007192611694}]"
3-151080-A-20,benchmark_data/external/esc50/audio/3-151080-A-20.wav,crying_baby,baby_crying,exact,3,True,e673e80074c99c9a8426ff708ca40d5f7a146605cf7b1625532276a7b95fd801,POSSIBLE SOURCE OVERLAP,clean,baby_crying,"Baby cry, infant cry",0.6494714617729187,True,24.521299987100065,3-151080-A-20.wav,ESC-50,5.0,44100,0.83221435546875,0.10341488891706072,[220500],"{""array"": [220500], ""sampling_rate"": 44100}","Baby cry, infant cry",0.6494714617729187,"[{""label"": ""Baby cry, infant cry"", ""score"": 0.6494714617729187}, {""label"": ""Crying, sobbing"", ""score"": 0.6016174554824829}, {""label"": ""Whimper"", ""score"": 0.5420061945915222}]","[{""label"": ""Baby cry, infant cry"", ""score"": 0.6494714617729187}, {""label"": ""Crying, sobbing"", ""score"": 0.6016174554824829}, {""label"": ""Whimper"", ""score"": 0.5420061945915222}, {""label"": ""Speech"", ""score"": 0.5099330544471741}, {""label"": ""Groan"", ""score"": 0.5037378668785095}]"
3-151081-A-20,benchmark_data/external/esc50/audio/3-151081-A-20.wav,crying_baby,baby_crying,exact,3,True,48a0009a2b2f7e97d19c020c1292e17ee0775dc7537bca3109c4128fb17ac7de,POSSIBLE SOURCE OVERLAP,clean,baby_crying,"Baby cry, infant cry",0.6232219338417053,True,26.93280001403764,3-151081-A-20.wav,ESC-50,5.0,44100,0.889678955078125,0.10774765412833394,[220500],"{""array"": [220500], ""sampling_rate"": 44100}","Baby cry, infant cry",0.6232219338417053,"[{""label"": ""Baby cry, infant cry"", ""score"": 0.6232219338417053}, {""label"": ""Crying, sobbing"", ""score"": 0.5614168047904968}, {""label"": ""Whimper"", ""score"": 0.5357262492179871}]","[{""label"": ""Baby cry, infant cry"", ""score"": 0.6232219338417053}, {""label"": ""Crying, sobbing"", ""score"": 0.5614168047904968}, {""label"": ""Whimper"", ""score"": 0.5357262492179871}, {""label"": ""Cough"", ""score"": 0.5093826651573181}, {""label"": ""Music"", ""score"": 0.5075452923774719}]"
3-151081-B-20,benchmark_data/external/esc50/audio/3-151081-B-20.wav,crying_baby,baby_crying,exact,3,True,922250bbeca13111c955a83958f013c3a50b48e240705c57a645faf8b47a35d6,POSSIBLE SOURCE OVERLAP,clean,baby_crying,"Baby cry, infant cry",0.6262281537055969,True,28.421099996194243,3-151081-B-20.wav,ESC-50,5.0,44100,0.92327880859375,0.11992343676428649,[220500],"{""array"": [220500], ""sampling_rate"": 44100}","Baby cry, infant cry",0.6262281537055969,"[{""label"": ""Baby cry, infant cry"", ""score"": 0.6262281537055969}, {""label"": ""Crying, sobbing"", ""score"": 0.5723545551300049}, {""label"": ""Whimper"", ""score"": 0.5429521203041077}]","[{""label"": ""Baby cry, infant cry"", ""score"": 0.6262281537055969}, {""label"": ""Crying, sobbing"", ""score"": 0.5723545551300049}, {""label"": ""Whimper"", ""score"": 0.5429521203041077}, {""label"": ""Chicken, rooster"", ""score"": 0.5094238519668579}, {""label"": ""Fowl"", ""score"": 0.5044621825218201}]"
3-151089-A-30,benchmark_data/external/esc50/audio/3-151089-A-30.wav,door_wood_knock,door_activity,compatible,3,False,77f3f8c26ea85756b565e142b920908a443bc95cc2b3e1e2546e7a69746bc06c,POSSIBLE SOURCE OVERLAP,clean,door_activity,Knock,0.6103403568267822,True,26.210699987132102,3-151089-A-30.wav,ESC-50,5.0,44100,1.0,0.02973782637217817,[220500],"{""array"": [220500], ""sampling_rate"": 44100}",Knock,0.6103403568267822,"[{""label"": ""Knock"", ""score"": 0.6103403568267822}, {""label"": ""Chop"", ""score"": 0.5416033267974854}, {""label"": ""Chopping (food)"", ""score"": 0.524875283241272}]","[{""label"": ""Knock"", ""score"": 0.6103403568267822}, {""label"": ""Chop"", ""score"": 0.5416033267974854}, {""label"": ""Chopping (food)"", ""score"": 0.524875283241272}, {""label"": ""Hands"", ""score"": 0.5226566195487976}, {""label"": ""Tap"", ""score"": 0.5143237113952637}]"
3-152007-A-20,benchmark_data/external/esc50/audio/3-152007-A-20.wav,crying_baby,baby_crying,exact,3,True,dff786672fb70a78c6ddcde9935d1327fcb6704251844753c3a28b73ad2eef44,POSSIBLE SOURCE OVERLAP,clean,baby_crying,"Baby cry, infant cry",0.658744215965271,True,30.72270000120625,3-152007-A-20.wav,ESC-50,5.0,44100,0.93975830078125,0.12305310754678757,[220500],"{""array"": [220500], ""sampling_rate"": 44100}","Baby cry, infant cry",0.658744215965271,"[{""label"": ""Baby cry, infant cry"", ""score"": 0.658744215965271}, {""label"": ""Whimper"", ""score"": 0.5898736715316772}, {""label"": ""Crying, sobbing"", ""score"": 0.5732762217521667}]","[{""label"": ""Baby cry, infant cry"", ""score"": 0.658744215965271}, {""label"": ""Whimper"", ""score"": 0.5898736715316772}, {""label"": ""Crying, sobbing"", ""score"": 0.5732762217521667}, {""label"": ""Wail, moan"", ""score"": 0.5216343998908997}, {""label"": ""Speech"", ""score"": 0.5119837522506714}]"
3-152007-B-20,benchmark_data/external/esc50/audio/3-152007-B-20.wav,crying_baby,baby_crying,exact,3,True,39f6c0417c9bc1154f1cc292a593a33caec51eb985482c89d57e5fede76cdb9f,POSSIBLE SOURCE OVERLAP,clean,baby_crying,"Baby cry, infant cry",0.6524450182914734,True,26.77590004168451,3-152007-B-20.wav,ESC-50,5.0,44100,0.959808349609375,0.20616900921949963,[220500],"{""array"": [220500], ""sampling_rate"": 44100}","Baby cry, infant cry",0.6524450182914734,"[{""label"": ""Baby cry, infant cry"", ""score"": 0.6524450182914734}, {""label"": ""Crying, sobbing"", ""score"": 0.6119619607925415}, {""label"": ""Whimper"", ""score"": 0.5554955005645752}]","[{""label"": ""Baby cry, infant cry"", ""score"": 0.6524450182914734}, {""label"": ""Crying, sobbing"", ""score"": 0.6119619607925415}, {""label"": ""Whimper"", ""score"": 0.5554955005645752}, {""label"": ""Speech"", ""score"": 0.513942539691925}, {""label"": ""Gasp"", ""score"": 0.5106332898139954}]"
3-152007-C-20,benchmark_data/external/esc50/audio/3-152007-C-20.wav,crying_baby,baby_crying,exact,3,True,ccd8f855a799a8d21f3234ba81cce8a4eccbbfdef8d141b938f2c5e0ea85aa44,POSSIBLE SOURCE OVERLAP,clean,baby_crying,"Baby cry, infant cry",0.6306049227714539,True,27.459000004455447,3-152007-C-20.wav,ESC-50,5.0,44100,0.936187744140625,0.15032641371028688,[220500],"{""array"": [220500], ""sampling_rate"": 44100}","Baby cry, infant cry",0.6306049227714539,"[{""label"": ""Baby cry, infant cry"", ""score"": 0.6306049227714539}, {""label"": ""Crying, sobbing"", ""score"": 0.6035767197608948}, {""label"": ""Whimper"", ""score"": 0.5646405220031738}]","[{""label"": ""Baby cry, infant cry"", ""score"": 0.6306049227714539}, {""label"": ""Crying, sobbing"", ""score"": 0.6035767197608948}, {""label"": ""Whimper"", ""score"": 0.5646405220031738}, {""label"": ""Speech"", ""score"": 0.5478970408439636}, {""label"": ""Wail, moan"", ""score"": 0.5130861401557922}]"
3-152007-D-20,benchmark_data/external/esc50/audio/3-152007-D-20.wav,crying_baby,baby_crying,exact,3,True,c47feeedb4dbf4681b595318dfc3ca0aa555af0a2ef87022715c55ff47922999,POSSIBLE SOURCE OVERLAP,clean,baby_crying,"Baby cry, infant cry",0.6387611627578735,True,28.10739999404177,3-152007-D-20.wav,ESC-50,5.0,44100,0.944793701171875,0.17954879401225468,[220500],"{""array"": [220500], ""sampling_rate"": 44100}","Baby cry, infant cry",0.6387611627578735,"[{""label"": ""Baby cry, infant cry"", ""score"": 0.6387611627578735}, {""label"": ""Crying, sobbing"", ""score"": 0.5817022919654846}, {""label"": ""Whimper"", ""score"": 0.5413041710853577}]","[{""label"": ""Baby cry, infant cry"", ""score"": 0.6387611627578735}, {""label"": ""Crying, sobbing"", ""score"": 0.5817022919654846}, {""label"": ""Whimper"", ""score"": 0.5413041710853577}, {""label"": ""Speech"", ""score"": 0.5336351990699768}, {""label"": ""Inside, small room"", ""score"": 0.5059667825698853}]"
3-152007-E-20,benchmark_data/external/esc50/audio/3-152007-E-20.wav,crying_baby,baby_crying,exact,3,True,2369f99bd8ec01a9eb92d1be9a418143ff6f2298791d7811b614ba6cf92ef420,POSSIBLE SOURCE OVERLAP,clean,baby_crying,"Baby cry, infant cry",0.6991137862205505,True,27.237100002821535,3-152007-E-20.wav,ESC-50,5.0,44100,0.90228271484375,0.14551113625682502,[220500],"{""array"": [220500], ""sampling_rate"": 44100}","Baby cry, infant cry",0.6991137862205505,"[{""label"": ""Baby cry, infant cry"", ""score"": 0.6991137862205505}, {""label"": ""Crying, sobbing"", ""score"": 0.6268618106842041}, {""label"": ""Whimper"", ""score"": 0.5968014597892761}]","[{""label"": ""Baby cry, infant cry"", ""score"": 0.6991137862205505}, {""label"": ""Crying, sobbing"", ""score"": 0.6268618106842041}, {""label"": ""Whimper"", ""score"": 0.5968014597892761}, {""label"": ""Speech"", ""score"": 0.536139965057373}, {""label"": ""Wail, moan"", ""score"": 0.5077348351478577}]"
3-152594-A-30,benchmark_data/external/esc50/audio/3-152594-A-30.wav,door_wood_knock,door_activity,compatible,3,False,8d897589e0bf01b2f19f4cc90253688711a522a05306ecc13fa7903f7be8bbdd,POSSIBLE SOURCE OVERLAP,clean,door_activity,Knock,0.6153110265731812,True,26.38870000373572,3-152594-A-30.wav,ESC-50,5.0,44100,0.23529052734375,0.007592571691234825,[220500],"{""array"": [220500], ""sampling_rate"": 44100}",Knock,0.6153110265731812,"[{""label"": ""Knock"", ""score"": 0.6153110265731812}, {""label"": ""Sound effect"", ""score"": 0.5197309255599976}, {""label"": ""Bouncing"", ""score"": 0.5116196274757385}]","[{""label"": ""Knock"", ""score"": 0.6153110265731812}, {""label"": ""Sound effect"", ""score"": 0.5197309255599976}, {""label"": ""Bouncing"", ""score"": 0.5116196274757385}, {""label"": ""Hammer"", ""score"": 0.509209930896759}, {""label"": ""Slap, smack"", ""score"": 0.5060936212539673}]"
3-153057-A-43,benchmark_data/external/esc50/audio/3-153057-A-43.wav,car_horn,vehicle_horn,compatible,3,False,d9ef718570e5f58436d84a45a0619d1b812eac187282dad30fbf166432f6cf79,POSSIBLE SOURCE OVERLAP,clean,vehicle_horn,"Vehicle horn, car horn, honking",0.6919952034950256,True,29.225199948996305,3-153057-A-43.wav,ESC-50,5.0,44100,0.72528076171875,0.07506943939956597,[220500],"{""array"": [220500], ""sampling_rate"": 44100}","Vehicle horn, car horn, honking",0.6919952034950256,"[{""label"": ""Vehicle horn, car horn, honking"", ""score"": 0.6919952034950256}, {""label"": ""Vehicle"", ""score"": 0.6070024967193604}, {""label"": ""Car"", ""score"": 0.5531972050666809}]","[{""label"": ""Vehicle horn, car horn, honking"", ""score"": 0.6919952034950256}, {""label"": ""Vehicle"", ""score"": 0.6070024967193604}, {""label"": ""Car"", ""score"": 0.5531972050666809}, {""label"": ""Outside, urban or manmade"", ""score"": 0.5486853122711182}, {""label"": ""Toot"", ""score"": 0.5335180163383484}]"
3-154378-A-30,benchmark_data/external/esc50/audio/3-154378-A-30.wav,door_wood_knock,door_activity,compatible,3,False,1621d5c3bb3b77d5e24a13751cb53e5924578c71bd1617578e12cc525d949a67,POSSIBLE SOURCE OVERLAP,clean,door_activity,Knock,0.666164755821228,True,31.874399981461465,3-154378-A-30.wav,ESC-50,5.0,44100,0.908966064453125,0.032284506657033585,[220500],"{""array"": [220500], ""sampling_rate"": 44100}",Knock,0.666164755821228,"[{""label"": ""Knock"", ""score"": 0.666164755821228}, {""label"": ""Bouncing"", ""score"": 0.5179694890975952}, {""label"": ""Door"", ""score"": 0.5100308060646057}]","[{""label"": ""Knock"", ""score"": 0.666164755821228}, {""label"": ""Bouncing"", ""score"": 0.5179694890975952}, {""label"": ""Door"", ""score"": 0.5100308060646057}, {""label"": ""Sound effect"", ""score"": 0.5081859827041626}, {""label"": ""Hands"", ""score"": 0.5081509351730347}]"
3-155130-A-43,benchmark_data/external/esc50/audio/3-155130-A-43.wav,car_horn,vehicle_horn,compatible,3,False,3e0868245e2f29e1c437f21d9e9da69ca15187c9c54d8339150f677e8ed3c34b,POSSIBLE SOURCE OVERLAP,clean,vehicle,Vehicle,0.6875668168067932,False,34.13350001210347,3-155130-A-43.wav,ESC-50,5.0,44100,0.5159912109375,0.05149528389795035,[220500],"{""array"": [220500], ""sampling_rate"": 44100}",Vehicle,0.6875668168067932,"[{""label"": ""Vehicle"", ""score"": 0.6875668168067932}, {""label"": ""Car"", ""score"": 0.6378913521766663}, {""label"": ""Vehicle horn, car horn, honking"", ""score"": 0.635576605796814}]","[{""label"": ""Vehicle"", ""score"": 0.6875668168067932}, {""label"": ""Car"", ""score"": 0.6378913521766663}, {""label"": ""Vehicle horn, car horn, honking"", ""score"": 0.635576605796814}, {""label"": ""Toot"", ""score"": 0.6158440113067627}, {""label"": ""Outside, urban or manmade"", ""score"": 0.5773531198501587}]"
3-155234-A-43,benchmark_data/external/esc50/audio/3-155234-A-43.wav,car_horn,vehicle_horn,compatible,3,False,d3dd9ebc885f00e0857e10fc2c42716c078506c88bb4c28b1eceff75dbf21100,POSSIBLE SOURCE OVERLAP,clean,vehicle,Vehicle,0.6160370707511902,False,34.73509999457747,3-155234-A-43.wav,ESC-50,5.0,44100,0.207275390625,0.04770597021704219,[220500],"{""array"": [220500], ""sampling_rate"": 44100}",Vehicle,0.6160370707511902,"[{""label"": ""Vehicle"", ""score"": 0.6160370707511902}, {""label"": ""Speech"", ""score"": 0.59213787317276}, {""label"": ""Siren"", ""score"": 0.5821130871772766}]","[{""label"": ""Vehicle"", ""score"": 0.6160370707511902}, {""label"": ""Speech"", ""score"": 0.59213787317276}, {""label"": ""Siren"", ""score"": 0.5821130871772766}, {""label"": ""Emergency vehicle"", ""score"": 0.5779055953025818}, {""label"": ""Car"", ""score"": 0.5384632349014282}]"
3-155312-A-0,benchmark_data/external/esc50/audio/3-155312-A-0.wav,dog,dog_barking,compatible,3,True,cd91728dada57b9083122f0991dad5de4010287f91847bca4ac828d6402080e4,POSSIBLE SOURCE OVERLAP,clean,animal,Animal,0.7154205441474915,False,31.357599946204573,3-155312-A-0.wav,ESC-50,5.0,44100,0.96002197265625,0.17304525478526162,[220500],"{""array"": [220500], ""sampling_rate"": 44100}",Animal,0.7154205441474915,"[{""label"": ""Animal"", ""score"": 0.7154205441474915}, {""label"": ""Dog"", ""score"": 0.7081112265586853}, {""label"": ""Domestic animals, pets"", ""score"": 0.6969068646430969}]","[{""label"": ""Animal"", ""score"": 0.7154205441474915}, {""label"": ""Dog"", ""score"": 0.7081112265586853}, {""label"": ""Domestic animals, pets"", ""score"": 0.6969068646430969}, {""label"": ""Bark"", ""score"": 0.6864941120147705}, {""label"": ""Canidae, dogs, wolves"", ""score"": 0.5926823019981384}]"
3-157187-A-12,benchmark_data/external/esc50/audio/3-157187-A-12.wav,crackling_fire,fire,compatible,3,True,732379827a29ef372d098553de376a66adaac8c32b357221295a9bc7ebba84f0,POSSIBLE SOURCE OVERLAP,clean,fire,Fire,0.5479868650436401,True,27.74130000034347,3-157187-A-12.wav,ESC-50,5.0,44100,0.80279541015625,0.06735039855351062,[220500],"{""array"": [220500], ""sampling_rate"": 44100}",Fire,0.5479868650436401,"[{""label"": ""Fire"", ""score"": 0.5479868650436401}, {""label"": ""Wind noise (microphone)"", ""score"": 0.5213028788566589}, {""label"": ""Wind"", ""score"": 0.5162398815155029}]","[{""label"": ""Fire"", ""score"": 0.5479868650436401}, {""label"": ""Wind noise (microphone)"", ""score"": 0.5213028788566589}, {""label"": ""Wind"", ""score"": 0.5162398815155029}, {""label"": ""Rain on surface"", ""score"": 0.514726459980011}, {""label"": ""Eruption"", ""score"": 0.5133308172225952}]"
3-157695-A-0,benchmark_data/external/esc50/audio/3-157695-A-0.wav,dog,dog_barking,compatible,3,True,7a6099b6ef5f58af8b6f9a9deda41cc0d8efe5a0fd60fdd638a711523674903a,POSSIBLE SOURCE OVERLAP,clean,animal,Animal,0.5499885082244873,False,28.87659997213632,3-157695-A-0.wav,ESC-50,5.0,44100,0.927520751953125,0.09979327636033991,[220500],"{""array"": [220500], ""sampling_rate"": 44100}",Animal,0.5499885082244873,"[{""label"": ""Animal"", ""score"": 0.5499885082244873}, {""label"": ""Bow-wow"", ""score"": 0.5305983424186707}, {""label"": ""Dog"", ""score"": 0.5302250385284424}]","[{""label"": ""Animal"", ""score"": 0.5499885082244873}, {""label"": ""Bow-wow"", ""score"": 0.5305983424186707}, {""label"": ""Dog"", ""score"": 0.5302250385284424}, {""label"": ""Domestic animals, pets"", ""score"": 0.5255439281463623}, {""label"": ""Sound effect"", ""score"": 0.518409788608551}]"
3-158476-A-12,benchmark_data/external/esc50/audio/3-158476-A-12.wav,crackling_fire,fire,compatible,3,True,6d5eb5cbb48457fddc3647fa4750e1c5d3c8f5121756182206adfbf9c9eedc50,POSSIBLE SOURCE OVERLAP,clean,animal,Animal,0.5911495089530945,False,25.448900007177144,3-158476-A-12.wav,ESC-50,5.0,44100,0.967926025390625,0.014438062300057522,[220500],"{""array"": [220500], ""sampling_rate"": 44100}",Animal,0.5911495089530945,"[{""label"": ""Animal"", ""score"": 0.5911495089530945}, {""label"": ""Fire"", ""score"": 0.5899364352226257}, {""label"": ""Horse"", ""score"": 0.5539515614509583}]","[{""label"": ""Animal"", ""score"": 0.5911495089530945}, {""label"": ""Fire"", ""score"": 0.5899364352226257}, {""label"": ""Horse"", ""score"": 0.5539515614509583}, {""label"": ""Clip-clop"", ""score"": 0.547530472278595}, {""label"": ""Patter"", ""score"": 0.5163323283195496}]"
3-161010-A-43,benchmark_data/external/esc50/audio/3-161010-A-43.wav,car_horn,vehicle_horn,compatible,3,False,b44f3e2b3e75394ab4f475cad59304852c64f5d9c3e3ee7735913cc4de176346,POSSIBLE SOURCE OVERLAP,clean,vehicle,Vehicle,0.6398831605911255,False,27.2096999688074,3-161010-A-43.wav,ESC-50,5.0,44100,0.208984375,0.043335928595813915,[220500],"{""array"": [220500], ""sampling_rate"": 44100}",Vehicle,0.6398831605911255,"[{""label"": ""Vehicle"", ""score"": 0.6398831605911255}, {""label"": ""Car"", ""score"": 0.6119921207427979}, {""label"": ""Toot"", ""score"": 0.5543450117111206}]","[{""label"": ""Vehicle"", ""score"": 0.6398831605911255}, {""label"": ""Car"", ""score"": 0.6119921207427979}, {""label"": ""Toot"", ""score"": 0.5543450117111206}, {""label"": ""Outside, urban or manmade"", ""score"": 0.550689160823822}, {""label"": ""Traffic noise, roadway noise"", ""score"": 0.5468688011169434}]"
3-163459-A-0,benchmark_data/external/esc50/audio/3-163459-A-0.wav,dog,dog_barking,compatible,3,True,fede0d9dcbf6c0252880acf39d411d62e0060e9c9ff3bda9135b3dc2bccb41fe,POSSIBLE SOURCE OVERLAP,clean,dog_barking,Bark,0.6619614362716675,True,27.91060000890866,3-163459-A-0.wav,ESC-50,5.0,44100,0.757904052734375,0.04646886152745225,[220500],"{""array"": [220500], ""sampling_rate"": 44100}",Bark,0.6619614362716675,"[{""label"": ""Bark"", ""score"": 0.6619614362716675}, {""label"": ""Animal"", ""score"": 0.6604692339897156}, {""label"": ""Dog"", ""score"": 0.6546626091003418}]","[{""label"": ""Bark"", ""score"": 0.6619614362716675}, {""label"": ""Animal"", ""score"": 0.6604692339897156}, {""label"": ""Dog"", ""score"": 0.6546626091003418}, {""label"": ""Domestic animals, pets"", ""score"": 0.6402360796928406}, {""label"": ""Bow-wow"", ""score"": 0.5820433497428894}]"
3-170015-A-0,benchmark_data/external/esc50/audio/3-170015-A-0.wav,dog,dog_barking,compatible,3,True,7aff1d04c4c381636e0bfc7d9dfbf76509d0f30674fc542bb8f8ed757f29e29d,POSSIBLE SOURCE OVERLAP,clean,dog,Dog,0.6793336272239685,False,29.265000019222498,3-170015-A-0.wav,ESC-50,5.0,44100,0.470947265625,0.02047889951850017,[220500],"{""array"": [220500], ""sampling_rate"": 44100}",Dog,0.6793336272239685,"[{""label"": ""Dog"", ""score"": 0.6793336272239685}, {""label"": ""Animal"", ""score"": 0.6766340136528015}, {""label"": ""Speech"", ""score"": 0.6616575121879578}]","[{""label"": ""Dog"", ""score"": 0.6793336272239685}, {""label"": ""Animal"", ""score"": 0.6766340136528015}, {""label"": ""Speech"", ""score"": 0.6616575121879578}, {""label"": ""Domestic animals, pets"", ""score"": 0.6600102782249451}, {""label"": ""Bark"", ""score"": 0.6463995575904846}]"
3-170574-A-30,benchmark_data/external/esc50/audio/3-170574-A-30.wav,door_wood_knock,door_activity,compatible,3,False,d017959970fb74e3ba50b976fbf3841a26b9ae38e29da0d1b82c31b8eb703c60,POSSIBLE SOURCE OVERLAP,clean,door_activity,Knock,0.6359358429908752,True,25.945000001229346,3-170574-A-30.wav,ESC-50,5.0,44100,1.0,0.056916294962800304,[220500],"{""array"": [220500], ""sampling_rate"": 44100}",Knock,0.6359358429908752,"[{""label"": ""Knock"", ""score"": 0.6359358429908752}, {""label"": ""Sound effect"", ""score"": 0.533524751663208}, {""label"": ""Whack, thwack"", ""score"": 0.5109142661094666}]","[{""label"": ""Knock"", ""score"": 0.6359358429908752}, {""label"": ""Sound effect"", ""score"": 0.533524751663208}, {""label"": ""Whack, thwack"", ""score"": 0.5109142661094666}, {""label"": ""Chop"", ""score"": 0.5096119046211243}, {""label"": ""Door"", ""score"": 0.5091403722763062}]"
3-174840-A-43,benchmark_data/external/esc50/audio/3-174840-A-43.wav,car_horn,vehicle_horn,compatible,3,False,86c2d00015c345e5aef746eedd00068d941c298a8408f01a4b0e7dfccbbafc44,POSSIBLE SOURCE OVERLAP,clean,vehicle_horn,"Vehicle horn, car horn, honking",0.6581592559814453,True,30.110299994703382,3-174840-A-43.wav,ESC-50,5.0,44100,0.806304931640625,0.11130095340743248,[220500],"{""array"": [220500], ""sampling_rate"": 44100}","Vehicle horn, car horn, honking",0.6581592559814453,"[{""label"": ""Vehicle horn, car horn, honking"", ""score"": 0.6581592559814453}, {""label"": ""Vehicle"", ""score"": 0.5297203063964844}, {""label"": ""Outside, urban or manmade"", ""score"": 0.5145175457000732}]","[{""label"": ""Vehicle horn, car horn, honking"", ""score"": 0.6581592559814453}, {""label"": ""Vehicle"", ""score"": 0.5297203063964844}, {""label"": ""Outside, urban or manmade"", ""score"": 0.5145175457000732}, {""label"": ""Car"", ""score"": 0.5120385885238647}, {""label"": ""Car alarm"", ""score"": 0.5100191235542297}]"
3-180147-A-30,benchmark_data/external/esc50/audio/3-180147-A-30.wav,door_wood_knock,door_activity,compatible,3,False,ce82be45dfc494abcefd7c0337d883d2ded12775dff29acc4de0b9a44b9a76e2,POSSIBLE SOURCE OVERLAP,clean,door_activity,Knock,0.6781901717185974,True,26.576600037515163,3-180147-A-30.wav,ESC-50,5.0,44100,0.23834228515625,0.022788132379909624,[220500],"{""array"": [220500], ""sampling_rate"": 44100}",Knock,0.6781901717185974,"[{""label"": ""Knock"", ""score"": 0.6781901717185974}, {""label"": ""Music"", ""score"": 0.5245807766914368}, {""label"": ""Heart murmur"", ""score"": 0.512389600276947}]","[{""label"": ""Knock"", ""score"": 0.6781901717185974}, {""label"": ""Music"", ""score"": 0.5245807766914368}, {""label"": ""Heart murmur"", ""score"": 0.512389600276947}, {""label"": ""Musical instrument"", ""score"": 0.5089946389198303}, {""label"": ""Sound effect"", ""score"": 0.5078383088111877}]"
3-180256-A-0,benchmark_data/external/esc50/audio/3-180256-A-0.wav,dog,dog_barking,compatible,3,True,39ed8c8b60974843511f0f53e33e37f670f9cf22eebcb8b23798d52e0309127b,POSSIBLE SOURCE OVERLAP,clean,animal,Animal,0.6566168069839478,False,29.244300036225468,3-180256-A-0.wav,ESC-50,5.0,44100,0.908050537109375,0.11069373032317845,[220500],"{""array"": [220500], ""sampling_rate"": 44100}",Animal,0.6566168069839478,"[{""label"": ""Animal"", ""score"": 0.6566168069839478}, {""label"": ""Dog"", ""score"": 0.6541327834129333}, {""label"": ""Domestic animals, pets"", ""score"": 0.6359464526176453}]","[{""label"": ""Animal"", ""score"": 0.6566168069839478}, {""label"": ""Dog"", ""score"": 0.6541327834129333}, {""label"": ""Domestic animals, pets"", ""score"": 0.6359464526176453}, {""label"": ""Bark"", ""score"": 0.5711000561714172}, {""label"": ""Bow-wow"", ""score"": 0.5336213707923889}]"
3-180977-A-0,benchmark_data/external/esc50/audio/3-180977-A-0.wav,dog,dog_barking,compatible,3,True,d5d290a12f7aac1e5a5cee44e7a4d6033ee9f9999846f84b2278f7fbd6516df2,POSSIBLE SOURCE OVERLAP,clean,animal,Animal,0.7075738310813904,False,28.03480002330616,3-180977-A-0.wav,ESC-50,5.0,44100,1.0,0.2715884808762292,[220500],"{""array"": [220500], ""sampling_rate"": 44100}",Animal,0.7075738310813904,"[{""label"": ""Animal"", ""score"": 0.7075738310813904}, {""label"": ""Dog"", ""score"": 0.7066670656204224}, {""label"": ""Domestic animals, pets"", ""score"": 0.6947181820869446}]","[{""label"": ""Animal"", ""score"": 0.7075738310813904}, {""label"": ""Dog"", ""score"": 0.7066670656204224}, {""label"": ""Domestic animals, pets"", ""score"": 0.6947181820869446}, {""label"": ""Bark"", ""score"": 0.649817943572998}, {""label"": ""Bow-wow"", ""score"": 0.5705743432044983}]"
3-182023-A-30,benchmark_data/external/esc50/audio/3-182023-A-30.wav,door_wood_knock,door_activity,compatible,3,False,a5bc28b75bb25bd3f3cf0afb845a930e78e02aba383b31f593e1c9abf865736f,POSSIBLE SOURCE OVERLAP,clean,door_activity,Knock,0.7149810194969177,True,26.113700005225837,3-182023-A-30.wav,ESC-50,5.0,44100,0.999969482421875,0.15868132130723922,[220500],"{""array"": [220500], ""sampling_rate"": 44100}",Knock,0.7149810194969177,"[{""label"": ""Knock"", ""score"": 0.7149810194969177}, {""label"": ""Sound effect"", ""score"": 0.5105457305908203}, {""label"": ""Tap"", ""score"": 0.5079603791236877}]","[{""label"": ""Knock"", ""score"": 0.7149810194969177}, {""label"": ""Sound effect"", ""score"": 0.5105457305908203}, {""label"": ""Tap"", ""score"": 0.5079603791236877}, {""label"": ""Door"", ""score"": 0.5078040361404419}, {""label"": ""Music"", ""score"": 0.5068613290786743}]"
3-182025-A-30,benchmark_data/external/esc50/audio/3-182025-A-30.wav,door_wood_knock,door_activity,compatible,3,False,183c8545811df752f9c9a0a4c13ba03c9385dd87a645f5b84cff00b28b84eece,POSSIBLE SOURCE OVERLAP,clean,door_activity,Knock,0.681353747844696,True,35.39509995607659,3-182025-A-30.wav,ESC-50,5.0,44100,0.999969482421875,0.0506620803251042,[220500],"{""array"": [220500], ""sampling_rate"": 44100}",Knock,0.681353747844696,"[{""label"": ""Knock"", ""score"": 0.681353747844696}, {""label"": ""Sound effect"", ""score"": 0.520783543586731}, {""label"": ""Music"", ""score"": 0.5108755826950073}]","[{""label"": ""Knock"", ""score"": 0.681353747844696}, {""label"": ""Sound effect"", ""score"": 0.520783543586731}, {""label"": ""Music"", ""score"": 0.5108755826950073}, {""label"": ""Door"", ""score"": 0.5088890194892883}, {""label"": ""Tap"", ""score"": 0.5076401233673096}]"
3-203371-A-39,benchmark_data/external/esc50/audio/3-203371-A-39.wav,glass_breaking,glass_breaking,exact,3,False,60a600ff3e1ac00b41c60b0e3979ee8b1b46ebfcbc370523389094e4fbda415b,POSSIBLE SOURCE OVERLAP,clean,breaking,Breaking,0.6218697428703308,False,66.16330001270398,3-203371-A-39.wav,ESC-50,5.0,44100,1.0,0.08733171839274739,[220500],"{""array"": [220500], ""sampling_rate"": 44100}",Breaking,0.6218697428703308,"[{""label"": ""Breaking"", ""score"": 0.6218697428703308}, {""label"": ""Smash, crash"", ""score"": 0.5767200589179993}, {""label"": ""Glass"", ""score"": 0.5662611722946167}]","[{""label"": ""Breaking"", ""score"": 0.6218697428703308}, {""label"": ""Smash, crash"", ""score"": 0.5767200589179993}, {""label"": ""Glass"", ""score"": 0.5662611722946167}, {""label"": ""Sound effect"", ""score"": 0.529903769493103}, {""label"": ""Chink, clink"", ""score"": 0.517350971698761}]"
3-203373-A-39,benchmark_data/external/esc50/audio/3-203373-A-39.wav,glass_breaking,glass_breaking,exact,3,False,beb0605537f3fe20e98b54f19f20842d92b7a95f9408dee41e620a8955b33111,POSSIBLE SOURCE OVERLAP,clean,breaking,Breaking,0.6514564752578735,False,42.34879999421537,3-203373-A-39.wav,ESC-50,5.0,44100,1.0,0.06049432635616744,[220500],"{""array"": [220500], ""sampling_rate"": 44100}",Breaking,0.6514564752578735,"[{""label"": ""Breaking"", ""score"": 0.6514564752578735}, {""label"": ""Chink, clink"", ""score"": 0.5777596235275269}, {""label"": ""Glass"", ""score"": 0.5633420944213867}]","[{""label"": ""Breaking"", ""score"": 0.6514564752578735}, {""label"": ""Chink, clink"", ""score"": 0.5777596235275269}, {""label"": ""Glass"", ""score"": 0.5633420944213867}, {""label"": ""Smash, crash"", ""score"": 0.5424798727035522}, {""label"": ""Sound effect"", ""score"": 0.5248598456382751}]"
3-203374-A-39,benchmark_data/external/esc50/audio/3-203374-A-39.wav,glass_breaking,glass_breaking,exact,3,False,d2d0b97a0ad01b927a83605cd4e5cc988c4b868e1e01a4fa874563c038e16473,POSSIBLE SOURCE OVERLAP,clean,breaking,Breaking,0.6536749601364136,False,43.955500004813075,3-203374-A-39.wav,ESC-50,5.0,44100,1.0,0.06823440390793947,[220500],"{""array"": [220500], ""sampling_rate"": 44100}",Breaking,0.6536749601364136,"[{""label"": ""Breaking"", ""score"": 0.6536749601364136}, {""label"": ""Chink, clink"", ""score"": 0.5484035015106201}, {""label"": ""Sound effect"", ""score"": 0.5229496955871582}]","[{""label"": ""Breaking"", ""score"": 0.6536749601364136}, {""label"": ""Chink, clink"", ""score"": 0.5484035015106201}, {""label"": ""Sound effect"", ""score"": 0.5229496955871582}, {""label"": ""Glass"", ""score"": 0.5228311419487}, {""label"": ""Shatter"", ""score"": 0.5117186307907104}]"
3-203375-A-39,benchmark_data/external/esc50/audio/3-203375-A-39.wav,glass_breaking,glass_breaking,exact,3,False,b6a987feb4855cf91f55498dcc04bee4fd0f8ed06290d451ce37a07fff230feb,POSSIBLE SOURCE OVERLAP,clean,breaking,Breaking,0.665103554725647,False,36.06990003027022,3-203375-A-39.wav,ESC-50,5.0,44100,1.0,0.08125026663740079,[220500],"{""array"": [220500], ""sampling_rate"": 44100}",Breaking,0.665103554725647,"[{""label"": ""Breaking"", ""score"": 0.665103554725647}, {""label"": ""Glass"", ""score"": 0.5886365175247192}, {""label"": ""Smash, crash"", ""score"": 0.5507846474647522}]","[{""label"": ""Breaking"", ""score"": 0.665103554725647}, {""label"": ""Glass"", ""score"": 0.5886365175247192}, {""label"": ""Smash, crash"", ""score"": 0.5507846474647522}, {""label"": ""Sound effect"", ""score"": 0.5356214642524719}, {""label"": ""Chink, clink"", ""score"": 0.5338327884674072}]"
3-203377-A-39,benchmark_data/external/esc50/audio/3-203377-A-39.wav,glass_breaking,glass_breaking,exact,3,False,66c6c338f75f509754b454cedae44597f70c97a44f79a3079da0183a63e34562,POSSIBLE SOURCE OVERLAP,clean,breaking,Breaking,0.5926232933998108,False,28.957200003787875,3-203377-A-39.wav,ESC-50,5.0,44100,1.0,0.05026024279732083,[220500],"{""array"": [220500], ""sampling_rate"": 44100}",Breaking,0.5926232933998108,"[{""label"": ""Breaking"", ""score"": 0.5926232933998108}, {""label"": ""Smash, crash"", ""score"": 0.5768481492996216}, {""label"": ""Chink, clink"", ""score"": 0.532660722732544}]","[{""label"": ""Breaking"", ""score"": 0.5926232933998108}, {""label"": ""Smash, crash"", ""score"": 0.5768481492996216}, {""label"": ""Chink, clink"", ""score"": 0.532660722732544}, {""label"": ""Glass"", ""score"": 0.5287148952484131}, {""label"": ""Sound effect"", ""score"": 0.5197809934616089}]"
3-216280-A-39,benchmark_data/external/esc50/audio/3-216280-A-39.wav,glass_breaking,glass_breaking,exact,3,False,2ff2076e898eb818ee6ce5edb615126500b72f6c2fb525ea6bd411d73f8ca580,POSSIBLE SOURCE OVERLAP,clean,breaking,Breaking,0.5974894165992737,False,27.328700001817197,3-216280-A-39.wav,ESC-50,5.0,44100,0.800628662109375,0.01677972552316349,[220500],"{""array"": [220500], ""sampling_rate"": 44100}",Breaking,0.5974894165992737,"[{""label"": ""Breaking"", ""score"": 0.5974894165992737}, {""label"": ""Chink, clink"", ""score"": 0.5829871892929077}, {""label"": ""Sound effect"", ""score"": 0.5325790047645569}]","[{""label"": ""Breaking"", ""score"": 0.5974894165992737}, {""label"": ""Chink, clink"", ""score"": 0.5829871892929077}, {""label"": ""Sound effect"", ""score"": 0.5325790047645569}, {""label"": ""Smash, crash"", ""score"": 0.5208809971809387}, {""label"": ""Glass"", ""score"": 0.513944149017334}]"
3-216281-A-39,benchmark_data/external/esc50/audio/3-216281-A-39.wav,glass_breaking,glass_breaking,exact,3,False,6f0ae114a872f560946a6a45d474f2b9e0664325ac5b236bc396723ecfbcb5ff,POSSIBLE SOURCE OVERLAP,clean,chink_clink,"Chink, clink",0.6430759429931641,False,25.427900021895766,3-216281-A-39.wav,ESC-50,5.0,44100,0.90203857421875,0.02726315580155419,[220500],"{""array"": [220500], ""sampling_rate"": 44100}","Chink, clink",0.6430759429931641,"[{""label"": ""Chink, clink"", ""score"": 0.6430759429931641}, {""label"": ""Breaking"", ""score"": 0.5658338069915771}, {""label"": ""Sound effect"", ""score"": 0.5257149338722229}]","[{""label"": ""Chink, clink"", ""score"": 0.6430759429931641}, {""label"": ""Breaking"", ""score"": 0.5658338069915771}, {""label"": ""Sound effect"", ""score"": 0.5257149338722229}, {""label"": ""Glass"", ""score"": 0.5238049030303955}, {""label"": ""Shatter"", ""score"": 0.5102535486221313}]"
3-216284-A-39,benchmark_data/external/esc50/audio/3-216284-A-39.wav,glass_breaking,glass_breaking,exact,3,False,b494fb47b9afd88715976c1476e6115024b8869681a293ea761fea72a03abf3e,POSSIBLE SOURCE OVERLAP,clean,chink_clink,"Chink, clink",0.6339840888977051,False,33.01319997990504,3-216284-A-39.wav,ESC-50,5.0,44100,0.865081787109375,0.02360518425134133,[220500],"{""array"": [220500], ""sampling_rate"": 44100}","Chink, clink",0.6339840888977051,"[{""label"": ""Chink, clink"", ""score"": 0.6339840888977051}, {""label"": ""Breaking"", ""score"": 0.5856757760047913}, {""label"": ""Glass"", ""score"": 0.5531952381134033}]","[{""label"": ""Chink, clink"", ""score"": 0.6339840888977051}, {""label"": ""Breaking"", ""score"": 0.5856757760047913}, {""label"": ""Glass"", ""score"": 0.5531952381134033}, {""label"": ""Sound effect"", ""score"": 0.5241111516952515}, {""label"": ""Shatter"", ""score"": 0.5114812850952148}]"
3-243726-A-43,benchmark_data/external/esc50/audio/3-243726-A-43.wav,car_horn,vehicle_horn,compatible,3,False,59d89e8d5ec2897522d4f9ff35dc381f751e3af6253db49ddc7865e75b35121e,POSSIBLE SOURCE OVERLAP,clean,toot,Toot,0.6656010150909424,False,32.7897000242956,3-243726-A-43.wav,ESC-50,5.0,44100,0.09393310546875,0.014690075432443498,[220500],"{""array"": [220500], ""sampling_rate"": 44100}",Toot,0.6656010150909424,"[{""label"": ""Toot"", ""score"": 0.6656010150909424}, {""label"": ""Vehicle"", ""score"": 0.6312811374664307}, {""label"": ""Outside, urban or manmade"", ""score"": 0.5891765356063843}]","[{""label"": ""Toot"", ""score"": 0.6656010150909424}, {""label"": ""Vehicle"", ""score"": 0.6312811374664307}, {""label"": ""Outside, urban or manmade"", ""score"": 0.5891765356063843}, {""label"": ""Speech"", ""score"": 0.5519706606864929}, {""label"": ""Car"", ""score"": 0.5395551919937134}]"
3-51376-A-42,benchmark_data/external/esc50/audio/3-51376-A-42.wav,siren,siren,exact,3,False,de32c52b3f928f02ad8dd388f424bbe7c7e22dbe4614cfcd2a271946aec3325a,POSSIBLE SOURCE OVERLAP,clean,siren,Siren,0.707667350769043,True,42.336000013165176,3-51376-A-42.wav,ESC-50,5.0,44100,0.951690673828125,0.24331191495108312,[220500],"{""array"": [220500], ""sampling_rate"": 44100}",Siren,0.707667350769043,"[{""label"": ""Siren"", ""score"": 0.707667350769043}, {""label"": ""Civil defense siren"", ""score"": 0.6935029029846191}, {""label"": ""Music"", ""score"": 0.5086245536804199}]","[{""label"": ""Siren"", ""score"": 0.707667350769043}, {""label"": ""Civil defense siren"", ""score"": 0.6935029029846191}, {""label"": ""Music"", ""score"": 0.5086245536804199}, {""label"": ""Speech"", ""score"": 0.503119170665741}, {""label"": ""Vehicle"", ""score"": 0.5021263360977173}]"
3-51731-A-42,benchmark_data/external/esc50/audio/3-51731-A-42.wav,siren,siren,exact,3,False,0268313151d1865b712d5556e6a0fc7fcf87807639c68de23d9951d38474208e,POSSIBLE SOURCE OVERLAP,clean,emergency_vehicle,Emergency vehicle,0.6946187615394592,False,54.899899987503886,3-51731-A-42.wav,ESC-50,5.0,44100,0.28997802734375,0.07385653106128351,[220500],"{""array"": [220500], ""sampling_rate"": 44100}",Emergency vehicle,0.6946187615394592,"[{""label"": ""Emergency vehicle"", ""score"": 0.6946187615394592}, {""label"": ""Siren"", ""score"": 0.6726058125495911}, {""label"": ""Ambulance (siren)"", ""score"": 0.6609338521957397}]","[{""label"": ""Emergency vehicle"", ""score"": 0.6946187615394592}, {""label"": ""Siren"", ""score"": 0.6726058125495911}, {""label"": ""Ambulance (siren)"", ""score"": 0.6609338521957397}, {""label"": ""Fire engine, fire truck (siren)"", ""score"": 0.5926780104637146}, {""label"": ""Vehicle"", ""score"": 0.5910862684249878}]"
3-51731-B-42,benchmark_data/external/esc50/audio/3-51731-B-42.wav,siren,siren,exact,3,False,4918f7e9c5b2056580ea7261db9b13d026c21aa132bcc6ff981e09c2b7d0518e,POSSIBLE SOURCE OVERLAP,clean,emergency_vehicle,Emergency vehicle,0.6880602836608887,False,43.404500000178814,3-51731-B-42.wav,ESC-50,5.0,44100,1.0,0.20952049609873047,[220500],"{""array"": [220500], ""sampling_rate"": 44100}",Emergency vehicle,0.6880602836608887,"[{""label"": ""Emergency vehicle"", ""score"": 0.6880602836608887}, {""label"": ""Fire engine, fire truck (siren)"", ""score"": 0.6714877486228943}, {""label"": ""Siren"", ""score"": 0.6443479061126709}]","[{""label"": ""Emergency vehicle"", ""score"": 0.6880602836608887}, {""label"": ""Fire engine, fire truck (siren)"", ""score"": 0.6714877486228943}, {""label"": ""Siren"", ""score"": 0.6443479061126709}, {""label"": ""Vehicle"", ""score"": 0.6394110918045044}, {""label"": ""Truck"", ""score"": 0.5940874814987183}]"
3-51909-A-42,benchmark_data/external/esc50/audio/3-51909-A-42.wav,siren,siren,exact,3,False,5f5c273e29bd8fbcb52cecc798cbbcdb4497f503e04731ef7bcdc3094d0b046d,POSSIBLE SOURCE OVERLAP,clean,siren,Siren,0.7016452550888062,True,39.457400038372725,3-51909-A-42.wav,ESC-50,5.0,44100,0.999969482421875,0.2654776717396305,[220500],"{""array"": [220500], ""sampling_rate"": 44100}",Siren,0.7016452550888062,"[{""label"": ""Siren"", ""score"": 0.7016452550888062}, {""label"": ""Civil defense siren"", ""score"": 0.699765682220459}, {""label"": ""Vehicle"", ""score"": 0.5083222985267639}]","[{""label"": ""Siren"", ""score"": 0.7016452550888062}, {""label"": ""Civil defense siren"", ""score"": 0.699765682220459}, {""label"": ""Vehicle"", ""score"": 0.5083222985267639}, {""label"": ""Music"", ""score"": 0.5056807398796082}, {""label"": ""Speech"", ""score"": 0.504976749420166}]"
3-51909-B-42,benchmark_data/external/esc50/audio/3-51909-B-42.wav,siren,siren,exact,3,False,75bf135fc612f63b9e79fcf0461c2ea30677d0254c84f43005cfc7d337da75e8,POSSIBLE SOURCE OVERLAP,clean,siren,Siren,0.714445173740387,True,24.413100036326796,3-51909-B-42.wav,ESC-50,5.0,44100,1.0,0.626183681527605,[220500],"{""array"": [220500], ""sampling_rate"": 44100}",Siren,0.714445173740387,"[{""label"": ""Siren"", ""score"": 0.714445173740387}, {""label"": ""Civil defense siren"", ""score"": 0.701059877872467}, {""label"": ""Music"", ""score"": 0.5042584538459778}]","[{""label"": ""Siren"", ""score"": 0.714445173740387}, {""label"": ""Civil defense siren"", ""score"": 0.701059877872467}, {""label"": ""Music"", ""score"": 0.5042584538459778}, {""label"": ""Speech"", ""score"": 0.5032175183296204}, {""label"": ""Air horn, truck horn"", ""score"": 0.501383900642395}]"
3-58772-A-42,benchmark_data/external/esc50/audio/3-58772-A-42.wav,siren,siren,exact,3,False,b7b50b9bd964f0026d5d29d9bffd4b7be78171a231d4a190b9addd8ce3390352,POSSIBLE SOURCE OVERLAP,clean,siren,Siren,0.7055160403251648,True,26.351299951784313,3-58772-A-42.wav,ESC-50,5.0,44100,0.935943603515625,0.22124304116086843,[220500],"{""array"": [220500], ""sampling_rate"": 44100}",Siren,0.7055160403251648,"[{""label"": ""Siren"", ""score"": 0.7055160403251648}, {""label"": ""Civil defense siren"", ""score"": 0.6952242851257324}, {""label"": ""Vehicle"", ""score"": 0.5050442814826965}]","[{""label"": ""Siren"", ""score"": 0.7055160403251648}, {""label"": ""Civil defense siren"", ""score"": 0.6952242851257324}, {""label"": ""Vehicle"", ""score"": 0.5050442814826965}, {""label"": ""Fire engine, fire truck (siren)"", ""score"": 0.5041898488998413}, {""label"": ""Speech"", ""score"": 0.503903329372406}]"
3-62878-A-42,benchmark_data/external/esc50/audio/3-62878-A-42.wav,siren,siren,exact,3,False,9a68c6a6678a7fda587c12dd45064d12093befd4b8b4b10e187ad2248c71e445,POSSIBLE SOURCE OVERLAP,clean,siren,Siren,0.7010191082954407,True,26.798899983987212,3-62878-A-42.wav,ESC-50,5.0,44100,0.999969482421875,0.4777439095810332,[220500],"{""array"": [220500], ""sampling_rate"": 44100}",Siren,0.7010191082954407,"[{""label"": ""Siren"", ""score"": 0.7010191082954407}, {""label"": ""Police car (siren)"", ""score"": 0.6939201354980469}, {""label"": ""Emergency vehicle"", ""score"": 0.6673182249069214}]","[{""label"": ""Siren"", ""score"": 0.7010191082954407}, {""label"": ""Police car (siren)"", ""score"": 0.6939201354980469}, {""label"": ""Emergency vehicle"", ""score"": 0.6673182249069214}, {""label"": ""Ambulance (siren)"", ""score"": 0.5300894975662231}, {""label"": ""Fire engine, fire truck (siren)"", ""score"": 0.5226128697395325}]"
3-62878-B-42,benchmark_data/external/esc50/audio/3-62878-B-42.wav,siren,siren,exact,3,False,387866faea68816ac73cf30fecf94ae886660fbce7e80992d23eaa108ba82990,POSSIBLE SOURCE OVERLAP,clean,police_car_siren,Police car (siren),0.6995037794113159,False,32.1624000207521,3-62878-B-42.wav,ESC-50,5.0,44100,0.98638916015625,0.3154662891778386,[220500],"{""array"": [220500], ""sampling_rate"": 44100}",Police car (siren),0.6995037794113159,"[{""label"": ""Police car (siren)"", ""score"": 0.6995037794113159}, {""label"": ""Emergency vehicle"", ""score"": 0.6881335377693176}, {""label"": ""Siren"", ""score"": 0.682293176651001}]","[{""label"": ""Police car (siren)"", ""score"": 0.6995037794113159}, {""label"": ""Emergency vehicle"", ""score"": 0.6881335377693176}, {""label"": ""Siren"", ""score"": 0.682293176651001}, {""label"": ""Fire engine, fire truck (siren)"", ""score"": 0.5494781732559204}, {""label"": ""Vehicle"", ""score"": 0.5377243161201477}]"
3-65748-A-12,benchmark_data/external/esc50/audio/3-65748-A-12.wav,crackling_fire,fire,compatible,3,True,e829acb3fa5e83e70139e275435c6bf63b2400d85456d34490633d4e16f4309e,POSSIBLE SOURCE OVERLAP,clean,fire,Fire,0.570309579372406,True,28.534999990370125,3-65748-A-12.wav,ESC-50,5.0,44100,0.89044189453125,0.016386506370733498,[220500],"{""array"": [220500], ""sampling_rate"": 44100}",Fire,0.570309579372406,"[{""label"": ""Fire"", ""score"": 0.570309579372406}, {""label"": ""Patter"", ""score"": 0.5462337136268616}, {""label"": ""Crackle"", ""score"": 0.5203379988670349}]","[{""label"": ""Fire"", ""score"": 0.570309579372406}, {""label"": ""Patter"", ""score"": 0.5462337136268616}, {""label"": ""Crackle"", ""score"": 0.5203379988670349}, {""label"": ""Inside, small room"", ""score"": 0.514201283454895}, {""label"": ""Animal"", ""score"": 0.5125424861907959}]"
4-102871-A-42,benchmark_data/external/esc50/audio/4-102871-A-42.wav,siren,siren,exact,4,False,9dabae27ebcd55cc16ea57e813fc1984ec444159b62f246c0399cb4f920454ea,POSSIBLE SOURCE OVERLAP,clean,emergency_vehicle,Emergency vehicle,0.6832640767097473,False,28.957300004549325,4-102871-A-42.wav,ESC-50,5.0,44100,0.578460693359375,0.10771762063950736,[220500],"{""array"": [220500], ""sampling_rate"": 44100}",Emergency vehicle,0.6832640767097473,"[{""label"": ""Emergency vehicle"", ""score"": 0.6832640767097473}, {""label"": ""Siren"", ""score"": 0.6642540693283081}, {""label"": ""Vehicle"", ""score"": 0.6121523976325989}]","[{""label"": ""Emergency vehicle"", ""score"": 0.6832640767097473}, {""label"": ""Siren"", ""score"": 0.6642540693283081}, {""label"": ""Vehicle"", ""score"": 0.6121523976325989}, {""label"": ""Ambulance (siren)"", ""score"": 0.6046020984649658}, {""label"": ""Fire engine, fire truck (siren)"", ""score"": 0.5971174836158752}]"
4-111671-A-42,benchmark_data/external/esc50/audio/4-111671-A-42.wav,siren,siren,exact,4,False,365e4a2a7fcb455894d3b0a7b7ad08ac9725f6565fc4d3ace32876b5afc4c2cd,POSSIBLE SOURCE OVERLAP,clean,siren,Siren,0.697741687297821,True,27.903900016099215,4-111671-A-42.wav,ESC-50,5.0,44100,0.344940185546875,0.08231867199772139,[220500],"{""array"": [220500], ""sampling_rate"": 44100}",Siren,0.697741687297821,"[{""label"": ""Siren"", ""score"": 0.697741687297821}, {""label"": ""Police car (siren)"", ""score"": 0.6951442956924438}, {""label"": ""Emergency vehicle"", ""score"": 0.67531418800354}]","[{""label"": ""Siren"", ""score"": 0.697741687297821}, {""label"": ""Police car (siren)"", ""score"": 0.6951442956924438}, {""label"": ""Emergency vehicle"", ""score"": 0.67531418800354}, {""label"": ""Ambulance (siren)"", ""score"": 0.5582171082496643}, {""label"": ""Vehicle"", ""score"": 0.5285791158676147}]"
4-111671-B-42,benchmark_data/external/esc50/audio/4-111671-B-42.wav,siren,siren,exact,4,False,7b862bec0a634cc342e53fe54fbac85c28801588903e2a35e9eff705b5593b05,POSSIBLE SOURCE OVERLAP,clean,siren,Siren,0.6900690793991089,True,27.318999986164272,4-111671-B-42.wav,ESC-50,5.0,44100,0.266845703125,0.07575317745378506,[220500],"{""array"": [220500], ""sampling_rate"": 44100}",Siren,0.6900690793991089,"[{""label"": ""Siren"", ""score"": 0.6900690793991089}, {""label"": ""Emergency vehicle"", ""score"": 0.6840887069702148}, {""label"": ""Ambulance (siren)"", ""score"": 0.6696018576622009}]","[{""label"": ""Siren"", ""score"": 0.6900690793991089}, {""label"": ""Emergency vehicle"", ""score"": 0.6840887069702148}, {""label"": ""Ambulance (siren)"", ""score"": 0.6696018576622009}, {""label"": ""Police car (siren)"", ""score"": 0.6011606454849243}, {""label"": ""Vehicle"", ""score"": 0.5298575758934021}]"
4-121532-A-42,benchmark_data/external/esc50/audio/4-121532-A-42.wav,siren,siren,exact,4,False,9f7d32892f55d06a7ce39a0c97c5fd24fcc477c3e517c6e34003a5a9d2c822f5,POSSIBLE SOURCE OVERLAP,clean,siren,Siren,0.7144401669502258,True,30.554199998732656,4-121532-A-42.wav,ESC-50,5.0,44100,0.504669189453125,0.1143271665893708,[220500],"{""array"": [220500], ""sampling_rate"": 44100}",Siren,0.7144401669502258,"[{""label"": ""Siren"", ""score"": 0.7144401669502258}, {""label"": ""Civil defense siren"", ""score"": 0.7101558446884155}, {""label"": ""Music"", ""score"": 0.5040420293807983}]","[{""label"": ""Siren"", ""score"": 0.7144401669502258}, {""label"": ""Civil defense siren"", ""score"": 0.7101558446884155}, {""label"": ""Music"", ""score"": 0.5040420293807983}, {""label"": ""Speech"", ""score"": 0.5021071434020996}, {""label"": ""Inside, small room"", ""score"": 0.5006077885627747}]"
4-164661-A-12,benchmark_data/external/esc50/audio/4-164661-A-12.wav,crackling_fire,fire,compatible,4,True,5dba3d3689ad470168a93c321674fb1d0e152a939bc034dcfe88c7a055e6d5f5,POSSIBLE SOURCE OVERLAP,clean,vehicle,Vehicle,0.5890183448791504,False,27.12379995500669,4-164661-A-12.wav,ESC-50,5.0,44100,0.922027587890625,0.15341562680699422,[220500],"{""array"": [220500], ""sampling_rate"": 44100}",Vehicle,0.5890183448791504,"[{""label"": ""Vehicle"", ""score"": 0.5890183448791504}, {""label"": ""Car"", ""score"": 0.5532424449920654}, {""label"": ""Motor vehicle (road)"", ""score"": 0.516923189163208}]","[{""label"": ""Vehicle"", ""score"": 0.5890183448791504}, {""label"": ""Car"", ""score"": 0.5532424449920654}, {""label"": ""Motor vehicle (road)"", ""score"": 0.516923189163208}, {""label"": ""Fire"", ""score"": 0.5077602863311768}, {""label"": ""Bicycle"", ""score"": 0.5064584016799927}]"
4-164661-B-12,benchmark_data/external/esc50/audio/4-164661-B-12.wav,crackling_fire,fire,compatible,4,True,e8db809460aaf1d4cad3458762e5b60c31e88efdc00b33a6d6a7c3bd83306ec4,POSSIBLE SOURCE OVERLAP,clean,sizzle,Sizzle,0.5256965756416321,False,27.6941999909468,4-164661-B-12.wav,ESC-50,5.0,44100,0.953369140625,0.050965155579067924,[220500],"{""array"": [220500], ""sampling_rate"": 44100}",Sizzle,0.5256965756416321,"[{""label"": ""Sizzle"", ""score"": 0.5256965756416321}, {""label"": ""Rattle"", ""score"": 0.5241999626159668}, {""label"": ""Boiling"", ""score"": 0.5208994746208191}]","[{""label"": ""Sizzle"", ""score"": 0.5256965756416321}, {""label"": ""Rattle"", ""score"": 0.5241999626159668}, {""label"": ""Boiling"", ""score"": 0.5208994746208191}, {""label"": ""Chop"", ""score"": 0.5130439400672913}, {""label"": ""Frying (food)"", ""score"": 0.5121513605117798}]"
4-167077-A-20,benchmark_data/external/esc50/audio/4-167077-A-20.wav,crying_baby,baby_crying,exact,4,True,43a894a23a4a1bed053e2ca040f7029a5d9029269173d8bac1c650c52c03e937,POSSIBLE SOURCE OVERLAP,clean,crying_sobbing,"Crying, sobbing",0.6306555867195129,False,27.642700006254017,4-167077-A-20.wav,ESC-50,5.0,44100,0.950897216796875,0.10003520836532773,[220500],"{""array"": [220500], ""sampling_rate"": 44100}","Crying, sobbing",0.6306555867195129,"[{""label"": ""Crying, sobbing"", ""score"": 0.6306555867195129}, {""label"": ""Baby cry, infant cry"", ""score"": 0.6262922883033752}, {""label"": ""Cough"", ""score"": 0.5583240389823914}]","[{""label"": ""Crying, sobbing"", ""score"": 0.6306555867195129}, {""label"": ""Baby cry, infant cry"", ""score"": 0.6262922883033752}, {""label"": ""Cough"", ""score"": 0.5583240389823914}, {""label"": ""Whimper"", ""score"": 0.5154498219490051}, {""label"": ""Babbling"", ""score"": 0.5033693313598633}]"
4-167077-B-20,benchmark_data/external/esc50/audio/4-167077-B-20.wav,crying_baby,baby_crying,exact,4,True,0dd0122251e1b989c8309596e92ea95d06989db8b37d28fee3c485842f9f0014,POSSIBLE SOURCE OVERLAP,clean,baby_crying,"Baby cry, infant cry",0.6491277813911438,True,30.401899944990873,4-167077-B-20.wav,ESC-50,5.0,44100,0.933349609375,0.12817338250406823,[220500],"{""array"": [220500], ""sampling_rate"": 44100}","Baby cry, infant cry",0.6491277813911438,"[{""label"": ""Baby cry, infant cry"", ""score"": 0.6491277813911438}, {""label"": ""Crying, sobbing"", ""score"": 0.6220020055770874}, {""label"": ""Whimper"", ""score"": 0.5265188217163086}]","[{""label"": ""Baby cry, infant cry"", ""score"": 0.6491277813911438}, {""label"": ""Crying, sobbing"", ""score"": 0.6220020055770874}, {""label"": ""Whimper"", ""score"": 0.5265188217163086}, {""label"": ""Speech"", ""score"": 0.5171687006950378}, {""label"": ""Inside, small room"", ""score"": 0.5047823786735535}]"
4-167077-C-20,benchmark_data/external/esc50/audio/4-167077-C-20.wav,crying_baby,baby_crying,exact,4,True,c9ec416d8fb525a66d084250b4fbbf041e8bd5f31cc1c7c809e381a45902cc06,POSSIBLE SOURCE OVERLAP,clean,baby_crying,"Baby cry, infant cry",0.6605081558227539,True,34.338500001467764,4-167077-C-20.wav,ESC-50,5.0,44100,0.9044189453125,0.08279417502746148,[220500],"{""array"": [220500], ""sampling_rate"": 44100}","Baby cry, infant cry",0.6605081558227539,"[{""label"": ""Baby cry, infant cry"", ""score"": 0.6605081558227539}, {""label"": ""Crying, sobbing"", ""score"": 0.6322335004806519}, {""label"": ""Whimper"", ""score"": 0.5314300060272217}]","[{""label"": ""Baby cry, infant cry"", ""score"": 0.6605081558227539}, {""label"": ""Crying, sobbing"", ""score"": 0.6322335004806519}, {""label"": ""Whimper"", ""score"": 0.5314300060272217}, {""label"": ""Speech"", ""score"": 0.5163993835449219}, {""label"": ""Inside, small room"", ""score"": 0.5045127272605896}]"
4-170247-A-12,benchmark_data/external/esc50/audio/4-170247-A-12.wav,crackling_fire,fire,compatible,4,True,19a2e37237b10d02f8c54281ecacd17d4e7af1c4b69df5c1db3831fe55d996a7,POSSIBLE SOURCE OVERLAP,clean,fire,Fire,0.5332506895065308,True,32.84459997667,4-170247-A-12.wav,ESC-50,5.0,44100,0.945037841796875,0.07093934820840904,[220500],"{""array"": [220500], ""sampling_rate"": 44100}",Fire,0.5332506895065308,"[{""label"": ""Fire"", ""score"": 0.5332506895065308}, {""label"": ""Vehicle"", ""score"": 0.5239057540893555}, {""label"": ""Rain on surface"", ""score"": 0.52240389585495}]","[{""label"": ""Fire"", ""score"": 0.5332506895065308}, {""label"": ""Vehicle"", ""score"": 0.5239057540893555}, {""label"": ""Rain on surface"", ""score"": 0.52240389585495}, {""label"": ""Crackle"", ""score"": 0.5172137022018433}, {""label"": ""Wind"", ""score"": 0.5142596364021301}]"
4-170247-B-12,benchmark_data/external/esc50/audio/4-170247-B-12.wav,crackling_fire,fire,compatible,4,True,ff4985fe31123d45350cfc29e048d6817a1cdfe27059b5ccb55546d67c668bee,POSSIBLE SOURCE OVERLAP,clean,crackle,Crackle,0.5360779762268066,False,47.607599990442395,4-170247-B-12.wav,ESC-50,5.0,44100,0.811798095703125,0.10692376356550325,[220500],"{""array"": [220500], ""sampling_rate"": 44100}",Crackle,0.5360779762268066,"[{""label"": ""Crackle"", ""score"": 0.5360779762268066}, {""label"": ""Fire"", ""score"": 0.5315220355987549}, {""label"": ""Vehicle"", ""score"": 0.520992636680603}]","[{""label"": ""Crackle"", ""score"": 0.5360779762268066}, {""label"": ""Fire"", ""score"": 0.5315220355987549}, {""label"": ""Vehicle"", ""score"": 0.520992636680603}, {""label"": ""Wind"", ""score"": 0.520409345626831}, {""label"": ""Wind noise (microphone)"", ""score"": 0.5160748958587646}]"
4-171207-A-12,benchmark_data/external/esc50/audio/4-171207-A-12.wav,crackling_fire,fire,compatible,4,True,c2b852693789c4d835c9e6e5584788298401fb2cae183353f6388cfc99f30027,POSSIBLE SOURCE OVERLAP,clean,vehicle,Vehicle,0.6121729016304016,False,49.32829999597743,4-171207-A-12.wav,ESC-50,5.0,44100,0.905609130859375,0.14827583715259263,[220500],"{""array"": [220500], ""sampling_rate"": 44100}",Vehicle,0.6121729016304016,"[{""label"": ""Vehicle"", ""score"": 0.6121729016304016}, {""label"": ""Car"", ""score"": 0.5578191876411438}, {""label"": ""Bicycle"", ""score"": 0.550459086894989}]","[{""label"": ""Vehicle"", ""score"": 0.6121729016304016}, {""label"": ""Car"", ""score"": 0.5578191876411438}, {""label"": ""Bicycle"", ""score"": 0.550459086894989}, {""label"": ""Keys jangling"", ""score"": 0.5183802843093872}, {""label"": ""Fixed-wing aircraft, airplane"", ""score"": 0.5170310735702515}]"
4-175845-A-43,benchmark_data/external/esc50/audio/4-175845-A-43.wav,car_horn,vehicle_horn,compatible,4,False,aeaf26bd07b54964985f7c5726b2724f57b9912b6e70c0af2f8bf3758ca0f18c,POSSIBLE SOURCE OVERLAP,clean,vehicle_horn,"Vehicle horn, car horn, honking",0.6892819404602051,True,33.715899975504726,4-175845-A-43.wav,ESC-50,5.0,44100,1.0,0.20324206343099524,[220500],"{""array"": [220500], ""sampling_rate"": 44100}","Vehicle horn, car horn, honking",0.6892819404602051,"[{""label"": ""Vehicle horn, car horn, honking"", ""score"": 0.6892819404602051}, {""label"": ""Vehicle"", ""score"": 0.6851008534431458}, {""label"": ""Car"", ""score"": 0.6323462724685669}]","[{""label"": ""Vehicle horn, car horn, honking"", ""score"": 0.6892819404602051}, {""label"": ""Vehicle"", ""score"": 0.6851008534431458}, {""label"": ""Car"", ""score"": 0.6323462724685669}, {""label"": ""Outside, urban or manmade"", ""score"": 0.616834282875061}, {""label"": ""Toot"", ""score"": 0.5579624176025391}]"
4-175846-A-43,benchmark_data/external/esc50/audio/4-175846-A-43.wav,car_horn,vehicle_horn,compatible,4,False,5d8600b8472cd713a5ab9953a78ab4c47e1d400b91b23dada33fbeb2597a6daf,POSSIBLE SOURCE OVERLAP,clean,vehicle_horn,"Vehicle horn, car horn, honking",0.7066165804862976,True,33.539699972607195,4-175846-A-43.wav,ESC-50,5.0,44100,0.207244873046875,0.033268774915226375,[220500],"{""array"": [220500], ""sampling_rate"": 44100}","Vehicle horn, car horn, honking",0.7066165804862976,"[{""label"": ""Vehicle horn, car horn, honking"", ""score"": 0.7066165804862976}, {""label"": ""Vehicle"", ""score"": 0.665812075138092}, {""label"": ""Car"", ""score"": 0.6255263686180115}]","[{""label"": ""Vehicle horn, car horn, honking"", ""score"": 0.7066165804862976}, {""label"": ""Vehicle"", ""score"": 0.665812075138092}, {""label"": ""Car"", ""score"": 0.6255263686180115}, {""label"": ""Outside, urban or manmade"", ""score"": 0.5933675765991211}, {""label"": ""Toot"", ""score"": 0.5279843807220459}]"
4-175855-A-43,benchmark_data/external/esc50/audio/4-175855-A-43.wav,car_horn,vehicle_horn,compatible,4,False,b7b7a822f27aa7af474e69404c0694f4c3811769e99f64f58493d99b85dc5e45,POSSIBLE SOURCE OVERLAP,clean,vehicle_horn,"Vehicle horn, car horn, honking",0.7174618244171143,True,32.35340001992881,4-175855-A-43.wav,ESC-50,5.0,44100,0.568695068359375,0.057093187935035025,[220500],"{""array"": [220500], ""sampling_rate"": 44100}","Vehicle horn, car horn, honking",0.7174618244171143,"[{""label"": ""Vehicle horn, car horn, honking"", ""score"": 0.7174618244171143}, {""label"": ""Vehicle"", ""score"": 0.681643009185791}, {""label"": ""Car"", ""score"": 0.6611947417259216}]","[{""label"": ""Vehicle horn, car horn, honking"", ""score"": 0.7174618244171143}, {""label"": ""Vehicle"", ""score"": 0.681643009185791}, {""label"": ""Car"", ""score"": 0.6611947417259216}, {""label"": ""Outside, urban or manmade"", ""score"": 0.580461323261261}, {""label"": ""Toot"", ""score"": 0.5695685744285583}]"
4-175856-A-43,benchmark_data/external/esc50/audio/4-175856-A-43.wav,car_horn,vehicle_horn,compatible,4,False,2ef0a166b66435ecd822f654692dc8e128835fb438bc8a5b061502271176e3d2,POSSIBLE SOURCE OVERLAP,clean,vehicle,Vehicle,0.6868920922279358,False,29.874400002881885,4-175856-A-43.wav,ESC-50,5.0,44100,1.0,0.09129671600845614,[220500],"{""array"": [220500], ""sampling_rate"": 44100}",Vehicle,0.6868920922279358,"[{""label"": ""Vehicle"", ""score"": 0.6868920922279358}, {""label"": ""Vehicle horn, car horn, honking"", ""score"": 0.6862025260925293}, {""label"": ""Car"", ""score"": 0.6407671570777893}]","[{""label"": ""Vehicle"", ""score"": 0.6868920922279358}, {""label"": ""Vehicle horn, car horn, honking"", ""score"": 0.6862025260925293}, {""label"": ""Car"", ""score"": 0.6407671570777893}, {""label"": ""Outside, urban or manmade"", ""score"": 0.5803792476654053}, {""label"": ""Toot"", ""score"": 0.5704047679901123}]"
4-176631-A-43,benchmark_data/external/esc50/audio/4-176631-A-43.wav,car_horn,vehicle_horn,compatible,4,False,81a26b475d2206ffc57c1e1bead922dee628bf6ce8f3cc1f7e0d95a1692e384c,POSSIBLE SOURCE OVERLAP,clean,vehicle,Vehicle,0.6753458976745605,False,27.16540003893897,4-176631-A-43.wav,ESC-50,5.0,44100,1.0,0.505684408615024,[220500],"{""array"": [220500], ""sampling_rate"": 44100}",Vehicle,0.6753458976745605,"[{""label"": ""Vehicle"", ""score"": 0.6753458976745605}, {""label"": ""Car"", ""score"": 0.6726762056350708}, {""label"": ""Vehicle horn, car horn, honking"", ""score"": 0.5825451612472534}]","[{""label"": ""Vehicle"", ""score"": 0.6753458976745605}, {""label"": ""Car"", ""score"": 0.6726762056350708}, {""label"": ""Vehicle horn, car horn, honking"", ""score"": 0.5825451612472534}, {""label"": ""Race car, auto racing"", ""score"": 0.5622589588165283}, {""label"": ""Outside, urban or manmade"", ""score"": 0.560609757900238}]"
4-176638-A-43,benchmark_data/external/esc50/audio/4-176638-A-43.wav,car_horn,vehicle_horn,compatible,4,False,6e2cf0e0671f26167772c0aa34bcdeb711fec40b62b79311433bf4dd9497ce5a,POSSIBLE SOURCE OVERLAP,clean,vehicle_horn,"Vehicle horn, car horn, honking",0.7027219533920288,True,29.32240004884079,4-176638-A-43.wav,ESC-50,5.0,44100,1.0,0.17761069989193898,[220500],"{""array"": [220500], ""sampling_rate"": 44100}","Vehicle horn, car horn, honking",0.7027219533920288,"[{""label"": ""Vehicle horn, car horn, honking"", ""score"": 0.7027219533920288}, {""label"": ""Vehicle"", ""score"": 0.6568644046783447}, {""label"": ""Car"", ""score"": 0.6035283207893372}]","[{""label"": ""Vehicle horn, car horn, honking"", ""score"": 0.7027219533920288}, {""label"": ""Vehicle"", ""score"": 0.6568644046783447}, {""label"": ""Car"", ""score"": 0.6035283207893372}, {""label"": ""Outside, urban or manmade"", ""score"": 0.5452315211296082}, {""label"": ""Toot"", ""score"": 0.5373035073280334}]"
4-178402-A-43,benchmark_data/external/esc50/audio/4-178402-A-43.wav,car_horn,vehicle_horn,compatible,4,False,9ec40aa83ad3ae9a7a5c2184b7db241f6e288d13e4d6cce1ceac97ddffe2faff,POSSIBLE SOURCE OVERLAP,clean,vehicle_horn,"Vehicle horn, car horn, honking",0.6620245575904846,True,27.230900013819337,4-178402-A-43.wav,ESC-50,5.0,44100,0.31756591796875,0.04657629819231481,[220500],"{""array"": [220500], ""sampling_rate"": 44100}","Vehicle horn, car horn, honking",0.6620245575904846,"[{""label"": ""Vehicle horn, car horn, honking"", ""score"": 0.6620245575904846}, {""label"": ""Vehicle"", ""score"": 0.5574852228164673}, {""label"": ""Outside, urban or manmade"", ""score"": 0.528449535369873}]","[{""label"": ""Vehicle horn, car horn, honking"", ""score"": 0.6620245575904846}, {""label"": ""Vehicle"", ""score"": 0.5574852228164673}, {""label"": ""Outside, urban or manmade"", ""score"": 0.528449535369873}, {""label"": ""Toot"", ""score"": 0.5262828469276428}, {""label"": ""Inside, small room"", ""score"": 0.517423689365387}]"
4-181563-A-12,benchmark_data/external/esc50/audio/4-181563-A-12.wav,crackling_fire,fire,compatible,4,True,ddb4f826b26093badfbec99c52ae78fdf83b8f86a633864f220f7097660d7132,POSSIBLE SOURCE OVERLAP,clean,rain_on_surface,Rain on surface,0.5642309784889221,False,28.75629998743534,4-181563-A-12.wav,ESC-50,5.0,44100,0.798980712890625,0.0431585769956715,[220500],"{""array"": [220500], ""sampling_rate"": 44100}",Rain on surface,0.5642309784889221,"[{""label"": ""Rain on surface"", ""score"": 0.5642309784889221}, {""label"": ""Fire"", ""score"": 0.5521174073219299}, {""label"": ""Bicycle"", ""score"": 0.5517807006835938}]","[{""label"": ""Rain on surface"", ""score"": 0.5642309784889221}, {""label"": ""Fire"", ""score"": 0.5521174073219299}, {""label"": ""Bicycle"", ""score"": 0.5517807006835938}, {""label"": ""Rain"", ""score"": 0.548180878162384}, {""label"": ""Wind noise (microphone)"", ""score"": 0.5459076762199402}]"
4-182034-A-30,benchmark_data/external/esc50/audio/4-182034-A-30.wav,door_wood_knock,door_activity,compatible,4,False,8548390103bfa9097087ea552b42e6b493697f9fbe0b9d78a1aefdbf8b18219f,POSSIBLE SOURCE OVERLAP,clean,door_activity,Knock,0.7075281143188477,True,27.977999998256564,4-182034-A-30.wav,ESC-50,5.0,44100,0.999969482421875,0.07168074802298917,[220500],"{""array"": [220500], ""sampling_rate"": 44100}",Knock,0.7075281143188477,"[{""label"": ""Knock"", ""score"": 0.7075281143188477}, {""label"": ""Sound effect"", ""score"": 0.5128111243247986}, {""label"": ""Tap"", ""score"": 0.5070559978485107}]","[{""label"": ""Knock"", ""score"": 0.7075281143188477}, {""label"": ""Sound effect"", ""score"": 0.5128111243247986}, {""label"": ""Tap"", ""score"": 0.5070559978485107}, {""label"": ""Music"", ""score"": 0.5063153505325317}, {""label"": ""Silence"", ""score"": 0.5060303807258606}]"
4-182039-A-30,benchmark_data/external/esc50/audio/4-182039-A-30.wav,door_wood_knock,door_activity,compatible,4,False,64ba4dcfb42f253c93cf7b52d52584be213bcd058a9a8aa35055d76f10cc7920,POSSIBLE SOURCE OVERLAP,clean,door_activity,Knock,0.7130188941955566,True,29.103800014127046,4-182039-A-30.wav,ESC-50,5.0,44100,0.999969482421875,0.0811280382689975,[220500],"{""array"": [220500], ""sampling_rate"": 44100}",Knock,0.7130188941955566,"[{""label"": ""Knock"", ""score"": 0.7130188941955566}, {""label"": ""Sound effect"", ""score"": 0.5184018611907959}, {""label"": ""Silence"", ""score"": 0.5091736912727356}]","[{""label"": ""Knock"", ""score"": 0.7130188941955566}, {""label"": ""Sound effect"", ""score"": 0.5184018611907959}, {""label"": ""Silence"", ""score"": 0.5091736912727356}, {""label"": ""Door"", ""score"": 0.5078678131103516}, {""label"": ""Music"", ""score"": 0.5067436695098877}]"
4-182041-A-30,benchmark_data/external/esc50/audio/4-182041-A-30.wav,door_wood_knock,door_activity,compatible,4,False,9ccf22ef141031359b6547ef7b3b0cceef5ea7798ee90f5de87a84064dba23f7,POSSIBLE SOURCE OVERLAP,clean,door_activity,Knock,0.6944817304611206,True,27.924800000619143,4-182041-A-30.wav,ESC-50,5.0,44100,0.691253662109375,0.053054084839251836,[220500],"{""array"": [220500], ""sampling_rate"": 44100}",Knock,0.6944817304611206,"[{""label"": ""Knock"", ""score"": 0.6944817304611206}, {""label"": ""Sound effect"", ""score"": 0.5228548645973206}, {""label"": ""Music"", ""score"": 0.5069581270217896}]","[{""label"": ""Knock"", ""score"": 0.6944817304611206}, {""label"": ""Sound effect"", ""score"": 0.5228548645973206}, {""label"": ""Music"", ""score"": 0.5069581270217896}, {""label"": ""Door"", ""score"": 0.5064788460731506}, {""label"": ""Whack, thwack"", ""score"": 0.504615306854248}]"
4-182368-A-12,benchmark_data/external/esc50/audio/4-182368-A-12.wav,crackling_fire,fire,compatible,4,True,c3ba5793bb74cbf7e92b678bc41f7ad4ab925b175c77e8320a755d92e4d1bad8,POSSIBLE SOURCE OVERLAP,clean,fire,Fire,0.5234586596488953,True,29.52969999751076,4-182368-A-12.wav,ESC-50,5.0,44100,0.91717529296875,0.010223590251778785,[220500],"{""array"": [220500], ""sampling_rate"": 44100}",Fire,0.5234586596488953,"[{""label"": ""Fire"", ""score"": 0.5234586596488953}, {""label"": ""Inside, small room"", ""score"": 0.5212809443473816}, {""label"": ""Animal"", ""score"": 0.5209906697273254}]","[{""label"": ""Fire"", ""score"": 0.5234586596488953}, {""label"": ""Inside, small room"", ""score"": 0.5212809443473816}, {""label"": ""Animal"", ""score"": 0.5209906697273254}, {""label"": ""Chewing, mastication"", ""score"": 0.5194036960601807}, {""label"": ""Wind noise (microphone)"", ""score"": 0.5131020545959473}]"
4-182369-A-12,benchmark_data/external/esc50/audio/4-182369-A-12.wav,crackling_fire,fire,compatible,4,True,886fca3ecfcbd5fbfb52cb83d4c490f9e865b58f7992282220354e1731a9f2a7,POSSIBLE SOURCE OVERLAP,clean,fire,Fire,0.5564680695533752,True,27.274399995803833,4-182369-A-12.wav,ESC-50,5.0,44100,0.918548583984375,0.02843445880191524,[220500],"{""array"": [220500], ""sampling_rate"": 44100}",Fire,0.5564680695533752,"[{""label"": ""Fire"", ""score"": 0.5564680695533752}, {""label"": ""Wind noise (microphone)"", ""score"": 0.5548916459083557}, {""label"": ""Bicycle"", ""score"": 0.5459302663803101}]","[{""label"": ""Fire"", ""score"": 0.5564680695533752}, {""label"": ""Wind noise (microphone)"", ""score"": 0.5548916459083557}, {""label"": ""Bicycle"", ""score"": 0.5459302663803101}, {""label"": ""Wind"", ""score"": 0.543830931186676}, {""label"": ""Animal"", ""score"": 0.5312527418136597}]"
4-182395-A-0,benchmark_data/external/esc50/audio/4-182395-A-0.wav,dog,dog_barking,compatible,4,True,c249bcb8ef81d12516ad17c8a77f88c01952cdf70b9413732af5fb8b803f9c7d,POSSIBLE SOURCE OVERLAP,clean,dog,Dog,0.6170189380645752,False,27.823399985209107,4-182395-A-0.wav,ESC-50,5.0,44100,0.7857666015625,0.03659244775492893,[220500],"{""array"": [220500], ""sampling_rate"": 44100}",Dog,0.6170189380645752,"[{""label"": ""Dog"", ""score"": 0.6170189380645752}, {""label"": ""Animal"", ""score"": 0.6139492988586426}, {""label"": ""Bow-wow"", ""score"": 0.5947659015655518}]","[{""label"": ""Dog"", ""score"": 0.6170189380645752}, {""label"": ""Animal"", ""score"": 0.6139492988586426}, {""label"": ""Bow-wow"", ""score"": 0.5947659015655518}, {""label"": ""Domestic animals, pets"", ""score"": 0.5864859223365784}, {""label"": ""Bark"", ""score"": 0.5804546475410461}]"
4-183992-A-0,benchmark_data/external/esc50/audio/4-183992-A-0.wav,dog,dog_barking,compatible,4,True,96bf2e0efce166f347db6ae02b3c17d24acadffc45d67ad6015de7b1162f54dc,POSSIBLE SOURCE OVERLAP,clean,dog,Dog,0.6906720995903015,False,34.42240000003949,4-183992-A-0.wav,ESC-50,5.0,44100,0.715850830078125,0.059655737461663874,[220500],"{""array"": [220500], ""sampling_rate"": 44100}",Dog,0.6906720995903015,"[{""label"": ""Dog"", ""score"": 0.6906720995903015}, {""label"": ""Animal"", ""score"": 0.6890552043914795}, {""label"": ""Domestic animals, pets"", ""score"": 0.6703733205795288}]","[{""label"": ""Dog"", ""score"": 0.6906720995903015}, {""label"": ""Animal"", ""score"": 0.6890552043914795}, {""label"": ""Domestic animals, pets"", ""score"": 0.6703733205795288}, {""label"": ""Bark"", ""score"": 0.6599620580673218}, {""label"": ""Bow-wow"", ""score"": 0.601839542388916}]"
4-184575-A-0,benchmark_data/external/esc50/audio/4-184575-A-0.wav,dog,dog_barking,compatible,4,True,417a923837951edc374447528f1387b6bfb961a9605b165cfcb3d9d63735d179,POSSIBLE SOURCE OVERLAP,clean,animal,Animal,0.7091957330703735,False,30.91969998786226,4-184575-A-0.wav,ESC-50,5.0,44100,0.906341552734375,0.0740154692606982,[220500],"{""array"": [220500], ""sampling_rate"": 44100}",Animal,0.7091957330703735,"[{""label"": ""Animal"", ""score"": 0.7091957330703735}, {""label"": ""Dog"", ""score"": 0.7022558450698853}, {""label"": ""Domestic animals, pets"", ""score"": 0.6885123252868652}]","[{""label"": ""Animal"", ""score"": 0.7091957330703735}, {""label"": ""Dog"", ""score"": 0.7022558450698853}, {""label"": ""Domestic animals, pets"", ""score"": 0.6885123252868652}, {""label"": ""Bark"", ""score"": 0.6451779007911682}, {""label"": ""Bow-wow"", ""score"": 0.590254545211792}]"
4-185575-A-20,benchmark_data/external/esc50/audio/4-185575-A-20.wav,crying_baby,baby_crying,exact,4,True,9f40eaeef4e23e134a64b010d8a42636c7a9337e066539ebb183117744745f48,POSSIBLE SOURCE OVERLAP,clean,baby_crying,"Baby cry, infant cry",0.6018319129943848,True,27.78299996862188,4-185575-A-20.wav,ESC-50,5.0,44100,0.935821533203125,0.08859833518254946,[220500],"{""array"": [220500], ""sampling_rate"": 44100}","Baby cry, infant cry",0.6018319129943848,"[{""label"": ""Baby cry, infant cry"", ""score"": 0.6018319129943848}, {""label"": ""Crying, sobbing"", ""score"": 0.5917975902557373}, {""label"": ""Whimper"", ""score"": 0.5193538665771484}]","[{""label"": ""Baby cry, infant cry"", ""score"": 0.6018319129943848}, {""label"": ""Crying, sobbing"", ""score"": 0.5917975902557373}, {""label"": ""Whimper"", ""score"": 0.5193538665771484}, {""label"": ""Inside, small room"", ""score"": 0.5091715455055237}, {""label"": ""Speech"", ""score"": 0.5086732506752014}]"
4-185575-B-20,benchmark_data/external/esc50/audio/4-185575-B-20.wav,crying_baby,baby_crying,exact,4,True,630641ffb71938bd943b0ac6c5c2523fea1d7aa1e34a93de6f7268183a25ee5a,POSSIBLE SOURCE OVERLAP,clean,babbling,Babbling,0.6232777237892151,False,30.232299992349,4-185575-B-20.wav,ESC-50,5.0,44100,0.93853759765625,0.10705625736945847,[220500],"{""array"": [220500], ""sampling_rate"": 44100}",Babbling,0.6232777237892151,"[{""label"": ""Babbling"", ""score"": 0.6232777237892151}, {""label"": ""Baby cry, infant cry"", ""score"": 0.5584893822669983}, {""label"": ""Crying, sobbing"", ""score"": 0.5565088987350464}]","[{""label"": ""Babbling"", ""score"": 0.6232777237892151}, {""label"": ""Baby cry, infant cry"", ""score"": 0.5584893822669983}, {""label"": ""Crying, sobbing"", ""score"": 0.5565088987350464}, {""label"": ""Cough"", ""score"": 0.5332397818565369}, {""label"": ""Inside, small room"", ""score"": 0.5234553813934326}]"
4-185575-C-20,benchmark_data/external/esc50/audio/4-185575-C-20.wav,crying_baby,baby_crying,exact,4,True,7cdd46d701197c99ab637a10bc37e61a9859fd88218d339d4699a46f748c0200,POSSIBLE SOURCE OVERLAP,clean,crying_sobbing,"Crying, sobbing",0.5993543863296509,False,33.00450003007427,4-185575-C-20.wav,ESC-50,5.0,44100,0.946075439453125,0.09451302807046806,[220500],"{""array"": [220500], ""sampling_rate"": 44100}","Crying, sobbing",0.5993543863296509,"[{""label"": ""Crying, sobbing"", ""score"": 0.5993543863296509}, {""label"": ""Baby cry, infant cry"", ""score"": 0.577545166015625}, {""label"": ""Babbling"", ""score"": 0.5637760758399963}]","[{""label"": ""Crying, sobbing"", ""score"": 0.5993543863296509}, {""label"": ""Baby cry, infant cry"", ""score"": 0.577545166015625}, {""label"": ""Babbling"", ""score"": 0.5637760758399963}, {""label"": ""Inside, small room"", ""score"": 0.5522310137748718}, {""label"": ""Child speech, kid speaking"", ""score"": 0.5243526101112366}]"
4-186518-A-30,benchmark_data/external/esc50/audio/4-186518-A-30.wav,door_wood_knock,door_activity,compatible,4,False,20ac1b533d72043c8370ca5de40826e50d9a8c6cfaa098650e2044bda7ca12a0,POSSIBLE SOURCE OVERLAP,clean,door_activity,Knock,0.5716354846954346,True,41.84239997994155,4-186518-A-30.wav,ESC-50,5.0,44100,1.0,0.07217535588511313,[220500],"{""array"": [220500], ""sampling_rate"": 44100}",Knock,0.5716354846954346,"[{""label"": ""Knock"", ""score"": 0.5716354846954346}, {""label"": ""Clapping"", ""score"": 0.5109176635742188}, {""label"": ""Sound effect"", ""score"": 0.5105664134025574}]","[{""label"": ""Knock"", ""score"": 0.5716354846954346}, {""label"": ""Clapping"", ""score"": 0.5109176635742188}, {""label"": ""Sound effect"", ""score"": 0.5105664134025574}, {""label"": ""Wood block"", ""score"": 0.5097658634185791}, {""label"": ""Bouncing"", ""score"": 0.5097061395645142}]"
4-187284-A-30,benchmark_data/external/esc50/audio/4-187284-A-30.wav,door_wood_knock,door_activity,compatible,4,False,c653e16e3ef1954e3ee3bf9ebb80bd80472cf59c05c211c1ada00fc9b10b0ac0,POSSIBLE SOURCE OVERLAP,clean,machine_gun,Machine gun,0.6095433235168457,False,33.20289996918291,4-187284-A-30.wav,ESC-50,5.0,44100,0.56500244140625,0.021482068133885007,[220500],"{""array"": [220500], ""sampling_rate"": 44100}",Machine gun,0.6095433235168457,"[{""label"": ""Machine gun"", ""score"": 0.6095433235168457}, {""label"": ""Gunshot, gunfire"", ""score"": 0.5713810324668884}, {""label"": ""Sound effect"", ""score"": 0.5192292332649231}]","[{""label"": ""Machine gun"", ""score"": 0.6095433235168457}, {""label"": ""Gunshot, gunfire"", ""score"": 0.5713810324668884}, {""label"": ""Sound effect"", ""score"": 0.5192292332649231}, {""label"": ""Silence"", ""score"": 0.5092900991439819}, {""label"": ""Outside, rural or natural"", ""score"": 0.5058196783065796}]"
4-188878-A-30,benchmark_data/external/esc50/audio/4-188878-A-30.wav,door_wood_knock,door_activity,compatible,4,False,072852ce3b23b40d58774570a5758fae5b114be54a3d8242cf26a722ff735a07,POSSIBLE SOURCE OVERLAP,clean,door_activity,Knock,0.6487847566604614,True,30.247399990912527,4-188878-A-30.wav,ESC-50,5.0,44100,0.916259765625,0.041984996397431196,[220500],"{""array"": [220500], ""sampling_rate"": 44100}",Knock,0.6487847566604614,"[{""label"": ""Knock"", ""score"": 0.6487847566604614}, {""label"": ""Wood"", ""score"": 0.5481258630752563}, {""label"": ""Hammer"", ""score"": 0.5410289764404297}]","[{""label"": ""Knock"", ""score"": 0.6487847566604614}, {""label"": ""Wood"", ""score"": 0.5481258630752563}, {""label"": ""Hammer"", ""score"": 0.5410289764404297}, {""label"": ""Music"", ""score"": 0.5177668929100037}, {""label"": ""Silence"", ""score"": 0.5129538774490356}]"
4-191015-A-43,benchmark_data/external/esc50/audio/4-191015-A-43.wav,car_horn,vehicle_horn,compatible,4,False,ca89718085b0dff144e5e7833dce424364f1ca1b737eb8d45df70cf8e1d1250a,POSSIBLE SOURCE OVERLAP,clean,vehicle,Vehicle,0.663229763507843,False,30.251800024416298,4-191015-A-43.wav,ESC-50,5.0,44100,0.33123779296875,0.049513955827544115,[220500],"{""array"": [220500], ""sampling_rate"": 44100}",Vehicle,0.663229763507843,"[{""label"": ""Vehicle"", ""score"": 0.663229763507843}, {""label"": ""Car"", ""score"": 0.6131792068481445}, {""label"": ""Traffic noise, roadway noise"", ""score"": 0.6084826588630676}]","[{""label"": ""Vehicle"", ""score"": 0.663229763507843}, {""label"": ""Car"", ""score"": 0.6131792068481445}, {""label"": ""Traffic noise, roadway noise"", ""score"": 0.6084826588630676}, {""label"": ""Outside, urban or manmade"", ""score"": 0.578874945640564}, {""label"": ""Motorcycle"", ""score"": 0.5421947836875916}]"
4-191687-A-0,benchmark_data/external/esc50/audio/4-191687-A-0.wav,dog,dog_barking,compatible,4,True,65bcaf4cce64177bb0dcc139c63dc9bee48d86c559b3019248d7c79db6a8b2ef,POSSIBLE SOURCE OVERLAP,clean,animal,Animal,0.694878339767456,False,29.252600041218102,4-191687-A-0.wav,ESC-50,5.0,44100,0.96966552734375,0.1284278583775712,[220500],"{""array"": [220500], ""sampling_rate"": 44100}",Animal,0.694878339767456,"[{""label"": ""Animal"", ""score"": 0.694878339767456}, {""label"": ""Dog"", ""score"": 0.691422700881958}, {""label"": ""Domestic animals, pets"", ""score"": 0.6700329184532166}]","[{""label"": ""Animal"", ""score"": 0.694878339767456}, {""label"": ""Dog"", ""score"": 0.691422700881958}, {""label"": ""Domestic animals, pets"", ""score"": 0.6700329184532166}, {""label"": ""Bark"", ""score"": 0.659906268119812}, {""label"": ""Bow-wow"", ""score"": 0.5900733470916748}]"
4-192236-A-0,benchmark_data/external/esc50/audio/4-192236-A-0.wav,dog,dog_barking,compatible,4,True,cea20645e18a4ad56ad53905a6185e891b53f65989e4208f3014aba838096f08,POSSIBLE SOURCE OVERLAP,clean,animal,Animal,0.7069580554962158,False,31.76109999185428,4-192236-A-0.wav,ESC-50,5.0,44100,0.849151611328125,0.0840267713365443,[220500],"{""array"": [220500], ""sampling_rate"": 44100}",Animal,0.7069580554962158,"[{""label"": ""Animal"", ""score"": 0.7069580554962158}, {""label"": ""Dog"", ""score"": 0.6974946856498718}, {""label"": ""Bark"", ""score"": 0.6941177845001221}]","[{""label"": ""Animal"", ""score"": 0.7069580554962158}, {""label"": ""Dog"", ""score"": 0.6974946856498718}, {""label"": ""Bark"", ""score"": 0.6941177845001221}, {""label"": ""Domestic animals, pets"", ""score"": 0.6865980625152588}, {""label"": ""Bow-wow"", ""score"": 0.5531406402587891}]"
4-194754-A-0,benchmark_data/external/esc50/audio/4-194754-A-0.wav,dog,dog_barking,compatible,4,True,89e569fc4f5659de5a5c70fc5b196270b218d8f51cb6d1235d9568540061b309,POSSIBLE SOURCE OVERLAP,clean,animal,Animal,0.6831022500991821,False,35.08129995316267,4-194754-A-0.wav,ESC-50,5.0,44100,0.834014892578125,0.06565613894867399,[220500],"{""array"": [220500], ""sampling_rate"": 44100}",Animal,0.6831022500991821,"[{""label"": ""Animal"", ""score"": 0.6831022500991821}, {""label"": ""Dog"", ""score"": 0.6805907487869263}, {""label"": ""Domestic animals, pets"", ""score"": 0.6599635481834412}]","[{""label"": ""Animal"", ""score"": 0.6831022500991821}, {""label"": ""Dog"", ""score"": 0.6805907487869263}, {""label"": ""Domestic animals, pets"", ""score"": 0.6599635481834412}, {""label"": ""Bow-wow"", ""score"": 0.6206323504447937}, {""label"": ""Bark"", ""score"": 0.6066346168518066}]"
4-199261-A-0,benchmark_data/external/esc50/audio/4-199261-A-0.wav,dog,dog_barking,compatible,4,True,527a52b5cd50b5171b45ea0dd3c5efe5d11fb75a0c29cdd777c6f17255ac8262,POSSIBLE SOURCE OVERLAP,clean,animal,Animal,0.6958242654800415,False,30.306099972222,4-199261-A-0.wav,ESC-50,5.0,44100,0.89630126953125,0.10248281182241417,[220500],"{""array"": [220500], ""sampling_rate"": 44100}",Animal,0.6958242654800415,"[{""label"": ""Animal"", ""score"": 0.6958242654800415}, {""label"": ""Dog"", ""score"": 0.6827874183654785}, {""label"": ""Domestic animals, pets"", ""score"": 0.6566268801689148}]","[{""label"": ""Animal"", ""score"": 0.6958242654800415}, {""label"": ""Dog"", ""score"": 0.6827874183654785}, {""label"": ""Domestic animals, pets"", ""score"": 0.6566268801689148}, {""label"": ""Bark"", ""score"": 0.6314207315444946}, {""label"": ""Bow-wow"", ""score"": 0.6056456565856934}]"
4-204115-A-39,benchmark_data/external/esc50/audio/4-204115-A-39.wav,glass_breaking,glass_breaking,exact,4,False,3d4a520122727b384d55738c254f33103e1eee73152f4c45893736089915eff9,POSSIBLE SOURCE OVERLAP,clean,breaking,Breaking,0.5864644646644592,False,33.714399964082986,4-204115-A-39.wav,ESC-50,5.0,44100,0.183135986328125,0.006669376757038486,[220500],"{""array"": [220500], ""sampling_rate"": 44100}",Breaking,0.5864644646644592,"[{""label"": ""Breaking"", ""score"": 0.5864644646644592}, {""label"": ""Smash, crash"", ""score"": 0.5538274049758911}, {""label"": ""Chink, clink"", ""score"": 0.5261223912239075}]","[{""label"": ""Breaking"", ""score"": 0.5864644646644592}, {""label"": ""Smash, crash"", ""score"": 0.5538274049758911}, {""label"": ""Chink, clink"", ""score"": 0.5261223912239075}, {""label"": ""Music"", ""score"": 0.5222077369689941}, {""label"": ""Burst, pop"", ""score"": 0.516639769077301}]"
4-204119-A-39,benchmark_data/external/esc50/audio/4-204119-A-39.wav,glass_breaking,glass_breaking,exact,4,False,2fbc4acd76fa931f8461c3370eeef3e417b1ea28da20eff7874d4b4e2177fc41,POSSIBLE SOURCE OVERLAP,clean,breaking,Breaking,0.5376596450805664,False,36.75229998771101,4-204119-A-39.wav,ESC-50,5.0,44100,0.419952392578125,0.015695620803200774,[220500],"{""array"": [220500], ""sampling_rate"": 44100}",Breaking,0.5376596450805664,"[{""label"": ""Breaking"", ""score"": 0.5376596450805664}, {""label"": ""Music"", ""score"": 0.5325006246566772}, {""label"": ""Sound effect"", ""score"": 0.5148429274559021}]","[{""label"": ""Breaking"", ""score"": 0.5376596450805664}, {""label"": ""Music"", ""score"": 0.5325006246566772}, {""label"": ""Sound effect"", ""score"": 0.5148429274559021}, {""label"": ""Spray"", ""score"": 0.5114951729774475}, {""label"": ""Chink, clink"", ""score"": 0.5107120871543884}]"
4-204121-A-39,benchmark_data/external/esc50/audio/4-204121-A-39.wav,glass_breaking,glass_breaking,exact,4,False,ad42b3c91dd21d4f3a8238290c20dac179e7a7674320dab7029c5b111116d1d1,POSSIBLE SOURCE OVERLAP,clean,breaking,Breaking,0.5833755731582642,False,33.15339999971911,4-204121-A-39.wav,ESC-50,5.0,44100,0.260162353515625,0.01072857739458087,[220500],"{""array"": [220500], ""sampling_rate"": 44100}",Breaking,0.5833755731582642,"[{""label"": ""Breaking"", ""score"": 0.5833755731582642}, {""label"": ""Chink, clink"", ""score"": 0.5795002579689026}, {""label"": ""Smash, crash"", ""score"": 0.5184643268585205}]","[{""label"": ""Breaking"", ""score"": 0.5833755731582642}, {""label"": ""Chink, clink"", ""score"": 0.5795002579689026}, {""label"": ""Smash, crash"", ""score"": 0.5184643268585205}, {""label"": ""Glass"", ""score"": 0.5119255781173706}, {""label"": ""Burst, pop"", ""score"": 0.5118833780288696}]"
4-204123-A-39,benchmark_data/external/esc50/audio/4-204123-A-39.wav,glass_breaking,glass_breaking,exact,4,False,a35fd2223acb65ae87ab1e3ad4c774e8cda44a5482b639f11b6aa0d8065b4a7a,POSSIBLE SOURCE OVERLAP,clean,breaking,Breaking,0.5906325578689575,False,28.686799982097,4-204123-A-39.wav,ESC-50,5.0,44100,0.333404541015625,0.012111942535140741,[220500],"{""array"": [220500], ""sampling_rate"": 44100}",Breaking,0.5906325578689575,"[{""label"": ""Breaking"", ""score"": 0.5906325578689575}, {""label"": ""Speech"", ""score"": 0.5560459494590759}, {""label"": ""Chink, clink"", ""score"": 0.5533761382102966}]","[{""label"": ""Breaking"", ""score"": 0.5906325578689575}, {""label"": ""Speech"", ""score"": 0.5560459494590759}, {""label"": ""Chink, clink"", ""score"": 0.5533761382102966}, {""label"": ""Smash, crash"", ""score"": 0.5294881463050842}, {""label"": ""Glass"", ""score"": 0.5277451872825623}]"
4-204777-A-39,benchmark_data/external/esc50/audio/4-204777-A-39.wav,glass_breaking,glass_breaking,exact,4,False,872608ee9201b147b13b9cdc871558b39368bd09d3eb7dc469544866e414c0f8,POSSIBLE SOURCE OVERLAP,clean,glass,Glass,0.712471067905426,False,37.18390001449734,4-204777-A-39.wav,ESC-50,5.0,44100,1.0,0.4006865367289062,[220500],"{""array"": [220500], ""sampling_rate"": 44100}",Glass,0.712471067905426,"[{""label"": ""Glass"", ""score"": 0.712471067905426}, {""label"": ""Breaking"", ""score"": 0.6905181407928467}, {""label"": ""Sound effect"", ""score"": 0.5640060305595398}]","[{""label"": ""Glass"", ""score"": 0.712471067905426}, {""label"": ""Breaking"", ""score"": 0.6905181407928467}, {""label"": ""Sound effect"", ""score"": 0.5640060305595398}, {""label"": ""Chink, clink"", ""score"": 0.5469453930854797}, {""label"": ""Shatter"", ""score"": 0.5463587641716003}]"
4-204777-B-39,benchmark_data/external/esc50/audio/4-204777-B-39.wav,glass_breaking,glass_breaking,exact,4,False,98b930c2e4028e80749d82616ccba7640e58650a9ccf7770a77f814e3b2dcd24,POSSIBLE SOURCE OVERLAP,clean,glass,Glass,0.6760464310646057,False,32.34799997881055,4-204777-B-39.wav,ESC-50,5.0,44100,1.0,0.4111763126000191,[220500],"{""array"": [220500], ""sampling_rate"": 44100}",Glass,0.6760464310646057,"[{""label"": ""Glass"", ""score"": 0.6760464310646057}, {""label"": ""Breaking"", ""score"": 0.637890100479126}, {""label"": ""Shatter"", ""score"": 0.6318286061286926}]","[{""label"": ""Glass"", ""score"": 0.6760464310646057}, {""label"": ""Breaking"", ""score"": 0.637890100479126}, {""label"": ""Shatter"", ""score"": 0.6318286061286926}, {""label"": ""Chink, clink"", ""score"": 0.5413186550140381}, {""label"": ""Smash, crash"", ""score"": 0.5213396549224854}]"
4-204777-C-39,benchmark_data/external/esc50/audio/4-204777-C-39.wav,glass_breaking,glass_breaking,exact,4,False,88bbd7af8f04d1b46f9e0c13a304223efea777c1dd908564b8eff73b9774477b,POSSIBLE SOURCE OVERLAP,clean,breaking,Breaking,0.643675684928894,False,31.739900005050004,4-204777-C-39.wav,ESC-50,5.0,44100,1.0,0.4463019092117229,[220500],"{""array"": [220500], ""sampling_rate"": 44100}",Breaking,0.643675684928894,"[{""label"": ""Breaking"", ""score"": 0.643675684928894}, {""label"": ""Glass"", ""score"": 0.6314545273780823}, {""label"": ""Shatter"", ""score"": 0.5849668979644775}]","[{""label"": ""Breaking"", ""score"": 0.643675684928894}, {""label"": ""Glass"", ""score"": 0.6314545273780823}, {""label"": ""Shatter"", ""score"": 0.5849668979644775}, {""label"": ""Chink, clink"", ""score"": 0.5403500199317932}, {""label"": ""Sound effect"", ""score"": 0.5353975892066956}]"
4-207124-A-0,benchmark_data/external/esc50/audio/4-207124-A-0.wav,dog,dog_barking,compatible,4,True,4172efa07482e36b67f50bc730d9ecaf95da20c81f79242d0439ac6bae21f53c,POSSIBLE SOURCE OVERLAP,clean,animal,Animal,0.703928530216217,False,34.74669996649027,4-207124-A-0.wav,ESC-50,5.0,44100,0.80950927734375,0.0931182259438998,[220500],"{""array"": [220500], ""sampling_rate"": 44100}",Animal,0.703928530216217,"[{""label"": ""Animal"", ""score"": 0.703928530216217}, {""label"": ""Dog"", ""score"": 0.6971805691719055}, {""label"": ""Domestic animals, pets"", ""score"": 0.68585205078125}]","[{""label"": ""Animal"", ""score"": 0.703928530216217}, {""label"": ""Dog"", ""score"": 0.6971805691719055}, {""label"": ""Domestic animals, pets"", ""score"": 0.68585205078125}, {""label"": ""Bow-wow"", ""score"": 0.6291256546974182}, {""label"": ""Bark"", ""score"": 0.6266337037086487}]"
4-211502-A-30,benchmark_data/external/esc50/audio/4-211502-A-30.wav,door_wood_knock,door_activity,compatible,4,False,8c6e71d485494707a94ce0563deaa5c4599a219e0a512151e8e77ed907775ad8,POSSIBLE SOURCE OVERLAP,clean,drum,Drum,0.6188387274742126,False,43.09240001020953,4-211502-A-30.wav,ESC-50,5.0,44100,1.0,0.09681398963060658,[220500],"{""array"": [220500], ""sampling_rate"": 44100}",Drum,0.6188387274742126,"[{""label"": ""Drum"", ""score"": 0.6188387274742126}, {""label"": ""Music"", ""score"": 0.6137081384658813}, {""label"": ""Musical instrument"", ""score"": 0.5772767663002014}]","[{""label"": ""Drum"", ""score"": 0.6188387274742126}, {""label"": ""Music"", ""score"": 0.6137081384658813}, {""label"": ""Musical instrument"", ""score"": 0.5772767663002014}, {""label"": ""Percussion"", ""score"": 0.5549224019050598}, {""label"": ""Sound effect"", ""score"": 0.5337224006652832}]"
4-212698-A-39,benchmark_data/external/esc50/audio/4-212698-A-39.wav,glass_breaking,glass_breaking,exact,4,False,4491d08becad3c0074b46fbe25eeb7536a458036ecd5eed77f5709ed77313ef8,POSSIBLE SOURCE OVERLAP,clean,breaking,Breaking,0.5559374690055847,False,36.049699992872775,4-212698-A-39.wav,ESC-50,5.0,44100,1.0,0.03328584274573415,[220500],"{""array"": [220500], ""sampling_rate"": 44100}",Breaking,0.5559374690055847,"[{""label"": ""Breaking"", ""score"": 0.5559374690055847}, {""label"": ""Smash, crash"", ""score"": 0.5547404885292053}, {""label"": ""Glass"", ""score"": 0.5190906524658203}]","[{""label"": ""Breaking"", ""score"": 0.5559374690055847}, {""label"": ""Smash, crash"", ""score"": 0.5547404885292053}, {""label"": ""Glass"", ""score"": 0.5190906524658203}, {""label"": ""Whip"", ""score"": 0.5086764097213745}, {""label"": ""Chink, clink"", ""score"": 0.5074821710586548}]"
4-261068-A-30,benchmark_data/external/esc50/audio/4-261068-A-30.wav,door_wood_knock,door_activity,compatible,4,False,5f9bef85798486a2a5cdf712ef24f5ef12e84858dc7708fd5478d713cb243548,POSSIBLE SOURCE OVERLAP,clean,door_activity,Knock,0.6707547307014465,True,35.806700005196035,4-261068-A-30.wav,ESC-50,5.0,44100,0.971832275390625,0.13070255226405508,[220500],"{""array"": [220500], ""sampling_rate"": 44100}",Knock,0.6707547307014465,"[{""label"": ""Knock"", ""score"": 0.6707547307014465}, {""label"": ""Music"", ""score"": 0.5369265675544739}, {""label"": ""Sound effect"", ""score"": 0.5204240083694458}]","[{""label"": ""Knock"", ""score"": 0.6707547307014465}, {""label"": ""Music"", ""score"": 0.5369265675544739}, {""label"": ""Sound effect"", ""score"": 0.5204240083694458}, {""label"": ""Drum"", ""score"": 0.5187434554100037}, {""label"": ""Silence"", ""score"": 0.5100707411766052}]"
4-59579-A-20,benchmark_data/external/esc50/audio/4-59579-A-20.wav,crying_baby,baby_crying,exact,4,True,9c21cb5f694f7c375c0d9d33f2f618b58460b7d1b39681dd2d3fbb493f0b0052,POSSIBLE SOURCE OVERLAP,clean,baby_crying,"Baby cry, infant cry",0.6261044144630432,True,32.890899979975075,4-59579-A-20.wav,ESC-50,5.0,44100,0.9283447265625,0.19685517059802973,[220500],"{""array"": [220500], ""sampling_rate"": 44100}","Baby cry, infant cry",0.6261044144630432,"[{""label"": ""Baby cry, infant cry"", ""score"": 0.6261044144630432}, {""label"": ""Crying, sobbing"", ""score"": 0.5408475399017334}, {""label"": ""Whimper"", ""score"": 0.5282577872276306}]","[{""label"": ""Baby cry, infant cry"", ""score"": 0.6261044144630432}, {""label"": ""Crying, sobbing"", ""score"": 0.5408475399017334}, {""label"": ""Whimper"", ""score"": 0.5282577872276306}, {""label"": ""Screaming"", ""score"": 0.5118584036827087}, {""label"": ""Speech"", ""score"": 0.5064871907234192}]"
4-59579-B-20,benchmark_data/external/esc50/audio/4-59579-B-20.wav,crying_baby,baby_crying,exact,4,True,8129eb08025521fbb11f273c6c506ebed89becab8ccb31ec6c0954162b2242c1,POSSIBLE SOURCE OVERLAP,clean,baby_crying,"Baby cry, infant cry",0.6748812794685364,True,31.94359998451546,4-59579-B-20.wav,ESC-50,5.0,44100,0.89251708984375,0.11197807960274171,[220500],"{""array"": [220500], ""sampling_rate"": 44100}","Baby cry, infant cry",0.6748812794685364,"[{""label"": ""Baby cry, infant cry"", ""score"": 0.6748812794685364}, {""label"": ""Whimper"", ""score"": 0.5952200889587402}, {""label"": ""Gasp"", ""score"": 0.5334787964820862}]","[{""label"": ""Baby cry, infant cry"", ""score"": 0.6748812794685364}, {""label"": ""Whimper"", ""score"": 0.5952200889587402}, {""label"": ""Gasp"", ""score"": 0.5334787964820862}, {""label"": ""Crying, sobbing"", ""score"": 0.5249274969100952}, {""label"": ""Sound effect"", ""score"": 0.5062766671180725}]"
4-67358-A-42,benchmark_data/external/esc50/audio/4-67358-A-42.wav,siren,siren,exact,4,False,3192ab47aff92ef5dcec1ce178e342e24ecadf826dc6c9dd3f0515a4c53c58d2,POSSIBLE SOURCE OVERLAP,clean,police_car_siren,Police car (siren),0.6802909970283508,False,34.147400001529604,4-67358-A-42.wav,ESC-50,5.0,44100,0.99395751953125,0.22480980262932732,[220500],"{""array"": [220500], ""sampling_rate"": 44100}",Police car (siren),0.6802909970283508,"[{""label"": ""Police car (siren)"", ""score"": 0.6802909970283508}, {""label"": ""Siren"", ""score"": 0.6768249869346619}, {""label"": ""Emergency vehicle"", ""score"": 0.6628780961036682}]","[{""label"": ""Police car (siren)"", ""score"": 0.6802909970283508}, {""label"": ""Siren"", ""score"": 0.6768249869346619}, {""label"": ""Emergency vehicle"", ""score"": 0.6628780961036682}, {""label"": ""Vehicle"", ""score"": 0.5507424473762512}, {""label"": ""Fire engine, fire truck (siren)"", ""score"": 0.5457995533943176}]"
4-80761-A-42,benchmark_data/external/esc50/audio/4-80761-A-42.wav,siren,siren,exact,4,False,d1301a63a3d7f4429b40244d7a52f11636c3ed28b846f6213bda6e0005b1c072,POSSIBLE SOURCE OVERLAP,clean,civil_defense_siren,Civil defense siren,0.7076021432876587,False,31.206700019538403,4-80761-A-42.wav,ESC-50,5.0,44100,1.0,0.38635232471444086,[220500],"{""array"": [220500], ""sampling_rate"": 44100}",Civil defense siren,0.7076021432876587,"[{""label"": ""Civil defense siren"", ""score"": 0.7076021432876587}, {""label"": ""Siren"", ""score"": 0.70306396484375}, {""label"": ""Music"", ""score"": 0.5141677260398865}]","[{""label"": ""Civil defense siren"", ""score"": 0.7076021432876587}, {""label"": ""Siren"", ""score"": 0.70306396484375}, {""label"": ""Music"", ""score"": 0.5141677260398865}, {""label"": ""Sound effect"", ""score"": 0.5017595887184143}, {""label"": ""Alarm"", ""score"": 0.5016276240348816}]"
4-90014-A-42,benchmark_data/external/esc50/audio/4-90014-A-42.wav,siren,siren,exact,4,False,bbde0117f66201fe236b2bedccd231efe8e74b5c3361471a32159bbef5777e9a,POSSIBLE SOURCE OVERLAP,clean,ambulance_siren,Ambulance (siren),0.6856417059898376,False,34.531099954620004,4-90014-A-42.wav,ESC-50,5.0,44100,0.157958984375,0.03942596692871737,[220500],"{""array"": [220500], ""sampling_rate"": 44100}",Ambulance (siren),0.6856417059898376,"[{""label"": ""Ambulance (siren)"", ""score"": 0.6856417059898376}, {""label"": ""Siren"", ""score"": 0.680081844329834}, {""label"": ""Emergency vehicle"", ""score"": 0.6786468029022217}]","[{""label"": ""Ambulance (siren)"", ""score"": 0.6856417059898376}, {""label"": ""Siren"", ""score"": 0.680081844329834}, {""label"": ""Emergency vehicle"", ""score"": 0.6786468029022217}, {""label"": ""Vehicle"", ""score"": 0.5577735900878906}, {""label"": ""Fire engine, fire truck (siren)"", ""score"": 0.5236424207687378}]"
4-90014-B-42,benchmark_data/external/esc50/audio/4-90014-B-42.wav,siren,siren,exact,4,False,7fc6af65b6c6bbbadf39426c3ce9300367f5fefce8725a7df990a58ffc9130fb,POSSIBLE SOURCE OVERLAP,clean,emergency_vehicle,Emergency vehicle,0.683841347694397,False,32.906999986153096,4-90014-B-42.wav,ESC-50,5.0,44100,0.29022216796875,0.06098705387398895,[220500],"{""array"": [220500], ""sampling_rate"": 44100}",Emergency vehicle,0.683841347694397,"[{""label"": ""Emergency vehicle"", ""score"": 0.683841347694397}, {""label"": ""Siren"", ""score"": 0.6775343418121338}, {""label"": ""Ambulance (siren)"", ""score"": 0.6414040923118591}]","[{""label"": ""Emergency vehicle"", ""score"": 0.683841347694397}, {""label"": ""Siren"", ""score"": 0.6775343418121338}, {""label"": ""Ambulance (siren)"", ""score"": 0.6414040923118591}, {""label"": ""Vehicle"", ""score"": 0.5774221420288086}, {""label"": ""Fire engine, fire truck (siren)"", ""score"": 0.5364654660224915}]"
5-117118-A-42,benchmark_data/external/esc50/audio/5-117118-A-42.wav,siren,siren,exact,5,False,79cbdaf2156d7af410fe97a5c131ee6f46f2f7a99f4051fadd01e931ad8c9e14,POSSIBLE SOURCE OVERLAP,clean,siren,Siren,0.7154073715209961,True,32.15959999943152,5-117118-A-42.wav,ESC-50,5.0,44100,1.0,0.2637369736033142,[220500],"{""array"": [220500], ""sampling_rate"": 44100}",Siren,0.7154073715209961,"[{""label"": ""Siren"", ""score"": 0.7154073715209961}, {""label"": ""Civil defense siren"", ""score"": 0.7080554962158203}, {""label"": ""Music"", ""score"": 0.5045638680458069}]","[{""label"": ""Siren"", ""score"": 0.7154073715209961}, {""label"": ""Civil defense siren"", ""score"": 0.7080554962158203}, {""label"": ""Music"", ""score"": 0.5045638680458069}, {""label"": ""Speech"", ""score"": 0.5011780858039856}, {""label"": ""Inside, small room"", ""score"": 0.5010528564453125}]"
5-117120-A-42,benchmark_data/external/esc50/audio/5-117120-A-42.wav,siren,siren,exact,5,False,b22c04d1ea6841f9a1b79e21f2d44c8f9f446a204d28f5a3e4b4f57071c669aa,POSSIBLE SOURCE OVERLAP,clean,siren,Siren,0.714868426322937,True,32.58780000032857,5-117120-A-42.wav,ESC-50,5.0,44100,1.0,0.2731155434729383,[220500],"{""array"": [220500], ""sampling_rate"": 44100}",Siren,0.714868426322937,"[{""label"": ""Siren"", ""score"": 0.714868426322937}, {""label"": ""Civil defense siren"", ""score"": 0.7062439322471619}, {""label"": ""Alarm"", ""score"": 0.5079448819160461}]","[{""label"": ""Siren"", ""score"": 0.714868426322937}, {""label"": ""Civil defense siren"", ""score"": 0.7062439322471619}, {""label"": ""Alarm"", ""score"": 0.5079448819160461}, {""label"": ""Air horn, truck horn"", ""score"": 0.5043749213218689}, {""label"": ""Music"", ""score"": 0.5020644664764404}]"
5-117122-A-42,benchmark_data/external/esc50/audio/5-117122-A-42.wav,siren,siren,exact,5,False,1b1d4849a6a95b40d9ac1ce01ff8f3ba5899bf1dc025da6646c1008e1a7caf65,POSSIBLE SOURCE OVERLAP,clean,siren,Siren,0.7143098711967468,True,30.16130003379658,5-117122-A-42.wav,ESC-50,5.0,44100,0.89801025390625,0.20420572202720286,[220500],"{""array"": [220500], ""sampling_rate"": 44100}",Siren,0.7143098711967468,"[{""label"": ""Siren"", ""score"": 0.7143098711967468}, {""label"": ""Civil defense siren"", ""score"": 0.7023035287857056}, {""label"": ""Music"", ""score"": 0.5139326453208923}]","[{""label"": ""Siren"", ""score"": 0.7143098711967468}, {""label"": ""Civil defense siren"", ""score"": 0.7023035287857056}, {""label"": ""Music"", ""score"": 0.5139326453208923}, {""label"": ""Sound effect"", ""score"": 0.5023916363716125}, {""label"": ""Musical instrument"", ""score"": 0.501061201095581}]"
5-133989-A-42,benchmark_data/external/esc50/audio/5-133989-A-42.wav,siren,siren,exact,5,False,7521bb9b94ef12283db760cb97338b7c9a3145b8c78ce3931e03953c6d91f08e,POSSIBLE SOURCE OVERLAP,clean,siren,Siren,0.7099875211715698,True,34.53659999649972,5-133989-A-42.wav,ESC-50,5.0,44100,0.419830322265625,0.156622751507788,[220500],"{""array"": [220500], ""sampling_rate"": 44100}",Siren,0.7099875211715698,"[{""label"": ""Siren"", ""score"": 0.7099875211715698}, {""label"": ""Civil defense siren"", ""score"": 0.7032769322395325}, {""label"": ""Vehicle"", ""score"": 0.5078186988830566}]","[{""label"": ""Siren"", ""score"": 0.7099875211715698}, {""label"": ""Civil defense siren"", ""score"": 0.7032769322395325}, {""label"": ""Vehicle"", ""score"": 0.5078186988830566}, {""label"": ""Music"", ""score"": 0.5044809579849243}, {""label"": ""Speech"", ""score"": 0.5020307898521423}]"
5-133989-B-42,benchmark_data/external/esc50/audio/5-133989-B-42.wav,siren,siren,exact,5,False,8b91f090b3339c1a4b780b454062ef65ba16c49a2a3c0068cced69b07ef3a119,POSSIBLE SOURCE OVERLAP,clean,siren,Siren,0.7089088559150696,True,32.50520001165569,5-133989-B-42.wav,ESC-50,5.0,44100,0.491607666015625,0.1891769088667901,[220500],"{""array"": [220500], ""sampling_rate"": 44100}",Siren,0.7089088559150696,"[{""label"": ""Siren"", ""score"": 0.7089088559150696}, {""label"": ""Civil defense siren"", ""score"": 0.6892920136451721}, {""label"": ""Emergency vehicle"", ""score"": 0.5090695023536682}]","[{""label"": ""Siren"", ""score"": 0.7089088559150696}, {""label"": ""Civil defense siren"", ""score"": 0.6892920136451721}, {""label"": ""Emergency vehicle"", ""score"": 0.5090695023536682}, {""label"": ""Police car (siren)"", ""score"": 0.5065814852714539}, {""label"": ""Vehicle"", ""score"": 0.5058064460754395}]"
5-150409-A-42,benchmark_data/external/esc50/audio/5-150409-A-42.wav,siren,siren,exact,5,False,9e8901e0a7f22c3546c2f1b42bcc3e2ca8077e94f755702ba744feb2f39d55ac,POSSIBLE SOURCE OVERLAP,clean,train,Train,0.6849544048309326,False,31.452500028535724,5-150409-A-42.wav,ESC-50,5.0,44100,0.81500244140625,0.1960183031257057,[220500],"{""array"": [220500], ""sampling_rate"": 44100}",Train,0.6849544048309326,"[{""label"": ""Train"", ""score"": 0.6849544048309326}, {""label"": ""Rail transport"", ""score"": 0.6359758973121643}, {""label"": ""Subway, metro, underground"", ""score"": 0.6310873031616211}]","[{""label"": ""Train"", ""score"": 0.6849544048309326}, {""label"": ""Rail transport"", ""score"": 0.6359758973121643}, {""label"": ""Subway, metro, underground"", ""score"": 0.6310873031616211}, {""label"": ""Railroad car, train wagon"", ""score"": 0.6247906684875488}, {""label"": ""Vehicle"", ""score"": 0.5776921510696411}]"
5-151085-A-20,benchmark_data/external/esc50/audio/5-151085-A-20.wav,crying_baby,baby_crying,exact,5,True,e46d87b3673136a4d97b42f0ac6411ed299075bb2c88d61f7c456c0afe6804db,POSSIBLE SOURCE OVERLAP,clean,baby_crying,"Baby cry, infant cry",0.657472550868988,True,30.17010004259646,5-151085-A-20.wav,ESC-50,5.0,44100,0.845855712890625,0.09359753943665487,[220500],"{""array"": [220500], ""sampling_rate"": 44100}","Baby cry, infant cry",0.657472550868988,"[{""label"": ""Baby cry, infant cry"", ""score"": 0.657472550868988}, {""label"": ""Crying, sobbing"", ""score"": 0.5953208804130554}, {""label"": ""Whimper"", ""score"": 0.5398459434509277}]","[{""label"": ""Baby cry, infant cry"", ""score"": 0.657472550868988}, {""label"": ""Crying, sobbing"", ""score"": 0.5953208804130554}, {""label"": ""Whimper"", ""score"": 0.5398459434509277}, {""label"": ""Groan"", ""score"": 0.5069377422332764}, {""label"": ""Speech"", ""score"": 0.5055671334266663}]"
5-160551-A-42,benchmark_data/external/esc50/audio/5-160551-A-42.wav,siren,siren,exact,5,False,6cc7555cafe56d7ec8a9c1f672885a73601970ef0687f37a0445131bd5020650,POSSIBLE SOURCE OVERLAP,clean,emergency_vehicle,Emergency vehicle,0.6671088337898254,False,27.357300044968724,5-160551-A-42.wav,ESC-50,5.0,44100,0.8375244140625,0.17973364757388025,[220500],"{""array"": [220500], ""sampling_rate"": 44100}",Emergency vehicle,0.6671088337898254,"[{""label"": ""Emergency vehicle"", ""score"": 0.6671088337898254}, {""label"": ""Police car (siren)"", ""score"": 0.6578836441040039}, {""label"": ""Siren"", ""score"": 0.6509099006652832}]","[{""label"": ""Emergency vehicle"", ""score"": 0.6671088337898254}, {""label"": ""Police car (siren)"", ""score"": 0.6578836441040039}, {""label"": ""Siren"", ""score"": 0.6509099006652832}, {""label"": ""Vehicle"", ""score"": 0.5653812289237976}, {""label"": ""Fire engine, fire truck (siren)"", ""score"": 0.5417412519454956}]"
5-179860-A-43,benchmark_data/external/esc50/audio/5-179860-A-43.wav,car_horn,vehicle_horn,compatible,5,False,9be96b2f8cd6a81053fea7e8be03a5936070490ce3b193b47936140536c0a3c2,POSSIBLE SOURCE OVERLAP,clean,vehicle_horn,"Vehicle horn, car horn, honking",0.7037228941917419,True,26.323199970647693,5-179860-A-43.wav,ESC-50,5.0,44100,0.4140625,0.032461234654010025,[220500],"{""array"": [220500], ""sampling_rate"": 44100}","Vehicle horn, car horn, honking",0.7037228941917419,"[{""label"": ""Vehicle horn, car horn, honking"", ""score"": 0.7037228941917419}, {""label"": ""Vehicle"", ""score"": 0.6771281361579895}, {""label"": ""Outside, urban or manmade"", ""score"": 0.6278280019760132}]","[{""label"": ""Vehicle horn, car horn, honking"", ""score"": 0.7037228941917419}, {""label"": ""Vehicle"", ""score"": 0.6771281361579895}, {""label"": ""Outside, urban or manmade"", ""score"": 0.6278280019760132}, {""label"": ""Car"", ""score"": 0.5701339244842529}, {""label"": ""Bus"", ""score"": 0.5347161293029785}]"
5-179863-A-43,benchmark_data/external/esc50/audio/5-179863-A-43.wav,car_horn,vehicle_horn,compatible,5,False,9a777c790a2476a3de0efd0318e6fb369ad5af8bee0d007193ce08913dd9ae33,POSSIBLE SOURCE OVERLAP,clean,vehicle_horn,"Vehicle horn, car horn, honking",0.6886006593704224,True,29.352599987760186,5-179863-A-43.wav,ESC-50,5.0,44100,0.537139892578125,0.054536401304582864,[220500],"{""array"": [220500], ""sampling_rate"": 44100}","Vehicle horn, car horn, honking",0.6886006593704224,"[{""label"": ""Vehicle horn, car horn, honking"", ""score"": 0.6886006593704224}, {""label"": ""Vehicle"", ""score"": 0.6258131861686707}, {""label"": ""Outside, urban or manmade"", ""score"": 0.5909711122512817}]","[{""label"": ""Vehicle horn, car horn, honking"", ""score"": 0.6886006593704224}, {""label"": ""Vehicle"", ""score"": 0.6258131861686707}, {""label"": ""Outside, urban or manmade"", ""score"": 0.5909711122512817}, {""label"": ""Car"", ""score"": 0.5502337217330933}, {""label"": ""Toot"", ""score"": 0.5063298940658569}]"
5-179865-A-43,benchmark_data/external/esc50/audio/5-179865-A-43.wav,car_horn,vehicle_horn,compatible,5,False,0a452b37b0c8c89f33babe75c5c6af3d6bb80daf683559130a1716fb1f0c0948,POSSIBLE SOURCE OVERLAP,clean,vehicle_horn,"Vehicle horn, car horn, honking",0.7016436457633972,True,29.87949998350814,5-179865-A-43.wav,ESC-50,5.0,44100,0.322540283203125,0.038853613919157794,[220500],"{""array"": [220500], ""sampling_rate"": 44100}","Vehicle horn, car horn, honking",0.7016436457633972,"[{""label"": ""Vehicle horn, car horn, honking"", ""score"": 0.7016436457633972}, {""label"": ""Vehicle"", ""score"": 0.6732496619224548}, {""label"": ""Car"", ""score"": 0.6007470488548279}]","[{""label"": ""Vehicle horn, car horn, honking"", ""score"": 0.7016436457633972}, {""label"": ""Vehicle"", ""score"": 0.6732496619224548}, {""label"": ""Car"", ""score"": 0.6007470488548279}, {""label"": ""Outside, urban or manmade"", ""score"": 0.5962607860565186}, {""label"": ""Toot"", ""score"": 0.5628563165664673}]"
5-179866-A-43,benchmark_data/external/esc50/audio/5-179866-A-43.wav,car_horn,vehicle_horn,compatible,5,False,aecc03f051ef2dc592a3a62e51e95c61267e835a2e4a70492104e312edebaf6c,POSSIBLE SOURCE OVERLAP,clean,vehicle_horn,"Vehicle horn, car horn, honking",0.7192997932434082,True,36.01779998280108,5-179866-A-43.wav,ESC-50,5.0,44100,0.239959716796875,0.017023544468916844,[220500],"{""array"": [220500], ""sampling_rate"": 44100}","Vehicle horn, car horn, honking",0.7192997932434082,"[{""label"": ""Vehicle horn, car horn, honking"", ""score"": 0.7192997932434082}, {""label"": ""Vehicle"", ""score"": 0.6791446208953857}, {""label"": ""Car"", ""score"": 0.6385036706924438}]","[{""label"": ""Vehicle horn, car horn, honking"", ""score"": 0.7192997932434082}, {""label"": ""Vehicle"", ""score"": 0.6791446208953857}, {""label"": ""Car"", ""score"": 0.6385036706924438}, {""label"": ""Outside, urban or manmade"", ""score"": 0.6007130146026611}, {""label"": ""Toot"", ""score"": 0.5326919555664062}]"
5-179868-A-43,benchmark_data/external/esc50/audio/5-179868-A-43.wav,car_horn,vehicle_horn,compatible,5,False,9bcfe1420d2d11be38661f2f8099633736f940f1859d49f2d5d6716c0d840ae6,POSSIBLE SOURCE OVERLAP,clean,speech,Speech,0.7077141404151917,False,33.49010000238195,5-179868-A-43.wav,ESC-50,5.0,44100,0.37994384765625,0.0468487456924325,[220500],"{""array"": [220500], ""sampling_rate"": 44100}",Speech,0.7077141404151917,"[{""label"": ""Speech"", ""score"": 0.7077141404151917}, {""label"": ""Vehicle"", ""score"": 0.6256206035614014}, {""label"": ""Air horn, truck horn"", ""score"": 0.6192381978034973}]","[{""label"": ""Speech"", ""score"": 0.7077141404151917}, {""label"": ""Vehicle"", ""score"": 0.6256206035614014}, {""label"": ""Air horn, truck horn"", ""score"": 0.6192381978034973}, {""label"": ""Vehicle horn, car horn, honking"", ""score"": 0.5594330430030823}, {""label"": ""Outside, urban or manmade"", ""score"": 0.5590236783027649}]"
5-180156-A-43,benchmark_data/external/esc50/audio/5-180156-A-43.wav,car_horn,vehicle_horn,compatible,5,False,cbf7bc438e26a813e1317a2dd28232e039b0ce00df0e3f567cafbd2a998b3fa3,POSSIBLE SOURCE OVERLAP,clean,vehicle,Vehicle,0.6598629951477051,False,34.498599998187274,5-180156-A-43.wav,ESC-50,5.0,44100,0.953765869140625,0.1648477624214754,[220500],"{""array"": [220500], ""sampling_rate"": 44100}",Vehicle,0.6598629951477051,"[{""label"": ""Vehicle"", ""score"": 0.6598629951477051}, {""label"": ""Car"", ""score"": 0.611539363861084}, {""label"": ""Traffic noise, roadway noise"", ""score"": 0.5996670722961426}]","[{""label"": ""Vehicle"", ""score"": 0.6598629951477051}, {""label"": ""Car"", ""score"": 0.611539363861084}, {""label"": ""Traffic noise, roadway noise"", ""score"": 0.5996670722961426}, {""label"": ""Toot"", ""score"": 0.5728303790092468}, {""label"": ""Outside, urban or manmade"", ""score"": 0.5433590412139893}]"
5-180156-B-43,benchmark_data/external/esc50/audio/5-180156-B-43.wav,car_horn,vehicle_horn,compatible,5,False,0593cc83b35ce0a14c18f6a176f90044a38600e77e8cfe6806a5ccbd3f2e0d1a,POSSIBLE SOURCE OVERLAP,clean,vehicle,Vehicle,0.6733166575431824,False,44.888999953400344,5-180156-B-43.wav,ESC-50,5.0,44100,1.0,0.192898593128297,[220500],"{""array"": [220500], ""sampling_rate"": 44100}",Vehicle,0.6733166575431824,"[{""label"": ""Vehicle"", ""score"": 0.6733166575431824}, {""label"": ""Traffic noise, roadway noise"", ""score"": 0.6235778331756592}, {""label"": ""Car"", ""score"": 0.616507351398468}]","[{""label"": ""Vehicle"", ""score"": 0.6733166575431824}, {""label"": ""Traffic noise, roadway noise"", ""score"": 0.6235778331756592}, {""label"": ""Car"", ""score"": 0.616507351398468}, {""label"": ""Toot"", ""score"": 0.5962373614311218}, {""label"": ""Outside, urban or manmade"", ""score"": 0.5413590669631958}]"
5-180156-C-43,benchmark_data/external/esc50/audio/5-180156-C-43.wav,car_horn,vehicle_horn,compatible,5,False,d3aa6e92a3cd40effe68ea87a37b1930ab0f4c346367bdbdebab451ee35d80ab,POSSIBLE SOURCE OVERLAP,clean,vehicle,Vehicle,0.6500197052955627,False,34.01290002511814,5-180156-C-43.wav,ESC-50,5.0,44100,1.0,0.2066168449727332,[220500],"{""array"": [220500], ""sampling_rate"": 44100}",Vehicle,0.6500197052955627,"[{""label"": ""Vehicle"", ""score"": 0.6500197052955627}, {""label"": ""Bus"", ""score"": 0.5654432773590088}, {""label"": ""Outside, urban or manmade"", ""score"": 0.5552469491958618}]","[{""label"": ""Vehicle"", ""score"": 0.6500197052955627}, {""label"": ""Bus"", ""score"": 0.5654432773590088}, {""label"": ""Outside, urban or manmade"", ""score"": 0.5552469491958618}, {""label"": ""Traffic noise, roadway noise"", ""score"": 0.5485953092575073}, {""label"": ""Speech"", ""score"": 0.5460667014122009}]"
5-184323-A-42,benchmark_data/external/esc50/audio/5-184323-A-42.wav,siren,siren,exact,5,False,bc3d8abd08b3e37ed980c21972acb5ce5ba83ee001f7ddffd95f04e5e6b642ea,POSSIBLE SOURCE OVERLAP,clean,siren,Siren,0.7191858887672424,True,36.854000005405396,5-184323-A-42.wav,ESC-50,5.0,44100,0.547149658203125,0.14107502861525933,[220500],"{""array"": [220500], ""sampling_rate"": 44100}",Siren,0.7191858887672424,"[{""label"": ""Siren"", ""score"": 0.7191858887672424}, {""label"": ""Civil defense siren"", ""score"": 0.7036488652229309}, {""label"": ""Police car (siren)"", ""score"": 0.5040488243103027}]","[{""label"": ""Siren"", ""score"": 0.7191858887672424}, {""label"": ""Civil defense siren"", ""score"": 0.7036488652229309}, {""label"": ""Police car (siren)"", ""score"": 0.5040488243103027}, {""label"": ""Emergency vehicle"", ""score"": 0.5036400556564331}, {""label"": ""Bird"", ""score"": 0.5030989050865173}]"
5-186924-A-12,benchmark_data/external/esc50/audio/5-186924-A-12.wav,crackling_fire,fire,compatible,5,True,963758fc0a9bb51fbc0659ac0ab75f2aede097519f46b92efecac22baae215cc,POSSIBLE SOURCE OVERLAP,clean,rain_on_surface,Rain on surface,0.5616651773452759,False,36.85660002520308,5-186924-A-12.wav,ESC-50,5.0,44100,1.0,0.5235045053045537,[220500],"{""array"": [220500], ""sampling_rate"": 44100}",Rain on surface,0.5616651773452759,"[{""label"": ""Rain on surface"", ""score"": 0.5616651773452759}, {""label"": ""Vehicle"", ""score"": 0.5511228442192078}, {""label"": ""Rain"", ""score"": 0.5298596620559692}]","[{""label"": ""Rain on surface"", ""score"": 0.5616651773452759}, {""label"": ""Vehicle"", ""score"": 0.5511228442192078}, {""label"": ""Rain"", ""score"": 0.5298596620559692}, {""label"": ""Car"", ""score"": 0.5295429825782776}, {""label"": ""Raindrop"", ""score"": 0.5274839997291565}]"
5-189212-A-12,benchmark_data/external/esc50/audio/5-189212-A-12.wav,crackling_fire,fire,compatible,5,True,bd9983a6e739ea7df03c9363b17834a71ba0b74cbb59d8766d48ccb0fedd2138,POSSIBLE SOURCE OVERLAP,clean,vehicle,Vehicle,0.5592584013938904,False,86.89440001035109,5-189212-A-12.wav,ESC-50,5.0,44100,0.912872314453125,0.043472560047582,[220500],"{""array"": [220500], ""sampling_rate"": 44100}",Vehicle,0.5592584013938904,"[{""label"": ""Vehicle"", ""score"": 0.5592584013938904}, {""label"": ""Bicycle"", ""score"": 0.541779637336731}, {""label"": ""Animal"", ""score"": 0.5265620946884155}]","[{""label"": ""Vehicle"", ""score"": 0.5592584013938904}, {""label"": ""Bicycle"", ""score"": 0.541779637336731}, {""label"": ""Animal"", ""score"": 0.5265620946884155}, {""label"": ""Horse"", ""score"": 0.5172027349472046}, {""label"": ""Car"", ""score"": 0.5163478851318359}]"
5-189237-A-12,benchmark_data/external/esc50/audio/5-189237-A-12.wav,crackling_fire,fire,compatible,5,True,41ab28c22910b7fd2834728fd4819d8a0d4a9268e5d1b8b434a5705473fb373a,POSSIBLE SOURCE OVERLAP,clean,fire,Fire,0.5491878390312195,True,41.44060000544414,5-189237-A-12.wav,ESC-50,5.0,44100,0.509674072265625,0.004556196881095881,[220500],"{""array"": [220500], ""sampling_rate"": 44100}",Fire,0.5491878390312195,"[{""label"": ""Fire"", ""score"": 0.5491878390312195}, {""label"": ""Crack"", ""score"": 0.5133718252182007}, {""label"": ""Finger snapping"", ""score"": 0.5112708806991577}]","[{""label"": ""Fire"", ""score"": 0.5491878390312195}, {""label"": ""Crack"", ""score"": 0.5133718252182007}, {""label"": ""Finger snapping"", ""score"": 0.5112708806991577}, {""label"": ""Crackle"", ""score"": 0.5097161531448364}, {""label"": ""Inside, small room"", ""score"": 0.5089237093925476}]"
5-193473-A-12,benchmark_data/external/esc50/audio/5-193473-A-12.wav,crackling_fire,fire,compatible,5,True,0c34b4945be60984588bf5b3048ff62974eaaf69b0fa8ef4f06408debb0d7fc9,POSSIBLE SOURCE OVERLAP,clean,fire,Fire,0.7071459293365479,True,25.833899970166385,5-193473-A-12.wav,ESC-50,5.0,44100,0.901336669921875,0.010747016572680701,[220500],"{""array"": [220500], ""sampling_rate"": 44100}",Fire,0.7071459293365479,"[{""label"": ""Fire"", ""score"": 0.7071459293365479}, {""label"": ""Crackle"", ""score"": 0.5195894241333008}, {""label"": ""Wind"", ""score"": 0.5192461013793945}]","[{""label"": ""Fire"", ""score"": 0.7071459293365479}, {""label"": ""Crackle"", ""score"": 0.5195894241333008}, {""label"": ""Wind"", ""score"": 0.5192461013793945}, {""label"": ""Sizzle"", ""score"": 0.5149480700492859}, {""label"": ""Wind noise (microphone)"", ""score"": 0.5090919733047485}]"
5-193473-B-12,benchmark_data/external/esc50/audio/5-193473-B-12.wav,crackling_fire,fire,compatible,5,True,0ab553a2ffee37391bd4ae8aa56961c64d5e54e69a2733857b53fbd251dcb216,POSSIBLE SOURCE OVERLAP,clean,fire,Fire,0.5388051867485046,True,26.254900032654405,5-193473-B-12.wav,ESC-50,5.0,44100,0.990325927734375,0.00978659093650468,[220500],"{""array"": [220500], ""sampling_rate"": 44100}",Fire,0.5388051867485046,"[{""label"": ""Fire"", ""score"": 0.5388051867485046}, {""label"": ""Crackle"", ""score"": 0.5299699902534485}, {""label"": ""Sizzle"", ""score"": 0.5184024572372437}]","[{""label"": ""Fire"", ""score"": 0.5388051867485046}, {""label"": ""Crackle"", ""score"": 0.5299699902534485}, {""label"": ""Sizzle"", ""score"": 0.5184024572372437}, {""label"": ""Tearing"", ""score"": 0.5147567987442017}, {""label"": ""Inside, small room"", ""score"": 0.5116429924964905}]"
5-198411-A-20,benchmark_data/external/esc50/audio/5-198411-A-20.wav,crying_baby,baby_crying,exact,5,True,efa9989fa053f1bcb7916965791c7bf55c05e4e5acf0bd6d61c649d833659494,POSSIBLE SOURCE OVERLAP,clean,crying_sobbing,"Crying, sobbing",0.674088180065155,False,27.24960003979504,5-198411-A-20.wav,ESC-50,5.0,44100,0.6302490234375,0.07649049944518463,[220500],"{""array"": [220500], ""sampling_rate"": 44100}","Crying, sobbing",0.674088180065155,"[{""label"": ""Crying, sobbing"", ""score"": 0.674088180065155}, {""label"": ""Baby cry, infant cry"", ""score"": 0.6105877757072449}, {""label"": ""Speech"", ""score"": 0.5624315738677979}]","[{""label"": ""Crying, sobbing"", ""score"": 0.674088180065155}, {""label"": ""Baby cry, infant cry"", ""score"": 0.6105877757072449}, {""label"": ""Speech"", ""score"": 0.5624315738677979}, {""label"": ""Inside, small room"", ""score"": 0.5341798067092896}, {""label"": ""Whimper"", ""score"": 0.5298044681549072}]"
5-198411-B-20,benchmark_data/external/esc50/audio/5-198411-B-20.wav,crying_baby,baby_crying,exact,5,True,0a322dd25c0a694b06732a57f9e153f4615679c02fd5ec274aedf0bee3102b7d,POSSIBLE SOURCE OVERLAP,clean,baby_crying,"Baby cry, infant cry",0.598366379737854,True,26.436599961016327,5-198411-B-20.wav,ESC-50,5.0,44100,0.616851806640625,0.0790738999347363,[220500],"{""array"": [220500], ""sampling_rate"": 44100}","Baby cry, infant cry",0.598366379737854,"[{""label"": ""Baby cry, infant cry"", ""score"": 0.598366379737854}, {""label"": ""Laughter"", ""score"": 0.5413237810134888}, {""label"": ""Crying, sobbing"", ""score"": 0.5407007932662964}]","[{""label"": ""Baby cry, infant cry"", ""score"": 0.598366379737854}, {""label"": ""Laughter"", ""score"": 0.5413237810134888}, {""label"": ""Crying, sobbing"", ""score"": 0.5407007932662964}, {""label"": ""Inside, small room"", ""score"": 0.5327840447425842}, {""label"": ""Baby laughter"", ""score"": 0.5244259834289551}]"
5-198411-C-20,benchmark_data/external/esc50/audio/5-198411-C-20.wav,crying_baby,baby_crying,exact,5,True,23cf024e102435298b16a8138129f411326a239a2486fc49ca61b4cc15f24875,POSSIBLE SOURCE OVERLAP,clean,baby_crying,"Baby cry, infant cry",0.6690431237220764,True,26.91319998120889,5-198411-C-20.wav,ESC-50,5.0,44100,0.383392333984375,0.08623780107582706,[220500],"{""array"": [220500], ""sampling_rate"": 44100}","Baby cry, infant cry",0.6690431237220764,"[{""label"": ""Baby cry, infant cry"", ""score"": 0.6690431237220764}, {""label"": ""Crying, sobbing"", ""score"": 0.6242982149124146}, {""label"": ""Whimper"", ""score"": 0.5776302218437195}]","[{""label"": ""Baby cry, infant cry"", ""score"": 0.6690431237220764}, {""label"": ""Crying, sobbing"", ""score"": 0.6242982149124146}, {""label"": ""Whimper"", ""score"": 0.5776302218437195}, {""label"": ""Speech"", ""score"": 0.5735280513763428}, {""label"": ""Inside, small room"", ""score"": 0.5153337717056274}]"
5-198411-D-20,benchmark_data/external/esc50/audio/5-198411-D-20.wav,crying_baby,baby_crying,exact,5,True,ea7b47c6eb1383ec5b8ba4147aa63f7adaff0b218d02731e24bcb3903549abd9,POSSIBLE SOURCE OVERLAP,clean,baby_crying,"Baby cry, infant cry",0.6732393503189087,True,25.89420002186671,5-198411-D-20.wav,ESC-50,5.0,44100,0.692962646484375,0.10021559646726895,[220500],"{""array"": [220500], ""sampling_rate"": 44100}","Baby cry, infant cry",0.6732393503189087,"[{""label"": ""Baby cry, infant cry"", ""score"": 0.6732393503189087}, {""label"": ""Crying, sobbing"", ""score"": 0.5886183977127075}, {""label"": ""Whimper"", ""score"": 0.5286673307418823}]","[{""label"": ""Baby cry, infant cry"", ""score"": 0.6732393503189087}, {""label"": ""Crying, sobbing"", ""score"": 0.5886183977127075}, {""label"": ""Whimper"", ""score"": 0.5286673307418823}, {""label"": ""Speech"", ""score"": 0.5128523707389832}, {""label"": ""Inside, small room"", ""score"": 0.5081906318664551}]"
5-198411-E-20,benchmark_data/external/esc50/audio/5-198411-E-20.wav,crying_baby,baby_crying,exact,5,True,d473b14efed04cdc8cfa37dff146f2d861e744414b86a8b113d42a506df598ad,POSSIBLE SOURCE OVERLAP,clean,baby_crying,"Baby cry, infant cry",0.6632596850395203,True,27.259700000286102,5-198411-E-20.wav,ESC-50,5.0,44100,0.6378173828125,0.14387257418514604,[220500],"{""array"": [220500], ""sampling_rate"": 44100}","Baby cry, infant cry",0.6632596850395203,"[{""label"": ""Baby cry, infant cry"", ""score"": 0.6632596850395203}, {""label"": ""Crying, sobbing"", ""score"": 0.5895007252693176}, {""label"": ""Whimper"", ""score"": 0.5613767504692078}]","[{""label"": ""Baby cry, infant cry"", ""score"": 0.6632596850395203}, {""label"": ""Crying, sobbing"", ""score"": 0.5895007252693176}, {""label"": ""Whimper"", ""score"": 0.5613767504692078}, {""label"": ""Speech"", ""score"": 0.5124031901359558}, {""label"": ""Inside, small room"", ""score"": 0.5114409327507019}]"
5-198411-F-20,benchmark_data/external/esc50/audio/5-198411-F-20.wav,crying_baby,baby_crying,exact,5,True,c7a8af6048461639c8931e6c0622a79ccfde881ec5b0ce0c902cb446eb699ec1,POSSIBLE SOURCE OVERLAP,clean,crying_sobbing,"Crying, sobbing",0.6407173275947571,False,26.773499965202063,5-198411-F-20.wav,ESC-50,5.0,44100,0.8790283203125,0.11461500191943762,[220500],"{""array"": [220500], ""sampling_rate"": 44100}","Crying, sobbing",0.6407173275947571,"[{""label"": ""Crying, sobbing"", ""score"": 0.6407173275947571}, {""label"": ""Baby cry, infant cry"", ""score"": 0.6161689758300781}, {""label"": ""Screaming"", ""score"": 0.5784608721733093}]","[{""label"": ""Crying, sobbing"", ""score"": 0.6407173275947571}, {""label"": ""Baby cry, infant cry"", ""score"": 0.6161689758300781}, {""label"": ""Screaming"", ""score"": 0.5784608721733093}, {""label"": ""Whimper"", ""score"": 0.545960009098053}, {""label"": ""Inside, small room"", ""score"": 0.5246284604072571}]"
5-198411-G-20,benchmark_data/external/esc50/audio/5-198411-G-20.wav,crying_baby,baby_crying,exact,5,True,a5172b7c92be5d7663f1e97b629dda2e9020ee4caf4b626db1b05817b1ee7f1c,POSSIBLE SOURCE OVERLAP,clean,crying_sobbing,"Crying, sobbing",0.6289346218109131,False,26.383500022348017,5-198411-G-20.wav,ESC-50,5.0,44100,0.63818359375,0.07799104169981973,[220500],"{""array"": [220500], ""sampling_rate"": 44100}","Crying, sobbing",0.6289346218109131,"[{""label"": ""Crying, sobbing"", ""score"": 0.6289346218109131}, {""label"": ""Baby cry, infant cry"", ""score"": 0.6223129630088806}, {""label"": ""Whimper"", ""score"": 0.5645454525947571}]","[{""label"": ""Crying, sobbing"", ""score"": 0.6289346218109131}, {""label"": ""Baby cry, infant cry"", ""score"": 0.6223129630088806}, {""label"": ""Whimper"", ""score"": 0.5645454525947571}, {""label"": ""Speech"", ""score"": 0.5451157689094543}, {""label"": ""Inside, small room"", ""score"": 0.5210466384887695}]"
5-203128-A-0,benchmark_data/external/esc50/audio/5-203128-A-0.wav,dog,dog_barking,compatible,5,True,435e476d5d429aa1cc51c23c9b5e5f8f472faf022846996ade18a457621d0552,POSSIBLE SOURCE OVERLAP,clean,animal,Animal,0.7115992307662964,False,32.252500008326024,5-203128-A-0.wav,ESC-50,5.0,44100,0.91131591796875,0.13369510181326208,[220500],"{""array"": [220500], ""sampling_rate"": 44100}",Animal,0.7115992307662964,"[{""label"": ""Animal"", ""score"": 0.7115992307662964}, {""label"": ""Dog"", ""score"": 0.7079182863235474}, {""label"": ""Bark"", ""score"": 0.6978155374526978}]","[{""label"": ""Animal"", ""score"": 0.7115992307662964}, {""label"": ""Dog"", ""score"": 0.7079182863235474}, {""label"": ""Bark"", ""score"": 0.6978155374526978}, {""label"": ""Domestic animals, pets"", ""score"": 0.6928324103355408}, {""label"": ""Bow-wow"", ""score"": 0.5749632120132446}]"
5-203128-B-0,benchmark_data/external/esc50/audio/5-203128-B-0.wav,dog,dog_barking,compatible,5,True,2a253659c2c3c86a0fbaf1e928d8a30933e90c7e7d4be43a3e4b4217e5be0c26,POSSIBLE SOURCE OVERLAP,clean,animal,Animal,0.7082089781761169,False,26.738000044133514,5-203128-B-0.wav,ESC-50,5.0,44100,0.87725830078125,0.11871521704422425,[220500],"{""array"": [220500], ""sampling_rate"": 44100}",Animal,0.7082089781761169,"[{""label"": ""Animal"", ""score"": 0.7082089781761169}, {""label"": ""Dog"", ""score"": 0.70196932554245}, {""label"": ""Domestic animals, pets"", ""score"": 0.6833065748214722}]","[{""label"": ""Animal"", ""score"": 0.7082089781761169}, {""label"": ""Dog"", ""score"": 0.70196932554245}, {""label"": ""Domestic animals, pets"", ""score"": 0.6833065748214722}, {""label"": ""Bark"", ""score"": 0.6495838165283203}, {""label"": ""Bow-wow"", ""score"": 0.635050892829895}]"
5-208030-A-0,benchmark_data/external/esc50/audio/5-208030-A-0.wav,dog,dog_barking,compatible,5,True,8b3f5052dad5383ea171aa8feaead47879bf7b5ae3acaf5a26c5167838a49494,POSSIBLE SOURCE OVERLAP,clean,animal,Animal,0.7136249542236328,False,54.38029998913407,5-208030-A-0.wav,ESC-50,5.0,44100,0.95538330078125,0.30290074156467595,[220500],"{""array"": [220500], ""sampling_rate"": 44100}",Animal,0.7136249542236328,"[{""label"": ""Animal"", ""score"": 0.7136249542236328}, {""label"": ""Dog"", ""score"": 0.7065367698669434}, {""label"": ""Domestic animals, pets"", ""score"": 0.6959003806114197}]","[{""label"": ""Animal"", ""score"": 0.7136249542236328}, {""label"": ""Dog"", ""score"": 0.7065367698669434}, {""label"": ""Domestic animals, pets"", ""score"": 0.6959003806114197}, {""label"": ""Bark"", ""score"": 0.6848546862602234}, {""label"": ""Bow-wow"", ""score"": 0.5591593384742737}]"
5-212454-A-0,benchmark_data/external/esc50/audio/5-212454-A-0.wav,dog,dog_barking,compatible,5,True,a3f7089d31d506d7a5c80f0af79afebfdb8fd61759eab03891b01c809d210e5a,POSSIBLE SOURCE OVERLAP,clean,animal,Animal,0.6958757042884827,False,34.553400008007884,5-212454-A-0.wav,ESC-50,5.0,44100,0.925079345703125,0.11318890551970733,[220500],"{""array"": [220500], ""sampling_rate"": 44100}",Animal,0.6958757042884827,"[{""label"": ""Animal"", ""score"": 0.6958757042884827}, {""label"": ""Dog"", ""score"": 0.6825599074363708}, {""label"": ""Bark"", ""score"": 0.6695445775985718}]","[{""label"": ""Animal"", ""score"": 0.6958757042884827}, {""label"": ""Dog"", ""score"": 0.6825599074363708}, {""label"": ""Bark"", ""score"": 0.6695445775985718}, {""label"": ""Domestic animals, pets"", ""score"": 0.6693848371505737}, {""label"": ""Bow-wow"", ""score"": 0.5897958874702454}]"
5-213802-A-12,benchmark_data/external/esc50/audio/5-213802-A-12.wav,crackling_fire,fire,compatible,5,True,eb7d0d7bd9ccbfc6134370a8fbe776ea4cde5fcfa2f7b8fbf0959e686f70716b,POSSIBLE SOURCE OVERLAP,clean,vehicle,Vehicle,0.6021798849105835,False,34.600499959196895,5-213802-A-12.wav,ESC-50,5.0,44100,0.8128662109375,0.16867737667705404,[220500],"{""array"": [220500], ""sampling_rate"": 44100}",Vehicle,0.6021798849105835,"[{""label"": ""Vehicle"", ""score"": 0.6021798849105835}, {""label"": ""Helicopter"", ""score"": 0.5465465784072876}, {""label"": ""Aircraft"", ""score"": 0.5408810377120972}]","[{""label"": ""Vehicle"", ""score"": 0.6021798849105835}, {""label"": ""Helicopter"", ""score"": 0.5465465784072876}, {""label"": ""Aircraft"", ""score"": 0.5408810377120972}, {""label"": ""Propeller, airscrew"", ""score"": 0.5190232396125793}, {""label"": ""Engine"", ""score"": 0.5172967910766602}]"
5-213855-A-0,benchmark_data/external/esc50/audio/5-213855-A-0.wav,dog,dog_barking,compatible,5,True,1013f545442642bd8a7788279d75d131754127a4bdee39dc9c5299c04c4962c8,POSSIBLE SOURCE OVERLAP,clean,animal,Animal,0.6835505962371826,False,36.57190001104027,5-213855-A-0.wav,ESC-50,5.0,44100,0.867767333984375,0.10833778962976942,[220500],"{""array"": [220500], ""sampling_rate"": 44100}",Animal,0.6835505962371826,"[{""label"": ""Animal"", ""score"": 0.6835505962371826}, {""label"": ""Dog"", ""score"": 0.6729786396026611}, {""label"": ""Domestic animals, pets"", ""score"": 0.6565781831741333}]","[{""label"": ""Animal"", ""score"": 0.6835505962371826}, {""label"": ""Dog"", ""score"": 0.6729786396026611}, {""label"": ""Domestic animals, pets"", ""score"": 0.6565781831741333}, {""label"": ""Speech"", ""score"": 0.6371607780456543}, {""label"": ""Bark"", ""score"": 0.6146954894065857}]"
5-215658-A-12,benchmark_data/external/esc50/audio/5-215658-A-12.wav,crackling_fire,fire,compatible,5,True,d55ff3e5f491a0d5a137632596d89c4db5c4e9b516de9636ec363e83e9b1e518,POSSIBLE SOURCE OVERLAP,clean,fire,Fire,0.6652213931083679,True,26.075400004629046,5-215658-A-12.wav,ESC-50,5.0,44100,0.595367431640625,0.04265536292788952,[220500],"{""array"": [220500], ""sampling_rate"": 44100}",Fire,0.6652213931083679,"[{""label"": ""Fire"", ""score"": 0.6652213931083679}, {""label"": ""Boiling"", ""score"": 0.5301781892776489}, {""label"": ""Wind"", ""score"": 0.5227834582328796}]","[{""label"": ""Fire"", ""score"": 0.6652213931083679}, {""label"": ""Boiling"", ""score"": 0.5301781892776489}, {""label"": ""Wind"", ""score"": 0.5227834582328796}, {""label"": ""Sizzle"", ""score"": 0.5185914635658264}, {""label"": ""Wind noise (microphone)"", ""score"": 0.5172683596611023}]"
5-215658-B-12,benchmark_data/external/esc50/audio/5-215658-B-12.wav,crackling_fire,fire,compatible,5,True,ca7f0180a8d1747fd135700f672cc91f7fa976ed952f76a677b080453db8b3f4,POSSIBLE SOURCE OVERLAP,clean,raindrop,Raindrop,0.5532183647155762,False,24.540500016883016,5-215658-B-12.wav,ESC-50,5.0,44100,0.8831787109375,0.12864103045610562,[220500],"{""array"": [220500], ""sampling_rate"": 44100}",Raindrop,0.5532183647155762,"[{""label"": ""Raindrop"", ""score"": 0.5532183647155762}, {""label"": ""Boiling"", ""score"": 0.5393401980400085}, {""label"": ""Rain on surface"", ""score"": 0.5351241827011108}]","[{""label"": ""Raindrop"", ""score"": 0.5532183647155762}, {""label"": ""Boiling"", ""score"": 0.5393401980400085}, {""label"": ""Rain on surface"", ""score"": 0.5351241827011108}, {""label"": ""Rain"", ""score"": 0.5297539234161377}, {""label"": ""Vehicle"", ""score"": 0.5097254514694214}]"
5-217158-A-0,benchmark_data/external/esc50/audio/5-217158-A-0.wav,dog,dog_barking,compatible,5,True,170df4aad8dd13df6e418c8ff4e5a8cf8bec6fece5e3d0150b94d391e91b1356,POSSIBLE SOURCE OVERLAP,clean,dog,Dog,0.6059903502464294,False,25.338899984490126,5-217158-A-0.wav,ESC-50,5.0,44100,0.756561279296875,0.08045492845872346,[220500],"{""array"": [220500], ""sampling_rate"": 44100}",Dog,0.6059903502464294,"[{""label"": ""Dog"", ""score"": 0.6059903502464294}, {""label"": ""Animal"", ""score"": 0.6027092337608337}, {""label"": ""Bow-wow"", ""score"": 0.5857771635055542}]","[{""label"": ""Dog"", ""score"": 0.6059903502464294}, {""label"": ""Animal"", ""score"": 0.6027092337608337}, {""label"": ""Bow-wow"", ""score"": 0.5857771635055542}, {""label"": ""Domestic animals, pets"", ""score"": 0.564837634563446}, {""label"": ""Bark"", ""score"": 0.5480076670646667}]"
5-218980-A-30,benchmark_data/external/esc50/audio/5-218980-A-30.wav,door_wood_knock,door_activity,compatible,5,False,c917686cc7048be91d4dec61539344094a01233e649989264187388c9e95f82f,POSSIBLE SOURCE OVERLAP,clean,door_activity,Knock,0.5632996559143066,True,25.0063999556005,5-218980-A-30.wav,ESC-50,5.0,44100,0.355224609375,0.015094200908040848,[220500],"{""array"": [220500], ""sampling_rate"": 44100}",Knock,0.5632996559143066,"[{""label"": ""Knock"", ""score"": 0.5632996559143066}, {""label"": ""Door"", ""score"": 0.5439993143081665}, {""label"": ""Hammer"", ""score"": 0.5381770133972168}]","[{""label"": ""Knock"", ""score"": 0.5632996559143066}, {""label"": ""Door"", ""score"": 0.5439993143081665}, {""label"": ""Hammer"", ""score"": 0.5381770133972168}, {""label"": ""Sound effect"", ""score"": 0.5217642188072205}, {""label"": ""Chopping (food)"", ""score"": 0.5187891125679016}]"
5-218981-A-30,benchmark_data/external/esc50/audio/5-218981-A-30.wav,door_wood_knock,door_activity,compatible,5,False,b699b80f84ba074526d993750226ec6723b5679393a92fa3d266ea67767d5cca,POSSIBLE SOURCE OVERLAP,clean,door,Door,0.5588560700416565,False,26.37580002192408,5-218981-A-30.wav,ESC-50,5.0,44100,0.983245849609375,0.026544688254233454,[220500],"{""array"": [220500], ""sampling_rate"": 44100}",Door,0.5588560700416565,"[{""label"": ""Door"", ""score"": 0.5588560700416565}, {""label"": ""Sound effect"", ""score"": 0.558365523815155}, {""label"": ""Knock"", ""score"": 0.5409615635871887}]","[{""label"": ""Door"", ""score"": 0.5588560700416565}, {""label"": ""Sound effect"", ""score"": 0.558365523815155}, {""label"": ""Knock"", ""score"": 0.5409615635871887}, {""label"": ""Slam"", ""score"": 0.536790132522583}, {""label"": ""Hammer"", ""score"": 0.5177575945854187}]"
5-221528-A-39,benchmark_data/external/esc50/audio/5-221528-A-39.wav,glass_breaking,glass_breaking,exact,5,False,f4796e4ec53c1dee2257365e58ff5ab75cf37d9a813f07b681927e85ee472cde,POSSIBLE SOURCE OVERLAP,clean,breaking,Breaking,0.6747610569000244,False,26.161600020714104,5-221528-A-39.wav,ESC-50,5.0,44100,1.0,0.040801341665756795,[220500],"{""array"": [220500], ""sampling_rate"": 44100}",Breaking,0.6747610569000244,"[{""label"": ""Breaking"", ""score"": 0.6747610569000244}, {""label"": ""Glass"", ""score"": 0.5937143564224243}, {""label"": ""Chink, clink"", ""score"": 0.5567282438278198}]","[{""label"": ""Breaking"", ""score"": 0.6747610569000244}, {""label"": ""Glass"", ""score"": 0.5937143564224243}, {""label"": ""Chink, clink"", ""score"": 0.5567282438278198}, {""label"": ""Smash, crash"", ""score"": 0.5398191213607788}, {""label"": ""Sound effect"", ""score"": 0.530206024646759}]"
5-221529-A-39,benchmark_data/external/esc50/audio/5-221529-A-39.wav,glass_breaking,glass_breaking,exact,5,False,3863f5097117a5eebbb75ca1a9eddd13fb2cd735542313fe5aa88c940db6a758,POSSIBLE SOURCE OVERLAP,clean,explosion,"Smash, crash",0.6203521490097046,False,24.669200007338077,5-221529-A-39.wav,ESC-50,5.0,44100,0.438201904296875,0.014631081867233478,[220500],"{""array"": [220500], ""sampling_rate"": 44100}","Smash, crash",0.6203521490097046,"[{""label"": ""Smash, crash"", ""score"": 0.6203521490097046}, {""label"": ""Breaking"", ""score"": 0.5899488925933838}, {""label"": ""Glass"", ""score"": 0.5486384034156799}]","[{""label"": ""Smash, crash"", ""score"": 0.6203521490097046}, {""label"": ""Breaking"", ""score"": 0.5899488925933838}, {""label"": ""Glass"", ""score"": 0.5486384034156799}, {""label"": ""Chink, clink"", ""score"": 0.5290165543556213}, {""label"": ""Sound effect"", ""score"": 0.5095605254173279}]"
5-231762-A-0,benchmark_data/external/esc50/audio/5-231762-A-0.wav,dog,dog_barking,compatible,5,True,cb686222c5eeb07c8c8ee508adce7bedbabb3358aee5c46b051788075835bd96,POSSIBLE SOURCE OVERLAP,clean,dog,Dog,0.6796698570251465,False,24.654600012581795,5-231762-A-0.wav,ESC-50,5.0,44100,0.929779052734375,0.09704954199899708,[220500],"{""array"": [220500], ""sampling_rate"": 44100}",Dog,0.6796698570251465,"[{""label"": ""Dog"", ""score"": 0.6796698570251465}, {""label"": ""Animal"", ""score"": 0.6694957613945007}, {""label"": ""Domestic animals, pets"", ""score"": 0.6529443264007568}]","[{""label"": ""Dog"", ""score"": 0.6796698570251465}, {""label"": ""Animal"", ""score"": 0.6694957613945007}, {""label"": ""Domestic animals, pets"", ""score"": 0.6529443264007568}, {""label"": ""Bow-wow"", ""score"": 0.6234058141708374}, {""label"": ""Bark"", ""score"": 0.5990689396858215}]"
5-233605-A-39,benchmark_data/external/esc50/audio/5-233605-A-39.wav,glass_breaking,glass_breaking,exact,5,False,ae86e74bf03c69cb2c2962b7327b5524dda7d531e553b9fab91a375de5299bff,POSSIBLE SOURCE OVERLAP,clean,slap_smack,"Slap, smack",0.64656001329422,False,25.277999986428767,5-233605-A-39.wav,ESC-50,5.0,44100,1.0,0.08459192537508137,[220500],"{""array"": [220500], ""sampling_rate"": 44100}","Slap, smack",0.64656001329422,"[{""label"": ""Slap, smack"", ""score"": 0.64656001329422}, {""label"": ""Breaking"", ""score"": 0.5406394600868225}, {""label"": ""Sound effect"", ""score"": 0.5228634476661682}]","[{""label"": ""Slap, smack"", ""score"": 0.64656001329422}, {""label"": ""Breaking"", ""score"": 0.5406394600868225}, {""label"": ""Sound effect"", ""score"": 0.5228634476661682}, {""label"": ""Smash, crash"", ""score"": 0.5187131762504578}, {""label"": ""Whack, thwack"", ""score"": 0.5179798603057861}]"
5-233607-A-39,benchmark_data/external/esc50/audio/5-233607-A-39.wav,glass_breaking,glass_breaking,exact,5,False,c2988d2ecd448a3e27bc80a248355a5d3bb85c769ec25f37fda4b9ec990c94dc,POSSIBLE SOURCE OVERLAP,clean,hammer,Hammer,0.5500695109367371,False,24.795599980279803,5-233607-A-39.wav,ESC-50,5.0,44100,1.0,0.10549243010742122,[220500],"{""array"": [220500], ""sampling_rate"": 44100}",Hammer,0.5500695109367371,"[{""label"": ""Hammer"", ""score"": 0.5500695109367371}, {""label"": ""Chink, clink"", ""score"": 0.5379123687744141}, {""label"": ""Breaking"", ""score"": 0.5315470099449158}]","[{""label"": ""Hammer"", ""score"": 0.5500695109367371}, {""label"": ""Chink, clink"", ""score"": 0.5379123687744141}, {""label"": ""Breaking"", ""score"": 0.5315470099449158}, {""label"": ""Sound effect"", ""score"": 0.5233723521232605}, {""label"": ""Clang"", ""score"": 0.5150018930435181}]"
5-235644-A-30,benchmark_data/external/esc50/audio/5-235644-A-30.wav,door_wood_knock,door_activity,compatible,5,False,e8104799065c308f8a9c5909f088333ea88e1de05c5a08cf511e9c1387f25fc0,POSSIBLE SOURCE OVERLAP,clean,door_activity,Knock,0.6880557537078857,True,25.60980000998825,5-235644-A-30.wav,ESC-50,5.0,44100,1.0,0.05220616264389611,[220500],"{""array"": [220500], ""sampling_rate"": 44100}",Knock,0.6880557537078857,"[{""label"": ""Knock"", ""score"": 0.6880557537078857}, {""label"": ""Whack, thwack"", ""score"": 0.5133148431777954}, {""label"": ""Sound effect"", ""score"": 0.5117624402046204}]","[{""label"": ""Knock"", ""score"": 0.6880557537078857}, {""label"": ""Whack, thwack"", ""score"": 0.5133148431777954}, {""label"": ""Sound effect"", ""score"": 0.5117624402046204}, {""label"": ""Tap"", ""score"": 0.5076532959938049}, {""label"": ""Wood block"", ""score"": 0.5054748058319092}]"
5-250026-A-30,benchmark_data/external/esc50/audio/5-250026-A-30.wav,door_wood_knock,door_activity,compatible,5,False,6d249f1a956ff78b494ddd919f2ff032f092e2ca0adccb47fef00e8cc03edf6d,POSSIBLE SOURCE OVERLAP,clean,door_activity,Knock,0.7035389542579651,True,25.216200039722025,5-250026-A-30.wav,ESC-50,5.0,44100,0.45843505859375,0.017064586457437084,[220500],"{""array"": [220500], ""sampling_rate"": 44100}",Knock,0.7035389542579651,"[{""label"": ""Knock"", ""score"": 0.7035389542579651}, {""label"": ""Whack, thwack"", ""score"": 0.513592541217804}, {""label"": ""Tap"", ""score"": 0.5122421383857727}]","[{""label"": ""Knock"", ""score"": 0.7035389542579651}, {""label"": ""Whack, thwack"", ""score"": 0.513592541217804}, {""label"": ""Tap"", ""score"": 0.5122421383857727}, {""label"": ""Sound effect"", ""score"": 0.5084615349769592}, {""label"": ""Music"", ""score"": 0.5071489810943604}]"
5-250026-B-30,benchmark_data/external/esc50/audio/5-250026-B-30.wav,door_wood_knock,door_activity,compatible,5,False,bf4afd0d31614ca48977c54525fd0655c9c9df13a0f4467557c308d4f41e888b,POSSIBLE SOURCE OVERLAP,clean,door_activity,Knock,0.6204671859741211,True,29.462100006639957,5-250026-B-30.wav,ESC-50,5.0,44100,0.697418212890625,0.0548222511930325,[220500],"{""array"": [220500], ""sampling_rate"": 44100}",Knock,0.6204671859741211,"[{""label"": ""Knock"", ""score"": 0.6204671859741211}, {""label"": ""Tap"", ""score"": 0.5331679582595825}, {""label"": ""Typewriter"", ""score"": 0.5158278942108154}]","[{""label"": ""Knock"", ""score"": 0.6204671859741211}, {""label"": ""Tap"", ""score"": 0.5331679582595825}, {""label"": ""Typewriter"", ""score"": 0.5158278942108154}, {""label"": ""Thunk"", ""score"": 0.512985348701477}, {""label"": ""Music"", ""score"": 0.5093626976013184}]"
5-251426-A-30,benchmark_data/external/esc50/audio/5-251426-A-30.wav,door_wood_knock,door_activity,compatible,5,False,076bf69727d6ea75ecc891992f728b66deff2d4be6b68d636865ccc77841bdda,POSSIBLE SOURCE OVERLAP,clean,door_activity,Knock,0.6387242078781128,True,25.486699945759028,5-251426-A-30.wav,ESC-50,5.0,44100,0.999969482421875,0.05233725443491103,[220500],"{""array"": [220500], ""sampling_rate"": 44100}",Knock,0.6387242078781128,"[{""label"": ""Knock"", ""score"": 0.6387242078781128}, {""label"": ""Hammer"", ""score"": 0.5209036469459534}, {""label"": ""Sound effect"", ""score"": 0.5185123085975647}]","[{""label"": ""Knock"", ""score"": 0.6387242078781128}, {""label"": ""Hammer"", ""score"": 0.5209036469459534}, {""label"": ""Sound effect"", ""score"": 0.5185123085975647}, {""label"": ""Music"", ""score"": 0.5137842297554016}, {""label"": ""Whack, thwack"", ""score"": 0.5108374953269958}]"
5-251426-B-30,benchmark_data/external/esc50/audio/5-251426-B-30.wav,door_wood_knock,door_activity,compatible,5,False,2738fe71989e18f2e8e0800c678793af2eeba6ca84551f8745f64d21e738ab81,POSSIBLE SOURCE OVERLAP,clean,door_activity,Knock,0.6882731318473816,True,23.965400003362447,5-251426-B-30.wav,ESC-50,5.0,44100,0.999969482421875,0.06267527597954849,[220500],"{""array"": [220500], ""sampling_rate"": 44100}",Knock,0.6882731318473816,"[{""label"": ""Knock"", ""score"": 0.6882731318473816}, {""label"": ""Sound effect"", ""score"": 0.5127174258232117}, {""label"": ""Tap"", ""score"": 0.5100882649421692}]","[{""label"": ""Knock"", ""score"": 0.6882731318473816}, {""label"": ""Sound effect"", ""score"": 0.5127174258232117}, {""label"": ""Tap"", ""score"": 0.5100882649421692}, {""label"": ""Door"", ""score"": 0.5088187456130981}, {""label"": ""Whack, thwack"", ""score"": 0.5055272579193115}]"
5-256512-A-30,benchmark_data/external/esc50/audio/5-256512-A-30.wav,door_wood_knock,door_activity,compatible,5,False,df74f2bee45f36c528a27035f0a8b50c71b833a6e7c8c39f42a0f4448f968dbf,POSSIBLE SOURCE OVERLAP,clean,door_activity,Knock,0.6878576278686523,True,24.363200005609542,5-256512-A-30.wav,ESC-50,5.0,44100,1.0,0.2446575695618018,[220500],"{""array"": [220500], ""sampling_rate"": 44100}",Knock,0.6878576278686523,"[{""label"": ""Knock"", ""score"": 0.6878576278686523}, {""label"": ""Music"", ""score"": 0.5185699462890625}, {""label"": ""Sound effect"", ""score"": 0.512468159198761}]","[{""label"": ""Knock"", ""score"": 0.6878576278686523}, {""label"": ""Music"", ""score"": 0.5185699462890625}, {""label"": ""Sound effect"", ""score"": 0.512468159198761}, {""label"": ""Wood block"", ""score"": 0.5059747695922852}, {""label"": ""Hammer"", ""score"": 0.5046582221984863}]"
5-257642-A-39,benchmark_data/external/esc50/audio/5-257642-A-39.wav,glass_breaking,glass_breaking,exact,5,False,a93747921a23b090d444c7ecc57adace2d856abbe18c038bd52773a57512613b,POSSIBLE SOURCE OVERLAP,clean,breaking,Breaking,0.6191167235374451,False,25.65680001862347,5-257642-A-39.wav,ESC-50,5.0,44100,0.5579833984375,0.06251153004158233,[220500],"{""array"": [220500], ""sampling_rate"": 44100}",Breaking,0.6191167235374451,"[{""label"": ""Breaking"", ""score"": 0.6191167235374451}, {""label"": ""Sound effect"", ""score"": 0.5591087341308594}, {""label"": ""Glass"", ""score"": 0.5498080253601074}]","[{""label"": ""Breaking"", ""score"": 0.6191167235374451}, {""label"": ""Sound effect"", ""score"": 0.5591087341308594}, {""label"": ""Glass"", ""score"": 0.5498080253601074}, {""label"": ""Chink, clink"", ""score"": 0.542809247970581}, {""label"": ""Shatter"", ""score"": 0.5309569239616394}]"
5-260432-A-39,benchmark_data/external/esc50/audio/5-260432-A-39.wav,glass_breaking,glass_breaking,exact,5,False,e1da0f73ebaca89112dfd6aff25d154c08961aab7eeea5ed033223d6cabfaef0,POSSIBLE SOURCE OVERLAP,clean,breaking,Breaking,0.6239890456199646,False,25.35030001308769,5-260432-A-39.wav,ESC-50,5.0,44100,0.9404296875,0.023853916500944216,[220500],"{""array"": [220500], ""sampling_rate"": 44100}",Breaking,0.6239890456199646,"[{""label"": ""Breaking"", ""score"": 0.6239890456199646}, {""label"": ""Chink, clink"", ""score"": 0.621366560459137}, {""label"": ""Smash, crash"", ""score"": 0.5447105765342712}]","[{""label"": ""Breaking"", ""score"": 0.6239890456199646}, {""label"": ""Chink, clink"", ""score"": 0.621366560459137}, {""label"": ""Smash, crash"", ""score"": 0.5447105765342712}, {""label"": ""Glass"", ""score"": 0.5259080529212952}, {""label"": ""Sound effect"", ""score"": 0.5244632959365845}]"
5-260433-A-39,benchmark_data/external/esc50/audio/5-260433-A-39.wav,glass_breaking,glass_breaking,exact,5,False,04a46ed54d5159b4afa7015d9799901a2806f3012507fa6bc923e23124efcdfc,POSSIBLE SOURCE OVERLAP,clean,breaking,Breaking,0.5927470922470093,False,23.450499982573092,5-260433-A-39.wav,ESC-50,5.0,44100,0.957733154296875,0.02673052827439799,[220500],"{""array"": [220500], ""sampling_rate"": 44100}",Breaking,0.5927470922470093,"[{""label"": ""Breaking"", ""score"": 0.5927470922470093}, {""label"": ""Chink, clink"", ""score"": 0.5921359658241272}, {""label"": ""Smash, crash"", ""score"": 0.5378634929656982}]","[{""label"": ""Breaking"", ""score"": 0.5927470922470093}, {""label"": ""Chink, clink"", ""score"": 0.5921359658241272}, {""label"": ""Smash, crash"", ""score"": 0.5378634929656982}, {""label"": ""Sound effect"", ""score"": 0.5178060531616211}, {""label"": ""Glass"", ""score"": 0.5174827575683594}]"
5-260434-A-39,benchmark_data/external/esc50/audio/5-260434-A-39.wav,glass_breaking,glass_breaking,exact,5,False,92d7ac3de371429d81338c1233cadfbcfb3873253c005f2f6aa4be7dce8a014e,POSSIBLE SOURCE OVERLAP,clean,chink_clink,"Chink, clink",0.6233423948287964,False,24.428299977444112,5-260434-A-39.wav,ESC-50,5.0,44100,0.999969482421875,0.0463905285401302,[220500],"{""array"": [220500], ""sampling_rate"": 44100}","Chink, clink",0.6233423948287964,"[{""label"": ""Chink, clink"", ""score"": 0.6233423948287964}, {""label"": ""Breaking"", ""score"": 0.5954951047897339}, {""label"": ""Glass"", ""score"": 0.5373440384864807}]","[{""label"": ""Chink, clink"", ""score"": 0.6233423948287964}, {""label"": ""Breaking"", ""score"": 0.5954951047897339}, {""label"": ""Glass"", ""score"": 0.5373440384864807}, {""label"": ""Sound effect"", ""score"": 0.5253490805625916}, {""label"": ""Jingle bell"", ""score"": 0.5114047527313232}]"
5-9032-A-0,benchmark_data/external/esc50/audio/5-9032-A-0.wav,dog,dog_barking,compatible,5,True,e49492e3cd7be48c3e5f82a121e71f23687ecb047609085231e06a0cccb2b12d,POSSIBLE SOURCE OVERLAP,clean,animal,Animal,0.6908507943153381,False,28.96659995894879,5-9032-A-0.wav,ESC-50,5.0,44100,0.9573974609375,0.06518199368955237,[220500],"{""array"": [220500], ""sampling_rate"": 44100}",Animal,0.6908507943153381,"[{""label"": ""Animal"", ""score"": 0.6908507943153381}, {""label"": ""Domestic animals, pets"", ""score"": 0.6889126896858215}, {""label"": ""Dog"", ""score"": 0.6573482751846313}]","[{""label"": ""Animal"", ""score"": 0.6908507943153381}, {""label"": ""Domestic animals, pets"", ""score"": 0.6889126896858215}, {""label"": ""Dog"", ""score"": 0.6573482751846313}, {""label"": ""Whimper (dog)"", ""score"": 0.5636621713638306}, {""label"": ""Whimper"", ""score"": 0.5418906807899475}]"
