sample_id,path,source_label,true_label,mapping_type,fold,esc10,sha256,leakage_status,truth_emergency,v2_prediction,top_category,max_safety_score,top_category_longest_run,inference_ms,glass_breaking_max,vehicle_horn_max,fire_max,siren_max,baby_crying_max,selected_threshold,efficientsed_prediction,predicted_category
1-100032-A-0,benchmark_data/external/esc50/audio/1-100032-A-0.wav,dog,dog_barking,compatible,1,True,f40a849a2375c8c63312a73dd2dd6c74007301fcc21b4be2ece29a642831e3d8,POSSIBLE SOURCE OVERLAP,False,False,vehicle_horn,0.007061832118779421,0,189.58270002622157,0.00032363637001253664,0.007061832118779421,0.003566394094377756,0.0021164515055716038,0.0006053246324881911,0.05,False,non_emergency
1-101336-A-30,benchmark_data/external/esc50/audio/1-101336-A-30.wav,door_wood_knock,door_activity,compatible,1,False,e738266e395e378102f74e0920b05ff5937543788420d5b2a6b8d3df8bdb3910,POSSIBLE SOURCE OVERLAP,False,False,vehicle_horn,0.0009514993289485574,0,49.30869996314868,0.000328943133354187,0.0009514993289485574,0.0003172056167386472,0.0005562091828323901,0.00016369523655157536,0.05,False,non_emergency
1-103995-A-30,benchmark_data/external/esc50/audio/1-103995-A-30.wav,door_wood_knock,door_activity,compatible,1,False,1c1d3e65b7a58658766180d2faeeb9bdd1fe7405119bf100d9cd2f671a6e2b11,POSSIBLE SOURCE OVERLAP,False,False,vehicle_horn,0.0009847104083746672,0,53.674599970690906,0.00048494848306290805,0.0009847104083746672,0.0008345195092260838,0.0008242413750849664,7.459300104528666e-05,0.05,False,non_emergency
1-103999-A-30,benchmark_data/external/esc50/audio/1-103999-A-30.wav,door_wood_knock,door_activity,compatible,1,False,f33db9ec0b036d0dd17c911d456c33a59c0fc85974245a85fed56b8d2568724e,POSSIBLE SOURCE OVERLAP,False,False,vehicle_horn,0.0014006489655002952,0,56.488499976694584,0.00039273116271942854,0.0014006489655002952,0.0008652564138174057,0.0008550374186597764,5.292103378451429e-05,0.05,False,non_emergency
1-110389-A-0,benchmark_data/external/esc50/audio/1-110389-A-0.wav,dog,dog_barking,compatible,1,True,4a18f3f834eb184b9f02595ac74c7de37ef8048a3da92f58f27018fec580b36a,POSSIBLE SOURCE OVERLAP,False,False,siren,0.001822931575588882,0,62.80190002871677,0.00023549750039819628,0.0009863488376140594,0.0003872336819767952,0.001822931575588882,0.00010444752842886373,0.05,False,non_emergency
1-17124-A-43,benchmark_data/external/esc50/audio/1-17124-A-43.wav,car_horn,vehicle_horn,compatible,1,False,9d5e01e07a386ee36c2e73f40817d132a54d91c936eccc01414280abca5a4209,POSSIBLE SOURCE OVERLAP,True,True,vehicle_horn,0.8171681761741638,14,44.36509998049587,0.002226967364549637,0.8171681761741638,0.0011385276447981596,0.0010985970729961991,8.92749012564309e-05,0.05,True,vehicle_horn
1-17150-A-12,benchmark_data/external/esc50/audio/1-17150-A-12.wav,crackling_fire,fire,compatible,1,True,3d278bc2034dfb83881491a8eec97de6f1239f0a5b8a7c02be46b5aab0a51609,POSSIBLE SOURCE OVERLAP,True,True,fire,0.17122064530849457,125,54.28300000494346,0.0003298852825537324,0.00038291726377792656,0.17122064530849457,0.00036754310713149607,1.644575604586862e-05,0.05,True,fire
1-17565-A-12,benchmark_data/external/esc50/audio/1-17565-A-12.wav,crackling_fire,fire,compatible,1,True,bf16e25363a2d5824c07e96dc05defcb87e1d9dcd47bfd241a9d25e01b411209,POSSIBLE SOURCE OVERLAP,True,False,fire,0.2935679256916046,125,63.49309999495745,0.004335478879511356,0.00014418725913856179,0.2935679256916046,0.0013716049725189805,4.149578671786003e-05,0.05,True,fire
1-17742-A-12,benchmark_data/external/esc50/audio/1-17742-A-12.wav,crackling_fire,fire,compatible,1,True,57c4d44ed80ad163ac63353ea98a7b286cfbe5ceb844cc57959b70c08ce5dde9,POSSIBLE SOURCE OVERLAP,True,False,fire,0.13125696778297424,125,51.77630000980571,0.0002460868563503027,0.0005734722944907844,0.13125696778297424,0.0009673102758824825,1.8122938854503445e-05,0.05,True,fire
1-17808-A-12,benchmark_data/external/esc50/audio/1-17808-A-12.wav,crackling_fire,fire,compatible,1,True,e6a90f134fe2f2eaa759b2b01ec831d6f86e300522fb0a5d19e050df16c606af,POSSIBLE SOURCE OVERLAP,True,False,fire,0.32484930753707886,125,46.551299979910254,0.00019627282745204866,0.00037686165887862444,0.32484930753707886,0.00032220265711657703,3.5859895433532074e-05,0.05,True,fire
1-17808-B-12,benchmark_data/external/esc50/audio/1-17808-B-12.wav,crackling_fire,fire,compatible,1,True,f28b0f8158b6a5adfa4bca5df5c71963c839dd22815440c8b3e220ef2016a365,POSSIBLE SOURCE OVERLAP,True,True,fire,0.2650121748447418,125,55.58410001685843,0.0007239728001877666,0.00038846457027830184,0.2650121748447418,0.00019372896349523216,3.607560938689858e-05,0.05,True,fire
1-187207-A-20,benchmark_data/external/esc50/audio/1-187207-A-20.wav,crying_baby,baby_crying,exact,1,True,ddf5bf45f73bc73d1838bf0cb6af530584f324aef513112ee15c210e83ecbd6b,POSSIBLE SOURCE OVERLAP,True,False,baby_crying,0.016780178993940353,0,49.26970001542941,0.0006169721600599587,0.0004816653090529144,0.00039447523886337876,0.0002282871719216928,0.016780178993940353,0.05,False,non_emergency
1-19026-A-43,benchmark_data/external/esc50/audio/1-19026-A-43.wav,car_horn,vehicle_horn,compatible,1,False,67bb2fe5cf138930eb6a6a84bedeb7284093076738cd47ef73cc8b3b8393ff40,POSSIBLE SOURCE OVERLAP,True,True,vehicle_horn,0.7926027774810791,48,63.293999992311,0.0013295175740495324,0.7926027774810791,0.0010686722816899419,0.0023274545092135668,0.00023490525200031698,0.05,True,vehicle_horn
1-20133-A-39,benchmark_data/external/esc50/audio/1-20133-A-39.wav,glass_breaking,glass_breaking,exact,1,False,db6946133c37fbd4513fe932dbb71e0b077bf7d240beaed339eb6c88e48c903b,POSSIBLE SOURCE OVERLAP,True,False,glass_breaking,0.6657292246818542,67,82.30660000117496,0.6657292246818542,0.0013683340512216091,0.0062402598559856415,0.0004702989535871893,7.685767923248932e-05,0.05,True,glass_breaking
1-211527-A-20,benchmark_data/external/esc50/audio/1-211527-A-20.wav,crying_baby,baby_crying,exact,1,True,3cbcd59a0db21f0ed8c252c74ea1bc193117d2c13ed99821885c46c564010b3e,POSSIBLE SOURCE OVERLAP,True,True,baby_crying,0.6404052376747131,125,94.43339996505529,0.00015129231906030327,0.004223207011818886,0.0007274889503605664,0.0003092825354542583,0.6404052376747131,0.05,True,baby_crying
1-211527-B-20,benchmark_data/external/esc50/audio/1-211527-B-20.wav,crying_baby,baby_crying,exact,1,True,935be6bfdd4e24f767f5af092bb88c9a6ac000b926f1fe9075b66ebed907c8c0,POSSIBLE SOURCE OVERLAP,True,True,baby_crying,0.14627811312675476,58,57.55630001658574,0.00019968552805949003,0.0004096213961020112,0.0010585210984572768,0.0003200986247975379,0.14627811312675476,0.05,True,baby_crying
1-211527-C-20,benchmark_data/external/esc50/audio/1-211527-C-20.wav,crying_baby,baby_crying,exact,1,True,165fa383fbfd24ea4455a84802a78970f02c3461677c23fabecd647c3c675dbc,POSSIBLE SOURCE OVERLAP,True,True,baby_crying,0.6832159757614136,125,52.75010003242642,0.0001210522823384963,0.00027661482454277575,0.00023708579828962684,0.0003783981373999268,0.6832159757614136,0.05,True,baby_crying
1-22694-A-20,benchmark_data/external/esc50/audio/1-22694-A-20.wav,crying_baby,baby_crying,exact,1,True,e97893bf8a391f769576ee70497ba51640d3bc646cbf20e719f6d22cc033b2e3,POSSIBLE SOURCE OVERLAP,True,True,baby_crying,0.6664536595344543,116,45.78639997635037,0.0002555993851274252,8.749465632718056e-05,0.00033152251853607595,0.00021124024351593107,0.6664536595344543,0.05,True,baby_crying
1-22694-B-20,benchmark_data/external/esc50/audio/1-22694-B-20.wav,crying_baby,baby_crying,exact,1,True,cf7f480ac6fe0f61ed436d230200ca160f0c936c70009f3622b71c432af8b5ce,POSSIBLE SOURCE OVERLAP,True,True,baby_crying,0.6203508973121643,58,44.75629999069497,0.0006094794953241944,0.00013653497444465756,0.0006491232197731733,0.00034905388019979,0.6203508973121643,0.05,True,baby_crying
1-24074-A-43,benchmark_data/external/esc50/audio/1-24074-A-43.wav,car_horn,vehicle_horn,compatible,1,False,ebdbc03e89c6a41c8ce1df7b12d4e2c4bb3f91345c43e7d75a1ed1357ff5f7e0,POSSIBLE SOURCE OVERLAP,True,False,vehicle_horn,0.6651411056518555,125,44.91639998741448,0.00018836483650375158,0.6651411056518555,0.0026231694500893354,0.03910013660788536,0.00011059619282605127,0.05,True,vehicle_horn
1-24076-A-43,benchmark_data/external/esc50/audio/1-24076-A-43.wav,car_horn,vehicle_horn,compatible,1,False,723edafd5bda638184bab5038745b6cafc9c813440b236175074d4d42b142d94,POSSIBLE SOURCE OVERLAP,True,False,vehicle_horn,0.8276620507240295,125,82.97610003501177,0.00148405518848449,0.8276620507240295,0.0007117476779967546,0.004610162694007158,0.0006001561996527016,0.05,True,vehicle_horn
1-254507-A-43,benchmark_data/external/esc50/audio/1-254507-A-43.wav,car_horn,vehicle_horn,compatible,1,False,ebe976ccd285cb44e6585d889f2a8759c5de47e9940f638ecaa300def46e544a,POSSIBLE SOURCE OVERLAP,True,False,vehicle_horn,0.18061526119709015,21,70.30940003460273,0.0005797338089905679,0.18061526119709015,0.0007946778205223382,0.008014362305402756,0.0013076246250420809,0.05,True,vehicle_horn
1-26176-A-43,benchmark_data/external/esc50/audio/1-26176-A-43.wav,car_horn,vehicle_horn,compatible,1,False,f1972b41b111a56e84d4fff30dd2e628521d6c699693adc60c14985c4cfdbf25,POSSIBLE SOURCE OVERLAP,True,True,vehicle_horn,0.4284112751483917,18,39.26699998555705,0.0010085366666316986,0.4284112751483917,0.0036458049435168505,0.0036429602187126875,0.001724511617794633,0.05,True,vehicle_horn
1-26177-A-43,benchmark_data/external/esc50/audio/1-26177-A-43.wav,car_horn,vehicle_horn,compatible,1,False,65655fc14cb749884c5965a42912decebf922aa6b51f1e27f56da7f35d1d381f,POSSIBLE SOURCE OVERLAP,True,False,vehicle_horn,0.61934894323349,43,48.239000025205314,0.0024012774229049683,0.61934894323349,0.0029427427798509598,0.006032089702785015,8.706087828613818e-05,0.05,True,vehicle_horn
1-26188-A-30,benchmark_data/external/esc50/audio/1-26188-A-30.wav,door_wood_knock,door_activity,compatible,1,False,655277d3f1c75ddc67aada3ab350bd6029fea04d288b9c747e10bc84cc802de1,POSSIBLE SOURCE OVERLAP,False,False,glass_breaking,0.0011197109706699848,0,51.301300001796335,0.0011197109706699848,0.0003614768211264163,0.00034183639218099415,0.00082907744217664,0.0001130784658016637,0.05,False,non_emergency
1-28808-A-43,benchmark_data/external/esc50/audio/1-28808-A-43.wav,car_horn,vehicle_horn,compatible,1,False,23c54679c820a7f6a71674df1ef064afffd3344d8ea859d9c5978301ce2736a5,POSSIBLE SOURCE OVERLAP,True,False,vehicle_horn,0.7894799113273621,125,40.64680001465604,0.00015512060781475157,0.7894799113273621,0.0007388121448457241,0.011374115012586117,0.00022635667119175196,0.05,True,vehicle_horn
1-30226-A-0,benchmark_data/external/esc50/audio/1-30226-A-0.wav,dog,dog_barking,compatible,1,True,ca2626d2b49c7c20a3e0f9f8d7aa56f4497643c6bc264ff37764392be2b15753,POSSIBLE SOURCE OVERLAP,False,False,fire,0.006012181285768747,0,42.749300017021596,0.00023779757611919194,0.0010559074580669403,0.006012181285768747,0.00025322975125163794,2.9848763006157242e-05,0.05,False,non_emergency
1-30344-A-0,benchmark_data/external/esc50/audio/1-30344-A-0.wav,dog,dog_barking,compatible,1,True,52a876cff473fe9b6deb4feea9545a2b976e63e03744921afc72f9800758ce30,POSSIBLE SOURCE OVERLAP,False,False,siren,0.0008683817577548325,0,43.22130000218749,3.2535099308006465e-05,0.0006975961732678115,0.00020131142809987068,0.0008683817577548325,0.0003976408625021577,0.05,False,non_emergency
1-31482-A-42,benchmark_data/external/esc50/audio/1-31482-A-42.wav,siren,siren,exact,1,False,e4c640a001c2abe808389c90b90ba7084fb1922d58235e3ec95c18c4afb4ef5c,POSSIBLE SOURCE OVERLAP,True,True,siren,0.3490596413612366,125,41.532900009769946,0.00017029860464390367,0.005860096774995327,0.2703431248664856,0.3490596413612366,0.0002715082373470068,0.05,True,siren
1-31482-B-42,benchmark_data/external/esc50/audio/1-31482-B-42.wav,siren,siren,exact,1,False,2446a3eb69758de0ddde8962ab8966790a19960c71ab649cff52aae3d5d93a54,POSSIBLE SOURCE OVERLAP,True,True,siren,0.3944637179374695,125,42.25360002601519,0.0009665227262303233,0.004226782359182835,0.004943642299622297,0.3944637179374695,0.0004586247378028929,0.05,True,siren
1-32318-A-0,benchmark_data/external/esc50/audio/1-32318-A-0.wav,dog,dog_barking,compatible,1,True,0e96f0bab8bbba81c98a8d7741cf258c8381c6481bac36961b8603a600a6c321,POSSIBLE SOURCE OVERLAP,False,False,vehicle_horn,0.0023927621077746153,0,44.739099976141006,0.00010152831964660436,0.0023927621077746153,0.0018684701062738895,0.0006307846051640809,0.00011939130490645766,0.05,False,non_emergency
1-4211-A-12,benchmark_data/external/esc50/audio/1-4211-A-12.wav,crackling_fire,fire,compatible,1,True,6e8d15a855d1622c1f7dcd12e00ba2bfc3b65a316947e1bbdcaa0be0157175db,POSSIBLE SOURCE OVERLAP,True,True,fire,0.7230056524276733,125,41.009899985510856,0.004944782238453627,4.984570114174858e-05,0.7230056524276733,0.00020002337987534702,4.4956446799915284e-05,0.05,True,fire
1-46272-A-12,benchmark_data/external/esc50/audio/1-46272-A-12.wav,crackling_fire,fire,compatible,1,True,d48f5f4994b0ac7bbd4983f7c4cb3bdee0a3fe15bdbd0ac8f0fba7450d75c678,POSSIBLE SOURCE OVERLAP,True,True,fire,0.17744678258895874,125,44.04369997791946,0.00015802854613866657,0.0003660201618913561,0.17744678258895874,0.0006771303596906364,7.077979535097256e-05,0.05,True,fire
1-52290-A-30,benchmark_data/external/esc50/audio/1-52290-A-30.wav,door_wood_knock,door_activity,compatible,1,False,09082f42b1ee2bc467eab41e2251419eb29fbf0b8bb7ab72a4b04812641c5dc6,POSSIBLE SOURCE OVERLAP,False,False,glass_breaking,0.0006048287032172084,0,43.26720000244677,0.0006048287032172084,0.0005078664398752153,0.000482086994452402,0.0004179284442216158,0.00016782466263975948,0.05,False,non_emergency
1-54084-A-42,benchmark_data/external/esc50/audio/1-54084-A-42.wav,siren,siren,exact,1,False,b0ce84a3c012d144a1f97394cab2830512078d660e809eecb8abc4fa8ad0a9e1,POSSIBLE SOURCE OVERLAP,True,True,siren,0.4710239768028259,125,43.03150001214817,7.75099397287704e-05,0.000826324918307364,0.0023088380694389343,0.4710239768028259,7.447536336258054e-05,0.05,True,siren
1-59513-A-0,benchmark_data/external/esc50/audio/1-59513-A-0.wav,dog,dog_barking,compatible,1,True,b573fcbb4d3a8a05a857dc1ffdb09c687253ff3a03baa326460e291ce4cbfee7,POSSIBLE SOURCE OVERLAP,False,False,vehicle_horn,0.0007350941887125373,0,46.15589999593794,1.564597914693877e-05,0.0007350941887125373,0.0005709155811928213,0.0004065672983415425,5.782398511655629e-05,0.05,False,non_emergency
1-60997-A-20,benchmark_data/external/esc50/audio/1-60997-A-20.wav,crying_baby,baby_crying,exact,1,True,6e225fdade2a26e8477eab8f3d9058537cd919de78fd1a2dcb029dcc014ce744,POSSIBLE SOURCE OVERLAP,True,True,baby_crying,0.6922715306282043,59,62.22279998473823,0.00025691482005640864,0.0002183119795517996,0.00021623870998155326,0.0007033062283881009,0.6922715306282043,0.05,True,baby_crying
1-60997-B-20,benchmark_data/external/esc50/audio/1-60997-B-20.wav,crying_baby,baby_crying,exact,1,True,2de04b4d958ab53a2f66653f66bc640757bb07cacbb1a614c28777f505c9aa20,POSSIBLE SOURCE OVERLAP,True,True,baby_crying,0.8299397826194763,125,56.5933000179939,0.00020933207997586578,0.00024223052605520934,0.00020200440485496074,0.000996107468381524,0.8299397826194763,0.05,True,baby_crying
1-7057-A-12,benchmark_data/external/esc50/audio/1-7057-A-12.wav,crackling_fire,fire,compatible,1,True,f92e52f9ab78d700dc10bcbc36020082613e669db245961b3205e8394c075da6,POSSIBLE SOURCE OVERLAP,True,True,fire,0.6292708516120911,125,51.268599985633045,0.00020158861298114061,0.00014987440954428166,0.6292708516120911,0.0001902708609122783,5.1246850489405915e-05,0.05,True,fire
1-76831-A-42,benchmark_data/external/esc50/audio/1-76831-A-42.wav,siren,siren,exact,1,False,4b3084efd71e12121f459df54c21b24e4a4710f93dd4f1585d2c2d507b6ec365,POSSIBLE SOURCE OVERLAP,True,True,siren,0.44519150257110596,125,47.29680001037195,0.0002943242434412241,0.005673519801348448,0.0038103614933788776,0.44519150257110596,0.0008174785762093961,0.05,True,siren
1-76831-B-42,benchmark_data/external/esc50/audio/1-76831-B-42.wav,siren,siren,exact,1,False,5e91fb8adabdc48483e968357f839d801e29054c7fdb1338f8781ececbd9e76c,POSSIBLE SOURCE OVERLAP,True,True,siren,0.5366818904876709,125,50.81430001882836,0.0006730676395818591,0.07538740336894989,0.0023463426623493433,0.5366818904876709,0.00017699743330013007,0.05,True,siren
1-76831-C-42,benchmark_data/external/esc50/audio/1-76831-C-42.wav,siren,siren,exact,1,False,bed7848fd5b111ba310961c15e6a89520f14f5f3207178035a0807f5f60ab841,POSSIBLE SOURCE OVERLAP,True,True,siren,0.5469027757644653,125,57.75149998953566,0.000418560957768932,0.04716014489531517,0.0017956466181203723,0.5469027757644653,0.00018358175293542445,0.05,True,siren
1-76831-D-42,benchmark_data/external/esc50/audio/1-76831-D-42.wav,siren,siren,exact,1,False,6e69b25168dae7ff0833fd132c37fe599ed98a946cf1e44d702444e06b9a1913,POSSIBLE SOURCE OVERLAP,True,True,siren,0.5197456479072571,125,41.29359999205917,0.00022958681802265346,0.17768964171409607,0.0031582654919475317,0.5197456479072571,0.00025107545661740005,0.05,True,siren
1-76831-E-42,benchmark_data/external/esc50/audio/1-76831-E-42.wav,siren,siren,exact,1,False,d45df4c567ab2398c4fae35654266e74f92de5022d36944fef4c9f79d919288a,POSSIBLE SOURCE OVERLAP,True,True,siren,0.5443322062492371,125,47.453600040171295,0.0008087333990260959,0.13688425719738007,0.0017597273690626025,0.5443322062492371,0.0002874308847822249,0.05,True,siren
1-81001-A-30,benchmark_data/external/esc50/audio/1-81001-A-30.wav,door_wood_knock,door_activity,compatible,1,False,9f3bb3b76f7094b8f0df0385cc1feb208b55823efb08ab0cc50799a303400f48,POSSIBLE SOURCE OVERLAP,False,False,siren,0.0007688843761570752,0,50.58760003885254,0.00010639618994900957,0.0002106870961142704,0.0004422939382493496,0.0007688843761570752,0.0003338002716191113,0.05,False,non_emergency
1-81001-B-30,benchmark_data/external/esc50/audio/1-81001-B-30.wav,door_wood_knock,door_activity,compatible,1,False,bab8493c0ffff799ecfc8f1f112ec52a9efbf522535ad0007dedaf53e9c766b9,POSSIBLE SOURCE OVERLAP,False,False,siren,0.0008651710231788456,0,44.00379996513948,0.00037499627796933055,0.00014874823682475835,0.0006660735816694796,0.0008651710231788456,9.56139265326783e-05,0.05,False,non_emergency
1-82817-A-30,benchmark_data/external/esc50/audio/1-82817-A-30.wav,door_wood_knock,door_activity,compatible,1,False,acfb2591c6a5430b3abbfe59c8a3c866e849576bb4327ac668721b91367220cf,POSSIBLE SOURCE OVERLAP,False,False,fire,0.0007217501406557858,0,45.209000003524125,0.0006448221392929554,0.00012697545753326267,0.0007217501406557858,0.00026283806073479354,0.00011955056834267452,0.05,False,non_emergency
1-84536-A-39,benchmark_data/external/esc50/audio/1-84536-A-39.wav,glass_breaking,glass_breaking,exact,1,False,79efba4c0c54acadc88783e83b428fc9c430db94515b25339a6b5598e2ade0c0,POSSIBLE SOURCE OVERLAP,True,False,glass_breaking,0.6121924519538879,36,43.81259996443987,0.6121924519538879,0.00343379657715559,0.0013165445998311043,0.0007354035624302924,0.00025223050033673644,0.05,True,glass_breaking
1-84704-A-39,benchmark_data/external/esc50/audio/1-84704-A-39.wav,glass_breaking,glass_breaking,exact,1,False,c3e1abf0273f02b5f89e7d51cb890f3ad1575dc55fe1023650b0860b6f3abd15,POSSIBLE SOURCE OVERLAP,True,False,glass_breaking,0.5513253211975098,42,52.30480001773685,0.5513253211975098,0.00045353270252235234,0.0011454303748905659,0.0004305515321902931,0.00014869208098389208,0.05,True,glass_breaking
1-84705-A-39,benchmark_data/external/esc50/audio/1-84705-A-39.wav,glass_breaking,glass_breaking,exact,1,False,e8cc52dd91213cd69031e10c0fe15f77230f588ececb13cc7c906c43ece32336,POSSIBLE SOURCE OVERLAP,True,False,glass_breaking,0.25146132707595825,19,57.959800004027784,0.25146132707595825,0.0007555701304227114,0.00384917133487761,0.00017193329404108226,0.00012195471936138347,0.05,True,glass_breaking
1-85168-A-39,benchmark_data/external/esc50/audio/1-85168-A-39.wav,glass_breaking,glass_breaking,exact,1,False,08fcf5a7656cc1c824122aba2a7dd1107130a0f9d6f3e3b73e7d06575b246ed5,POSSIBLE SOURCE OVERLAP,True,False,glass_breaking,0.6080828905105591,82,59.055999969132245,0.6080828905105591,0.00026286864886060357,0.0014215221162885427,0.0005782000371254981,8.993274241220206e-05,0.05,True,glass_breaking
1-85184-A-39,benchmark_data/external/esc50/audio/1-85184-A-39.wav,glass_breaking,glass_breaking,exact,1,False,aafacfae6a441ba21f4c76a11042726f933272709a099a54a15a905a1d65b837,POSSIBLE SOURCE OVERLAP,True,False,glass_breaking,0.6807886958122253,17,59.5770999789238,0.6807886958122253,0.00023266352945938706,0.0010732883820310235,0.0002822002861648798,9.384812437929213e-05,0.05,True,glass_breaking
1-85362-A-0,benchmark_data/external/esc50/audio/1-85362-A-0.wav,dog,dog_barking,compatible,1,True,2f7742933d677b0dc8d77b802e90ee0fb94b5828183ca96f7a8dd8d24ab57b7b,POSSIBLE SOURCE OVERLAP,False,False,vehicle_horn,0.0010662213899195194,0,51.40519997803494,0.00022359899594448507,0.0010662213899195194,0.0005235201097093523,0.0009192698635160923,4.497493137023412e-05,0.05,False,non_emergency
1-88807-A-39,benchmark_data/external/esc50/audio/1-88807-A-39.wav,glass_breaking,glass_breaking,exact,1,False,e5c368173342c2acba450c7d3116fac74fcec86bc8dc26055c6da7ebc509d191,POSSIBLE SOURCE OVERLAP,True,False,glass_breaking,0.49102333188056946,61,66.17169996025041,0.49102333188056946,9.389342449139804e-05,0.0011269018286839128,0.00022040809562895447,6.379633850883693e-05,0.05,True,glass_breaking
1-97392-A-0,benchmark_data/external/esc50/audio/1-97392-A-0.wav,dog,dog_barking,compatible,1,True,9ec2eb304d2a1ab3a50150a2a558dce0771e4ffc920d074e107fd76cb7b5d28c,POSSIBLE SOURCE OVERLAP,False,False,siren,0.000941998790949583,0,51.760700007434934,7.982130046002567e-05,0.0006433375529013574,0.00020979724649805576,0.000941998790949583,6.084691995056346e-05,0.05,False,non_emergency
1-977-A-39,benchmark_data/external/esc50/audio/1-977-A-39.wav,glass_breaking,glass_breaking,exact,1,False,67c88e07db9e2dd7a7551f0c5b99da315ce7df041f83ed57b479d8fda8fbfe27,POSSIBLE SOURCE OVERLAP,True,False,glass_breaking,0.7125643491744995,35,46.99609999079257,0.7125643491744995,7.29170351405628e-05,0.0010262677678838372,0.00028193515026941895,0.00010267484321957454,0.05,True,glass_breaking
2-100648-A-43,benchmark_data/external/esc50/audio/2-100648-A-43.wav,car_horn,vehicle_horn,compatible,2,False,d52b04e2cd6fee1467d9faae0297b5eb2e3c7a68575bf6f982ca0c738f91df68,POSSIBLE SOURCE OVERLAP,True,False,vehicle_horn,0.8756439685821533,65,53.49640001077205,0.0003638520429376513,0.8756439685821533,0.0004485036479309201,0.0018350991886109114,0.00013485780800692737,0.05,True,vehicle_horn
2-106881-A-39,benchmark_data/external/esc50/audio/2-106881-A-39.wav,glass_breaking,glass_breaking,exact,2,False,e54a661c1fff8150b7c34d54da1686a18eaeaaf454394b866a251ceb68e3f886,POSSIBLE SOURCE OVERLAP,True,True,glass_breaking,0.7025504112243652,18,46.604599978309125,0.7025504112243652,0.0010547131532803178,0.0036364858970046043,0.000983210513368249,0.00018524128245189786,0.05,True,glass_breaking
2-107351-A-20,benchmark_data/external/esc50/audio/2-107351-A-20.wav,crying_baby,baby_crying,exact,2,True,f89a24c9494eab238d80013b9409e6da4058b8097c665a789e48de1aef1bcef5,POSSIBLE SOURCE OVERLAP,True,True,baby_crying,0.7910951375961304,125,61.78769998950884,0.0007047007093206048,0.00023844758106861264,0.0004010467091575265,0.0002881816471926868,0.7910951375961304,0.05,True,baby_crying
2-107351-B-20,benchmark_data/external/esc50/audio/2-107351-B-20.wav,crying_baby,baby_crying,exact,2,True,ebb3365010813cec4b951d1294d3376fc598116a1f86115a3e279ea013160a6a,POSSIBLE SOURCE OVERLAP,True,True,baby_crying,0.7760014533996582,125,71.3918000110425,0.00019688931934069842,0.00015791361511219293,0.00046203643432818353,0.0005017801304347813,0.7760014533996582,0.05,True,baby_crying
2-112213-A-39,benchmark_data/external/esc50/audio/2-112213-A-39.wav,glass_breaking,glass_breaking,exact,2,False,a6b60fb2268d7f0ceda0ff6f798d2d51b4ceb08218b3ac5ca91980a42d9c706b,POSSIBLE SOURCE OVERLAP,True,False,glass_breaking,0.8114264607429504,125,62.032399990130216,0.8114264607429504,0.00011863380495924503,0.0011490696342661977,0.0003026939230039716,4.651510244002566e-05,0.05,True,glass_breaking
2-112213-B-39,benchmark_data/external/esc50/audio/2-112213-B-39.wav,glass_breaking,glass_breaking,exact,2,False,d1d705535a4506b6e7f94c8ebff688bc0aa8bc115b42e8daf13542bec4f90ac7,POSSIBLE SOURCE OVERLAP,True,False,glass_breaking,0.7319620251655579,80,62.235400022473186,0.7319620251655579,0.000177634836290963,0.001381283043883741,0.0006068702205084264,8.922034612623975e-05,0.05,True,glass_breaking
2-114254-A-30,benchmark_data/external/esc50/audio/2-114254-A-30.wav,door_wood_knock,door_activity,compatible,2,False,5717c5c7a3bce7f38c9c444ef54f4c702cca53a6e368a6dc5b1cfb8388f7f9eb,POSSIBLE SOURCE OVERLAP,False,False,vehicle_horn,0.0007402074988931417,0,64.63069998426363,0.0003407194744795561,0.0007402074988931417,0.0005905097350478172,0.0003245995321776718,0.00012198041804367676,0.05,False,non_emergency
2-114280-A-0,benchmark_data/external/esc50/audio/2-114280-A-0.wav,dog,dog_barking,compatible,2,True,23cd06e6c8b2e054d13ad6392d34d91588cd8572041d6f4c1c337048fd5deb69,POSSIBLE SOURCE OVERLAP,False,False,vehicle_horn,0.0005289745167829096,0,82.71139999851584,0.000127699866425246,0.0005289745167829096,0.00014755722077097744,0.000407529209041968,0.00013578117068391293,0.05,False,non_emergency
2-114587-A-0,benchmark_data/external/esc50/audio/2-114587-A-0.wav,dog,dog_barking,compatible,2,True,34d7f9c32c2cda9b6b68483028bb85326259d1c5f2956eac2ecc48b18b06f999,POSSIBLE SOURCE OVERLAP,False,False,vehicle_horn,0.0009787579765543342,0,66.25139998504892,0.00024214600853156298,0.0009787579765543342,0.0005056791706010699,0.0006858811830170453,0.0002476237714290619,0.05,False,non_emergency
2-116400-A-0,benchmark_data/external/esc50/audio/2-116400-A-0.wav,dog,dog_barking,compatible,2,True,9830a9ccefad59e7ac9313b86913a6a15e5b4cb281fd479fc6fb076a06ff2a6e,POSSIBLE SOURCE OVERLAP,False,False,vehicle_horn,0.0006778286187909544,0,68.35889996727929,5.0001617637462914e-05,0.0006778286187909544,0.00043253166950307786,0.0004949597641825676,3.0207082090782933e-05,0.05,False,non_emergency
2-117271-A-0,benchmark_data/external/esc50/audio/2-117271-A-0.wav,dog,dog_barking,compatible,2,True,636eb41093489304bb85802fdf2e8ac8b911500516e210e01f3b0b92f156c01d,POSSIBLE SOURCE OVERLAP,False,False,fire,0.0019501453498378396,0,93.73730001971126,0.0002040777908405289,0.0015664786333218217,0.0019501453498378396,0.00023399523342959583,4.407114829518832e-05,0.05,False,non_emergency
2-118072-A-0,benchmark_data/external/esc50/audio/2-118072-A-0.wav,dog,dog_barking,compatible,2,True,c2003f5ce159e77c3a0e52ff042567d159ea8eab6cd3081e64c0b709556dcb4e,POSSIBLE SOURCE OVERLAP,False,False,fire,0.002876968588680029,0,82.70769997034222,0.00012148429959779605,0.0012790607288479805,0.002876968588680029,0.0008916923543438315,0.00011702229676302522,0.05,False,non_emergency
2-118624-A-30,benchmark_data/external/esc50/audio/2-118624-A-30.wav,door_wood_knock,door_activity,compatible,2,False,9da7306a102bb32df6375513c35f7211c002b078b5d1161e3d8ca234867216e6,POSSIBLE SOURCE OVERLAP,False,False,glass_breaking,0.0008951020427048206,0,68.94339999416843,0.0008951020427048206,0.0005746815586462617,0.0004805600910913199,0.0001305868790950626,0.0002789704012684524,0.05,False,non_emergency
2-118625-A-30,benchmark_data/external/esc50/audio/2-118625-A-30.wav,door_wood_knock,door_activity,compatible,2,False,547e4a4b40cbc54a390e4e20ca8740bae55659dcd6dfaf3f872147fc7b87eb93,POSSIBLE SOURCE OVERLAP,False,False,glass_breaking,0.001574698369950056,0,70.6785999936983,0.001574698369950056,0.0007664607837796211,0.0004927853588014841,0.0001226406602654606,0.0002585891052149236,0.05,False,non_emergency
2-118964-A-0,benchmark_data/external/esc50/audio/2-118964-A-0.wav,dog,dog_barking,compatible,2,True,c684bc7d6ff7d8b9dbb7b033760319c4b4aac2ec0ae221df9ba684790a502d87,POSSIBLE SOURCE OVERLAP,False,False,vehicle_horn,0.0016408944502472878,0,66.24939996981993,0.000335369462845847,0.0016408944502472878,0.0004403337661642581,0.0013149011647328734,0.0001080990259652026,0.05,False,non_emergency
2-120218-A-30,benchmark_data/external/esc50/audio/2-120218-A-30.wav,door_wood_knock,door_activity,compatible,2,False,dae3ed8868e44ec84033f246f4e52817cb8805804083fd8d8aee9c109322d88c,POSSIBLE SOURCE OVERLAP,False,False,siren,0.0008513148059137166,0,89.30199994938448,0.0002040007384493947,0.00020029897859785706,0.0003927295038010925,0.0008513148059137166,2.9554443244705908e-05,0.05,False,non_emergency
2-120218-B-30,benchmark_data/external/esc50/audio/2-120218-B-30.wav,door_wood_knock,door_activity,compatible,2,False,a9a1af8ac24e54bd91cb8d6127baf42fca8502f49cf3d1cea1e9806d262aeab7,POSSIBLE SOURCE OVERLAP,False,False,siren,0.000604828994255513,0,78.88340001227334,6.339172250591218e-05,9.947538637788966e-05,0.00017320888582617044,0.000604828994255513,4.738383722724393e-05,0.05,False,non_emergency
2-122104-A-0,benchmark_data/external/esc50/audio/2-122104-A-0.wav,dog,dog_barking,compatible,2,True,0ed7ff66a9d9a570768815d0027803283f091201ec8bf742f466441ad051f736,POSSIBLE SOURCE OVERLAP,False,False,vehicle_horn,0.0017813007580116391,0,137.94699998106807,3.420863868086599e-05,0.0017813007580116391,0.0007327909697778523,0.0006486906204372644,1.1153430023114197e-05,0.05,False,non_emergency
2-122104-B-0,benchmark_data/external/esc50/audio/2-122104-B-0.wav,dog,dog_barking,compatible,2,True,3cbf9d8b919210c37a2c74706cdeacf99073a83e98ae6a797d31b34e35db9a59,POSSIBLE SOURCE OVERLAP,False,False,vehicle_horn,0.0022487028036266565,0,83.27340002870187,3.6004774301545694e-05,0.0022487028036266565,0.0009013917879201472,0.0009576688753440976,1.0265206583426334e-05,0.05,False,non_emergency
2-125520-A-43,benchmark_data/external/esc50/audio/2-125520-A-43.wav,car_horn,vehicle_horn,compatible,2,False,79e2335cf1fa4b0a6be7d2a93007f630acd89e178405ae2fabf45ee3af801fda,POSSIBLE SOURCE OVERLAP,True,True,vehicle_horn,0.7148147821426392,101,75.62620000680909,0.00022213002375792712,0.7148147821426392,0.00036717974580824375,0.006619128864258528,4.474174784263596e-05,0.05,True,vehicle_horn
2-128465-A-43,benchmark_data/external/esc50/audio/2-128465-A-43.wav,car_horn,vehicle_horn,compatible,2,False,3ea14ee5f81618b2f7575597fd5ea84b81e9f6cad8be31925c8146e593c4223c,POSSIBLE SOURCE OVERLAP,True,False,vehicle_horn,0.7822951674461365,125,103.58970001107082,8.142756269080564e-05,0.7822951674461365,0.015457890927791595,0.012066642753779888,5.5921704188222066e-05,0.05,True,vehicle_horn
2-128465-B-43,benchmark_data/external/esc50/audio/2-128465-B-43.wav,car_horn,vehicle_horn,compatible,2,False,33b2d69540813ddad41ec1fd472d0a488badd3f584d6d2866b1c01cc8bf3f4fc,POSSIBLE SOURCE OVERLAP,True,False,vehicle_horn,0.7095268964767456,125,143.96919996943325,0.0001294353132834658,0.7095268964767456,0.01818276196718216,0.010639593005180359,3.653333624242805e-05,0.05,True,vehicle_horn
2-133889-A-30,benchmark_data/external/esc50/audio/2-133889-A-30.wav,door_wood_knock,door_activity,compatible,2,False,107b60bc008ec68f0cd71632c12b7518ed4dfd5183538fc31b80db3800ee6e3b,POSSIBLE SOURCE OVERLAP,False,False,siren,0.001177878468297422,0,90.62179998727515,0.00019217839871998876,0.0009637580369599164,0.0009414886590093374,0.001177878468297422,6.287822179729119e-05,0.05,False,non_emergency
2-134915-A-30,benchmark_data/external/esc50/audio/2-134915-A-30.wav,door_wood_knock,door_activity,compatible,2,False,18d40b05f1f00bde85437275e099b2bc1d1ef55d98e9b086858b0506b270d9ee,POSSIBLE SOURCE OVERLAP,False,False,fire,0.0009348316816613078,0,84.81319999555126,0.00015177216846495867,0.0008730203262530267,0.0009348316816613078,0.0008901253459043801,3.2123454730026424e-05,0.05,False,non_emergency
2-138465-A-43,benchmark_data/external/esc50/audio/2-138465-A-43.wav,car_horn,vehicle_horn,compatible,2,False,380ec3e24401d866e349066951383dce4d58b6244fce3780f1b40c37b2aad242,POSSIBLE SOURCE OVERLAP,True,False,vehicle_horn,0.5103861689567566,91,65.90310001047328,0.002876912709325552,0.5103861689567566,0.02789612114429474,0.008997163735330105,2.8585740437847562e-05,0.05,True,vehicle_horn
2-140841-A-30,benchmark_data/external/esc50/audio/2-140841-A-30.wav,door_wood_knock,door_activity,compatible,2,False,1641e186482eb7088b54b56bfe3a2c4526b00e7f4ec046dddea6effe945e7298,POSSIBLE SOURCE OVERLAP,False,False,glass_breaking,0.001986146904528141,0,55.8100999915041,0.001986146904528141,0.00025164990802295506,0.001800666330382228,0.00040022211032919586,8.819898357614875e-05,0.05,False,non_emergency
2-141563-A-39,benchmark_data/external/esc50/audio/2-141563-A-39.wav,glass_breaking,glass_breaking,exact,2,False,3ef4dae6a116b3d18a0f9f18d4373f0247debb168b0718eee89c0a30a38890c7,POSSIBLE SOURCE OVERLAP,True,False,glass_breaking,0.8048065304756165,43,58.55289997998625,0.8048065304756165,0.0005253016133792698,0.004417933523654938,0.0006268005818128586,0.00015671973233111203,0.05,True,glass_breaking
2-144137-A-43,benchmark_data/external/esc50/audio/2-144137-A-43.wav,car_horn,vehicle_horn,compatible,2,False,47a434e6db6ed5f323cb3c27db65d6bb3e8b63190126ede88e0b5d07597df8bd,POSSIBLE SOURCE OVERLAP,True,True,vehicle_horn,0.7195667028427124,49,57.413200032897294,0.0003752347838599235,0.7195667028427124,0.003334774635732174,0.006938799284398556,0.00022142672969494015,0.05,True,vehicle_horn
2-151079-A-20,benchmark_data/external/esc50/audio/2-151079-A-20.wav,crying_baby,baby_crying,exact,2,True,8a13243f77b12668061f6fb18e820d8398c75d35eca09f9640efdd9df6703499,POSSIBLE SOURCE OVERLAP,True,True,baby_crying,0.5757558345794678,106,53.52560000028461,0.0006386747700162232,0.0004140782111790031,0.0006648504640907049,0.0004464047378860414,0.5757558345794678,0.05,True,baby_crying
2-173559-A-39,benchmark_data/external/esc50/audio/2-173559-A-39.wav,glass_breaking,glass_breaking,exact,2,False,e60d74d17651551cb82e4fd8a542ceae3f278da1a6b4393fe9e704c786ff4125,POSSIBLE SOURCE OVERLAP,True,False,glass_breaking,0.7781743407249451,97,56.15560000296682,0.7781743407249451,0.00046505744103342295,0.0016195533098652959,0.001005965401418507,0.00041388996760360897,0.05,True,glass_breaking
2-173607-A-39,benchmark_data/external/esc50/audio/2-173607-A-39.wav,glass_breaking,glass_breaking,exact,2,False,55cc07864f3f8195e51bbdf10fda1601df6b5ff0d5f486a356d79b60c0beb3d6,POSSIBLE SOURCE OVERLAP,True,False,glass_breaking,0.7531381845474243,84,65.82249997882172,0.7531381845474243,0.0004689235065598041,0.002786895027384162,0.000557600986212492,0.00034575024619698524,0.05,True,glass_breaking
2-173618-A-39,benchmark_data/external/esc50/audio/2-173618-A-39.wav,glass_breaking,glass_breaking,exact,2,False,9170ecdc0903514ded47782447d6f0828d752ebc9765fa0cb257f869529dd830,POSSIBLE SOURCE OVERLAP,True,False,glass_breaking,0.7899613976478577,125,68.74349998543039,0.7899613976478577,0.00015546978102065623,0.0015496364794671535,0.0010307058691978455,0.00021675559401046485,0.05,True,glass_breaking
2-18766-A-12,benchmark_data/external/esc50/audio/2-18766-A-12.wav,crackling_fire,fire,compatible,2,True,10a98a61a73baee8028c19b9de330261f2dae87f57b2792457d81e46a544697a,POSSIBLE SOURCE OVERLAP,True,True,fire,0.12379665672779083,125,63.462099991738796,0.0003427844203542918,0.00016112151206471026,0.12379665672779083,0.0004271382640581578,3.552083217073232e-05,0.05,True,fire
2-18766-B-12,benchmark_data/external/esc50/audio/2-18766-B-12.wav,crackling_fire,fire,compatible,2,True,ce9d67f6f6b8d093d3dc2d14088251d76b2772210733908d01b0ecc08c349fe4,POSSIBLE SOURCE OVERLAP,True,True,fire,0.19818104803562164,125,79.01399995898828,0.002986273728311062,0.00013501555076800287,0.19818104803562164,0.00028612042660824955,3.659152935142629e-05,0.05,True,fire
2-250710-A-39,benchmark_data/external/esc50/audio/2-250710-A-39.wav,glass_breaking,glass_breaking,exact,2,False,ca0b7286ded500bd1f1928ef96ad5c35704bec66a790181afeb17ec7d995dbac,POSSIBLE SOURCE OVERLAP,True,False,glass_breaking,0.2985646426677704,51,83.84239999577403,0.2985646426677704,0.0009053762187249959,0.005854546558111906,0.0007712462102063,0.00039541328442282975,0.05,True,glass_breaking
2-28314-A-12,benchmark_data/external/esc50/audio/2-28314-A-12.wav,crackling_fire,fire,compatible,2,True,f77a729e093baeeba246d00c4875e6fd7702c3635e0e5e58aca2357f62d16c92,POSSIBLE SOURCE OVERLAP,True,True,fire,0.6105996370315552,125,66.47089996840805,0.0006654603057540953,0.0002737983886618167,0.6105996370315552,0.0002601879241410643,4.061304935021326e-05,0.05,True,fire
2-28314-B-12,benchmark_data/external/esc50/audio/2-28314-B-12.wav,crackling_fire,fire,compatible,2,True,6c5f3f8b6af384c0b553741b51e7348c24537d686e7abaa6eadf4badd2da2168,POSSIBLE SOURCE OVERLAP,True,False,fire,0.5262435674667358,125,65.33880002098158,0.0011217042338103056,0.0004209386243019253,0.5262435674667358,0.00012144967331551015,3.629331331467256e-05,0.05,True,fire
2-30322-A-12,benchmark_data/external/esc50/audio/2-30322-A-12.wav,crackling_fire,fire,compatible,2,True,894526cbb7e9ca1150893b332a69cdc2cffaede5a29a881b4b7fe7dab4f1156e,POSSIBLE SOURCE OVERLAP,True,True,fire,0.6226847171783447,125,61.533299973234534,0.0009310228051617742,0.0003519487217999995,0.6226847171783447,0.00025353391538374126,2.520947418815922e-05,0.05,True,fire
2-30322-B-12,benchmark_data/external/esc50/audio/2-30322-B-12.wav,crackling_fire,fire,compatible,2,True,b0a16101ed58292d6105d0f694adfb885578c56292e04e6c64a53ca3d5c2e884,POSSIBLE SOURCE OVERLAP,True,True,fire,0.631000816822052,125,66.68719998560846,0.0007199407555162907,0.0006997555028647184,0.631000816822052,0.00027578900335356593,2.0111925550736487e-05,0.05,True,fire
2-42101-A-43,benchmark_data/external/esc50/audio/2-42101-A-43.wav,car_horn,vehicle_horn,compatible,2,False,7dbb349df688e552e85413d808b6338aa9e8fcc8a907d905817820a6dc603d49,POSSIBLE SOURCE OVERLAP,True,False,vehicle_horn,0.6910734176635742,56,63.2630999898538,0.00023832371516618878,0.6910734176635742,0.0008557297987863421,0.0038391724228858948,2.22459711949341e-05,0.05,True,vehicle_horn
2-43802-A-42,benchmark_data/external/esc50/audio/2-43802-A-42.wav,siren,siren,exact,2,False,ba6777f4ea87490953ec0fe89499368ce993afb99ba9eec60747cbb94785eb4f,POSSIBLE SOURCE OVERLAP,True,True,siren,0.3274036645889282,125,46.51900002500042,0.001579070696607232,0.10415676236152649,0.0023745503276586533,0.3274036645889282,0.0005144213791936636,0.05,True,siren
2-43806-A-42,benchmark_data/external/esc50/audio/2-43806-A-42.wav,siren,siren,exact,2,False,376353be53fe9eff3dc25d6ff94fd685510a985ba11cdfea39ea5ae33bbd42c2,POSSIBLE SOURCE OVERLAP,True,True,siren,0.48433518409729004,114,60.38750003790483,0.0010814607376232743,0.004558911081403494,0.019251182675361633,0.48433518409729004,0.00026120676193386316,0.05,True,siren
2-50665-A-20,benchmark_data/external/esc50/audio/2-50665-A-20.wav,crying_baby,baby_crying,exact,2,True,8179d295f531f165ee89e92c3fb9f496ca6e13cff1fae3bb76067ee84da49078,POSSIBLE SOURCE OVERLAP,True,True,baby_crying,0.2862201929092407,73,62.11540004005656,6.279331864789128e-05,0.0009980167960748076,0.00015226718096528202,0.0011001193197444081,0.2862201929092407,0.05,True,baby_crying
2-50666-A-20,benchmark_data/external/esc50/audio/2-50666-A-20.wav,crying_baby,baby_crying,exact,2,True,1f15be2b6c7bc156ccb5174b205b03eace593d728ea227a889ecd17375d4f5ea,POSSIBLE SOURCE OVERLAP,True,False,baby_crying,0.16489577293395996,105,67.94079998508096,7.622937118867412e-05,0.0005211331299506128,0.00015816015365999192,0.0002902089909184724,0.16489577293395996,0.05,True,baby_crying
2-54086-A-43,benchmark_data/external/esc50/audio/2-54086-A-43.wav,car_horn,vehicle_horn,compatible,2,False,66d57ce16595c23b696ce37858261d98342005f1b07c2b9c2e6a9e4b76480d33,POSSIBLE SOURCE OVERLAP,True,True,vehicle_horn,0.706998884677887,66,67.05099996179342,0.00013533831224776804,0.706998884677887,0.006531651597470045,0.0053834980353713036,8.442840044153854e-05,0.05,True,vehicle_horn
2-61311-A-12,benchmark_data/external/esc50/audio/2-61311-A-12.wav,crackling_fire,fire,compatible,2,True,e0c27e6498d90f6e3a70346ebd43669478a92a170d453ebae6afbda2af1954e2,POSSIBLE SOURCE OVERLAP,True,False,fire,0.1683799922466278,125,56.85829999856651,0.0016056501772254705,0.00021410627232398838,0.1683799922466278,0.000182220246642828,0.00010432628187118098,0.05,True,fire
2-65747-A-12,benchmark_data/external/esc50/audio/2-65747-A-12.wav,crackling_fire,fire,compatible,2,True,14a098365b21366eeec932f9cadfb368144fbd7d84e0066f81992afc3fac19a5,POSSIBLE SOURCE OVERLAP,True,False,fire,0.23998959362506866,125,50.17430003499612,8.102803985821083e-05,0.0011038638185709715,0.23998959362506866,0.0007915375754237175,3.4885517379734665e-05,0.05,True,fire
2-66637-A-20,benchmark_data/external/esc50/audio/2-66637-A-20.wav,crying_baby,baby_crying,exact,2,True,7956582f54756ada936b22c5d2e810d7237ddc95897a1557a59417e3b1be0f99,POSSIBLE SOURCE OVERLAP,True,True,baby_crying,0.6468439698219299,61,52.55520000355318,0.0008432692848145962,0.0008748831460252404,0.00171580258756876,0.00025875307619571686,0.6468439698219299,0.05,True,baby_crying
2-66637-B-20,benchmark_data/external/esc50/audio/2-66637-B-20.wav,crying_baby,baby_crying,exact,2,True,9ef70dfc68879c756405662282e61e32aa88b3716455b13205936c4f7a135bb8,POSSIBLE SOURCE OVERLAP,True,True,baby_crying,0.4268164038658142,38,62.667999998666346,0.0002235444262623787,0.0010438190074637532,0.0008807656704448164,0.00033149850787594914,0.4268164038658142,0.05,True,baby_crying
2-70052-A-42,benchmark_data/external/esc50/audio/2-70052-A-42.wav,siren,siren,exact,2,False,012cf9bf49d8619a9c60cf0a606af4b0e32645d9220e9fa266865a858a906608,POSSIBLE SOURCE OVERLAP,True,True,siren,0.5379137396812439,125,59.09110000357032,0.00019969332788605243,0.027675146237015724,0.0024174728896468878,0.5379137396812439,0.00025303452275693417,0.05,True,siren
2-70052-B-42,benchmark_data/external/esc50/audio/2-70052-B-42.wav,siren,siren,exact,2,False,65bf1c84e863a15e878f73c316d66df38872ec63462efc0989cf06538e01aa62,POSSIBLE SOURCE OVERLAP,True,True,siren,0.5142694711685181,98,65.91470004059374,0.0022239149548113346,0.010514535941183567,0.0006306174909695983,0.5142694711685181,7.926772377686575e-05,0.05,True,siren
2-70936-A-42,benchmark_data/external/esc50/audio/2-70936-A-42.wav,siren,siren,exact,2,False,187e6149565a5c95d350d672dfca2750e9471d6cad846ba5ddc998e7a3958f58,POSSIBLE SOURCE OVERLAP,True,True,siren,0.5754265785217285,125,60.77529996400699,3.197162368451245e-05,0.001119672553613782,0.004271924030035734,0.5754265785217285,0.00017821352230384946,0.05,True,siren
2-70938-A-42,benchmark_data/external/esc50/audio/2-70938-A-42.wav,siren,siren,exact,2,False,942d1f4b4959e4f72b8176377934f26015f58863102188a25c07189bffe743d2,POSSIBLE SOURCE OVERLAP,True,True,siren,0.8877105116844177,103,53.59660001704469,0.0003165195812471211,0.005812313873320818,0.0029990030452609062,0.8877105116844177,6.005171235301532e-05,0.05,True,siren
2-70939-A-42,benchmark_data/external/esc50/audio/2-70939-A-42.wav,siren,siren,exact,2,False,a3b366a40193537c92bc4053a1691a36f102c6067514f116cf07773498a0decf,POSSIBLE SOURCE OVERLAP,True,True,siren,0.6602600812911987,125,46.08700005337596,0.00028172688325867057,0.0012288199504837394,0.0014189861249178648,0.6602600812911987,0.0001621478149900213,0.05,True,siren
2-72688-A-42,benchmark_data/external/esc50/audio/2-72688-A-42.wav,siren,siren,exact,2,False,406225783170623a673c8104c9eef1871d8a693f5f93372965e1041543530f30,POSSIBLE SOURCE OVERLAP,True,True,siren,0.5262815356254578,125,85.5726000154391,0.0002024341665674001,0.0032944350969046354,0.0017954243812710047,0.5262815356254578,7.057678885757923e-05,0.05,True,siren
2-80482-A-20,benchmark_data/external/esc50/audio/2-80482-A-20.wav,crying_baby,baby_crying,exact,2,True,1bc0b84be46c90e74f19f4704f488cb17a4e34686fd76bc4454007f13bf64f33,POSSIBLE SOURCE OVERLAP,True,True,baby_crying,0.7354303598403931,86,69.96140000410378,0.0002502506831660867,0.00013808715448249131,0.00010632509656716138,0.0002578888670541346,0.7354303598403931,0.05,True,baby_crying
3-104632-A-12,benchmark_data/external/esc50/audio/3-104632-A-12.wav,crackling_fire,fire,compatible,3,True,415e6d92371447377a916760fdda326f55f6f88cf428dc45b3edfe45b1d2b0a5,POSSIBLE SOURCE OVERLAP,True,False,fire,0.013573010452091694,0,51.75629997393116,0.0010724866297096014,0.000676712254062295,0.013573010452091694,0.0010649068281054497,0.0006374845979735255,0.05,False,non_emergency
3-104958-A-12,benchmark_data/external/esc50/audio/3-104958-A-12.wav,crackling_fire,fire,compatible,3,True,d538428b1a51d450809757d169ba16f77c85721c267a46d29f5d538dfc846563,POSSIBLE SOURCE OVERLAP,True,True,fire,0.02065182290971279,0,59.00890001794323,0.00026624120073392987,7.438493776135147e-05,0.02065182290971279,0.00043297946103848517,4.046587127959356e-05,0.05,False,non_emergency
3-120644-A-12,benchmark_data/external/esc50/audio/3-120644-A-12.wav,crackling_fire,fire,compatible,3,True,44acca39a9f884a0ba916ea8f5865079006d42acd31a8498f4e5bb0d5bd10146,POSSIBLE SOURCE OVERLAP,True,False,fire,0.06992051750421524,52,52.594800014048815,4.2797804781002924e-05,0.00020396806939970702,0.06992051750421524,0.0001911053986987099,6.148222018964589e-05,0.05,True,fire
3-136288-A-0,benchmark_data/external/esc50/audio/3-136288-A-0.wav,dog,dog_barking,compatible,3,True,8293b4fe3c40cf9bbe243fa27d153bbef86217f855e4295e89f41411267c9f8d,POSSIBLE SOURCE OVERLAP,False,False,siren,0.005815210752189159,0,46.662200009450316,0.00022166140843182802,0.0013640039833262563,0.00026718995650298893,0.005815210752189159,0.00022857706062495708,0.05,False,non_emergency
3-144028-A-0,benchmark_data/external/esc50/audio/3-144028-A-0.wav,dog,dog_barking,compatible,3,True,2828c40f81b8bdfded734b1ea057444f780d1ada4241a2dc2ab70c646f963b47,POSSIBLE SOURCE OVERLAP,False,False,vehicle_horn,0.003722230438143015,0,63.511300017125905,4.3304582504788414e-05,0.003722230438143015,0.00036985010956414044,0.0010689711198210716,0.00028650724561885,0.05,False,non_emergency
3-144510-A-30,benchmark_data/external/esc50/audio/3-144510-A-30.wav,door_wood_knock,door_activity,compatible,3,False,c7fbb4cbda9d1f2950bf205212115a372b840382228c3baeb6451ae83366ee34,POSSIBLE SOURCE OVERLAP,False,False,vehicle_horn,0.0002947403700090945,0,47.589599969796836,0.00025142377126030624,0.0002947403700090945,0.00027461251011118293,0.0002219964371761307,9.611964924260974e-05,0.05,False,non_emergency
3-145577-A-43,benchmark_data/external/esc50/audio/3-145577-A-43.wav,car_horn,vehicle_horn,compatible,3,False,0cfe3103f197d1f8d23cb7afb5b81468f44a66ca86e7cc1b6051fc2892f9c4e3,POSSIBLE SOURCE OVERLAP,True,True,vehicle_horn,0.2900554835796356,21,39.67719996580854,0.0022352884989231825,0.2900554835796356,0.006574994884431362,0.0047664218582212925,8.960727427620441e-05,0.05,True,vehicle_horn
3-145774-A-12,benchmark_data/external/esc50/audio/3-145774-A-12.wav,crackling_fire,fire,compatible,3,True,126163ee53c9cfc620a9963303a56e5e8fb2e1a47da02ac0a8849f35244e0c8e,POSSIBLE SOURCE OVERLAP,True,True,fire,0.13806003332138062,124,50.2756999921985,0.00014358288899529725,0.00017573116929270327,0.13806003332138062,0.000499325804412365,0.00015852916112635285,0.05,True,fire
3-146697-A-43,benchmark_data/external/esc50/audio/3-146697-A-43.wav,car_horn,vehicle_horn,compatible,3,False,eecf11e6945781d89a689d5e691329935ca865a23827d4d57e79b6b84bd6b631,POSSIBLE SOURCE OVERLAP,True,False,vehicle_horn,0.6912281513214111,16,52.00460000196472,0.0005721344496123493,0.6912281513214111,0.0020317777525633574,0.0005710451514460146,4.118972719879821e-05,0.05,True,vehicle_horn
3-147965-A-12,benchmark_data/external/esc50/audio/3-147965-A-12.wav,crackling_fire,fire,compatible,3,True,e5de3d144c438512347ce7ebad8a7d69b0f1a28e47dc1c2ee86da44a6ef30a03,POSSIBLE SOURCE OVERLAP,True,False,fire,0.014518438838422298,0,44.19190000044182,1.8213015209767036e-05,0.0005191947566345334,0.014518438838422298,0.0002993676462210715,4.2537678382359445e-05,0.05,False,non_emergency
3-151080-A-20,benchmark_data/external/esc50/audio/3-151080-A-20.wav,crying_baby,baby_crying,exact,3,True,e673e80074c99c9a8426ff708ca40d5f7a146605cf7b1625532276a7b95fd801,POSSIBLE SOURCE OVERLAP,True,True,baby_crying,0.5093849301338196,125,41.53629997745156,0.00014159458805806935,9.83232312137261e-05,0.00022834158153273165,0.0005832393071614206,0.5093849301338196,0.05,True,baby_crying
3-151081-A-20,benchmark_data/external/esc50/audio/3-151081-A-20.wav,crying_baby,baby_crying,exact,3,True,48a0009a2b2f7e97d19c020c1292e17ee0775dc7537bca3109c4128fb17ac7de,POSSIBLE SOURCE OVERLAP,True,True,baby_crying,0.6208083629608154,125,36.55670001171529,0.0008213134715333581,0.00038542193942703307,0.000475701701361686,0.00042093978845514357,0.6208083629608154,0.05,True,baby_crying
3-151081-B-20,benchmark_data/external/esc50/audio/3-151081-B-20.wav,crying_baby,baby_crying,exact,3,True,922250bbeca13111c955a83958f013c3a50b48e240705c57a645faf8b47a35d6,POSSIBLE SOURCE OVERLAP,True,True,baby_crying,0.2209320068359375,68,60.88260002434254,0.0003077143046539277,0.000935073010623455,0.0006825081072747707,0.000369229179341346,0.2209320068359375,0.05,True,baby_crying
3-151089-A-30,benchmark_data/external/esc50/audio/3-151089-A-30.wav,door_wood_knock,door_activity,compatible,3,False,77f3f8c26ea85756b565e142b920908a443bc95cc2b3e1e2546e7a69746bc06c,POSSIBLE SOURCE OVERLAP,False,False,fire,0.0005161954904906452,0,55.2830999949947,0.00014656175335403532,0.0002835806517396122,0.0005161954904906452,0.0003233208553865552,4.751859523821622e-05,0.05,False,non_emergency
3-152007-A-20,benchmark_data/external/esc50/audio/3-152007-A-20.wav,crying_baby,baby_crying,exact,3,True,dff786672fb70a78c6ddcde9935d1327fcb6704251844753c3a28b73ad2eef44,POSSIBLE SOURCE OVERLAP,True,True,baby_crying,0.5952678322792053,89,76.35869999649003,0.0002237610606243834,0.0002969446359202266,0.0002157347771571949,0.0001970707526197657,0.5952678322792053,0.05,True,baby_crying
3-152007-B-20,benchmark_data/external/esc50/audio/3-152007-B-20.wav,crying_baby,baby_crying,exact,3,True,39f6c0417c9bc1154f1cc292a593a33caec51eb985482c89d57e5fede76cdb9f,POSSIBLE SOURCE OVERLAP,True,True,baby_crying,0.649467408657074,125,78.84849997935817,0.0001382517075398937,0.000352746166754514,0.00011552595242392272,0.00043444448965601623,0.649467408657074,0.05,True,baby_crying
3-152007-C-20,benchmark_data/external/esc50/audio/3-152007-C-20.wav,crying_baby,baby_crying,exact,3,True,ccd8f855a799a8d21f3234ba81cce8a4eccbbfdef8d141b938f2c5e0ea85aa44,POSSIBLE SOURCE OVERLAP,True,True,baby_crying,0.4073352813720703,61,51.07559997122735,0.0003059293667320162,0.0033355418127030134,0.000464169483166188,0.00027180014876648784,0.4073352813720703,0.05,True,baby_crying
3-152007-D-20,benchmark_data/external/esc50/audio/3-152007-D-20.wav,crying_baby,baby_crying,exact,3,True,c47feeedb4dbf4681b595318dfc3ca0aa555af0a2ef87022715c55ff47922999,POSSIBLE SOURCE OVERLAP,True,True,baby_crying,0.6539049744606018,74,56.85520003316924,0.0002299594780197367,0.00013434966967906803,0.00024103690520860255,0.0004489228595048189,0.6539049744606018,0.05,True,baby_crying
3-152007-E-20,benchmark_data/external/esc50/audio/3-152007-E-20.wav,crying_baby,baby_crying,exact,3,True,2369f99bd8ec01a9eb92d1be9a418143ff6f2298791d7811b614ba6cf92ef420,POSSIBLE SOURCE OVERLAP,True,True,baby_crying,0.695228099822998,125,57.426300016231835,0.00021067223860882223,0.0002397092612227425,0.0001523904938949272,0.00028814372490160167,0.695228099822998,0.05,True,baby_crying
3-152594-A-30,benchmark_data/external/esc50/audio/3-152594-A-30.wav,door_wood_knock,door_activity,compatible,3,False,8d897589e0bf01b2f19f4cc90253688711a522a05306ecc13fa7903f7be8bbdd,POSSIBLE SOURCE OVERLAP,False,False,fire,0.0006416713586077094,0,74.0411999868229,0.00026462131063453853,0.0005392244202084839,0.0006416713586077094,0.000510993879288435,6.581975321751088e-05,0.05,False,non_emergency
3-153057-A-43,benchmark_data/external/esc50/audio/3-153057-A-43.wav,car_horn,vehicle_horn,compatible,3,False,d9ef718570e5f58436d84a45a0619d1b812eac187282dad30fbf166432f6cf79,POSSIBLE SOURCE OVERLAP,True,True,vehicle_horn,0.3091621994972229,22,72.10889999987558,0.0032965245191007853,0.3091621994972229,0.002621030667796731,0.003568712854757905,0.00012754993804264814,0.05,True,vehicle_horn
3-154378-A-30,benchmark_data/external/esc50/audio/3-154378-A-30.wav,door_wood_knock,door_activity,compatible,3,False,1621d5c3bb3b77d5e24a13751cb53e5924578c71bd1617578e12cc525d949a67,POSSIBLE SOURCE OVERLAP,False,False,vehicle_horn,0.0011161104775965214,0,53.658500022720546,0.000632292649243027,0.0011161104775965214,0.0008988073677755892,0.0005544563755393028,0.00011377229384379461,0.05,False,non_emergency
3-155130-A-43,benchmark_data/external/esc50/audio/3-155130-A-43.wav,car_horn,vehicle_horn,compatible,3,False,3e0868245e2f29e1c437f21d9e9da69ca15187c9c54d8339150f677e8ed3c34b,POSSIBLE SOURCE OVERLAP,True,False,vehicle_horn,0.8172647356987,29,49.942700017709285,9.40953686949797e-05,0.8172647356987,0.001435588113963604,0.002215116284787655,3.074690903304145e-05,0.05,True,vehicle_horn
3-155234-A-43,benchmark_data/external/esc50/audio/3-155234-A-43.wav,car_horn,vehicle_horn,compatible,3,False,d3dd9ebc885f00e0857e10fc2c42716c078506c88bb4c28b1eceff75dbf21100,POSSIBLE SOURCE OVERLAP,True,False,vehicle_horn,0.7122831344604492,74,43.1277000461705,0.0002478481619618833,0.7122831344604492,0.0046799564734101295,0.00642714649438858,0.00012484547914937139,0.05,True,vehicle_horn
3-155312-A-0,benchmark_data/external/esc50/audio/3-155312-A-0.wav,dog,dog_barking,compatible,3,True,cd91728dada57b9083122f0991dad5de4010287f91847bca4ac828d6402080e4,POSSIBLE SOURCE OVERLAP,False,False,siren,0.002899087266996503,0,42.84770000958815,8.320291090058163e-05,0.0005831483867950737,0.00022658187663182616,0.002899087266996503,8.352853183168918e-05,0.05,False,non_emergency
3-157187-A-12,benchmark_data/external/esc50/audio/3-157187-A-12.wav,crackling_fire,fire,compatible,3,True,732379827a29ef372d098553de376a66adaac8c32b357221295a9bc7ebba84f0,POSSIBLE SOURCE OVERLAP,True,True,fire,0.17381906509399414,50,43.92329999245703,0.0014773154398426414,0.00016037751629482955,0.17381906509399414,0.000262100831605494,6.412882794393227e-05,0.05,True,fire
3-157695-A-0,benchmark_data/external/esc50/audio/3-157695-A-0.wav,dog,dog_barking,compatible,3,True,7a6099b6ef5f58af8b6f9a9deda41cc0d8efe5a0fd60fdd638a711523674903a,POSSIBLE SOURCE OVERLAP,False,False,vehicle_horn,0.0005955719389021397,0,55.320699990261346,4.246751996106468e-05,0.0005955719389021397,0.00032915332121774554,0.00018983884365297854,8.24223825475201e-05,0.05,False,non_emergency
3-158476-A-12,benchmark_data/external/esc50/audio/3-158476-A-12.wav,crackling_fire,fire,compatible,3,True,6d5eb5cbb48457fddc3647fa4750e1c5d3c8f5121756182206adfbf9c9eedc50,POSSIBLE SOURCE OVERLAP,True,False,fire,0.17918908596038818,125,46.38470005011186,0.00017328569083474576,0.0019939627964049578,0.17918908596038818,0.0006013646489009261,4.3711523176170886e-05,0.05,True,fire
3-161010-A-43,benchmark_data/external/esc50/audio/3-161010-A-43.wav,car_horn,vehicle_horn,compatible,3,False,b44f3e2b3e75394ab4f475cad59304852c64f5d9c3e3ee7735913cc4de176346,POSSIBLE SOURCE OVERLAP,True,False,vehicle_horn,0.8632441759109497,88,41.89379996387288,0.00015362596604973078,0.8632441759109497,0.0014746265951544046,0.0026963467244058847,2.4496945115970448e-05,0.05,True,vehicle_horn
3-163459-A-0,benchmark_data/external/esc50/audio/3-163459-A-0.wav,dog,dog_barking,compatible,3,True,fede0d9dcbf6c0252880acf39d411d62e0060e9c9ff3bda9135b3dc2bccb41fe,POSSIBLE SOURCE OVERLAP,False,False,vehicle_horn,0.0008268565870821476,0,41.235300013795495,5.4731161071686074e-05,0.0008268565870821476,0.0004611365729942918,0.0005695910076610744,0.00018485488544683903,0.05,False,non_emergency
3-170015-A-0,benchmark_data/external/esc50/audio/3-170015-A-0.wav,dog,dog_barking,compatible,3,True,7aff1d04c4c381636e0bfc7d9dfbf76509d0f30674fc542bb8f8ed757f29e29d,POSSIBLE SOURCE OVERLAP,False,False,siren,0.0016136971535161138,0,45.14449997805059,0.00015734006592538208,0.0013496032916009426,0.0005480019026435912,0.0016136971535161138,0.00042202282929793,0.05,False,non_emergency
3-170574-A-30,benchmark_data/external/esc50/audio/3-170574-A-30.wav,door_wood_knock,door_activity,compatible,3,False,d017959970fb74e3ba50b976fbf3841a26b9ae38e29da0d1b82c31b8eb703c60,POSSIBLE SOURCE OVERLAP,False,False,glass_breaking,0.001381373847834766,0,42.73230000399053,0.001381373847834766,0.00030769084696657956,0.00022490731498692185,0.00016020327166188508,2.46109575527953e-05,0.05,False,non_emergency
3-174840-A-43,benchmark_data/external/esc50/audio/3-174840-A-43.wav,car_horn,vehicle_horn,compatible,3,False,86c2d00015c345e5aef746eedd00068d941c298a8408f01a4b0e7dfccbbafc44,POSSIBLE SOURCE OVERLAP,True,True,fire,0.1884538233280182,72,48.22509997757152,0.00025869387900456786,0.17922331392765045,0.1884538233280182,0.049485187977552414,9.600157500244677e-05,0.05,True,fire
3-180147-A-30,benchmark_data/external/esc50/audio/3-180147-A-30.wav,door_wood_knock,door_activity,compatible,3,False,ce82be45dfc494abcefd7c0337d883d2ded12775dff29acc4de0b9a44b9a76e2,POSSIBLE SOURCE OVERLAP,False,False,fire,0.0006446995539590716,0,40.36819998873398,0.00013271186617203057,0.00013982340169604868,0.0006446995539590716,0.0004247295146342367,2.4112105165841058e-05,0.05,False,non_emergency
3-180256-A-0,benchmark_data/external/esc50/audio/3-180256-A-0.wav,dog,dog_barking,compatible,3,True,39ed8c8b60974843511f0f53e33e37f670f9cf22eebcb8b23798d52e0309127b,POSSIBLE SOURCE OVERLAP,False,False,baby_crying,0.0011250167153775692,0,39.25179998623207,0.00020617916015908122,0.00028096750611439347,0.0001457181351725012,0.0006698587676510215,0.0011250167153775692,0.05,False,non_emergency
3-180977-A-0,benchmark_data/external/esc50/audio/3-180977-A-0.wav,dog,dog_barking,compatible,3,True,d5d290a12f7aac1e5a5cee44e7a4d6033ee9f9999846f84b2278f7fbd6516df2,POSSIBLE SOURCE OVERLAP,False,False,vehicle_horn,0.0012565897777676582,0,49.67500001657754,7.862976053729653e-05,0.0012565897777676582,0.00047918851487338543,0.0008918190142139792,0.00020312753622420132,0.05,False,non_emergency
3-182023-A-30,benchmark_data/external/esc50/audio/3-182023-A-30.wav,door_wood_knock,door_activity,compatible,3,False,a5bc28b75bb25bd3f3cf0afb845a930e78e02aba383b31f593e1c9abf865736f,POSSIBLE SOURCE OVERLAP,False,False,fire,0.0007219386752694845,0,43.733400001656264,0.00024732033489272,0.0003665925469249487,0.0007219386752694845,0.00034980688360519707,2.3037640858092345e-05,0.05,False,non_emergency
3-182025-A-30,benchmark_data/external/esc50/audio/3-182025-A-30.wav,door_wood_knock,door_activity,compatible,3,False,183c8545811df752f9c9a0a4c13ba03c9385dd87a645f5b84cff00b28b84eece,POSSIBLE SOURCE OVERLAP,False,False,vehicle_horn,0.0005638940492644906,0,46.60999996121973,0.000302048196317628,0.0005638940492644906,0.0005085589364171028,0.00047829659888520837,8.833366155158728e-05,0.05,False,non_emergency
3-203371-A-39,benchmark_data/external/esc50/audio/3-203371-A-39.wav,glass_breaking,glass_breaking,exact,3,False,60a600ff3e1ac00b41c60b0e3979ee8b1b46ebfcbc370523389094e4fbda415b,POSSIBLE SOURCE OVERLAP,True,False,glass_breaking,0.7008023262023926,31,44.35760003980249,0.7008023262023926,0.00017076576477847993,0.006908413488417864,0.0001830367837101221,6.800311530241743e-05,0.05,True,glass_breaking
3-203373-A-39,benchmark_data/external/esc50/audio/3-203373-A-39.wav,glass_breaking,glass_breaking,exact,3,False,beb0605537f3fe20e98b54f19f20842d92b7a95f9408dee41e620a8955b33111,POSSIBLE SOURCE OVERLAP,True,False,glass_breaking,0.8362488746643066,20,46.906700008548796,0.8362488746643066,0.000254279759246856,0.0008891602628864348,0.0003988937824033201,0.0002515314263291657,0.05,True,glass_breaking
3-203374-A-39,benchmark_data/external/esc50/audio/3-203374-A-39.wav,glass_breaking,glass_breaking,exact,3,False,d2d0b97a0ad01b927a83605cd4e5cc988c4b868e1e01a4fa874563c038e16473,POSSIBLE SOURCE OVERLAP,True,False,glass_breaking,0.8139136433601379,21,46.71149997739121,0.8139136433601379,0.00014040284440852702,0.0017581534339115024,0.0003109737590420991,0.00019931535643991083,0.05,True,glass_breaking
3-203375-A-39,benchmark_data/external/esc50/audio/3-203375-A-39.wav,glass_breaking,glass_breaking,exact,3,False,b6a987feb4855cf91f55498dcc04bee4fd0f8ed06290d451ce37a07fff230feb,POSSIBLE SOURCE OVERLAP,True,False,glass_breaking,0.800487756729126,36,44.334900041576475,0.800487756729126,0.00014679896412417293,0.0012072490062564611,0.00041967147262766957,0.0002119296113960445,0.05,True,glass_breaking
3-203377-A-39,benchmark_data/external/esc50/audio/3-203377-A-39.wav,glass_breaking,glass_breaking,exact,3,False,66c6c338f75f509754b454cedae44597f70c97a44f79a3079da0183a63e34562,POSSIBLE SOURCE OVERLAP,True,False,glass_breaking,0.7114368677139282,22,42.65100002521649,0.7114368677139282,0.00031106805545277894,0.0012441445142030716,0.0002868209849111736,0.00013285076420288533,0.05,True,glass_breaking
3-216280-A-39,benchmark_data/external/esc50/audio/3-216280-A-39.wav,glass_breaking,glass_breaking,exact,3,False,2ff2076e898eb818ee6ce5edb615126500b72f6c2fb525ea6bd411d73f8ca580,POSSIBLE SOURCE OVERLAP,True,False,glass_breaking,0.6729791164398193,19,50.48299999907613,0.6729791164398193,0.00020315406436566263,0.0008142219157889485,0.0001499640493420884,5.124284507473931e-05,0.05,True,glass_breaking
3-216281-A-39,benchmark_data/external/esc50/audio/3-216281-A-39.wav,glass_breaking,glass_breaking,exact,3,False,6f0ae114a872f560946a6a45d474f2b9e0664325ac5b236bc396723ecfbcb5ff,POSSIBLE SOURCE OVERLAP,True,False,glass_breaking,0.7041996717453003,25,41.37260001152754,0.7041996717453003,0.00023357794270850718,0.0003615118039306253,0.0003008385538123548,7.584991544717923e-05,0.05,True,glass_breaking
3-216284-A-39,benchmark_data/external/esc50/audio/3-216284-A-39.wav,glass_breaking,glass_breaking,exact,3,False,b494fb47b9afd88715976c1476e6115024b8869681a293ea761fea72a03abf3e,POSSIBLE SOURCE OVERLAP,True,False,glass_breaking,0.740691602230072,19,44.881500012706965,0.740691602230072,0.00037842843448743224,0.0004149710584897548,0.0002833069011103362,6.727220170432702e-05,0.05,True,glass_breaking
3-243726-A-43,benchmark_data/external/esc50/audio/3-243726-A-43.wav,car_horn,vehicle_horn,compatible,3,False,59d89e8d5ec2897522d4f9ff35dc381f751e3af6253db49ddc7865e75b35121e,POSSIBLE SOURCE OVERLAP,True,False,vehicle_horn,0.640831470489502,56,48.12049999600276,0.00026037899078801274,0.640831470489502,0.008956207893788815,0.0037133267614990473,1.5324470950872637e-05,0.05,True,vehicle_horn
3-51376-A-42,benchmark_data/external/esc50/audio/3-51376-A-42.wav,siren,siren,exact,3,False,de32c52b3f928f02ad8dd388f424bbe7c7e22dbe4614cfcd2a271946aec3325a,POSSIBLE SOURCE OVERLAP,True,True,siren,0.6434513330459595,125,45.869700028561056,0.00010800114250741899,0.0020068855956196785,0.0018517844146117568,0.6434513330459595,8.035606151679531e-05,0.05,True,siren
3-51731-A-42,benchmark_data/external/esc50/audio/3-51731-A-42.wav,siren,siren,exact,3,False,0268313151d1865b712d5556e6a0fc7fcf87807639c68de23d9951d38474208e,POSSIBLE SOURCE OVERLAP,True,True,siren,0.541583240032196,125,46.743999992031604,0.00034800288267433643,0.006733259651809931,0.0018314343178644776,0.541583240032196,0.00010431036207592115,0.05,True,siren
3-51731-B-42,benchmark_data/external/esc50/audio/3-51731-B-42.wav,siren,siren,exact,3,False,4918f7e9c5b2056580ea7261db9b13d026c21aa132bcc6ff981e09c2b7d0518e,POSSIBLE SOURCE OVERLAP,True,True,siren,0.6543613076210022,125,88.78579997690395,0.00041158689418807626,0.027823546901345253,0.0006300551467575133,0.6543613076210022,8.687377703608945e-05,0.05,True,siren
3-51909-A-42,benchmark_data/external/esc50/audio/3-51909-A-42.wav,siren,siren,exact,3,False,5f5c273e29bd8fbcb52cecc798cbbcdb4497f503e04731ef7bcdc3094d0b046d,POSSIBLE SOURCE OVERLAP,True,True,siren,0.7214838862419128,125,55.739999981597066,0.00013923786173108965,0.00988099817186594,0.0016077804611995816,0.7214838862419128,7.439990440616384e-05,0.05,True,siren
3-51909-B-42,benchmark_data/external/esc50/audio/3-51909-B-42.wav,siren,siren,exact,3,False,75bf135fc612f63b9e79fcf0461c2ea30677d0254c84f43005cfc7d337da75e8,POSSIBLE SOURCE OVERLAP,True,True,siren,0.5293227434158325,125,40.94229999464005,7.44251738069579e-05,0.007234304677695036,0.001519668148830533,0.5293227434158325,0.00024510876392014325,0.05,True,siren
3-58772-A-42,benchmark_data/external/esc50/audio/3-58772-A-42.wav,siren,siren,exact,3,False,b7b50b9bd964f0026d5d29d9bffd4b7be78171a231d4a190b9addd8ce3390352,POSSIBLE SOURCE OVERLAP,True,True,siren,0.5835474729537964,125,58.94680001074448,0.00027928894269280136,0.005727448966354132,0.0013428075471892953,0.5835474729537964,0.0002778531634248793,0.05,True,siren
3-62878-A-42,benchmark_data/external/esc50/audio/3-62878-A-42.wav,siren,siren,exact,3,False,9a68c6a6678a7fda587c12dd45064d12093befd4b8b4b10e187ad2248c71e445,POSSIBLE SOURCE OVERLAP,True,True,siren,0.6620926260948181,125,57.86960001569241,0.0002481721166986972,0.004167263396084309,0.002107399282976985,0.6620926260948181,0.0004559445660561323,0.05,True,siren
3-62878-B-42,benchmark_data/external/esc50/audio/3-62878-B-42.wav,siren,siren,exact,3,False,387866faea68816ac73cf30fecf94ae886660fbce7e80992d23eaa108ba82990,POSSIBLE SOURCE OVERLAP,True,True,siren,0.6421763300895691,62,48.9106000168249,0.00015024672029539943,0.003198222490027547,0.0021753034088760614,0.6421763300895691,0.00017246248899027705,0.05,True,siren
3-65748-A-12,benchmark_data/external/esc50/audio/3-65748-A-12.wav,crackling_fire,fire,compatible,3,True,e829acb3fa5e83e70139e275435c6bf63b2400d85456d34490633d4e16f4309e,POSSIBLE SOURCE OVERLAP,True,True,fire,0.21122457087039948,125,53.507400036323816,0.00015571249241475016,0.0003434242098592222,0.21122457087039948,0.00034441406023688614,1.9981906007160433e-05,0.05,True,fire
4-102871-A-42,benchmark_data/external/esc50/audio/4-102871-A-42.wav,siren,siren,exact,4,False,9dabae27ebcd55cc16ea57e813fc1984ec444159b62f246c0399cb4f920454ea,POSSIBLE SOURCE OVERLAP,True,True,siren,0.324832946062088,125,53.85480000404641,0.0004941319930367172,0.044544387608766556,0.001484249602071941,0.324832946062088,0.0001581803517183289,0.05,True,siren
4-111671-A-42,benchmark_data/external/esc50/audio/4-111671-A-42.wav,siren,siren,exact,4,False,365e4a2a7fcb455894d3b0a7b7ad08ac9725f6565fc4d3ace32876b5afc4c2cd,POSSIBLE SOURCE OVERLAP,True,True,siren,0.47419843077659607,125,49.472899991087615,0.0005461726104840636,0.003024984849616885,0.00060914212372154,0.47419843077659607,0.0005372330779209733,0.05,True,siren
4-111671-B-42,benchmark_data/external/esc50/audio/4-111671-B-42.wav,siren,siren,exact,4,False,7b862bec0a634cc342e53fe54fbac85c28801588903e2a35e9eff705b5593b05,POSSIBLE SOURCE OVERLAP,True,True,siren,0.5423194169998169,125,53.89759998070076,0.00029986724257469177,0.010666444897651672,0.0006290148012340069,0.5423194169998169,0.00017797508917283267,0.05,True,siren
4-121532-A-42,benchmark_data/external/esc50/audio/4-121532-A-42.wav,siren,siren,exact,4,False,9f7d32892f55d06a7ce39a0c97c5fd24fcc477c3e517c6e34003a5a9d2c822f5,POSSIBLE SOURCE OVERLAP,True,True,siren,0.5562887191772461,125,66.12149998545647,6.629092240473256e-05,0.001432797173038125,0.0009800465777516365,0.5562887191772461,8.995160897029564e-05,0.05,True,siren
4-164661-A-12,benchmark_data/external/esc50/audio/4-164661-A-12.wav,crackling_fire,fire,compatible,4,True,5dba3d3689ad470168a93c321674fb1d0e152a939bc034dcfe88c7a055e6d5f5,POSSIBLE SOURCE OVERLAP,True,False,fire,0.1686154305934906,125,53.89320000540465,0.0003940050373785198,0.0007761731394566596,0.1686154305934906,0.0004021956701762974,9.058177056431305e-06,0.05,True,fire
4-164661-B-12,benchmark_data/external/esc50/audio/4-164661-B-12.wav,crackling_fire,fire,compatible,4,True,e8db809460aaf1d4cad3458762e5b60c31e88efdc00b33a6d6a7c3bd83306ec4,POSSIBLE SOURCE OVERLAP,True,False,fire,0.21805769205093384,92,56.65509996470064,0.0058287098072469234,0.0006778861279599369,0.21805769205093384,0.00028982380172237754,3.172025390085764e-05,0.05,True,fire
4-167077-A-20,benchmark_data/external/esc50/audio/4-167077-A-20.wav,crying_baby,baby_crying,exact,4,True,43a894a23a4a1bed053e2ca040f7029a5d9029269173d8bac1c650c52c03e937,POSSIBLE SOURCE OVERLAP,True,True,baby_crying,0.5893458127975464,64,52.667099982500076,0.0002541004214435816,0.0003510041278786957,0.0004230519407428801,0.0002491431951057166,0.5893458127975464,0.05,True,baby_crying
4-167077-B-20,benchmark_data/external/esc50/audio/4-167077-B-20.wav,crying_baby,baby_crying,exact,4,True,0dd0122251e1b989c8309596e92ea95d06989db8b37d28fee3c485842f9f0014,POSSIBLE SOURCE OVERLAP,True,True,baby_crying,0.7462751269340515,125,50.619799993000925,0.00030231295386329293,0.0013161571696400642,0.00039941316936165094,0.0005431030294857919,0.7462751269340515,0.05,True,baby_crying
4-167077-C-20,benchmark_data/external/esc50/audio/4-167077-C-20.wav,crying_baby,baby_crying,exact,4,True,c9ec416d8fb525a66d084250b4fbbf041e8bd5f31cc1c7c809e381a45902cc06,POSSIBLE SOURCE OVERLAP,True,True,baby_crying,0.805404543876648,125,62.385099998209625,0.00010329057113267481,0.0005026526050642133,0.0004521124064922333,0.0004206491867080331,0.805404543876648,0.05,True,baby_crying
4-170247-A-12,benchmark_data/external/esc50/audio/4-170247-A-12.wav,crackling_fire,fire,compatible,4,True,19a2e37237b10d02f8c54281ecacd17d4e7af1c4b69df5c1db3831fe55d996a7,POSSIBLE SOURCE OVERLAP,True,True,fire,0.46853920817375183,125,176.90409999340773,0.000920729769859463,7.193959754658863e-05,0.46853920817375183,0.0005108744953759015,8.68993010954e-05,0.05,True,fire
4-170247-B-12,benchmark_data/external/esc50/audio/4-170247-B-12.wav,crackling_fire,fire,compatible,4,True,ff4985fe31123d45350cfc29e048d6817a1cdfe27059b5ccb55546d67c668bee,POSSIBLE SOURCE OVERLAP,True,True,fire,0.45696499943733215,125,52.806399995461106,0.0035813606809824705,8.863303082762286e-05,0.45696499943733215,0.0005209746886976063,0.00011186366464244202,0.05,True,fire
4-171207-A-12,benchmark_data/external/esc50/audio/4-171207-A-12.wav,crackling_fire,fire,compatible,4,True,c2b852693789c4d835c9e6e5584788298401fb2cae183353f6388cfc99f30027,POSSIBLE SOURCE OVERLAP,True,False,fire,0.04588986933231354,0,44.979300000704825,0.0004724235041067004,0.0002681883634068072,0.04588986933231354,0.0008308814722113311,5.432038597064093e-05,0.05,False,non_emergency
4-175845-A-43,benchmark_data/external/esc50/audio/4-175845-A-43.wav,car_horn,vehicle_horn,compatible,4,False,aeaf26bd07b54964985f7c5726b2724f57b9912b6e70c0af2f8bf3758ca0f18c,POSSIBLE SOURCE OVERLAP,True,True,vehicle_horn,0.7546204924583435,56,44.46479998296127,0.0003192066214978695,0.7546204924583435,0.0006009311764501035,0.0020658269058912992,8.156878175213933e-05,0.05,True,vehicle_horn
4-175846-A-43,benchmark_data/external/esc50/audio/4-175846-A-43.wav,car_horn,vehicle_horn,compatible,4,False,5d8600b8472cd713a5ab9953a78ab4c47e1d400b91b23dada33fbeb2597a6daf,POSSIBLE SOURCE OVERLAP,True,True,vehicle_horn,0.4792841076850891,60,45.810600044205785,0.000727520149666816,0.4792841076850891,0.001732281525619328,0.0035485378466546535,4.115619231015444e-05,0.05,True,vehicle_horn
4-175855-A-43,benchmark_data/external/esc50/audio/4-175855-A-43.wav,car_horn,vehicle_horn,compatible,4,False,b7b7a822f27aa7af474e69404c0694f4c3811769e99f64f58493d99b85dc5e45,POSSIBLE SOURCE OVERLAP,True,True,vehicle_horn,0.7371003031730652,38,44.230900006368756,0.00037401236477307975,0.7371003031730652,0.0007769216899760067,0.002490035491064191,6.887312338221818e-05,0.05,True,vehicle_horn
4-175856-A-43,benchmark_data/external/esc50/audio/4-175856-A-43.wav,car_horn,vehicle_horn,compatible,4,False,2ef0a166b66435ecd822f654692dc8e128835fb438bc8a5b061502271176e3d2,POSSIBLE SOURCE OVERLAP,True,False,vehicle_horn,0.7755205631256104,71,44.72359997453168,0.00015811235061846673,0.7755205631256104,0.0006277277716435492,0.0043212356977164745,0.00010041154746431857,0.05,True,vehicle_horn
4-176631-A-43,benchmark_data/external/esc50/audio/4-176631-A-43.wav,car_horn,vehicle_horn,compatible,4,False,81a26b475d2206ffc57c1e1bead922dee628bf6ce8f3cc1f7e0d95a1692e384c,POSSIBLE SOURCE OVERLAP,True,False,vehicle_horn,0.6773979663848877,72,74.80390003183857,0.00022979684581514448,0.6773979663848877,0.0006374254007823765,0.0028496980667114258,4.683048609877005e-05,0.05,True,vehicle_horn
4-176638-A-43,benchmark_data/external/esc50/audio/4-176638-A-43.wav,car_horn,vehicle_horn,compatible,4,False,6e2cf0e0671f26167772c0aa34bcdeb711fec40b62b79311433bf4dd9497ce5a,POSSIBLE SOURCE OVERLAP,True,True,vehicle_horn,0.6482540965080261,34,67.68139998894185,7.064277451718226e-05,0.6482540965080261,0.0005605352343991399,0.0007761591114103794,4.0740047552390024e-05,0.05,True,vehicle_horn
4-178402-A-43,benchmark_data/external/esc50/audio/4-178402-A-43.wav,car_horn,vehicle_horn,compatible,4,False,9ec40aa83ad3ae9a7a5c2184b7db241f6e288d13e4d6cce1ceac97ddffe2faff,POSSIBLE SOURCE OVERLAP,True,True,vehicle_horn,0.4184539020061493,55,44.23960001440719,0.00019123281526844949,0.4184539020061493,0.0011166336480528116,0.0142344506457448,2.7226942620472983e-05,0.05,True,vehicle_horn
4-181563-A-12,benchmark_data/external/esc50/audio/4-181563-A-12.wav,crackling_fire,fire,compatible,4,True,ddb4f826b26093badfbec99c52ae78fdf83b8f86a633864f220f7097660d7132,POSSIBLE SOURCE OVERLAP,True,False,fire,0.25757089257240295,125,49.90179999731481,7.713389641139656e-05,0.0003461397427599877,0.25757089257240295,0.0013003622880205512,2.2928446924197488e-05,0.05,True,fire
4-182034-A-30,benchmark_data/external/esc50/audio/4-182034-A-30.wav,door_wood_knock,door_activity,compatible,4,False,8548390103bfa9097087ea552b42e6b493697f9fbe0b9d78a1aefdbf8b18219f,POSSIBLE SOURCE OVERLAP,False,False,fire,0.00034972719731740654,0,46.706699999049306,0.0001149896124843508,0.00025991693837568164,0.00034972719731740654,0.000332623312715441,3.2091978937387466e-05,0.05,False,non_emergency
4-182039-A-30,benchmark_data/external/esc50/audio/4-182039-A-30.wav,door_wood_knock,door_activity,compatible,4,False,64ba4dcfb42f253c93cf7b52d52584be213bcd058a9a8aa35055d76f10cc7920,POSSIBLE SOURCE OVERLAP,False,False,fire,0.00048335606697946787,0,47.52110003028065,0.00012670767318923026,0.00019540044013410807,0.00048335606697946787,0.00021752472093794495,6.013681922922842e-05,0.05,False,non_emergency
4-182041-A-30,benchmark_data/external/esc50/audio/4-182041-A-30.wav,door_wood_knock,door_activity,compatible,4,False,9ccf22ef141031359b6547ef7b3b0cceef5ea7798ee90f5de87a84064dba23f7,POSSIBLE SOURCE OVERLAP,False,False,fire,0.0010328547796234488,0,50.7408999837935,0.0007648016326129436,0.00045235877041704953,0.0010328547796234488,0.000670729496050626,0.00016955619503278285,0.05,False,non_emergency
4-182368-A-12,benchmark_data/external/esc50/audio/4-182368-A-12.wav,crackling_fire,fire,compatible,4,True,c3ba5793bb74cbf7e92b678bc41f7ad4ab925b175c77e8320a755d92e4d1bad8,POSSIBLE SOURCE OVERLAP,True,True,fire,0.20728999376296997,125,48.58970001805574,0.0001853623107308522,0.000403887388529256,0.20728999376296997,0.0008200438460335135,0.0002643665939103812,0.05,True,fire
4-182369-A-12,benchmark_data/external/esc50/audio/4-182369-A-12.wav,crackling_fire,fire,compatible,4,True,886fca3ecfcbd5fbfb52cb83d4c490f9e865b58f7992282220354e1731a9f2a7,POSSIBLE SOURCE OVERLAP,True,True,fire,0.09382611513137817,123,43.233899981714785,0.00011552407522685826,0.0002340545761398971,0.09382611513137817,0.0005453663179650903,4.545427145785652e-05,0.05,True,fire
4-182395-A-0,benchmark_data/external/esc50/audio/4-182395-A-0.wav,dog,dog_barking,compatible,4,True,c249bcb8ef81d12516ad17c8a77f88c01952cdf70b9413732af5fb8b803f9c7d,POSSIBLE SOURCE OVERLAP,False,False,vehicle_horn,0.0017426850972697139,0,62.05530004808679,7.642873242730275e-05,0.0017426850972697139,0.00025902214110828936,0.0007091572624631226,0.00016051520651672035,0.05,False,non_emergency
4-183992-A-0,benchmark_data/external/esc50/audio/4-183992-A-0.wav,dog,dog_barking,compatible,4,True,96bf2e0efce166f347db6ae02b3c17d24acadffc45d67ad6015de7b1162f54dc,POSSIBLE SOURCE OVERLAP,False,False,fire,0.002645902568474412,0,48.050599987618625,5.979667548672296e-05,0.00123302370775491,0.002645902568474412,0.0005158551502972841,3.801563798333518e-05,0.05,False,non_emergency
4-184575-A-0,benchmark_data/external/esc50/audio/4-184575-A-0.wav,dog,dog_barking,compatible,4,True,417a923837951edc374447528f1387b6bfb961a9605b165cfcb3d9d63735d179,POSSIBLE SOURCE OVERLAP,False,False,fire,0.0017364704981446266,0,46.369199990294874,0.0002707325329538435,0.00041813167626969516,0.0017364704981446266,0.0003575625887606293,1.63816730491817e-05,0.05,False,non_emergency
4-185575-A-20,benchmark_data/external/esc50/audio/4-185575-A-20.wav,crying_baby,baby_crying,exact,4,True,9f40eaeef4e23e134a64b010d8a42636c7a9337e066539ebb183117744745f48,POSSIBLE SOURCE OVERLAP,True,True,baby_crying,0.6538724303245544,93,46.521399985067546,0.00018979776359628886,0.000220300949877128,0.0004301380249671638,0.0002798614732455462,0.6538724303245544,0.05,True,baby_crying
4-185575-B-20,benchmark_data/external/esc50/audio/4-185575-B-20.wav,crying_baby,baby_crying,exact,4,True,630641ffb71938bd943b0ac6c5c2523fea1d7aa1e34a93de6f7268183a25ee5a,POSSIBLE SOURCE OVERLAP,True,False,baby_crying,0.1134856566786766,26,43.333299981895834,0.0007293566013686359,0.0010540978983044624,0.00047229023766703904,0.0002395669143879786,0.1134856566786766,0.05,True,baby_crying
4-185575-C-20,benchmark_data/external/esc50/audio/4-185575-C-20.wav,crying_baby,baby_crying,exact,4,True,7cdd46d701197c99ab637a10bc37e61a9859fd88218d339d4699a46f748c0200,POSSIBLE SOURCE OVERLAP,True,False,baby_crying,0.17702877521514893,42,49.55920000793412,0.0006823916337452829,0.0001397668820573017,0.0003091548860538751,0.00011913849448319525,0.17702877521514893,0.05,True,baby_crying
4-186518-A-30,benchmark_data/external/esc50/audio/4-186518-A-30.wav,door_wood_knock,door_activity,compatible,4,False,20ac1b533d72043c8370ca5de40826e50d9a8c6cfaa098650e2044bda7ca12a0,POSSIBLE SOURCE OVERLAP,False,False,siren,0.0010310118086636066,0,48.17699996056035,0.00028758138068951666,0.00010385877249063924,0.00011008484580088407,0.0010310118086636066,4.537696440820582e-05,0.05,False,non_emergency
4-187284-A-30,benchmark_data/external/esc50/audio/4-187284-A-30.wav,door_wood_knock,door_activity,compatible,4,False,c653e16e3ef1954e3ee3bf9ebb80bd80472cf59c05c211c1ada00fc9b10b0ac0,POSSIBLE SOURCE OVERLAP,False,False,vehicle_horn,0.001700612367130816,0,44.48969999793917,0.0008951331838034093,0.001700612367130816,0.0011517292587086558,0.0008575087995268404,2.2457121303887106e-05,0.05,False,non_emergency
4-188878-A-30,benchmark_data/external/esc50/audio/4-188878-A-30.wav,door_wood_knock,door_activity,compatible,4,False,072852ce3b23b40d58774570a5758fae5b114be54a3d8242cf26a722ff735a07,POSSIBLE SOURCE OVERLAP,False,False,glass_breaking,0.0015787699958309531,0,47.49680001987144,0.0015787699958309531,0.0008903641137294471,0.0003647083940450102,0.0003696382627822459,0.00026270252419635653,0.05,False,non_emergency
4-191015-A-43,benchmark_data/external/esc50/audio/4-191015-A-43.wav,car_horn,vehicle_horn,compatible,4,False,ca89718085b0dff144e5e7833dce424364f1ca1b737eb8d45df70cf8e1d1250a,POSSIBLE SOURCE OVERLAP,True,False,vehicle_horn,0.5052340030670166,18,50.33280001953244,0.002925237873569131,0.5052340030670166,0.004057913087308407,0.001674726139754057,4.6698751248186454e-05,0.05,True,vehicle_horn
4-191687-A-0,benchmark_data/external/esc50/audio/4-191687-A-0.wav,dog,dog_barking,compatible,4,True,65bcaf4cce64177bb0dcc139c63dc9bee48d86c559b3019248d7c79db6a8b2ef,POSSIBLE SOURCE OVERLAP,False,False,vehicle_horn,0.0006549153476953506,0,42.42730000987649,0.000520554487593472,0.0006549153476953506,0.0003386569151189178,0.00039613558328710496,5.217703073867597e-05,0.05,False,non_emergency
4-192236-A-0,benchmark_data/external/esc50/audio/4-192236-A-0.wav,dog,dog_barking,compatible,4,True,cea20645e18a4ad56ad53905a6185e891b53f65989e4208f3014aba838096f08,POSSIBLE SOURCE OVERLAP,False,False,siren,0.001047062803991139,0,49.852500029373914,8.640738815302029e-05,0.0003750461619347334,0.00020705700444523245,0.001047062803991139,0.00016235807561315596,0.05,False,non_emergency
4-194754-A-0,benchmark_data/external/esc50/audio/4-194754-A-0.wav,dog,dog_barking,compatible,4,True,89e569fc4f5659de5a5c70fc5b196270b218d8f51cb6d1235d9568540061b309,POSSIBLE SOURCE OVERLAP,False,False,vehicle_horn,0.0037232525646686554,0,60.97260001115501,0.00012758448428940028,0.0037232525646686554,0.0031632008031010628,0.0005065666045993567,0.00010752587695606053,0.05,False,non_emergency
4-199261-A-0,benchmark_data/external/esc50/audio/4-199261-A-0.wav,dog,dog_barking,compatible,4,True,527a52b5cd50b5171b45ea0dd3c5efe5d11fb75a0c29cdd777c6f17255ac8262,POSSIBLE SOURCE OVERLAP,False,False,vehicle_horn,0.0020340909250080585,0,46.249100007116795,5.512505958904512e-05,0.0020340909250080585,0.00043301188270561397,0.0003990405530203134,2.0368039258755744e-05,0.05,False,non_emergency
4-204115-A-39,benchmark_data/external/esc50/audio/4-204115-A-39.wav,glass_breaking,glass_breaking,exact,4,False,3d4a520122727b384d55738c254f33103e1eee73152f4c45893736089915eff9,POSSIBLE SOURCE OVERLAP,True,False,glass_breaking,0.4394104778766632,33,42.73390001617372,0.4394104778766632,0.006236555986106396,0.003731672652065754,0.00030596935539506376,0.0001151098549598828,0.05,True,glass_breaking
4-204119-A-39,benchmark_data/external/esc50/audio/4-204119-A-39.wav,glass_breaking,glass_breaking,exact,4,False,2fbc4acd76fa931f8461c3370eeef3e417b1ea28da20eff7874d4b4e2177fc41,POSSIBLE SOURCE OVERLAP,True,False,glass_breaking,0.7971274852752686,27,43.07889996562153,0.7971274852752686,0.0014098018873482943,0.007874944247305393,0.000583083659876138,0.00011328557593515143,0.05,True,glass_breaking
4-204121-A-39,benchmark_data/external/esc50/audio/4-204121-A-39.wav,glass_breaking,glass_breaking,exact,4,False,ad42b3c91dd21d4f3a8238290c20dac179e7a7674320dab7029c5b111116d1d1,POSSIBLE SOURCE OVERLAP,True,False,glass_breaking,0.531053900718689,25,44.91190001135692,0.531053900718689,0.0012245773104950786,0.007833939976990223,0.00042906918679364026,0.00012141852494096383,0.05,True,glass_breaking
4-204123-A-39,benchmark_data/external/esc50/audio/4-204123-A-39.wav,glass_breaking,glass_breaking,exact,4,False,a35fd2223acb65ae87ab1e3ad4c774e8cda44a5482b639f11b6aa0d8065b4a7a,POSSIBLE SOURCE OVERLAP,True,False,glass_breaking,0.4844180941581726,25,41.57050000503659,0.4844180941581726,0.0012362983543425798,0.011327197775244713,0.00029525510035455227,0.0002916182274930179,0.05,True,glass_breaking
4-204777-A-39,benchmark_data/external/esc50/audio/4-204777-A-39.wav,glass_breaking,glass_breaking,exact,4,False,872608ee9201b147b13b9cdc871558b39368bd09d3eb7dc469544866e414c0f8,POSSIBLE SOURCE OVERLAP,True,False,glass_breaking,0.7981364727020264,125,46.918499981984496,0.7981364727020264,0.00019882545166183263,0.0007637576200067997,0.00031796953408047557,2.8910637411172502e-05,0.05,True,glass_breaking
4-204777-B-39,benchmark_data/external/esc50/audio/4-204777-B-39.wav,glass_breaking,glass_breaking,exact,4,False,98b930c2e4028e80749d82616ccba7640e58650a9ccf7770a77f814e3b2dcd24,POSSIBLE SOURCE OVERLAP,True,False,glass_breaking,0.8320894241333008,62,41.58279998227954,0.8320894241333008,0.0002340626233490184,0.001995257567614317,0.0001847214880399406,5.446469003800303e-05,0.05,True,glass_breaking
4-204777-C-39,benchmark_data/external/esc50/audio/4-204777-C-39.wav,glass_breaking,glass_breaking,exact,4,False,88bbd7af8f04d1b46f9e0c13a304223efea777c1dd908564b8eff73b9774477b,POSSIBLE SOURCE OVERLAP,True,False,glass_breaking,0.6601946949958801,83,36.86529997503385,0.6601946949958801,0.0005798711790703237,0.0019504236988723278,0.0005563041195273399,0.0001578381925355643,0.05,True,glass_breaking
4-207124-A-0,benchmark_data/external/esc50/audio/4-207124-A-0.wav,dog,dog_barking,compatible,4,True,4172efa07482e36b67f50bc730d9ecaf95da20c81f79242d0439ac6bae21f53c,POSSIBLE SOURCE OVERLAP,False,False,vehicle_horn,0.001004731748253107,0,48.03180001908913,0.0002174208202632144,0.001004731748253107,0.00036374141927808523,0.00038059070357121527,6.044003021088429e-05,0.05,False,non_emergency
4-211502-A-30,benchmark_data/external/esc50/audio/4-211502-A-30.wav,door_wood_knock,door_activity,compatible,4,False,8c6e71d485494707a94ce0563deaa5c4599a219e0a512151e8e77ed907775ad8,POSSIBLE SOURCE OVERLAP,False,False,vehicle_horn,0.000816106388811022,0,42.17550001339987,0.0006458148127421737,0.000816106388811022,0.0007214877987280488,0.0003871298104058951,0.00015195751620922238,0.05,False,non_emergency
4-212698-A-39,benchmark_data/external/esc50/audio/4-212698-A-39.wav,glass_breaking,glass_breaking,exact,4,False,4491d08becad3c0074b46fbe25eeb7536a458036ecd5eed77f5709ed77313ef8,POSSIBLE SOURCE OVERLAP,True,False,glass_breaking,0.2520706057548523,14,42.7549000014551,0.2520706057548523,0.0007813021074980497,0.027475396171212196,0.00010712949733715504,4.0214505133917555e-05,0.05,True,glass_breaking
4-261068-A-30,benchmark_data/external/esc50/audio/4-261068-A-30.wav,door_wood_knock,door_activity,compatible,4,False,5f9bef85798486a2a5cdf712ef24f5ef12e84858dc7708fd5478d713cb243548,POSSIBLE SOURCE OVERLAP,False,False,fire,0.0002688329841475934,0,44.94009999325499,0.00011667599756037816,0.00011070477194152772,0.0002688329841475934,0.00015644037921447307,3.338083843118511e-05,0.05,False,non_emergency
4-59579-A-20,benchmark_data/external/esc50/audio/4-59579-A-20.wav,crying_baby,baby_crying,exact,4,True,9c21cb5f694f7c375c0d9d33f2f618b58460b7d1b39681dd2d3fbb493f0b0052,POSSIBLE SOURCE OVERLAP,True,True,baby_crying,0.7535077929496765,120,41.92950000287965,0.00024755531921982765,0.0019557850901037455,0.0003195924509782344,0.00048745019012130797,0.7535077929496765,0.05,True,baby_crying
4-59579-B-20,benchmark_data/external/esc50/audio/4-59579-B-20.wav,crying_baby,baby_crying,exact,4,True,8129eb08025521fbb11f273c6c506ebed89becab8ccb31ec6c0954162b2242c1,POSSIBLE SOURCE OVERLAP,True,True,baby_crying,0.3288268446922302,60,48.250699997879565,0.0001464638189645484,0.000203998017241247,0.00041655247332528234,0.0003090720856562257,0.3288268446922302,0.05,True,baby_crying
4-67358-A-42,benchmark_data/external/esc50/audio/4-67358-A-42.wav,siren,siren,exact,4,False,3192ab47aff92ef5dcec1ce178e342e24ecadf826dc6c9dd3f0515a4c53c58d2,POSSIBLE SOURCE OVERLAP,True,True,siren,0.7473141551017761,101,40.60219996608794,0.00042816699715331197,0.0018414836376905441,0.002085071988403797,0.7473141551017761,0.00022096360044088215,0.05,True,siren
4-80761-A-42,benchmark_data/external/esc50/audio/4-80761-A-42.wav,siren,siren,exact,4,False,d1301a63a3d7f4429b40244d7a52f11636c3ed28b846f6213bda6e0005b1c072,POSSIBLE SOURCE OVERLAP,True,True,siren,0.6203850507736206,125,41.13349999533966,0.0002464390709064901,0.002108018146827817,0.0042945463210344315,0.6203850507736206,5.149866046849638e-05,0.05,True,siren
4-90014-A-42,benchmark_data/external/esc50/audio/4-90014-A-42.wav,siren,siren,exact,4,False,bbde0117f66201fe236b2bedccd231efe8e74b5c3361471a32159bbef5777e9a,POSSIBLE SOURCE OVERLAP,True,True,siren,0.3106505870819092,125,40.886899980250746,0.00021261308575049043,0.02750200778245926,0.0021795264910906553,0.3106505870819092,9.760085958987474e-05,0.05,True,siren
4-90014-B-42,benchmark_data/external/esc50/audio/4-90014-B-42.wav,siren,siren,exact,4,False,7fc6af65b6c6bbbadf39426c3ce9300367f5fefce8725a7df990a58ffc9130fb,POSSIBLE SOURCE OVERLAP,True,True,vehicle_horn,0.32810354232788086,98,41.95340001024306,0.00010562881652731448,0.32810354232788086,0.0010085995309054852,0.27027255296707153,0.00013309357746038586,0.05,True,vehicle_horn
5-117118-A-42,benchmark_data/external/esc50/audio/5-117118-A-42.wav,siren,siren,exact,5,False,79cbdaf2156d7af410fe97a5c131ee6f46f2f7a99f4051fadd01e931ad8c9e14,POSSIBLE SOURCE OVERLAP,True,True,siren,0.6816270351409912,125,40.72669998276979,6.335927173495293e-05,0.0009279820369556546,0.003325886093080044,0.6816270351409912,6.087466317694634e-05,0.05,True,siren
5-117120-A-42,benchmark_data/external/esc50/audio/5-117120-A-42.wav,siren,siren,exact,5,False,b22c04d1ea6841f9a1b79e21f2d44c8f9f446a204d28f5a3e4b4f57071c669aa,POSSIBLE SOURCE OVERLAP,True,True,siren,0.6094896197319031,125,44.88669999409467,4.7118614020291716e-05,0.003341409144923091,0.004624197259545326,0.6094896197319031,0.00013352514361031353,0.05,True,siren
5-117122-A-42,benchmark_data/external/esc50/audio/5-117122-A-42.wav,siren,siren,exact,5,False,1b1d4849a6a95b40d9ac1ce01ff8f3ba5899bf1dc025da6646c1008e1a7caf65,POSSIBLE SOURCE OVERLAP,True,True,siren,0.730897068977356,125,40.801200026180595,9.419600246474147e-05,0.000660639489069581,0.0013472127029672265,0.730897068977356,3.252185706514865e-05,0.05,True,siren
5-133989-A-42,benchmark_data/external/esc50/audio/5-133989-A-42.wav,siren,siren,exact,5,False,7521bb9b94ef12283db760cb97338b7c9a3145b8c78ce3931e03953c6d91f08e,POSSIBLE SOURCE OVERLAP,True,True,siren,0.5476617813110352,125,42.048799979966134,0.0005321146454662085,0.002649980131536722,0.003474234836176038,0.5476617813110352,0.00019387216889299452,0.05,True,siren
5-133989-B-42,benchmark_data/external/esc50/audio/5-133989-B-42.wav,siren,siren,exact,5,False,8b91f090b3339c1a4b780b454062ef65ba16c49a2a3c0068cced69b07ef3a119,POSSIBLE SOURCE OVERLAP,True,True,siren,0.6801154017448425,125,51.074500021059066,9.38960220082663e-05,0.002108120359480381,0.006721387151628733,0.6801154017448425,0.0001965612464118749,0.05,True,siren
5-150409-A-42,benchmark_data/external/esc50/audio/5-150409-A-42.wav,siren,siren,exact,5,False,9e8901e0a7f22c3546c2f1b42bcc3e2ca8077e94f755702ba744feb2f39d55ac,POSSIBLE SOURCE OVERLAP,True,False,siren,0.40864965319633484,125,41.906400001607835,0.0008372726151719689,0.06783740222454071,0.0025377110578119755,0.40864965319633484,0.00010563435353105888,0.05,True,siren
5-151085-A-20,benchmark_data/external/esc50/audio/5-151085-A-20.wav,crying_baby,baby_crying,exact,5,True,e46d87b3673136a4d97b42f0ac6411ed299075bb2c88d61f7c456c0afe6804db,POSSIBLE SOURCE OVERLAP,True,True,baby_crying,0.6832730770111084,125,41.17540002334863,0.0001438145845895633,5.9594589401967824e-05,0.00029964777058921754,0.0004154347407165915,0.6832730770111084,0.05,True,baby_crying
5-160551-A-42,benchmark_data/external/esc50/audio/5-160551-A-42.wav,siren,siren,exact,5,False,6cc7555cafe56d7ec8a9c1f672885a73601970ef0687f37a0445131bd5020650,POSSIBLE SOURCE OVERLAP,True,True,siren,0.4781268835067749,125,43.55890001170337,0.0006152364076115191,0.004921361338347197,0.010966126807034016,0.4781268835067749,0.00011566692410269752,0.05,True,siren
5-179860-A-43,benchmark_data/external/esc50/audio/5-179860-A-43.wav,car_horn,vehicle_horn,compatible,5,False,9be96b2f8cd6a81053fea7e8be03a5936070490ce3b193b47936140536c0a3c2,POSSIBLE SOURCE OVERLAP,True,True,vehicle_horn,0.8276549577713013,34,45.31840002164245,0.0001862120843725279,0.8276549577713013,0.0011384370736777782,0.0018770170863717794,0.00011622327292570844,0.05,True,vehicle_horn
5-179863-A-43,benchmark_data/external/esc50/audio/5-179863-A-43.wav,car_horn,vehicle_horn,compatible,5,False,9a777c790a2476a3de0efd0318e6fb369ad5af8bee0d007193ce08913dd9ae33,POSSIBLE SOURCE OVERLAP,True,True,vehicle_horn,0.7643737196922302,44,42.22879995359108,0.00033780306694097817,0.7643737196922302,0.002077228855341673,0.0012322500115260482,0.00017190954531542957,0.05,True,vehicle_horn
5-179865-A-43,benchmark_data/external/esc50/audio/5-179865-A-43.wav,car_horn,vehicle_horn,compatible,5,False,0a452b37b0c8c89f33babe75c5c6af3d6bb80daf683559130a1716fb1f0c0948,POSSIBLE SOURCE OVERLAP,True,True,vehicle_horn,0.6150997281074524,53,49.004900036379695,0.0003809307818301022,0.6150997281074524,0.0009714617626741529,0.005315201822668314,0.0001444397639716044,0.05,True,vehicle_horn
5-179866-A-43,benchmark_data/external/esc50/audio/5-179866-A-43.wav,car_horn,vehicle_horn,compatible,5,False,aecc03f051ef2dc592a3a62e51e95c61267e835a2e4a70492104e312edebaf6c,POSSIBLE SOURCE OVERLAP,True,True,vehicle_horn,0.7345225811004639,38,41.63719998905435,0.0004244708688929677,0.7345225811004639,0.0009603739017620683,0.00243604788556695,7.329760410357267e-05,0.05,True,vehicle_horn
5-179868-A-43,benchmark_data/external/esc50/audio/5-179868-A-43.wav,car_horn,vehicle_horn,compatible,5,False,9bcfe1420d2d11be38661f2f8099633736f940f1859d49f2d5d6716c0d840ae6,POSSIBLE SOURCE OVERLAP,True,False,vehicle_horn,0.45172804594039917,31,44.54839997924864,0.00011039495439035818,0.45172804594039917,0.003188205184414983,0.004853968508541584,0.00019536689796950668,0.05,True,vehicle_horn
5-180156-A-43,benchmark_data/external/esc50/audio/5-180156-A-43.wav,car_horn,vehicle_horn,compatible,5,False,cbf7bc438e26a813e1317a2dd28232e039b0ce00df0e3f567cafbd2a998b3fa3,POSSIBLE SOURCE OVERLAP,True,False,vehicle_horn,0.8627892136573792,67,50.51339999772608,0.0003188559494446963,0.8627892136573792,0.0005884486599825323,0.0036815544590353966,6.082429536036216e-05,0.05,True,vehicle_horn
5-180156-B-43,benchmark_data/external/esc50/audio/5-180156-B-43.wav,car_horn,vehicle_horn,compatible,5,False,0593cc83b35ce0a14c18f6a176f90044a38600e77e8cfe6806a5ccbd3f2e0d1a,POSSIBLE SOURCE OVERLAP,True,False,vehicle_horn,0.7984442114830017,75,43.96179999457672,0.002389231463894248,0.7984442114830017,0.001283725374378264,0.0034634300973266363,0.00012042826710967347,0.05,True,vehicle_horn
5-180156-C-43,benchmark_data/external/esc50/audio/5-180156-C-43.wav,car_horn,vehicle_horn,compatible,5,False,d3aa6e92a3cd40effe68ea87a37b1930ab0f4c346367bdbdebab451ee35d80ab,POSSIBLE SOURCE OVERLAP,True,False,vehicle_horn,0.7093340158462524,102,40.45909998239949,0.0009955690475180745,0.7093340158462524,0.00392748462036252,0.009002799168229103,2.2501797502627596e-05,0.05,True,vehicle_horn
5-184323-A-42,benchmark_data/external/esc50/audio/5-184323-A-42.wav,siren,siren,exact,5,False,bc3d8abd08b3e37ed980c21972acb5ce5ba83ee001f7ddffd95f04e5e6b642ea,POSSIBLE SOURCE OVERLAP,True,True,siren,0.6794127821922302,125,44.26559997955337,5.580041033681482e-05,0.0018596762092784047,0.0003343576390761882,0.6794127821922302,7.3319832154084e-05,0.05,True,siren
5-186924-A-12,benchmark_data/external/esc50/audio/5-186924-A-12.wav,crackling_fire,fire,compatible,5,True,963758fc0a9bb51fbc0659ac0ab75f2aede097519f46b92efecac22baae215cc,POSSIBLE SOURCE OVERLAP,True,False,fire,0.3434031009674072,125,46.34269996313378,0.003959984518587589,4.210314364172518e-05,0.3434031009674072,0.00046021552407182753,4.445746526471339e-05,0.05,True,fire
5-189212-A-12,benchmark_data/external/esc50/audio/5-189212-A-12.wav,crackling_fire,fire,compatible,5,True,bd9983a6e739ea7df03c9363b17834a71ba0b74cbb59d8766d48ccb0fedd2138,POSSIBLE SOURCE OVERLAP,True,False,fire,0.29501816630363464,125,48.99540002224967,0.001955293817445636,0.00019576595514081419,0.29501816630363464,0.00023478054208680987,1.2305142263357993e-05,0.05,True,fire
5-189237-A-12,benchmark_data/external/esc50/audio/5-189237-A-12.wav,crackling_fire,fire,compatible,5,True,41ab28c22910b7fd2834728fd4819d8a0d4a9268e5d1b8b434a5705473fb373a,POSSIBLE SOURCE OVERLAP,True,True,fire,0.009891495108604431,0,66.14050001371652,0.00031534218578599393,0.0002862238325178623,0.009891495108604431,0.0006910470547154546,2.377610326220747e-05,0.05,False,non_emergency
5-193473-A-12,benchmark_data/external/esc50/audio/5-193473-A-12.wav,crackling_fire,fire,compatible,5,True,0c34b4945be60984588bf5b3048ff62974eaaf69b0fa8ef4f06408debb0d7fc9,POSSIBLE SOURCE OVERLAP,True,True,fire,0.3040759265422821,124,44.79830001946539,0.0007643302669748664,0.00013678582035936415,0.3040759265422821,0.0008169981301762164,5.3363750339485705e-05,0.05,True,fire
5-193473-B-12,benchmark_data/external/esc50/audio/5-193473-B-12.wav,crackling_fire,fire,compatible,5,True,0ab553a2ffee37391bd4ae8aa56961c64d5e54e69a2733857b53fbd251dcb216,POSSIBLE SOURCE OVERLAP,True,True,fire,0.18772438168525696,125,39.672299986705184,0.0008049867465160787,0.00011321689089527354,0.18772438168525696,0.0008385214023292065,7.102455128915608e-05,0.05,True,fire
5-198411-A-20,benchmark_data/external/esc50/audio/5-198411-A-20.wav,crying_baby,baby_crying,exact,5,True,efa9989fa053f1bcb7916965791c7bf55c05e4e5acf0bd6d61c649d833659494,POSSIBLE SOURCE OVERLAP,True,True,baby_crying,0.7514933943748474,125,50.153199990745634,0.00018891018407884985,0.0008214895497076213,0.00037444184999912977,0.0013576974160969257,0.7514933943748474,0.05,True,baby_crying
5-198411-B-20,benchmark_data/external/esc50/audio/5-198411-B-20.wav,crying_baby,baby_crying,exact,5,True,0a322dd25c0a694b06732a57f9e153f4615679c02fd5ec274aedf0bee3102b7d,POSSIBLE SOURCE OVERLAP,True,False,baby_crying,0.1824800819158554,69,38.28480001538992,0.0016967777628451586,0.0003013357345480472,0.0006091850227676332,0.0002990170905832201,0.1824800819158554,0.05,True,baby_crying
5-198411-C-20,benchmark_data/external/esc50/audio/5-198411-C-20.wav,crying_baby,baby_crying,exact,5,True,23cf024e102435298b16a8138129f411326a239a2486fc49ca61b4cc15f24875,POSSIBLE SOURCE OVERLAP,True,True,baby_crying,0.41307270526885986,125,40.84789997432381,9.014584793476388e-05,0.0004856747400481254,0.00037089575198478997,0.0004254672094248235,0.41307270526885986,0.05,True,baby_crying
5-198411-D-20,benchmark_data/external/esc50/audio/5-198411-D-20.wav,crying_baby,baby_crying,exact,5,True,ea7b47c6eb1383ec5b8ba4147aa63f7adaff0b218d02731e24bcb3903549abd9,POSSIBLE SOURCE OVERLAP,True,True,baby_crying,0.7762961387634277,125,44.90129998885095,0.00044729665387421846,0.00048689034883864224,0.0002959066187031567,0.0003260460798628628,0.7762961387634277,0.05,True,baby_crying
5-198411-E-20,benchmark_data/external/esc50/audio/5-198411-E-20.wav,crying_baby,baby_crying,exact,5,True,d473b14efed04cdc8cfa37dff146f2d861e744414b86a8b113d42a506df598ad,POSSIBLE SOURCE OVERLAP,True,True,baby_crying,0.6236496567726135,125,41.88360000262037,0.00022267247550189495,0.0005532978684641421,0.0005911494372412562,0.000340056634740904,0.6236496567726135,0.05,True,baby_crying
5-198411-F-20,benchmark_data/external/esc50/audio/5-198411-F-20.wav,crying_baby,baby_crying,exact,5,True,c7a8af6048461639c8931e6c0622a79ccfde881ec5b0ce0c902cb446eb699ec1,POSSIBLE SOURCE OVERLAP,True,True,baby_crying,0.6573436856269836,125,39.57779996562749,0.0007529972353950143,0.00022089491540100425,0.0005350418505258858,0.0008267529774457216,0.6573436856269836,0.05,True,baby_crying
5-198411-G-20,benchmark_data/external/esc50/audio/5-198411-G-20.wav,crying_baby,baby_crying,exact,5,True,a5172b7c92be5d7663f1e97b629dda2e9020ee4caf4b626db1b05817b1ee7f1c,POSSIBLE SOURCE OVERLAP,True,True,baby_crying,0.5874485373497009,110,57.54079995676875,0.0002828804717864841,0.00034814709215424955,0.0005800549406558275,0.00024356703215744346,0.5874485373497009,0.05,True,baby_crying
5-203128-A-0,benchmark_data/external/esc50/audio/5-203128-A-0.wav,dog,dog_barking,compatible,5,True,435e476d5d429aa1cc51c23c9b5e5f8f472faf022846996ade18a457621d0552,POSSIBLE SOURCE OVERLAP,False,False,siren,0.0004388336092233658,0,53.70970000512898,7.568381261080503e-05,0.0003504123305901885,0.00017186906188726425,0.0004388336092233658,0.00013191424659453332,0.05,False,non_emergency
5-203128-B-0,benchmark_data/external/esc50/audio/5-203128-B-0.wav,dog,dog_barking,compatible,5,True,2a253659c2c3c86a0fbaf1e928d8a30933e90c7e7d4be43a3e4b4217e5be0c26,POSSIBLE SOURCE OVERLAP,False,False,siren,0.0008009765297174454,0,57.67790001118556,0.00043996534077450633,0.0005805367254652083,0.0004923921078443527,0.0008009765297174454,2.910883085860405e-05,0.05,False,non_emergency
5-208030-A-0,benchmark_data/external/esc50/audio/5-208030-A-0.wav,dog,dog_barking,compatible,5,True,8b3f5052dad5383ea171aa8feaead47879bf7b5ae3acaf5a26c5167838a49494,POSSIBLE SOURCE OVERLAP,False,False,fire,0.0013360807206481695,0,38.844000024255365,0.0002185985940741375,0.0007994640036486089,0.0013360807206481695,0.0004862922942265868,0.00012581265764310956,0.05,False,non_emergency
5-212454-A-0,benchmark_data/external/esc50/audio/5-212454-A-0.wav,dog,dog_barking,compatible,5,True,a3f7089d31d506d7a5c80f0af79afebfdb8fd61759eab03891b01c809d210e5a,POSSIBLE SOURCE OVERLAP,False,False,vehicle_horn,0.0007563168182969093,0,41.59490001620725,0.00014954921789467335,0.0007563168182969093,0.0004020147316623479,0.0007262697909027338,5.2842864533886313e-05,0.05,False,non_emergency
5-213802-A-12,benchmark_data/external/esc50/audio/5-213802-A-12.wav,crackling_fire,fire,compatible,5,True,eb7d0d7bd9ccbfc6134370a8fbe776ea4cde5fcfa2f7b8fbf0959e686f70716b,POSSIBLE SOURCE OVERLAP,True,False,fire,0.010294289328157902,0,38.59010001178831,3.271449531894177e-05,0.00010330524673918262,0.010294289328157902,0.0003022760502062738,8.47588489705231e-06,0.05,False,non_emergency
5-213855-A-0,benchmark_data/external/esc50/audio/5-213855-A-0.wav,dog,dog_barking,compatible,5,True,1013f545442642bd8a7788279d75d131754127a4bdee39dc9c5299c04c4962c8,POSSIBLE SOURCE OVERLAP,False,False,vehicle_horn,0.007600648794323206,0,49.09129999577999,0.000360633188392967,0.007600648794323206,0.005283836741000414,0.002051407238468528,0.00010050275159301236,0.05,False,non_emergency
5-215658-A-12,benchmark_data/external/esc50/audio/5-215658-A-12.wav,crackling_fire,fire,compatible,5,True,d55ff3e5f491a0d5a137632596d89c4db5c4e9b516de9636ec363e83e9b1e518,POSSIBLE SOURCE OVERLAP,True,True,fire,0.1858365684747696,125,40.845500014256686,0.00042682018829509616,0.00022712086501996964,0.1858365684747696,0.00023165240418165922,5.290185799822211e-05,0.05,True,fire
5-215658-B-12,benchmark_data/external/esc50/audio/5-215658-B-12.wav,crackling_fire,fire,compatible,5,True,ca7f0180a8d1747fd135700f672cc91f7fa976ed952f76a677b080453db8b3f4,POSSIBLE SOURCE OVERLAP,True,False,fire,0.08052845299243927,78,48.63799997838214,6.0434955230448395e-05,0.0002091894275508821,0.08052845299243927,0.0010223501594737172,8.952562347985804e-05,0.05,True,fire
5-217158-A-0,benchmark_data/external/esc50/audio/5-217158-A-0.wav,dog,dog_barking,compatible,5,True,170df4aad8dd13df6e418c8ff4e5a8cf8bec6fece5e3d0150b94d391e91b1356,POSSIBLE SOURCE OVERLAP,False,False,vehicle_horn,0.004065638408064842,0,42.7231999929063,3.419180939090438e-05,0.004065638408064842,0.00028298163670115173,0.0032673003152012825,2.9745755455223843e-05,0.05,False,non_emergency
5-218980-A-30,benchmark_data/external/esc50/audio/5-218980-A-30.wav,door_wood_knock,door_activity,compatible,5,False,c917686cc7048be91d4dec61539344094a01233e649989264187388c9e95f82f,POSSIBLE SOURCE OVERLAP,False,False,fire,0.0014180985745042562,0,40.426199964713305,0.0012167396489530802,0.00044775655260309577,0.0014180985745042562,0.000570703181438148,5.8921064919559285e-05,0.05,False,non_emergency
5-218981-A-30,benchmark_data/external/esc50/audio/5-218981-A-30.wav,door_wood_knock,door_activity,compatible,5,False,b699b80f84ba074526d993750226ec6723b5679393a92fa3d266ea67767d5cca,POSSIBLE SOURCE OVERLAP,False,False,glass_breaking,0.0067055304534733295,0,40.22610001266003,0.0067055304534733295,0.0004790597304236144,0.0021480261348187923,0.00013145855336915702,7.491763244615868e-05,0.05,False,non_emergency
5-221528-A-39,benchmark_data/external/esc50/audio/5-221528-A-39.wav,glass_breaking,glass_breaking,exact,5,False,f4796e4ec53c1dee2257365e58ff5ab75cf37d9a813f07b681927e85ee472cde,POSSIBLE SOURCE OVERLAP,True,False,glass_breaking,0.7146798968315125,25,44.182299985550344,0.7146798968315125,0.0005691381520591676,0.0026925012934952974,0.00036405969876796007,4.578996595228091e-05,0.05,True,glass_breaking
5-221529-A-39,benchmark_data/external/esc50/audio/5-221529-A-39.wav,glass_breaking,glass_breaking,exact,5,False,3863f5097117a5eebbb75ca1a9eddd13fb2cd735542313fe5aa88c940db6a758,POSSIBLE SOURCE OVERLAP,True,False,glass_breaking,0.5856083035469055,34,37.544800026807934,0.5856083035469055,0.00017894859774969518,0.0029526955913752317,0.00035207101609557867,7.051435386529192e-05,0.05,True,glass_breaking
5-231762-A-0,benchmark_data/external/esc50/audio/5-231762-A-0.wav,dog,dog_barking,compatible,5,True,cb686222c5eeb07c8c8ee508adce7bedbabb3358aee5c46b051788075835bd96,POSSIBLE SOURCE OVERLAP,False,False,siren,0.0020554426591843367,0,44.24640000797808,0.00010911747813224792,0.0005407991702668369,0.0002647282963152975,0.0020554426591843367,9.753256745170802e-05,0.05,False,non_emergency
5-233605-A-39,benchmark_data/external/esc50/audio/5-233605-A-39.wav,glass_breaking,glass_breaking,exact,5,False,ae86e74bf03c69cb2c2962b7327b5524dda7d531e553b9fab91a375de5299bff,POSSIBLE SOURCE OVERLAP,True,False,glass_breaking,0.8179326057434082,17,36.67439997661859,0.8179326057434082,0.0015934683615341783,0.002839690074324608,0.0003659927751868963,0.00010572213068371639,0.05,True,glass_breaking
5-233607-A-39,benchmark_data/external/esc50/audio/5-233607-A-39.wav,glass_breaking,glass_breaking,exact,5,False,c2988d2ecd448a3e27bc80a248355a5d3bb85c769ec25f37fda4b9ec990c94dc,POSSIBLE SOURCE OVERLAP,True,False,glass_breaking,0.5425443053245544,23,40.54989997530356,0.5425443053245544,0.0032760282047092915,0.0011191245866939425,0.0003431668155826628,0.0003242021193727851,0.05,True,glass_breaking
5-235644-A-30,benchmark_data/external/esc50/audio/5-235644-A-30.wav,door_wood_knock,door_activity,compatible,5,False,e8104799065c308f8a9c5909f088333ea88e1de05c5a08cf511e9c1387f25fc0,POSSIBLE SOURCE OVERLAP,False,False,fire,0.0006744462880305946,0,42.74030000669882,0.00026261238963343203,0.00029837063630111516,0.0006744462880305946,0.0001516536867711693,2.5164103135466576e-05,0.05,False,non_emergency
5-250026-A-30,benchmark_data/external/esc50/audio/5-250026-A-30.wav,door_wood_knock,door_activity,compatible,5,False,6d249f1a956ff78b494ddd919f2ff032f092e2ca0adccb47fef00e8cc03edf6d,POSSIBLE SOURCE OVERLAP,False,False,siren,0.0005977633409202099,0,42.961200000718236,0.0001282217272091657,0.0001546110142953694,0.00014616372936870903,0.0005977633409202099,1.4804091733822133e-05,0.05,False,non_emergency
5-250026-B-30,benchmark_data/external/esc50/audio/5-250026-B-30.wav,door_wood_knock,door_activity,compatible,5,False,bf4afd0d31614ca48977c54525fd0655c9c9df13a0f4467557c308d4f41e888b,POSSIBLE SOURCE OVERLAP,False,False,glass_breaking,0.001240099547430873,0,43.83780003990978,0.001240099547430873,0.00034671026514843106,0.0002808986755553633,0.000387846608646214,5.5495809647254646e-05,0.05,False,non_emergency
5-251426-A-30,benchmark_data/external/esc50/audio/5-251426-A-30.wav,door_wood_knock,door_activity,compatible,5,False,076bf69727d6ea75ecc891992f728b66deff2d4be6b68d636865ccc77841bdda,POSSIBLE SOURCE OVERLAP,False,False,siren,0.0007666295277886093,0,40.978799981530756,0.0002657385484781116,0.00012695547775365412,0.0003010990913026035,0.0007666295277886093,2.765651333902497e-05,0.05,False,non_emergency
5-251426-B-30,benchmark_data/external/esc50/audio/5-251426-B-30.wav,door_wood_knock,door_activity,compatible,5,False,2738fe71989e18f2e8e0800c678793af2eeba6ca84551f8745f64d21e738ab81,POSSIBLE SOURCE OVERLAP,False,False,siren,0.0005254330462776124,0,37.402300047688186,0.00012274467735551298,0.00017419335199519992,0.0003325823927298188,0.0005254330462776124,2.812596176227089e-05,0.05,False,non_emergency
5-256512-A-30,benchmark_data/external/esc50/audio/5-256512-A-30.wav,door_wood_knock,door_activity,compatible,5,False,df74f2bee45f36c528a27035f0a8b50c71b833a6e7c8c39f42a0f4448f968dbf,POSSIBLE SOURCE OVERLAP,False,False,siren,0.0013034100411459804,0,41.0851999768056,0.00013319069694261998,0.0007850477704778314,0.00023026925919111818,0.0013034100411459804,7.317343261092901e-05,0.05,False,non_emergency
5-257642-A-39,benchmark_data/external/esc50/audio/5-257642-A-39.wav,glass_breaking,glass_breaking,exact,5,False,a93747921a23b090d444c7ecc57adace2d856abbe18c038bd52773a57512613b,POSSIBLE SOURCE OVERLAP,True,False,glass_breaking,0.7975552678108215,32,36.38419997878373,0.7975552678108215,0.001651976490393281,0.0008392467279918492,0.00028447536169551313,9.399142436450347e-05,0.05,True,glass_breaking
5-260432-A-39,benchmark_data/external/esc50/audio/5-260432-A-39.wav,glass_breaking,glass_breaking,exact,5,False,e1da0f73ebaca89112dfd6aff25d154c08961aab7eeea5ed033223d6cabfaef0,POSSIBLE SOURCE OVERLAP,True,False,glass_breaking,0.6790214776992798,22,42.34589997213334,0.6790214776992798,0.00013911881251260638,0.0009962820913642645,0.0003503959742374718,8.703779167262837e-05,0.05,True,glass_breaking
5-260433-A-39,benchmark_data/external/esc50/audio/5-260433-A-39.wav,glass_breaking,glass_breaking,exact,5,False,04a46ed54d5159b4afa7015d9799901a2806f3012507fa6bc923e23124efcdfc,POSSIBLE SOURCE OVERLAP,True,False,glass_breaking,0.6161384582519531,17,41.70219996012747,0.6161384582519531,0.00017403895617462695,0.0014099227264523506,0.00030807359144091606,0.00013731875515077263,0.05,True,glass_breaking
5-260434-A-39,benchmark_data/external/esc50/audio/5-260434-A-39.wav,glass_breaking,glass_breaking,exact,5,False,92d7ac3de371429d81338c1233cadfbcfb3873253c005f2f6aa4be7dce8a014e,POSSIBLE SOURCE OVERLAP,True,False,glass_breaking,0.8146935105323792,22,45.967500016558915,0.8146935105323792,0.0005671259132213891,0.0010863376082852483,0.0010350286029279232,0.00014082278357818723,0.05,True,glass_breaking
5-9032-A-0,benchmark_data/external/esc50/audio/5-9032-A-0.wav,dog,dog_barking,compatible,5,True,e49492e3cd7be48c3e5f82a121e71f23687ecb047609085231e06a0cccb2b12d,POSSIBLE SOURCE OVERLAP,False,False,siren,0.0006739781820215285,0,48.86960005387664,1.7355725503875874e-05,0.0002658629964571446,0.00024784367997199297,0.0006739781820215285,0.0006725460989400744,0.05,False,non_emergency
