sample_id,speaker,corpus,protocol,noise_environment,target_snr_db,achieved_snr_db,filter,file,reference,hypothesis,wer,cer,substitutions,deletions,insertions,reference_words,reference_characters,character_errors,processing_seconds,audio_duration_seconds,real_time_factor,status,error
VIVOSDEV01_R002,VIVOSDEV01,VIVOS,synthetic,gaussian,20,20.00000004305342,unfiltered,benchmark_data/expanded_generated/stt/synthetic/noisy/20/VIVOSDEV01_R002.wav,tiếng cọc cạch khựng lại của những khớp sắt,tiếng cộc cách thuận lợi của những cốm sắt,0.5555555555555556,0.2558139534883721,5,0,0,9,43,11,1.587951300025452,4.0625,0.3908803200062651,PASS,
VIVOSDEV01_R002,VIVOSDEV01,VIVOS,synthetic,gaussian,20,20.00000004305342,dtln,benchmark_data/expanded_generated/stt/synthetic/dtln/20/VIVOSDEV01_R002.wav,tiếng cọc cạch khựng lại của những khớp sắt,tiếng cộc cách thuận lợi của những cướp sắt,0.5555555555555556,0.20930232558139536,5,0,0,9,43,9,1.311834899999667,4.0625,0.3229132061537642,PASS,
VIVOSDEV01_R002,VIVOSDEV01,VIVOS,synthetic,gaussian,15,15.000000284969712,unfiltered,benchmark_data/expanded_generated/stt/synthetic/noisy/15/VIVOSDEV01_R002.wav,tiếng cọc cạch khựng lại của những khớp sắt,tiếng cộc cách thuận lợi của những khớp sắt,0.4444444444444444,0.16279069767441862,4,0,0,9,43,7,1.2340401000110433,4.0625,0.30376371692579524,PASS,
VIVOSDEV01_R002,VIVOSDEV01,VIVOS,synthetic,gaussian,15,15.000000284969712,dtln,benchmark_data/expanded_generated/stt/synthetic/dtln/15/VIVOSDEV01_R002.wav,tiếng cọc cạch khựng lại của những khớp sắt,tiếng cộc cách thuận lợi của những cướp sắt,0.5555555555555556,0.20930232558139536,5,0,0,9,43,9,1.1969421000103466,4.0625,0.2946319015410084,PASS,
VIVOSDEV01_R002,VIVOSDEV01,VIVOS,synthetic,gaussian,10,10.00000005500301,unfiltered,benchmark_data/expanded_generated/stt/synthetic/noisy/10/VIVOSDEV01_R002.wav,tiếng cọc cạch khựng lại của những khớp sắt,tiếng cộc cách thuận lợi của những cốp sắt,0.5555555555555556,0.23255813953488372,5,0,0,9,43,10,1.1076285999733955,4.0625,0.2726470399934512,PASS,
VIVOSDEV01_R002,VIVOSDEV01,VIVOS,synthetic,gaussian,10,10.00000005500301,dtln,benchmark_data/expanded_generated/stt/synthetic/dtln/10/VIVOSDEV01_R002.wav,tiếng cọc cạch khựng lại của những khớp sắt,tuyển tập thuận lợi của những cướp sắt,0.6666666666666666,0.4186046511627907,5,1,0,9,43,18,1.2363516999757849,4.0625,0.3043327261478855,PASS,
VIVOSDEV01_R002,VIVOSDEV01,VIVOS,synthetic,gaussian,5,5.000000335249628,unfiltered,benchmark_data/expanded_generated/stt/synthetic/noisy/5/VIVOSDEV01_R002.wav,tiếng cọc cạch khựng lại của những khớp sắt,tiếng cộc trạch thuận lợi của những shop,0.6666666666666666,0.32558139534883723,5,1,0,9,43,14,1.1247845999896526,4.0625,0.2768700553820683,PASS,
VIVOSDEV01_R002,VIVOSDEV01,VIVOS,synthetic,gaussian,5,5.000000335249628,dtln,benchmark_data/expanded_generated/stt/synthetic/dtln/5/VIVOSDEV01_R002.wav,tiếng cọc cạch khựng lại của những khớp sắt,tuyển tập thuận lợi của những shop,0.7777777777777778,0.5116279069767442,5,2,0,9,43,22,0.9530298999743536,4.0625,0.23459197537830243,PASS,
VIVOSDEV01_R002,VIVOSDEV01,VIVOS,synthetic,gaussian,0,2.1499691015457332e-07,unfiltered,benchmark_data/expanded_generated/stt/synthetic/noisy/0/VIVOSDEV01_R002.wav,tiếng cọc cạch khựng lại của những khớp sắt,tuyển tập thuận lợi của những shop,0.7777777777777778,0.5116279069767442,5,2,0,9,43,22,1.0406476999633014,4.0625,0.25615943383712036,PASS,
VIVOSDEV01_R002,VIVOSDEV01,VIVOS,synthetic,gaussian,0,2.1499691015457332e-07,dtln,benchmark_data/expanded_generated/stt/synthetic/dtln/0/VIVOSDEV01_R002.wav,tiếng cọc cạch khựng lại của những khớp sắt,tuyển tập thuận lợi của những tóm tắt,0.7777777777777778,0.4883720930232558,6,1,0,9,43,21,1.0851105999900028,4.0625,0.26710414768984686,PASS,
VIVOSDEV01_R002,VIVOSDEV01,VIVOS,real,traffic,20,20.000000041856715,unfiltered,benchmark_data/expanded_generated/stt/real/noisy/20/VIVOSDEV01_R002.wav,tiếng cọc cạch khựng lại của những khớp sắt,tiếng cộc cách thuận lợi của những cướp sắt,0.5555555555555556,0.20930232558139536,5,0,0,9,43,9,1.2356444000033662,4.0625,0.30415862153929013,PASS,
VIVOSDEV01_R002,VIVOSDEV01,VIVOS,real,traffic,20,20.000000041856715,dtln,benchmark_data/expanded_generated/stt/real/dtln/20/VIVOSDEV01_R002.wav,tiếng cọc cạch khựng lại của những khớp sắt,tiếng cộc cách thuận lợi của những cướp sắt,0.5555555555555556,0.20930232558139536,5,0,0,9,43,9,1.2359474000404589,4.0625,0.3042332061638053,PASS,
VIVOSDEV01_R002,VIVOSDEV01,VIVOS,real,traffic,15,15.000000227604815,unfiltered,benchmark_data/expanded_generated/stt/real/noisy/15/VIVOSDEV01_R002.wav,tiếng cọc cạch khựng lại của những khớp sắt,tiếng cộc cách thuận lợi của những cốm sắt,0.5555555555555556,0.2558139534883721,5,0,0,9,43,11,1.0611767999944277,4.0625,0.2612127507678591,PASS,
VIVOSDEV01_R002,VIVOSDEV01,VIVOS,real,traffic,15,15.000000227604815,dtln,benchmark_data/expanded_generated/stt/real/dtln/15/VIVOSDEV01_R002.wav,tiếng cọc cạch khựng lại của những khớp sắt,tiếng cộc cách thuận lợi của những cướp sắt,0.5555555555555556,0.20930232558139536,5,0,0,9,43,9,1.267570199968759,4.0625,0.3120172799923099,PASS,
VIVOSDEV01_R002,VIVOSDEV01,VIVOS,real,traffic,10,9.99999994831602,unfiltered,benchmark_data/expanded_generated/stt/real/noisy/10/VIVOSDEV01_R002.wav,tiếng cọc cạch khựng lại của những khớp sắt,tiếng cộc cách thuận lợi của những cốm sắt,0.5555555555555556,0.2558139534883721,5,0,0,9,43,11,1.17910310003208,4.0625,0.29024076308481966,PASS,
VIVOSDEV01_R002,VIVOSDEV01,VIVOS,real,traffic,10,9.99999994831602,dtln,benchmark_data/expanded_generated/stt/real/dtln/10/VIVOSDEV01_R002.wav,tiếng cọc cạch khựng lại của những khớp sắt,tiếng cộc cách thuận lợi của những khớp sắt,0.4444444444444444,0.16279069767441862,4,0,0,9,43,7,1.3399635999812745,4.0625,0.3298371938415445,PASS,
VIVOSDEV01_R002,VIVOSDEV01,VIVOS,real,traffic,5,4.999999944654822,unfiltered,benchmark_data/expanded_generated/stt/real/noisy/5/VIVOSDEV01_R002.wav,tiếng cọc cạch khựng lại của những khớp sắt,tiếng cộc cách thuận lợi của những cốm sắt,0.5555555555555556,0.2558139534883721,5,0,0,9,43,11,1.2467922000214458,4.0625,0.30690269538989434,PASS,
VIVOSDEV01_R002,VIVOSDEV01,VIVOS,real,traffic,5,4.999999944654822,dtln,benchmark_data/expanded_generated/stt/real/dtln/5/VIVOSDEV01_R002.wav,tiếng cọc cạch khựng lại của những khớp sắt,tiếng cộc cách thuận lợi của những cướp sắt,0.5555555555555556,0.20930232558139536,5,0,0,9,43,9,1.1993514000205323,4.0625,0.2952249600050541,PASS,
VIVOSDEV01_R002,VIVOSDEV01,VIVOS,real,traffic,0,2.392218189446044e-07,unfiltered,benchmark_data/expanded_generated/stt/real/noisy/0/VIVOSDEV01_R002.wav,tiếng cọc cạch khựng lại của những khớp sắt,tiếng cộc cách thuận lợi của những cốm sắt,0.5555555555555556,0.2558139534883721,5,0,0,9,43,11,1.3562631999957375,4.0625,0.33384940307587385,PASS,
VIVOSDEV01_R002,VIVOSDEV01,VIVOS,real,traffic,0,2.392218189446044e-07,dtln,benchmark_data/expanded_generated/stt/real/dtln/0/VIVOSDEV01_R002.wav,tiếng cọc cạch khựng lại của những khớp sắt,tiếng cộc cách thuận lợi của những khớp sắt,0.4444444444444444,0.16279069767441862,4,0,0,9,43,7,1.4716144999838434,4.0625,0.36224356922679224,PASS,
VIVOSDEV02_R005,VIVOSDEV02,VIVOS,synthetic,gaussian,20,20.000000289606756,unfiltered,benchmark_data/expanded_generated/stt/synthetic/noisy/20/VIVOSDEV02_R005.wav,nếu tưởng tượng bảy tám năm nữa,nếu tưởng tượng 78 năm nữa,0.2857142857142857,0.22580645161290322,1,1,0,7,31,7,0.7030062000267208,2.625,0.26781188572446507,PASS,
VIVOSDEV02_R005,VIVOSDEV02,VIVOS,synthetic,gaussian,20,20.000000289606756,dtln,benchmark_data/expanded_generated/stt/synthetic/dtln/20/VIVOSDEV02_R005.wav,nếu tưởng tượng bảy tám năm nữa,nếu tưởng tượng 78 năm nữa,0.2857142857142857,0.22580645161290322,1,1,0,7,31,7,0.8976008000317961,2.625,0.3419431619168747,PASS,
VIVOSDEV02_R005,VIVOSDEV02,VIVOS,synthetic,gaussian,15,15.000000185108062,unfiltered,benchmark_data/expanded_generated/stt/synthetic/noisy/15/VIVOSDEV02_R005.wav,nếu tưởng tượng bảy tám năm nữa,nếu tưởng tượng 78 năm nữa,0.2857142857142857,0.22580645161290322,1,1,0,7,31,7,0.6085991999716498,2.625,0.2318473142749142,PASS,
VIVOSDEV02_R005,VIVOSDEV02,VIVOS,synthetic,gaussian,15,15.000000185108062,dtln,benchmark_data/expanded_generated/stt/synthetic/dtln/15/VIVOSDEV02_R005.wav,nếu tưởng tượng bảy tám năm nữa,nếu tưởng tượng 78 năm nữa,0.2857142857142857,0.22580645161290322,1,1,0,7,31,7,0.7619700999930501,2.625,0.29027432380687623,PASS,
VIVOSDEV02_R005,VIVOSDEV02,VIVOS,synthetic,gaussian,10,10.000000017242419,unfiltered,benchmark_data/expanded_generated/stt/synthetic/noisy/10/VIVOSDEV02_R005.wav,nếu tưởng tượng bảy tám năm nữa,nếu tưởng tượng 78 năm nữa,0.2857142857142857,0.22580645161290322,1,1,0,7,31,7,0.7674295000033453,2.625,0.2923540952393696,PASS,
VIVOSDEV02_R005,VIVOSDEV02,VIVOS,synthetic,gaussian,10,10.000000017242419,dtln,benchmark_data/expanded_generated/stt/synthetic/dtln/10/VIVOSDEV02_R005.wav,nếu tưởng tượng bảy tám năm nữa,nếu tưởng tượng 78 năm nữa,0.2857142857142857,0.22580645161290322,1,1,0,7,31,7,0.7370636999839917,2.625,0.28078617142247303,PASS,
VIVOSDEV02_R005,VIVOSDEV02,VIVOS,synthetic,gaussian,5,5.000000022621359,unfiltered,benchmark_data/expanded_generated/stt/synthetic/noisy/5/VIVOSDEV02_R005.wav,nếu tưởng tượng bảy tám năm nữa,nếu tưởng tượng 78 năm nữa,0.2857142857142857,0.22580645161290322,1,1,0,7,31,7,0.8101433999836445,2.625,0.3086260571366265,PASS,
VIVOSDEV02_R005,VIVOSDEV02,VIVOS,synthetic,gaussian,5,5.000000022621359,dtln,benchmark_data/expanded_generated/stt/synthetic/dtln/5/VIVOSDEV02_R005.wav,nếu tưởng tượng bảy tám năm nữa,nếu tưởng tượng 78 năm nữa,0.2857142857142857,0.22580645161290322,1,1,0,7,31,7,0.8157260000007227,2.625,0.3107527619050372,PASS,
VIVOSDEV02_R005,VIVOSDEV02,VIVOS,synthetic,gaussian,0,4.9418463305132646e-08,unfiltered,benchmark_data/expanded_generated/stt/synthetic/noisy/0/VIVOSDEV02_R005.wav,nếu tưởng tượng bảy tám năm nữa,nếu tưởng tượng 78 năm nữa,0.2857142857142857,0.22580645161290322,1,1,0,7,31,7,0.7960406000493094,2.625,0.30325356192354647,PASS,
VIVOSDEV02_R005,VIVOSDEV02,VIVOS,synthetic,gaussian,0,4.9418463305132646e-08,dtln,benchmark_data/expanded_generated/stt/synthetic/dtln/0/VIVOSDEV02_R005.wav,nếu tưởng tượng bảy tám năm nữa,nếu tưởng tượng 78 năm nữa,0.2857142857142857,0.22580645161290322,1,1,0,7,31,7,0.8502000000444241,2.625,0.32388571430263774,PASS,
VIVOSDEV02_R005,VIVOSDEV02,VIVOS,real,cafeteria,20,19.99999992591736,unfiltered,benchmark_data/expanded_generated/stt/real/noisy/20/VIVOSDEV02_R005.wav,nếu tưởng tượng bảy tám năm nữa,nếu tưởng tượng 78 năm nữa,0.2857142857142857,0.22580645161290322,1,1,0,7,31,7,0.6169985000160523,2.625,0.23504704762516276,PASS,
VIVOSDEV02_R005,VIVOSDEV02,VIVOS,real,cafeteria,20,19.99999992591736,dtln,benchmark_data/expanded_generated/stt/real/dtln/20/VIVOSDEV02_R005.wav,nếu tưởng tượng bảy tám năm nữa,nếu tưởng tượng 78 năm nữa,0.2857142857142857,0.22580645161290322,1,1,0,7,31,7,0.7270789999747649,2.625,0.2769824761808628,PASS,
VIVOSDEV02_R005,VIVOSDEV02,VIVOS,real,cafeteria,15,14.999999852940764,unfiltered,benchmark_data/expanded_generated/stt/real/noisy/15/VIVOSDEV02_R005.wav,nếu tưởng tượng bảy tám năm nữa,nếu tưởng tượng 78 năm nữa,0.2857142857142857,0.22580645161290322,1,1,0,7,31,7,0.6152451999951154,2.625,0.23437912380766301,PASS,
VIVOSDEV02_R005,VIVOSDEV02,VIVOS,real,cafeteria,15,14.999999852940764,dtln,benchmark_data/expanded_generated/stt/real/dtln/15/VIVOSDEV02_R005.wav,nếu tưởng tượng bảy tám năm nữa,nếu tưởng tượng 78 năm nữa,0.2857142857142857,0.22580645161290322,1,1,0,7,31,7,0.6953461999655701,2.625,0.2648937904630743,PASS,
VIVOSDEV02_R005,VIVOSDEV02,VIVOS,real,cafeteria,10,9.999999796344552,unfiltered,benchmark_data/expanded_generated/stt/real/noisy/10/VIVOSDEV02_R005.wav,nếu tưởng tượng bảy tám năm nữa,nếu tưởng tượng 78 năm nữa,0.2857142857142857,0.22580645161290322,1,1,0,7,31,7,0.7953351000323892,2.625,0.30298480001233874,PASS,
VIVOSDEV02_R005,VIVOSDEV02,VIVOS,real,cafeteria,10,9.999999796344552,dtln,benchmark_data/expanded_generated/stt/real/dtln/10/VIVOSDEV02_R005.wav,nếu tưởng tượng bảy tám năm nữa,nếu tưởng tượng 78 năm nữa,0.2857142857142857,0.22580645161290322,1,1,0,7,31,7,0.7649070000043139,2.625,0.29139314285878626,PASS,
VIVOSDEV02_R005,VIVOSDEV02,VIVOS,real,cafeteria,5,4.999999740622773,unfiltered,benchmark_data/expanded_generated/stt/real/noisy/5/VIVOSDEV02_R005.wav,nếu tưởng tượng bảy tám năm nữa,nếu tưởng tượng 78 năm nữa,0.2857142857142857,0.22580645161290322,1,1,0,7,31,7,0.6329306000261568,2.625,0.24111641905758352,PASS,
VIVOSDEV02_R005,VIVOSDEV02,VIVOS,real,cafeteria,5,4.999999740622773,dtln,benchmark_data/expanded_generated/stt/real/dtln/5/VIVOSDEV02_R005.wav,nếu tưởng tượng bảy tám năm nữa,nếu tưởng tượng 78 năm nữa,0.2857142857142857,0.22580645161290322,1,1,0,7,31,7,0.8936505000456236,2.625,0.3404382857316661,PASS,
VIVOSDEV02_R005,VIVOSDEV02,VIVOS,real,cafeteria,0,-3.346589290274058e-07,unfiltered,benchmark_data/expanded_generated/stt/real/noisy/0/VIVOSDEV02_R005.wav,nếu tưởng tượng bảy tám năm nữa,nếu tưởng tượng 78 năm nữa,0.2857142857142857,0.22580645161290322,1,1,0,7,31,7,0.7265824999776669,2.625,0.2767933333248255,PASS,
VIVOSDEV02_R005,VIVOSDEV02,VIVOS,real,cafeteria,0,-3.346589290274058e-07,dtln,benchmark_data/expanded_generated/stt/real/dtln/0/VIVOSDEV02_R005.wav,nếu tưởng tượng bảy tám năm nữa,nếu tưởng tượng 78 năm nữa,0.2857142857142857,0.22580645161290322,1,1,0,7,31,7,0.7204916999908164,2.625,0.27447302856793004,PASS,
VIVOSDEV03_R007,VIVOSDEV03,VIVOS,synthetic,gaussian,20,20.000000224125998,unfiltered,benchmark_data/expanded_generated/stt/synthetic/noisy/20/VIVOSDEV03_R007.wav,một chuyến du lịch dã ngoại tại bò cạp vàng,một chuyến du lịch dã ngoại tại bò cạp vàng,0.0,0.0,0,0,0,10,43,0,0.7366965999826789,3.125,0.23574291199445724,PASS,
VIVOSDEV03_R007,VIVOSDEV03,VIVOS,synthetic,gaussian,20,20.000000224125998,dtln,benchmark_data/expanded_generated/stt/synthetic/dtln/20/VIVOSDEV03_R007.wav,một chuyến du lịch dã ngoại tại bò cạp vàng,một chuyến du lịch dã ngoại tại bò cạp vàng,0.0,0.0,0,0,0,10,43,0,0.8586287000216544,3.125,0.2747611840069294,PASS,
VIVOSDEV03_R007,VIVOSDEV03,VIVOS,synthetic,gaussian,15,15.000000239964573,unfiltered,benchmark_data/expanded_generated/stt/synthetic/noisy/15/VIVOSDEV03_R007.wav,một chuyến du lịch dã ngoại tại bò cạp vàng,một chuyến du lịch dã ngoại tại bò cạp vàng,0.0,0.0,0,0,0,10,43,0,0.8835028000175953,3.125,0.2827208960056305,PASS,
VIVOSDEV03_R007,VIVOSDEV03,VIVOS,synthetic,gaussian,15,15.000000239964573,dtln,benchmark_data/expanded_generated/stt/synthetic/dtln/15/VIVOSDEV03_R007.wav,một chuyến du lịch dã ngoại tại bò cạp vàng,một chuyến du lịch dã ngoại tại bò cạp vàng,0.0,0.0,0,0,0,10,43,0,1.0981979999924079,3.125,0.3514233599975705,PASS,
VIVOSDEV03_R007,VIVOSDEV03,VIVOS,synthetic,gaussian,10,10.000000323459624,unfiltered,benchmark_data/expanded_generated/stt/synthetic/noisy/10/VIVOSDEV03_R007.wav,một chuyến du lịch dã ngoại tại bò cạp vàng,một chuyến du lịch dã ngoại tại bò cạp vàng,0.0,0.0,0,0,0,10,43,0,0.8020445000147447,3.125,0.2566542400047183,PASS,
VIVOSDEV03_R007,VIVOSDEV03,VIVOS,synthetic,gaussian,10,10.000000323459624,dtln,benchmark_data/expanded_generated/stt/synthetic/dtln/10/VIVOSDEV03_R007.wav,một chuyến du lịch dã ngoại tại bò cạp vàng,một chuyến du lịch dã ngoại tại bò cạp vàng,0.0,0.0,0,0,0,10,43,0,0.7653238999773748,3.125,0.24490364799275993,PASS,
VIVOSDEV03_R007,VIVOSDEV03,VIVOS,synthetic,gaussian,5,5.000000034896014,unfiltered,benchmark_data/expanded_generated/stt/synthetic/noisy/5/VIVOSDEV03_R007.wav,một chuyến du lịch dã ngoại tại bò cạp vàng,một chuyến du lịch dã ngoại tại bò cạp vàng,0.0,0.0,0,0,0,10,43,0,0.8645377999637276,3.125,0.27665209598839285,PASS,
VIVOSDEV03_R007,VIVOSDEV03,VIVOS,synthetic,gaussian,5,5.000000034896014,dtln,benchmark_data/expanded_generated/stt/synthetic/dtln/5/VIVOSDEV03_R007.wav,một chuyến du lịch dã ngoại tại bò cạp vàng,một chuyến du lịch dã ngoại tại bò cạp vàng,0.0,0.0,0,0,0,10,43,0,0.7524859000113793,3.125,0.24079548800364137,PASS,
VIVOSDEV03_R007,VIVOSDEV03,VIVOS,synthetic,gaussian,0,2.790031005245896e-07,unfiltered,benchmark_data/expanded_generated/stt/synthetic/noisy/0/VIVOSDEV03_R007.wav,một chuyến du lịch dã ngoại tại bò cạp vàng,một chuyến du lịch dã ngoại tại bò cạp vàng,0.0,0.0,0,0,0,10,43,0,0.7904578999732621,3.125,0.25294652799144385,PASS,
VIVOSDEV03_R007,VIVOSDEV03,VIVOS,synthetic,gaussian,0,2.790031005245896e-07,dtln,benchmark_data/expanded_generated/stt/synthetic/dtln/0/VIVOSDEV03_R007.wav,một chuyến du lịch dã ngoại tại bò cạp vàng,một chuyến du lịch dã ngoại tại bò cạp vàng,0.0,0.0,0,0,0,10,43,0,0.8210813999758102,3.125,0.26274604799225926,PASS,
VIVOSDEV03_R007,VIVOSDEV03,VIVOS,real,office,20,19.99999982032469,unfiltered,benchmark_data/expanded_generated/stt/real/noisy/20/VIVOSDEV03_R007.wav,một chuyến du lịch dã ngoại tại bò cạp vàng,một chuyến du lịch dã ngoại tại bò cạp vàng,0.0,0.0,0,0,0,10,43,0,0.8388884000014514,3.125,0.26844428800046444,PASS,
VIVOSDEV03_R007,VIVOSDEV03,VIVOS,real,office,20,19.99999982032469,dtln,benchmark_data/expanded_generated/stt/real/dtln/20/VIVOSDEV03_R007.wav,một chuyến du lịch dã ngoại tại bò cạp vàng,một chuyến du lịch dã ngoại tại bò cạp vàng,0.0,0.0,0,0,0,10,43,0,0.8512911999714561,3.125,0.27241318399086595,PASS,
VIVOSDEV03_R007,VIVOSDEV03,VIVOS,real,office,15,15.000000130712596,unfiltered,benchmark_data/expanded_generated/stt/real/noisy/15/VIVOSDEV03_R007.wav,một chuyến du lịch dã ngoại tại bò cạp vàng,một chuyến du lịch dã ngoại tại bò cạp vàng,0.0,0.0,0,0,0,10,43,0,0.9546031000209041,3.125,0.3054729920066893,PASS,
VIVOSDEV03_R007,VIVOSDEV03,VIVOS,real,office,15,15.000000130712596,dtln,benchmark_data/expanded_generated/stt/real/dtln/15/VIVOSDEV03_R007.wav,một chuyến du lịch dã ngoại tại bò cạp vàng,một chuyến du lịch dã ngoại tại bò cạp vàng,0.0,0.0,0,0,0,10,43,0,0.807197600021027,3.125,0.25830323200672867,PASS,
VIVOSDEV03_R007,VIVOSDEV03,VIVOS,real,office,10,9.999999682745335,unfiltered,benchmark_data/expanded_generated/stt/real/noisy/10/VIVOSDEV03_R007.wav,một chuyến du lịch dã ngoại tại bò cạp vàng,một chuyến du lịch dã ngoại tại bò cạp vàng,0.0,0.0,0,0,0,10,43,0,0.8126588999875821,3.125,0.2600508479960263,PASS,
VIVOSDEV03_R007,VIVOSDEV03,VIVOS,real,office,10,9.999999682745335,dtln,benchmark_data/expanded_generated/stt/real/dtln/10/VIVOSDEV03_R007.wav,một chuyến du lịch dã ngoại tại bò cạp vàng,một chuyến du lịch dã ngoại tại bò cạp vàng,0.0,0.0,0,0,0,10,43,0,0.8838828000007197,3.125,0.2828424960002303,PASS,
VIVOSDEV03_R007,VIVOSDEV03,VIVOS,real,office,5,5.000000069018299,unfiltered,benchmark_data/expanded_generated/stt/real/noisy/5/VIVOSDEV03_R007.wav,một chuyến du lịch dã ngoại tại bò cạp vàng,một chuyến du lịch dã ngoại tại bò cạp vàng,0.0,0.0,0,0,0,10,43,0,1.198536999989301,3.125,0.3835318399965763,PASS,
VIVOSDEV03_R007,VIVOSDEV03,VIVOS,real,office,5,5.000000069018299,dtln,benchmark_data/expanded_generated/stt/real/dtln/5/VIVOSDEV03_R007.wav,một chuyến du lịch dã ngoại tại bò cạp vàng,một chuyến du lịch dã ngoại tại bò cạp vàng,0.0,0.0,0,0,0,10,43,0,1.0338546999846585,3.125,0.3308335039950907,PASS,
VIVOSDEV03_R007,VIVOSDEV03,VIVOS,real,office,0,1.92942614971205e-07,unfiltered,benchmark_data/expanded_generated/stt/real/noisy/0/VIVOSDEV03_R007.wav,một chuyến du lịch dã ngoại tại bò cạp vàng,một chuyến du lịch dã ngoại tại bò cạp vàng,0.0,0.0,0,0,0,10,43,0,0.8015088000101969,3.125,0.256482816003263,PASS,
VIVOSDEV03_R007,VIVOSDEV03,VIVOS,real,office,0,1.92942614971205e-07,dtln,benchmark_data/expanded_generated/stt/real/dtln/0/VIVOSDEV03_R007.wav,một chuyến du lịch dã ngoại tại bò cạp vàng,một chuyến du lịch dã ngoại tại bò cạp vàng,0.0,0.0,0,0,0,10,43,0,0.935185799957253,3.125,0.299259455986321,PASS,
VIVOSDEV04_R002,VIVOSDEV04,VIVOS,synthetic,gaussian,20,19.999999720071326,unfiltered,benchmark_data/expanded_generated/stt/synthetic/noisy/20/VIVOSDEV04_R002.wav,đó cũng là động lực thúc đẩy tôi,đó cũng là động lực thúc đẩy tôi,0.0,0.0,0,0,0,8,32,0,0.8003159000072628,3.375,0.237130637039189,PASS,
VIVOSDEV04_R002,VIVOSDEV04,VIVOS,synthetic,gaussian,20,19.999999720071326,dtln,benchmark_data/expanded_generated/stt/synthetic/dtln/20/VIVOSDEV04_R002.wav,đó cũng là động lực thúc đẩy tôi,đó cũng là động lực thúc đẩy tôi,0.0,0.0,0,0,0,8,32,0,0.7969642999814823,3.375,0.23613757036488364,PASS,
VIVOSDEV04_R002,VIVOSDEV04,VIVOS,synthetic,gaussian,15,15.000000223503873,unfiltered,benchmark_data/expanded_generated/stt/synthetic/noisy/15/VIVOSDEV04_R002.wav,đó cũng là động lực thúc đẩy tôi,đó cũng là động lực thúc đẩy tôi,0.0,0.0,0,0,0,8,32,0,0.7188135999604128,3.375,0.21298180739567787,PASS,
VIVOSDEV04_R002,VIVOSDEV04,VIVOS,synthetic,gaussian,15,15.000000223503873,dtln,benchmark_data/expanded_generated/stt/synthetic/dtln/15/VIVOSDEV04_R002.wav,đó cũng là động lực thúc đẩy tôi,đó cũng là động lực thúc đẩy tôi,0.0,0.0,0,0,0,8,32,0,0.7923937999876216,3.375,0.23478334814448049,PASS,
VIVOSDEV04_R002,VIVOSDEV04,VIVOS,synthetic,gaussian,10,10.000000221186543,unfiltered,benchmark_data/expanded_generated/stt/synthetic/noisy/10/VIVOSDEV04_R002.wav,đó cũng là động lực thúc đẩy tôi,đó cũng là động lực thúc đẩy tôi,0.0,0.0,0,0,0,8,32,0,0.7305557000217959,3.375,0.2164609481546062,PASS,
VIVOSDEV04_R002,VIVOSDEV04,VIVOS,synthetic,gaussian,10,10.000000221186543,dtln,benchmark_data/expanded_generated/stt/synthetic/dtln/10/VIVOSDEV04_R002.wav,đó cũng là động lực thúc đẩy tôi,đó cũng là động lực thúc đẩy tôi,0.0,0.0,0,0,0,8,32,0,0.7405416000401601,3.375,0.21941973334523263,PASS,
VIVOSDEV04_R002,VIVOSDEV04,VIVOS,synthetic,gaussian,5,5.000000369031254,unfiltered,benchmark_data/expanded_generated/stt/synthetic/noisy/5/VIVOSDEV04_R002.wav,đó cũng là động lực thúc đẩy tôi,đó cũng là động lực thúc đẩy tôi,0.0,0.0,0,0,0,8,32,0,0.7685035999747925,3.375,0.22770477036290146,PASS,
VIVOSDEV04_R002,VIVOSDEV04,VIVOS,synthetic,gaussian,5,5.000000369031254,dtln,benchmark_data/expanded_generated/stt/synthetic/dtln/5/VIVOSDEV04_R002.wav,đó cũng là động lực thúc đẩy tôi,đó cũng là động lực thúc đẩy tôi,0.0,0.0,0,0,0,8,32,0,0.8793211999582127,3.375,0.2605396148024334,PASS,
VIVOSDEV04_R002,VIVOSDEV04,VIVOS,synthetic,gaussian,0,9.611674758466206e-08,unfiltered,benchmark_data/expanded_generated/stt/synthetic/noisy/0/VIVOSDEV04_R002.wav,đó cũng là động lực thúc đẩy tôi,đó cũng là động lực thúc đẩy tôi,0.0,0.0,0,0,0,8,32,0,0.9222865999909118,3.375,0.2732701037010109,PASS,
VIVOSDEV04_R002,VIVOSDEV04,VIVOS,synthetic,gaussian,0,9.611674758466206e-08,dtln,benchmark_data/expanded_generated/stt/synthetic/dtln/0/VIVOSDEV04_R002.wav,đó cũng là động lực thúc đẩy tôi,đó cũng là động lực thúc đẩy tôi,0.0,0.0,0,0,0,8,32,0,0.805591500014998,3.375,0.23869377778222164,PASS,
VIVOSDEV04_R002,VIVOSDEV04,VIVOS,real,home,20,19.999999832840686,unfiltered,benchmark_data/expanded_generated/stt/real/noisy/20/VIVOSDEV04_R002.wav,đó cũng là động lực thúc đẩy tôi,đó cũng là động lực thúc đẩy tôi,0.0,0.0,0,0,0,8,32,0,0.7118076999904588,3.375,0.21090598518235815,PASS,
VIVOSDEV04_R002,VIVOSDEV04,VIVOS,real,home,20,19.999999832840686,dtln,benchmark_data/expanded_generated/stt/real/dtln/20/VIVOSDEV04_R002.wav,đó cũng là động lực thúc đẩy tôi,đó cũng là động lực thúc đẩy tôi,0.0,0.0,0,0,0,8,32,0,0.8778531000134535,3.375,0.26010462222620845,PASS,
VIVOSDEV04_R002,VIVOSDEV04,VIVOS,real,home,15,14.999999851120801,unfiltered,benchmark_data/expanded_generated/stt/real/noisy/15/VIVOSDEV04_R002.wav,đó cũng là động lực thúc đẩy tôi,đó cũng là động lực thúc đẩy tôi,0.0,0.0,0,0,0,8,32,0,0.8510995000251569,3.375,0.2521776296370835,PASS,
VIVOSDEV04_R002,VIVOSDEV04,VIVOS,real,home,15,14.999999851120801,dtln,benchmark_data/expanded_generated/stt/real/dtln/15/VIVOSDEV04_R002.wav,đó cũng là động lực thúc đẩy tôi,đó cũng là động lực thúc đẩy tôi,0.0,0.0,0,0,0,8,32,0,0.7568176999920979,3.375,0.22424228147914013,PASS,
VIVOSDEV04_R002,VIVOSDEV04,VIVOS,real,home,10,9.999999818707781,unfiltered,benchmark_data/expanded_generated/stt/real/noisy/10/VIVOSDEV04_R002.wav,đó cũng là động lực thúc đẩy tôi,đó cũng là động lực thúc đẩy tôi,0.0,0.0,0,0,0,8,32,0,0.7971092000370845,3.375,0.2361805037146917,PASS,
VIVOSDEV04_R002,VIVOSDEV04,VIVOS,real,home,10,9.999999818707781,dtln,benchmark_data/expanded_generated/stt/real/dtln/10/VIVOSDEV04_R002.wav,đó cũng là động lực thúc đẩy tôi,đó cũng là động lực thúc đẩy tôi,0.0,0.0,0,0,0,8,32,0,0.9933249999885447,3.375,0.29431851851512436,PASS,
VIVOSDEV04_R002,VIVOSDEV04,VIVOS,real,home,5,4.999999857268194,unfiltered,benchmark_data/expanded_generated/stt/real/noisy/5/VIVOSDEV04_R002.wav,đó cũng là động lực thúc đẩy tôi,đó cũng là động lực thúc đẩy tôi,0.0,0.0,0,0,0,8,32,0,0.8493113999720663,3.375,0.25164782221394555,PASS,
VIVOSDEV04_R002,VIVOSDEV04,VIVOS,real,home,5,4.999999857268194,dtln,benchmark_data/expanded_generated/stt/real/dtln/5/VIVOSDEV04_R002.wav,đó cũng là động lực thúc đẩy tôi,đó cũng là động lực thúc đẩy tôi,0.0,0.0,0,0,0,8,32,0,1.6620843000127934,3.375,0.49246942222601287,PASS,
VIVOSDEV04_R002,VIVOSDEV04,VIVOS,real,home,0,1.0044551169786882e-07,unfiltered,benchmark_data/expanded_generated/stt/real/noisy/0/VIVOSDEV04_R002.wav,đó cũng là động lực thúc đẩy tôi,đó cũng là động lực thúc đẩy tôi,0.0,0.0,0,0,0,8,32,0,0.823180399951525,3.375,0.24390530368934074,PASS,
VIVOSDEV04_R002,VIVOSDEV04,VIVOS,real,home,0,1.0044551169786882e-07,dtln,benchmark_data/expanded_generated/stt/real/dtln/0/VIVOSDEV04_R002.wav,đó cũng là động lực thúc đẩy tôi,đó cũng là động lực thúc đẩy tôi,0.0,0.0,0,0,0,8,32,0,0.8416408999473788,3.375,0.24937508146589002,PASS,
VIVOSDEV05_004,VIVOSDEV05,VIVOS,synthetic,gaussian,20,20.000000149092955,unfiltered,benchmark_data/expanded_generated/stt/synthetic/noisy/20/VIVOSDEV05_004.wav,hãy tưởng tượng rằng bạn là là giám đốc dự án trong một công ty lớn,hãy tưởng tượng rằng bạn là giám đốc dự án trong một công ty,0.125,0.1044776119402985,0,2,0,16,67,7,1.0391612999956124,4.0625,0.25579355076815075,PASS,
VIVOSDEV05_004,VIVOSDEV05,VIVOS,synthetic,gaussian,20,20.000000149092955,dtln,benchmark_data/expanded_generated/stt/synthetic/dtln/20/VIVOSDEV05_004.wav,hãy tưởng tượng rằng bạn là là giám đốc dự án trong một công ty lớn,hãy tưởng tượng rằng bạn là giám đốc dự án trong một công ty,0.125,0.1044776119402985,0,2,0,16,67,7,1.0492724999785423,4.0625,0.25828246153317963,PASS,
VIVOSDEV05_004,VIVOSDEV05,VIVOS,synthetic,gaussian,15,14.999999841641856,unfiltered,benchmark_data/expanded_generated/stt/synthetic/noisy/15/VIVOSDEV05_004.wav,hãy tưởng tượng rằng bạn là là giám đốc dự án trong một công ty lớn,hãy tưởng tượng rằng bạn là giám đốc dự án trong một công ty,0.125,0.1044776119402985,0,2,0,16,67,7,1.1314196000457741,4.0625,0.2785032861651136,PASS,
VIVOSDEV05_004,VIVOSDEV05,VIVOS,synthetic,gaussian,15,14.999999841641856,dtln,benchmark_data/expanded_generated/stt/synthetic/dtln/15/VIVOSDEV05_004.wav,hãy tưởng tượng rằng bạn là là giám đốc dự án trong một công ty lớn,hãy tưởng tượng rằng bạn là giám đốc dự án trong một công ty,0.125,0.1044776119402985,0,2,0,16,67,7,1.03195220005,4.0625,0.2540190030892308,PASS,
VIVOSDEV05_004,VIVOSDEV05,VIVOS,synthetic,gaussian,10,9.999999773440626,unfiltered,benchmark_data/expanded_generated/stt/synthetic/noisy/10/VIVOSDEV05_004.wav,hãy tưởng tượng rằng bạn là là giám đốc dự án trong một công ty lớn,hãy tưởng tượng rằng bạn là giám đốc dự án trong một công ty,0.125,0.1044776119402985,0,2,0,16,67,7,1.1387805999838747,4.0625,0.28031522461141534,PASS,
VIVOSDEV05_004,VIVOSDEV05,VIVOS,synthetic,gaussian,10,9.999999773440626,dtln,benchmark_data/expanded_generated/stt/synthetic/dtln/10/VIVOSDEV05_004.wav,hãy tưởng tượng rằng bạn là là giám đốc dự án trong một công ty lớn,hãy tưởng tượng rằng bạn là giám đốc dự án trong một công ty,0.125,0.1044776119402985,0,2,0,16,67,7,0.9994229000294581,4.0625,0.246011790776482,PASS,
VIVOSDEV05_004,VIVOSDEV05,VIVOS,synthetic,gaussian,5,5.0000002584880745,unfiltered,benchmark_data/expanded_generated/stt/synthetic/noisy/5/VIVOSDEV05_004.wav,hãy tưởng tượng rằng bạn là là giám đốc dự án trong một công ty lớn,hãy tưởng tượng rằng bạn là giám đốc dự án trong một công ty,0.125,0.1044776119402985,0,2,0,16,67,7,0.9379126999992877,4.0625,0.23087081846136312,PASS,
VIVOSDEV05_004,VIVOSDEV05,VIVOS,synthetic,gaussian,5,5.0000002584880745,dtln,benchmark_data/expanded_generated/stt/synthetic/dtln/5/VIVOSDEV05_004.wav,hãy tưởng tượng rằng bạn là là giám đốc dự án trong một công ty lớn,hãy tưởng tượng rằng bạn là giám đốc dự án trong một công ty,0.125,0.1044776119402985,0,2,0,16,67,7,1.2175451000221074,4.0625,0.299703409236211,PASS,
VIVOSDEV05_004,VIVOSDEV05,VIVOS,synthetic,gaussian,0,-1.9635133102685247e-07,unfiltered,benchmark_data/expanded_generated/stt/synthetic/noisy/0/VIVOSDEV05_004.wav,hãy tưởng tượng rằng bạn là là giám đốc dự án trong một công ty lớn,hãy tưởng tượng rằng bạn là giám đốc dự án trong một công ty,0.125,0.1044776119402985,0,2,0,16,67,7,1.1890613000141457,4.0625,0.2926920123111743,PASS,
VIVOSDEV05_004,VIVOSDEV05,VIVOS,synthetic,gaussian,0,-1.9635133102685247e-07,dtln,benchmark_data/expanded_generated/stt/synthetic/dtln/0/VIVOSDEV05_004.wav,hãy tưởng tượng rằng bạn là là giám đốc dự án trong một công ty lớn,hãy tưởng tượng rằng bạn là giám đốc dự án trong một công,0.1875,0.14925373134328357,0,3,0,16,67,10,1.0842693999875337,4.0625,0.26689708307385446,PASS,
VIVOSDEV05_004,VIVOSDEV05,VIVOS,real,traffic,20,19.99999968125024,unfiltered,benchmark_data/expanded_generated/stt/real/noisy/20/VIVOSDEV05_004.wav,hãy tưởng tượng rằng bạn là là giám đốc dự án trong một công ty lớn,hãy tưởng tượng rằng bạn là giám đốc dự án trong một công ty,0.125,0.1044776119402985,0,2,0,16,67,7,1.128737099992577,4.0625,0.27784297845971123,PASS,
VIVOSDEV05_004,VIVOSDEV05,VIVOS,real,traffic,20,19.99999968125024,dtln,benchmark_data/expanded_generated/stt/real/dtln/20/VIVOSDEV05_004.wav,hãy tưởng tượng rằng bạn là là giám đốc dự án trong một công ty lớn,hãy tưởng tượng rằng bạn là giám đốc dự án trong một công ty,0.125,0.1044776119402985,0,2,0,16,67,7,1.0010786000057124,4.0625,0.24641934769371382,PASS,
VIVOSDEV05_004,VIVOSDEV05,VIVOS,real,traffic,15,14.999999703227946,unfiltered,benchmark_data/expanded_generated/stt/real/noisy/15/VIVOSDEV05_004.wav,hãy tưởng tượng rằng bạn là là giám đốc dự án trong một công ty lớn,hãy tưởng tượng rằng bạn là giám đốc dự án trong một công ty,0.125,0.1044776119402985,0,2,0,16,67,7,1.0685638999566436,4.0625,0.2630311138354815,PASS,
VIVOSDEV05_004,VIVOSDEV05,VIVOS,real,traffic,15,14.999999703227946,dtln,benchmark_data/expanded_generated/stt/real/dtln/15/VIVOSDEV05_004.wav,hãy tưởng tượng rằng bạn là là giám đốc dự án trong một công ty lớn,hãy tưởng tượng rằng bạn là giám đốc dự án trong một công ty,0.125,0.1044776119402985,0,2,0,16,67,7,0.9016727000125684,4.0625,0.22195020308001684,PASS,
VIVOSDEV05_004,VIVOSDEV05,VIVOS,real,traffic,10,10.000000421498969,unfiltered,benchmark_data/expanded_generated/stt/real/noisy/10/VIVOSDEV05_004.wav,hãy tưởng tượng rằng bạn là là giám đốc dự án trong một công ty lớn,hãy tưởng tượng rằng bạn là giám đốc dự án trong một công ty,0.125,0.1044776119402985,0,2,0,16,67,7,1.0666428999975324,4.0625,0.2625582523070849,PASS,
VIVOSDEV05_004,VIVOSDEV05,VIVOS,real,traffic,10,10.000000421498969,dtln,benchmark_data/expanded_generated/stt/real/dtln/10/VIVOSDEV05_004.wav,hãy tưởng tượng rằng bạn là là giám đốc dự án trong một công ty lớn,hãy tưởng tượng rằng bạn là giám đốc dự án trong một công ty,0.125,0.1044776119402985,0,2,0,16,67,7,1.0390510999714024,4.0625,0.2557664246083452,PASS,
VIVOSDEV05_004,VIVOSDEV05,VIVOS,real,traffic,5,4.999999732058117,unfiltered,benchmark_data/expanded_generated/stt/real/noisy/5/VIVOSDEV05_004.wav,hãy tưởng tượng rằng bạn là là giám đốc dự án trong một công ty lớn,hãy tưởng tượng rằng bạn là giám đốc dự án trong một công ty,0.125,0.1044776119402985,0,2,0,16,67,7,1.0260465000174008,4.0625,0.2525652923119756,PASS,
VIVOSDEV05_004,VIVOSDEV05,VIVOS,real,traffic,5,4.999999732058117,dtln,benchmark_data/expanded_generated/stt/real/dtln/5/VIVOSDEV05_004.wav,hãy tưởng tượng rằng bạn là là giám đốc dự án trong một công ty lớn,hãy tưởng tượng rằng bạn là giám đốc dự án trong một công ty,0.125,0.1044776119402985,0,2,0,16,67,7,1.1211651000194252,4.0625,0.2759791015432431,PASS,
VIVOSDEV05_004,VIVOSDEV05,VIVOS,real,traffic,0,6.074523839800085e-08,unfiltered,benchmark_data/expanded_generated/stt/real/noisy/0/VIVOSDEV05_004.wav,hãy tưởng tượng rằng bạn là là giám đốc dự án trong một công ty lớn,hãy tưởng tượng rằng bạn là giám đốc dự án trong một công ty,0.125,0.1044776119402985,0,2,0,16,67,7,0.9911794000072405,4.0625,0.2439826215402438,PASS,
VIVOSDEV05_004,VIVOSDEV05,VIVOS,real,traffic,0,6.074523839800085e-08,dtln,benchmark_data/expanded_generated/stt/real/dtln/0/VIVOSDEV05_004.wav,hãy tưởng tượng rằng bạn là là giám đốc dự án trong một công ty lớn,hãy tưởng tượng rằng bạn là giám đốc dự án trong một công ty,0.125,0.1044776119402985,0,2,0,16,67,7,1.3522017000359483,4.0625,0.332849649239618,PASS,
VIVOSDEV06_001,VIVOSDEV06,VIVOS,synthetic,gaussian,20,20.000000174092158,unfiltered,benchmark_data/expanded_generated/stt/synthetic/noisy/20/VIVOSDEV06_001.wav,đơn giản là tán gẫu với nhau,đơn giản là tán gẫu với nhau,0.0,0.0,0,0,0,7,28,0,0.8164394999621436,2.6875,0.303791441846379,PASS,
VIVOSDEV06_001,VIVOSDEV06,VIVOS,synthetic,gaussian,20,20.000000174092158,dtln,benchmark_data/expanded_generated/stt/synthetic/dtln/20/VIVOSDEV06_001.wav,đơn giản là tán gẫu với nhau,đơn giản là tán gẫu với nhau,0.0,0.0,0,0,0,7,28,0,1.105438900005538,2.6875,0.41132610232764205,PASS,
VIVOSDEV06_001,VIVOSDEV06,VIVOS,synthetic,gaussian,15,15.000000013540953,unfiltered,benchmark_data/expanded_generated/stt/synthetic/noisy/15/VIVOSDEV06_001.wav,đơn giản là tán gẫu với nhau,đơn giản là tán gẫu với nhau,0.0,0.0,0,0,0,7,28,0,0.6569998000049964,2.6875,0.24446504186232423,PASS,
VIVOSDEV06_001,VIVOSDEV06,VIVOS,synthetic,gaussian,15,15.000000013540953,dtln,benchmark_data/expanded_generated/stt/synthetic/dtln/15/VIVOSDEV06_001.wav,đơn giản là tán gẫu với nhau,đơn giản là tán gẫu với nhau,0.0,0.0,0,0,0,7,28,0,0.5969446999952197,2.6875,0.22211895813775617,PASS,
VIVOSDEV06_001,VIVOSDEV06,VIVOS,synthetic,gaussian,10,9.999999578203383,unfiltered,benchmark_data/expanded_generated/stt/synthetic/noisy/10/VIVOSDEV06_001.wav,đơn giản là tán gẫu với nhau,đơn giản là tán gẫu với nhau,0.0,0.0,0,0,0,7,28,0,0.6882311000372283,2.6875,0.2560859907115268,PASS,
VIVOSDEV06_001,VIVOSDEV06,VIVOS,synthetic,gaussian,10,9.999999578203383,dtln,benchmark_data/expanded_generated/stt/synthetic/dtln/10/VIVOSDEV06_001.wav,đơn giản là tán gẫu với nhau,đơn giản là tán gẫu với nhau,0.0,0.0,0,0,0,7,28,0,0.7162754999590106,2.6875,0.2665211162638179,PASS,
VIVOSDEV06_001,VIVOSDEV06,VIVOS,synthetic,gaussian,5,4.999999756876826,unfiltered,benchmark_data/expanded_generated/stt/synthetic/noisy/5/VIVOSDEV06_001.wav,đơn giản là tán gẫu với nhau,đơn giản là tán gẫu với nhau,0.0,0.0,0,0,0,7,28,0,0.742574899981264,2.6875,0.2763069395279122,PASS,
VIVOSDEV06_001,VIVOSDEV06,VIVOS,synthetic,gaussian,5,4.999999756876826,dtln,benchmark_data/expanded_generated/stt/synthetic/dtln/5/VIVOSDEV06_001.wav,đơn giản là tán gẫu với nhau,đơn giản là tán gẫu với nhau,0.0,0.0,0,0,0,7,28,0,0.7129833999788389,2.6875,0.2652961488293354,PASS,
VIVOSDEV06_001,VIVOSDEV06,VIVOS,synthetic,gaussian,0,-1.33928682926576e-07,unfiltered,benchmark_data/expanded_generated/stt/synthetic/noisy/0/VIVOSDEV06_001.wav,đơn giản là tán gẫu với nhau,đơn giản là tán gẫu với nhau,0.0,0.0,0,0,0,7,28,0,0.6930579000036232,2.6875,0.2578820093036738,PASS,
VIVOSDEV06_001,VIVOSDEV06,VIVOS,synthetic,gaussian,0,-1.33928682926576e-07,dtln,benchmark_data/expanded_generated/stt/synthetic/dtln/0/VIVOSDEV06_001.wav,đơn giản là tán gẫu với nhau,đơn giản là tán gẫu với nhau,0.0,0.0,0,0,0,7,28,0,0.9333624999853782,2.6875,0.347297674413164,PASS,
VIVOSDEV06_001,VIVOSDEV06,VIVOS,real,cafeteria,20,19.999999845949603,unfiltered,benchmark_data/expanded_generated/stt/real/noisy/20/VIVOSDEV06_001.wav,đơn giản là tán gẫu với nhau,đơn giản là tán gẫu với nhau,0.0,0.0,0,0,0,7,28,0,0.8321245000115596,2.6875,0.3096277209345338,PASS,
VIVOSDEV06_001,VIVOSDEV06,VIVOS,real,cafeteria,20,19.999999845949603,dtln,benchmark_data/expanded_generated/stt/real/dtln/20/VIVOSDEV06_001.wav,đơn giản là tán gẫu với nhau,đơn giản là tán gẫu với nhau,0.0,0.0,0,0,0,7,28,0,0.8116566999815404,2.6875,0.30201179534196854,PASS,
VIVOSDEV06_001,VIVOSDEV06,VIVOS,real,cafeteria,15,15.000000359411608,unfiltered,benchmark_data/expanded_generated/stt/real/noisy/15/VIVOSDEV06_001.wav,đơn giản là tán gẫu với nhau,đơn giản là tán gẫu với nhau,0.0,0.0,0,0,0,7,28,0,0.7003597000148147,2.6875,0.26059895814504735,PASS,
VIVOSDEV06_001,VIVOSDEV06,VIVOS,real,cafeteria,15,15.000000359411608,dtln,benchmark_data/expanded_generated/stt/real/dtln/15/VIVOSDEV06_001.wav,đơn giản là tán gẫu với nhau,đơn giản là tán gẫu với nhau,0.0,0.0,0,0,0,7,28,0,0.6966805999982171,2.6875,0.259229990697011,PASS,
VIVOSDEV06_001,VIVOSDEV06,VIVOS,real,cafeteria,10,9.999999921920102,unfiltered,benchmark_data/expanded_generated/stt/real/noisy/10/VIVOSDEV06_001.wav,đơn giản là tán gẫu với nhau,đơn giản là tán gẫu với nhau,0.0,0.0,0,0,0,7,28,0,0.6803020000224933,2.6875,0.25313562791534633,PASS,
VIVOSDEV06_001,VIVOSDEV06,VIVOS,real,cafeteria,10,9.999999921920102,dtln,benchmark_data/expanded_generated/stt/real/dtln/10/VIVOSDEV06_001.wav,đơn giản là tán gẫu với nhau,đơn giản là tán gẫu với nhau,0.0,0.0,0,0,0,7,28,0,0.6435943999676965,2.6875,0.23947698603449172,PASS,
VIVOSDEV06_001,VIVOSDEV06,VIVOS,real,cafeteria,5,5.000000076521369,unfiltered,benchmark_data/expanded_generated/stt/real/noisy/5/VIVOSDEV06_001.wav,đơn giản là tán gẫu với nhau,đơn giản là tán gẫu với nhau,0.0,0.0,0,0,0,7,28,0,0.6844010000349954,2.6875,0.25466083722232385,PASS,
VIVOSDEV06_001,VIVOSDEV06,VIVOS,real,cafeteria,5,5.000000076521369,dtln,benchmark_data/expanded_generated/stt/real/dtln/5/VIVOSDEV06_001.wav,đơn giản là tán gẫu với nhau,đơn giản là tán gẫu với nhau,0.0,0.0,0,0,0,7,28,0,0.7903349000262097,2.6875,0.2940781023353338,PASS,
VIVOSDEV06_001,VIVOSDEV06,VIVOS,real,cafeteria,0,-2.824213435796552e-07,unfiltered,benchmark_data/expanded_generated/stt/real/noisy/0/VIVOSDEV06_001.wav,đơn giản là tán gẫu với nhau,đơn giản là tán gẫu với nhau,0.0,0.0,0,0,0,7,28,0,0.7815393000491895,2.6875,0.2908053209485356,PASS,
VIVOSDEV06_001,VIVOSDEV06,VIVOS,real,cafeteria,0,-2.824213435796552e-07,dtln,benchmark_data/expanded_generated/stt/real/dtln/0/VIVOSDEV06_001.wav,đơn giản là tán gẫu với nhau,đơn giản là ngắn gọn với nhau,0.2857142857142857,0.17857142857142858,2,0,0,7,28,5,0.6711119000101462,2.6875,0.24971605581772882,PASS,
VIVOSDEV07_002,VIVOSDEV07,VIVOS,synthetic,gaussian,20,20.000000280024643,unfiltered,benchmark_data/expanded_generated/stt/synthetic/noisy/20/VIVOSDEV07_002.wav,hằng năm chúng ta thải ra hàng tỉ thiết bị điện tử,hàng năm chúng ta thải ra hàng tỷ thiết bị điện tử,0.16666666666666666,0.04,2,0,0,12,50,2,0.9844164999667555,3.46875,0.28379574773816374,PASS,
VIVOSDEV07_002,VIVOSDEV07,VIVOS,synthetic,gaussian,20,20.000000280024643,dtln,benchmark_data/expanded_generated/stt/synthetic/dtln/20/VIVOSDEV07_002.wav,hằng năm chúng ta thải ra hàng tỉ thiết bị điện tử,hàng năm chúng ta thải ra hàng tỷ thiết bị điện tử,0.16666666666666666,0.04,2,0,0,12,50,2,0.9269786000368185,3.46875,0.26723707388448825,PASS,
VIVOSDEV07_002,VIVOSDEV07,VIVOS,synthetic,gaussian,15,14.999999808738387,unfiltered,benchmark_data/expanded_generated/stt/synthetic/noisy/15/VIVOSDEV07_002.wav,hằng năm chúng ta thải ra hàng tỉ thiết bị điện tử,hàng năm chúng ta thải ra hàng tỷ thiết bị điện tử,0.16666666666666666,0.04,2,0,0,12,50,2,1.069997000042349,3.46875,0.3084676036158124,PASS,
VIVOSDEV07_002,VIVOSDEV07,VIVOS,synthetic,gaussian,15,14.999999808738387,dtln,benchmark_data/expanded_generated/stt/synthetic/dtln/15/VIVOSDEV07_002.wav,hằng năm chúng ta thải ra hàng tỉ thiết bị điện tử,hàng năm chúng ta thải ra hàng tỷ thiết bị điện tử,0.16666666666666666,0.04,2,0,0,12,50,2,1.0129604000248946,3.46875,0.2920246198269966,PASS,
VIVOSDEV07_002,VIVOSDEV07,VIVOS,synthetic,gaussian,10,10.0000003426177,unfiltered,benchmark_data/expanded_generated/stt/synthetic/noisy/10/VIVOSDEV07_002.wav,hằng năm chúng ta thải ra hàng tỉ thiết bị điện tử,hàng năm chúng ta thải ra hàng tỷ thiết bị điện tử,0.16666666666666666,0.04,2,0,0,12,50,2,0.9983991000335664,3.46875,0.28782676757724435,PASS,
VIVOSDEV07_002,VIVOSDEV07,VIVOS,synthetic,gaussian,10,10.0000003426177,dtln,benchmark_data/expanded_generated/stt/synthetic/dtln/10/VIVOSDEV07_002.wav,hằng năm chúng ta thải ra hàng tỉ thiết bị điện tử,hàng năm chúng ta phải ra hàng tỷ thiết bị điện tử,0.25,0.06,3,0,0,12,50,3,1.0191765999770723,3.46875,0.2938166774708677,PASS,
VIVOSDEV07_002,VIVOSDEV07,VIVOS,synthetic,gaussian,5,4.999999751254075,unfiltered,benchmark_data/expanded_generated/stt/synthetic/noisy/5/VIVOSDEV07_002.wav,hằng năm chúng ta thải ra hàng tỉ thiết bị điện tử,hàng năm chúng ta thải ra hàng tỷ thiết bị điện tử,0.16666666666666666,0.04,2,0,0,12,50,2,1.0067708999849856,3.46875,0.290240259455131,PASS,
VIVOSDEV07_002,VIVOSDEV07,VIVOS,synthetic,gaussian,5,4.999999751254075,dtln,benchmark_data/expanded_generated/stt/synthetic/dtln/5/VIVOSDEV07_002.wav,hằng năm chúng ta thải ra hàng tỉ thiết bị điện tử,hàng năm chúng ta phải ra hàng tỷ thiết bị điện tử,0.25,0.06,3,0,0,12,50,3,0.8650843999930657,3.46875,0.24939370089890184,PASS,
VIVOSDEV07_002,VIVOSDEV07,VIVOS,synthetic,gaussian,0,3.359203941307919e-07,unfiltered,benchmark_data/expanded_generated/stt/synthetic/noisy/0/VIVOSDEV07_002.wav,hằng năm chúng ta thải ra hàng tỉ thiết bị điện tử,hàng năm chúng ta phải ra hàng tỷ thiết bị điện tử,0.25,0.06,3,0,0,12,50,3,1.0495816999464296,3.46875,0.302582111696268,PASS,
VIVOSDEV07_002,VIVOSDEV07,VIVOS,synthetic,gaussian,0,3.359203941307919e-07,dtln,benchmark_data/expanded_generated/stt/synthetic/dtln/0/VIVOSDEV07_002.wav,hằng năm chúng ta thải ra hàng tỉ thiết bị điện tử,hàng năm chúng ta xảy ra hàng sỉ thiết bị điện tử,0.25,0.1,3,0,0,12,50,5,1.004612700024154,3.46875,0.289618075682639,PASS,
VIVOSDEV07_002,VIVOSDEV07,VIVOS,real,office,20,20.00000004101073,unfiltered,benchmark_data/expanded_generated/stt/real/noisy/20/VIVOSDEV07_002.wav,hằng năm chúng ta thải ra hàng tỉ thiết bị điện tử,hàng năm chúng ta thải ra hàng tỷ thiết bị điện tử,0.16666666666666666,0.04,2,0,0,12,50,2,1.2296986000146717,3.46875,0.3545077045087342,PASS,
VIVOSDEV07_002,VIVOSDEV07,VIVOS,real,office,20,20.00000004101073,dtln,benchmark_data/expanded_generated/stt/real/dtln/20/VIVOSDEV07_002.wav,hằng năm chúng ta thải ra hàng tỉ thiết bị điện tử,hàng năm chúng ta thải ra hàng tỷ thiết bị điện tử,0.16666666666666666,0.04,2,0,0,12,50,2,1.0466431999811903,3.46875,0.30173497657115395,PASS,
VIVOSDEV07_002,VIVOSDEV07,VIVOS,real,office,15,14.999999767146896,unfiltered,benchmark_data/expanded_generated/stt/real/noisy/15/VIVOSDEV07_002.wav,hằng năm chúng ta thải ra hàng tỉ thiết bị điện tử,hàng năm chúng ta thải ra hàng tỷ thiết bị điện tử,0.16666666666666666,0.04,2,0,0,12,50,2,0.8814112999825738,3.46875,0.2541005549499312,PASS,
VIVOSDEV07_002,VIVOSDEV07,VIVOS,real,office,15,14.999999767146896,dtln,benchmark_data/expanded_generated/stt/real/dtln/15/VIVOSDEV07_002.wav,hằng năm chúng ta thải ra hàng tỉ thiết bị điện tử,hàng năm chúng ta thải ra hàng tỷ thiết bị điện tử,0.16666666666666666,0.04,2,0,0,12,50,2,0.9871824999572709,3.46875,0.2845931531408349,PASS,
VIVOSDEV07_002,VIVOSDEV07,VIVOS,real,office,10,10.000000209969393,unfiltered,benchmark_data/expanded_generated/stt/real/noisy/10/VIVOSDEV07_002.wav,hằng năm chúng ta thải ra hàng tỉ thiết bị điện tử,hàng năm chúng ta thải ra hàng tỷ thiết bị điện tử,0.16666666666666666,0.04,2,0,0,12,50,2,0.9863735000253655,3.46875,0.2843599279352405,PASS,
VIVOSDEV07_002,VIVOSDEV07,VIVOS,real,office,10,10.000000209969393,dtln,benchmark_data/expanded_generated/stt/real/dtln/10/VIVOSDEV07_002.wav,hằng năm chúng ta thải ra hàng tỉ thiết bị điện tử,hàng năm chúng ta thải ra hàng tỷ thiết bị điện tử,0.16666666666666666,0.04,2,0,0,12,50,2,0.9479619999765418,3.46875,0.27328634233557964,PASS,
VIVOSDEV07_002,VIVOSDEV07,VIVOS,real,office,5,5.000000087634277,unfiltered,benchmark_data/expanded_generated/stt/real/noisy/5/VIVOSDEV07_002.wav,hằng năm chúng ta thải ra hàng tỉ thiết bị điện tử,hàng năm chúng ta thải ra hàng tỷ thiết bị điện tử,0.16666666666666666,0.04,2,0,0,12,50,2,0.9669880999717861,3.46875,0.2787713441360104,PASS,
VIVOSDEV07_002,VIVOSDEV07,VIVOS,real,office,5,5.000000087634277,dtln,benchmark_data/expanded_generated/stt/real/dtln/5/VIVOSDEV07_002.wav,hằng năm chúng ta thải ra hàng tỉ thiết bị điện tử,hàng năm chúng ta thải ra hàng tỷ thiết bị điện tử,0.16666666666666666,0.04,2,0,0,12,50,2,1.0195400000084192,3.46875,0.29392144144386856,PASS,
VIVOSDEV07_002,VIVOSDEV07,VIVOS,real,office,0,7.06054036622377e-08,unfiltered,benchmark_data/expanded_generated/stt/real/noisy/0/VIVOSDEV07_002.wav,hằng năm chúng ta thải ra hàng tỉ thiết bị điện tử,hàng năm chúng ta thải ra hàng tỷ thiết bị điện tử,0.16666666666666666,0.04,2,0,0,12,50,2,1.1543856000062078,3.46875,0.33279584865043826,PASS,
VIVOSDEV07_002,VIVOSDEV07,VIVOS,real,office,0,7.06054036622377e-08,dtln,benchmark_data/expanded_generated/stt/real/dtln/0/VIVOSDEV07_002.wav,hằng năm chúng ta thải ra hàng tỉ thiết bị điện tử,hàng năm chúng ta thải ra hàng tỷ thiết bị điện tử,0.16666666666666666,0.04,2,0,0,12,50,2,1.0412280000164174,3.46875,0.3001738378425708,PASS,
VIVOSDEV08_002,VIVOSDEV08,VIVOS,synthetic,gaussian,20,19.99999969270466,unfiltered,benchmark_data/expanded_generated/stt/synthetic/noisy/20/VIVOSDEV08_002.wav,đừng để con sâu ăn,đừng để con sâu ăn,0.0,0.0,0,0,0,5,18,0,0.702798200014513,2.375,0.2959150315850581,PASS,
VIVOSDEV08_002,VIVOSDEV08,VIVOS,synthetic,gaussian,20,19.99999969270466,dtln,benchmark_data/expanded_generated/stt/synthetic/dtln/20/VIVOSDEV08_002.wav,đừng để con sâu ăn,đừng để con sâu ăn,0.0,0.0,0,0,0,5,18,0,0.6484800999751315,2.375,0.273044252621108,PASS,
VIVOSDEV08_002,VIVOSDEV08,VIVOS,synthetic,gaussian,15,15.00000003394468,unfiltered,benchmark_data/expanded_generated/stt/synthetic/noisy/15/VIVOSDEV08_002.wav,đừng để con sâu ăn,đừng để con sâu ăn,0.0,0.0,0,0,0,5,18,0,0.6548235000227578,2.375,0.27571515790431905,PASS,
VIVOSDEV08_002,VIVOSDEV08,VIVOS,synthetic,gaussian,15,15.00000003394468,dtln,benchmark_data/expanded_generated/stt/synthetic/dtln/15/VIVOSDEV08_002.wav,đừng để con sâu ăn,đừng để con sâu ăn,0.0,0.0,0,0,0,5,18,0,0.6016524999868125,2.375,0.25332736841549996,PASS,
VIVOSDEV08_002,VIVOSDEV08,VIVOS,synthetic,gaussian,10,10.000000269926561,unfiltered,benchmark_data/expanded_generated/stt/synthetic/noisy/10/VIVOSDEV08_002.wav,đừng để con sâu ăn,đừng để con sâu ăn,0.0,0.0,0,0,0,5,18,0,0.7572993999929167,2.375,0.31886290526017547,PASS,
VIVOSDEV08_002,VIVOSDEV08,VIVOS,synthetic,gaussian,10,10.000000269926561,dtln,benchmark_data/expanded_generated/stt/synthetic/dtln/10/VIVOSDEV08_002.wav,đừng để con sâu ăn,đừng để con sâu ăn,0.0,0.0,0,0,0,5,18,0,0.9503351000021212,2.375,0.40014109473773524,PASS,
VIVOSDEV08_002,VIVOSDEV08,VIVOS,synthetic,gaussian,5,5.000000331582283,unfiltered,benchmark_data/expanded_generated/stt/synthetic/noisy/5/VIVOSDEV08_002.wav,đừng để con sâu ăn,đừng để con sâu ăn,0.0,0.0,0,0,0,5,18,0,0.6752014000085182,2.375,0.2842953263193761,PASS,
VIVOSDEV08_002,VIVOSDEV08,VIVOS,synthetic,gaussian,5,5.000000331582283,dtln,benchmark_data/expanded_generated/stt/synthetic/dtln/5/VIVOSDEV08_002.wav,đừng để con sâu ăn,đừng để con sâu ăn,0.0,0.0,0,0,0,5,18,0,0.6940470000263304,2.375,0.29223031580056014,PASS,
VIVOSDEV08_002,VIVOSDEV08,VIVOS,synthetic,gaussian,0,-2.7073346792608597e-07,unfiltered,benchmark_data/expanded_generated/stt/synthetic/noisy/0/VIVOSDEV08_002.wav,đừng để con sâu ăn,đừng để con sâu ăn,0.0,0.0,0,0,0,5,18,0,0.5470585000002757,2.375,0.23034042105274766,PASS,
VIVOSDEV08_002,VIVOSDEV08,VIVOS,synthetic,gaussian,0,-2.7073346792608597e-07,dtln,benchmark_data/expanded_generated/stt/synthetic/dtln/0/VIVOSDEV08_002.wav,đừng để con sâu ăn,đừng để con sâu ăn,0.0,0.0,0,0,0,5,18,0,0.6277357000508346,2.375,0.2643097684424567,PASS,
VIVOSDEV08_002,VIVOSDEV08,VIVOS,real,home,20,20.000000208138033,unfiltered,benchmark_data/expanded_generated/stt/real/noisy/20/VIVOSDEV08_002.wav,đừng để con sâu ăn,đừng để con sâu ăn,0.0,0.0,0,0,0,5,18,0,0.6670503999921493,2.375,0.28086332631248395,PASS,
VIVOSDEV08_002,VIVOSDEV08,VIVOS,real,home,20,20.000000208138033,dtln,benchmark_data/expanded_generated/stt/real/dtln/20/VIVOSDEV08_002.wav,đừng để con sâu ăn,đừng để con sâu ăn,0.0,0.0,0,0,0,5,18,0,0.7301118000177667,2.375,0.3074154947443228,PASS,
VIVOSDEV08_002,VIVOSDEV08,VIVOS,real,home,15,14.999999957316687,unfiltered,benchmark_data/expanded_generated/stt/real/noisy/15/VIVOSDEV08_002.wav,đừng để con sâu ăn,đừng để con sâu ăn,0.0,0.0,0,0,0,5,18,0,0.6629118000273593,2.375,0.2791207579062565,PASS,
VIVOSDEV08_002,VIVOSDEV08,VIVOS,real,home,15,14.999999957316687,dtln,benchmark_data/expanded_generated/stt/real/dtln/15/VIVOSDEV08_002.wav,đừng để con sâu ăn,đừng để con sâu ăn,0.0,0.0,0,0,0,5,18,0,0.5944119999767281,2.375,0.25027873683230656,PASS,
VIVOSDEV08_002,VIVOSDEV08,VIVOS,real,home,10,10.00000010598461,unfiltered,benchmark_data/expanded_generated/stt/real/noisy/10/VIVOSDEV08_002.wav,đừng để con sâu ăn,đừng để con sâu ăn,0.0,0.0,0,0,0,5,18,0,0.6073018000461161,2.375,0.2557060210720489,PASS,
VIVOSDEV08_002,VIVOSDEV08,VIVOS,real,home,10,10.00000010598461,dtln,benchmark_data/expanded_generated/stt/real/dtln/10/VIVOSDEV08_002.wav,đừng để con sâu ăn,đừng để con sâu ăn,0.0,0.0,0,0,0,5,18,0,0.6879070999566466,2.375,0.289645094718588,PASS,
VIVOSDEV08_002,VIVOSDEV08,VIVOS,real,home,5,5.000000109538591,unfiltered,benchmark_data/expanded_generated/stt/real/noisy/5/VIVOSDEV08_002.wav,đừng để con sâu ăn,đừng để con sâu ăn,0.0,0.0,0,0,0,5,18,0,0.7129267000127584,2.375,0.30017966316326666,PASS,
VIVOSDEV08_002,VIVOSDEV08,VIVOS,real,home,5,5.000000109538591,dtln,benchmark_data/expanded_generated/stt/real/dtln/5/VIVOSDEV08_002.wav,đừng để con sâu ăn,đừng để con sâu ăn,0.0,0.0,0,0,0,5,18,0,0.8362220999551937,2.375,0.3520935157706079,PASS,
VIVOSDEV08_002,VIVOSDEV08,VIVOS,real,home,0,3.171953029858132e-07,unfiltered,benchmark_data/expanded_generated/stt/real/noisy/0/VIVOSDEV08_002.wav,đừng để con sâu ăn,đừng để con sâu ăn,0.0,0.0,0,0,0,5,18,0,0.7380126999923959,2.375,0.3107421894704825,PASS,
VIVOSDEV08_002,VIVOSDEV08,VIVOS,real,home,0,3.171953029858132e-07,dtln,benchmark_data/expanded_generated/stt/real/dtln/0/VIVOSDEV08_002.wav,đừng để con sâu ăn,đừng để con sâu ăn,0.0,0.0,0,0,0,5,18,0,0.6726399000035599,2.375,0.2832168000014989,PASS,
VIVOSDEV09_015,VIVOSDEV09,VIVOS,synthetic,gaussian,20,20.00000014144718,unfiltered,benchmark_data/expanded_generated/stt/synthetic/noisy/20/VIVOSDEV09_015.wav,làm rờm rợp biển mây lau lách phất phơ,làm ròng rọc biển mây lâu lắc buffet,0.6666666666666666,0.42105263157894735,5,1,0,9,38,16,0.9673021999769844,3.3125,0.29201575848361794,PASS,
VIVOSDEV09_015,VIVOSDEV09,VIVOS,synthetic,gaussian,20,20.00000014144718,dtln,benchmark_data/expanded_generated/stt/synthetic/dtln/20/VIVOSDEV09_015.wav,làm rờm rợp biển mây lau lách phất phơ,làm ròng rọc biển mây lâu lắc phất phơ,0.4444444444444444,0.21052631578947367,4,0,0,9,38,8,0.9238771999953315,3.3125,0.2789063245268925,PASS,
VIVOSDEV09_015,VIVOSDEV09,VIVOS,synthetic,gaussian,15,14.999999950010634,unfiltered,benchmark_data/expanded_generated/stt/synthetic/noisy/15/VIVOSDEV09_015.wav,làm rờm rợp biển mây lau lách phất phơ,làm ròng rọc biển mây lâu lắm buffet,0.6666666666666666,0.4473684210526316,5,1,0,9,38,17,1.0244395000045188,3.3125,0.3092647547183453,PASS,
VIVOSDEV09_015,VIVOSDEV09,VIVOS,synthetic,gaussian,15,14.999999950010634,dtln,benchmark_data/expanded_generated/stt/synthetic/dtln/15/VIVOSDEV09_015.wav,làm rờm rợp biển mây lau lách phất phơ,làm ròng rọc biển mây lâu lắm buffet,0.6666666666666666,0.4473684210526316,5,1,0,9,38,17,1.0082131000235677,3.3125,0.3043662188750393,PASS,
VIVOSDEV09_015,VIVOSDEV09,VIVOS,synthetic,gaussian,10,10.00000031726859,unfiltered,benchmark_data/expanded_generated/stt/synthetic/noisy/10/VIVOSDEV09_015.wav,làm rờm rợp biển mây lau lách phất phơ,làm ròng rọc biển mây lâu lắm hubba,0.6666666666666666,0.42105263157894735,5,1,0,9,38,16,1.0293599999858998,3.3125,0.3107501886749886,PASS,
VIVOSDEV09_015,VIVOSDEV09,VIVOS,synthetic,gaussian,10,10.00000031726859,dtln,benchmark_data/expanded_generated/stt/synthetic/dtln/10/VIVOSDEV09_015.wav,làm rờm rợp biển mây lau lách phất phơ,làm ròng rọc biển mây lâu lắm cover,0.6666666666666666,0.4473684210526316,5,1,0,9,38,17,0.9951580000342801,3.3125,0.3004250566141223,PASS,
VIVOSDEV09_015,VIVOSDEV09,VIVOS,synthetic,gaussian,5,5.000000058244268,unfiltered,benchmark_data/expanded_generated/stt/synthetic/noisy/5/VIVOSDEV09_015.wav,làm rờm rợp biển mây lau lách phất phơ,làm ròm rộp biển mây lâu lắc buffet,0.6666666666666666,0.34210526315789475,5,1,0,9,38,13,1.0644394000410102,3.3125,0.32134019623879556,PASS,
VIVOSDEV09_015,VIVOSDEV09,VIVOS,synthetic,gaussian,5,5.000000058244268,dtln,benchmark_data/expanded_generated/stt/synthetic/dtln/5/VIVOSDEV09_015.wav,làm rờm rợp biển mây lau lách phất phơ,làm ròm rạp biển mây lâu lắm buffet,0.6666666666666666,0.3684210526315789,5,1,0,9,38,14,0.9814185000141151,3.3125,0.2962772830231291,PASS,
VIVOSDEV09_015,VIVOSDEV09,VIVOS,synthetic,gaussian,0,2.2953956778974064e-07,unfiltered,benchmark_data/expanded_generated/stt/synthetic/noisy/0/VIVOSDEV09_015.wav,làm rờm rợp biển mây lau lách phất phơ,lan thường gặp biển mây lâu lắc buffet,0.7777777777777778,0.5263157894736842,6,1,0,9,38,20,1.0696668999735266,3.3125,0.3229183094259703,PASS,
VIVOSDEV09_015,VIVOSDEV09,VIVOS,synthetic,gaussian,0,2.2953956778974064e-07,dtln,benchmark_data/expanded_generated/stt/synthetic/dtln/0/VIVOSDEV09_015.wav,làm rờm rợp biển mây lau lách phất phơ,làm giò lụa để mây lâu lắc xuất sơn,0.7777777777777778,0.4473684210526316,7,0,0,9,38,17,1.216795100015588,3.3125,0.3673343698160266,PASS,
VIVOSDEV09_015,VIVOSDEV09,VIVOS,real,traffic,20,20.00000015809636,unfiltered,benchmark_data/expanded_generated/stt/real/noisy/20/VIVOSDEV09_015.wav,làm rờm rợp biển mây lau lách phất phơ,làm ròng rọc biển mây lâu lắc phất phơ,0.4444444444444444,0.21052631578947367,4,0,0,9,38,8,1.118173900002148,3.3125,0.3375619320761202,PASS,
VIVOSDEV09_015,VIVOSDEV09,VIVOS,real,traffic,20,20.00000015809636,dtln,benchmark_data/expanded_generated/stt/real/dtln/20/VIVOSDEV09_015.wav,làm rờm rợp biển mây lau lách phất phơ,làm ròng rọc biển mây lâu lắc phất phơ,0.4444444444444444,0.21052631578947367,4,0,0,9,38,8,1.2258185999817215,3.3125,0.3700584452775008,PASS,
VIVOSDEV09_015,VIVOSDEV09,VIVOS,real,traffic,15,14.99999986474193,unfiltered,benchmark_data/expanded_generated/stt/real/noisy/15/VIVOSDEV09_015.wav,làm rờm rợp biển mây lau lách phất phơ,làm ròng rọc biển mây lâu lắc phất phơ,0.4444444444444444,0.21052631578947367,4,0,0,9,38,8,1.303032300027553,3.3125,0.39336824151775185,PASS,
VIVOSDEV09_015,VIVOSDEV09,VIVOS,real,traffic,15,14.99999986474193,dtln,benchmark_data/expanded_generated/stt/real/dtln/15/VIVOSDEV09_015.wav,làm rờm rợp biển mây lau lách phất phơ,làm ròng rọc biển mây lâu lắc phất phơ,0.4444444444444444,0.21052631578947367,4,0,0,9,38,8,0.9845027000410482,3.3125,0.29720836227654285,PASS,
VIVOSDEV09_015,VIVOSDEV09,VIVOS,real,traffic,10,10.000000056234146,unfiltered,benchmark_data/expanded_generated/stt/real/noisy/10/VIVOSDEV09_015.wav,làm rờm rợp biển mây lau lách phất phơ,làm ròng rọc biển mây lâu lắc phất phơ,0.4444444444444444,0.21052631578947367,4,0,0,9,38,8,1.0683039000141434,3.3125,0.3225068377401188,PASS,
VIVOSDEV09_015,VIVOSDEV09,VIVOS,real,traffic,10,10.000000056234146,dtln,benchmark_data/expanded_generated/stt/real/dtln/10/VIVOSDEV09_015.wav,làm rờm rợp biển mây lau lách phất phơ,làm ròng rọc biển mây lâu lắc phất phơ,0.4444444444444444,0.21052631578947367,4,0,0,9,38,8,1.366606800002046,3.3125,0.41256054339684406,PASS,
VIVOSDEV09_015,VIVOSDEV09,VIVOS,real,traffic,5,4.9999999931803,unfiltered,benchmark_data/expanded_generated/stt/real/noisy/5/VIVOSDEV09_015.wav,làm rờm rợp biển mây lau lách phất phơ,làm ròng rọc biển mây lâu lắc cooper,0.6666666666666666,0.39473684210526316,5,1,0,9,38,15,1.2439122999785468,3.3125,0.3755206943331462,PASS,
VIVOSDEV09_015,VIVOSDEV09,VIVOS,real,traffic,5,4.9999999931803,dtln,benchmark_data/expanded_generated/stt/real/dtln/5/VIVOSDEV09_015.wav,làm rờm rợp biển mây lau lách phất phơ,làm ròng rọc biển mây lâu lắm buffet,0.6666666666666666,0.4473684210526316,5,1,0,9,38,17,1.5026288999943063,3.3125,0.4536238188662057,PASS,
VIVOSDEV09_015,VIVOSDEV09,VIVOS,real,traffic,0,-2.51057607204829e-07,unfiltered,benchmark_data/expanded_generated/stt/real/noisy/0/VIVOSDEV09_015.wav,làm rờm rợp biển mây lau lách phất phơ,làm ròng rọc biển mây lâu lắc cooper,0.6666666666666666,0.39473684210526316,5,1,0,9,38,15,1.416251500020735,3.3125,0.427547622647769,PASS,
VIVOSDEV09_015,VIVOSDEV09,VIVOS,real,traffic,0,-2.51057607204829e-07,dtln,benchmark_data/expanded_generated/stt/real/dtln/0/VIVOSDEV09_015.wav,làm rờm rợp biển mây lau lách phất phơ,làm ròng rọc biển mây lâu lắm buffet,0.6666666666666666,0.4473684210526316,5,1,0,9,38,17,1.226981199986767,3.3125,0.37040941886392964,PASS,
VIVOSDEV10_010,VIVOSDEV10,VIVOS,synthetic,gaussian,20,19.999999786838373,unfiltered,benchmark_data/expanded_generated/stt/synthetic/noisy/20/VIVOSDEV10_010.wav,khi bị công an thộp cổ khẩn cấp,khi bị công an họp cổ khẩn,0.25,0.1935483870967742,1,1,0,8,31,6,0.7365425000316463,2.8125,0.2618817777890298,PASS,
VIVOSDEV10_010,VIVOSDEV10,VIVOS,synthetic,gaussian,20,19.999999786838373,dtln,benchmark_data/expanded_generated/stt/synthetic/dtln/20/VIVOSDEV10_010.wav,khi bị công an thộp cổ khẩn cấp,khi bị công an họp cổ khẩn,0.25,0.1935483870967742,1,1,0,8,31,6,1.3088479000143707,2.8125,0.4653681422273318,PASS,
VIVOSDEV10_010,VIVOSDEV10,VIVOS,synthetic,gaussian,15,15.000000131422377,unfiltered,benchmark_data/expanded_generated/stt/synthetic/noisy/15/VIVOSDEV10_010.wav,khi bị công an thộp cổ khẩn cấp,khi bị công an họp cổ khẩn,0.25,0.1935483870967742,1,1,0,8,31,6,1.1105645999778062,2.8125,0.39486741332544223,PASS,
VIVOSDEV10_010,VIVOSDEV10,VIVOS,synthetic,gaussian,15,15.000000131422377,dtln,benchmark_data/expanded_generated/stt/synthetic/dtln/15/VIVOSDEV10_010.wav,khi bị công an thộp cổ khẩn cấp,khi bị công an họp cổ khẩn,0.25,0.1935483870967742,1,1,0,8,31,6,0.8819942999980412,2.8125,0.3135979733326369,PASS,
VIVOSDEV10_010,VIVOSDEV10,VIVOS,synthetic,gaussian,10,10.00000005769829,unfiltered,benchmark_data/expanded_generated/stt/synthetic/noisy/10/VIVOSDEV10_010.wav,khi bị công an thộp cổ khẩn cấp,khi bị công an hộp cổ khẩn,0.25,0.16129032258064516,1,1,0,8,31,5,1.1819282000069506,2.8125,0.42024113778024913,PASS,
VIVOSDEV10_010,VIVOSDEV10,VIVOS,synthetic,gaussian,10,10.00000005769829,dtln,benchmark_data/expanded_generated/stt/synthetic/dtln/10/VIVOSDEV10_010.wav,khi bị công an thộp cổ khẩn cấp,khi bị công an phạt cổ khẩn,0.25,0.22580645161290322,1,1,0,8,31,7,6.128167400020175,2.8125,2.1789039644516177,PASS,
VIVOSDEV10_010,VIVOSDEV10,VIVOS,synthetic,gaussian,5,4.999999749442534,unfiltered,benchmark_data/expanded_generated/stt/synthetic/noisy/5/VIVOSDEV10_010.wav,khi bị công an thộp cổ khẩn cấp,,1.0,1.0,0,8,0,8,31,31,1.490865500003565,2.8125,0.5300855111123787,PASS,
VIVOSDEV10_010,VIVOSDEV10,VIVOS,synthetic,gaussian,5,4.999999749442534,dtln,benchmark_data/expanded_generated/stt/synthetic/dtln/5/VIVOSDEV10_010.wav,khi bị công an thộp cổ khẩn cấp,khi bị công an phạt cổ khẩn,0.25,0.22580645161290322,1,1,0,8,31,7,0.878664200019557,2.8125,0.31241393778473137,PASS,
VIVOSDEV10_010,VIVOSDEV10,VIVOS,synthetic,gaussian,0,-8.549240337298206e-09,unfiltered,benchmark_data/expanded_generated/stt/synthetic/noisy/0/VIVOSDEV10_010.wav,khi bị công an thộp cổ khẩn cấp,khi bị công an họp cổ khẩn,0.25,0.1935483870967742,1,1,0,8,31,6,0.8199242000118829,2.8125,0.29152860444866946,PASS,
VIVOSDEV10_010,VIVOSDEV10,VIVOS,synthetic,gaussian,0,-8.549240337298206e-09,dtln,benchmark_data/expanded_generated/stt/synthetic/dtln/0/VIVOSDEV10_010.wav,khi bị công an thộp cổ khẩn cấp,khi bị công an phạt cổ,0.375,0.3870967741935484,1,2,0,8,31,12,0.8247225999948569,2.8125,0.29323470222039355,PASS,
VIVOSDEV10_010,VIVOSDEV10,VIVOS,real,cafeteria,20,19.999999821005407,unfiltered,benchmark_data/expanded_generated/stt/real/noisy/20/VIVOSDEV10_010.wav,khi bị công an thộp cổ khẩn cấp,khi bị công an họp cổ khẩn,0.25,0.1935483870967742,1,1,0,8,31,6,0.8260468000080436,2.8125,0.29370552889174883,PASS,
VIVOSDEV10_010,VIVOSDEV10,VIVOS,real,cafeteria,20,19.999999821005407,dtln,benchmark_data/expanded_generated/stt/real/dtln/20/VIVOSDEV10_010.wav,khi bị công an thộp cổ khẩn cấp,khi bị công an họp cổ khẩn,0.25,0.1935483870967742,1,1,0,8,31,6,1.2241564999567345,2.8125,0.4352556444290612,PASS,
VIVOSDEV10_010,VIVOSDEV10,VIVOS,real,cafeteria,15,14.999999725630474,unfiltered,benchmark_data/expanded_generated/stt/real/noisy/15/VIVOSDEV10_010.wav,khi bị công an thộp cổ khẩn cấp,khi bị công an họp cổ khẩn,0.25,0.1935483870967742,1,1,0,8,31,6,2.192506699997466,2.8125,0.7795579377768769,PASS,
VIVOSDEV10_010,VIVOSDEV10,VIVOS,real,cafeteria,15,14.999999725630474,dtln,benchmark_data/expanded_generated/stt/real/dtln/15/VIVOSDEV10_010.wav,khi bị công an thộp cổ khẩn cấp,khi bị công an họp cổ khẩn,0.25,0.1935483870967742,1,1,0,8,31,6,0.7955764000071213,2.8125,0.2828716088914209,PASS,
VIVOSDEV10_010,VIVOSDEV10,VIVOS,real,cafeteria,10,10.000000194064086,unfiltered,benchmark_data/expanded_generated/stt/real/noisy/10/VIVOSDEV10_010.wav,khi bị công an thộp cổ khẩn cấp,khi bị công an họp cổ khẩn,0.25,0.1935483870967742,1,1,0,8,31,6,0.9581713000079617,2.8125,0.3406831288917197,PASS,
VIVOSDEV10_010,VIVOSDEV10,VIVOS,real,cafeteria,10,10.000000194064086,dtln,benchmark_data/expanded_generated/stt/real/dtln/10/VIVOSDEV10_010.wav,khi bị công an thộp cổ khẩn cấp,khi bị công an họp cổ khẩn,0.25,0.1935483870967742,1,1,0,8,31,6,0.9229712999658659,2.8125,0.3281675733211968,PASS,
VIVOSDEV10_010,VIVOSDEV10,VIVOS,real,cafeteria,5,5.000000212602195,unfiltered,benchmark_data/expanded_generated/stt/real/noisy/5/VIVOSDEV10_010.wav,khi bị công an thộp cổ khẩn cấp,khi bị công an hộp cổ khẩn,0.25,0.16129032258064516,1,1,0,8,31,5,1.36237779998919,2.8125,0.484400995551712,PASS,
VIVOSDEV10_010,VIVOSDEV10,VIVOS,real,cafeteria,5,5.000000212602195,dtln,benchmark_data/expanded_generated/stt/real/dtln/5/VIVOSDEV10_010.wav,khi bị công an thộp cổ khẩn cấp,khi bị công an họp cổ,0.375,0.3548387096774194,1,2,0,8,31,11,0.9367101999814622,2.8125,0.33305251554896437,PASS,
VIVOSDEV10_010,VIVOSDEV10,VIVOS,real,cafeteria,0,2.5497065106506647e-07,unfiltered,benchmark_data/expanded_generated/stt/real/noisy/0/VIVOSDEV10_010.wav,khi bị công an thộp cổ khẩn cấp,khi bị công an hộp cổ khẩn,0.25,0.16129032258064516,1,1,0,8,31,5,0.8489329000003636,2.8125,0.30184280888901815,PASS,
VIVOSDEV10_010,VIVOSDEV10,VIVOS,real,cafeteria,0,2.5497065106506647e-07,dtln,benchmark_data/expanded_generated/stt/real/dtln/0/VIVOSDEV10_010.wav,khi bị công an thộp cổ khẩn cấp,khi bị công an phạt cổ phần,0.375,0.2903225806451613,2,1,0,8,31,9,0.7850190000026487,2.8125,0.2791178666676084,PASS,
VIVOSDEV11_015,VIVOSDEV11,VIVOS,synthetic,gaussian,20,19.999999781231914,unfiltered,benchmark_data/expanded_generated/stt/synthetic/noisy/20/VIVOSDEV11_015.wav,nữ diễn viên xinh đẹp phạm băng băng,nữ diễn viên xinh đẹp phạm băng băng,0.0,0.0,0,0,0,8,36,0,2.144824599963613,2.6875,0.7980742697539025,PASS,
VIVOSDEV11_015,VIVOSDEV11,VIVOS,synthetic,gaussian,20,19.999999781231914,dtln,benchmark_data/expanded_generated/stt/synthetic/dtln/20/VIVOSDEV11_015.wav,nữ diễn viên xinh đẹp phạm băng băng,nữ diễn viên xinh đẹp phạm băng băng,0.0,0.0,0,0,0,8,36,0,0.8286020999657921,2.6875,0.30831706045238777,PASS,
VIVOSDEV11_015,VIVOSDEV11,VIVOS,synthetic,gaussian,15,15.000000328098618,unfiltered,benchmark_data/expanded_generated/stt/synthetic/noisy/15/VIVOSDEV11_015.wav,nữ diễn viên xinh đẹp phạm băng băng,nữ diễn viên xinh đẹp phạm băng băng,0.0,0.0,0,0,0,8,36,0,0.8794214999652468,2.6875,0.32722660463823133,PASS,
VIVOSDEV11_015,VIVOSDEV11,VIVOS,synthetic,gaussian,15,15.000000328098618,dtln,benchmark_data/expanded_generated/stt/synthetic/dtln/15/VIVOSDEV11_015.wav,nữ diễn viên xinh đẹp phạm băng băng,nữ diễn viên xinh đẹp phạm băng băng,0.0,0.0,0,0,0,8,36,0,1.432525199954398,2.6875,0.5330326325411714,PASS,
VIVOSDEV11_015,VIVOSDEV11,VIVOS,synthetic,gaussian,10,9.999999595819954,unfiltered,benchmark_data/expanded_generated/stt/synthetic/noisy/10/VIVOSDEV11_015.wav,nữ diễn viên xinh đẹp phạm băng băng,nữ diễn viên xinh đẹp phạm băng băng,0.0,0.0,0,0,0,8,36,0,0.8870658000232652,2.6875,0.330070995357494,PASS,
VIVOSDEV11_015,VIVOSDEV11,VIVOS,synthetic,gaussian,10,9.999999595819954,dtln,benchmark_data/expanded_generated/stt/synthetic/dtln/10/VIVOSDEV11_015.wav,nữ diễn viên xinh đẹp phạm băng băng,nữ diễn viên xinh đẹp phạm băng băng,0.0,0.0,0,0,0,8,36,0,1.2109871999709867,2.6875,0.4505998883612974,PASS,
VIVOSDEV11_015,VIVOSDEV11,VIVOS,synthetic,gaussian,5,4.999999960103542,unfiltered,benchmark_data/expanded_generated/stt/synthetic/noisy/5/VIVOSDEV11_015.wav,nữ diễn viên xinh đẹp phạm băng băng,nữ diễn viên xinh đẹp phạm băng băng,0.0,0.0,0,0,0,8,36,0,0.8985842000111006,2.6875,0.33435691163203746,PASS,
VIVOSDEV11_015,VIVOSDEV11,VIVOS,synthetic,gaussian,5,4.999999960103542,dtln,benchmark_data/expanded_generated/stt/synthetic/dtln/5/VIVOSDEV11_015.wav,nữ diễn viên xinh đẹp phạm băng băng,nữ diễn viên xinh đẹp phạm băng băng,0.0,0.0,0,0,0,8,36,0,0.7532878000056371,2.6875,0.2802931348858185,PASS,
VIVOSDEV11_015,VIVOSDEV11,VIVOS,synthetic,gaussian,0,1.2857691037084653e-07,unfiltered,benchmark_data/expanded_generated/stt/synthetic/noisy/0/VIVOSDEV11_015.wav,nữ diễn viên xinh đẹp phạm băng băng,nữ diễn viên xinh đẹp phạm băng băng,0.0,0.0,0,0,0,8,36,0,0.6826685000560246,2.6875,0.254016186067358,PASS,
VIVOSDEV11_015,VIVOSDEV11,VIVOS,synthetic,gaussian,0,1.2857691037084653e-07,dtln,benchmark_data/expanded_generated/stt/synthetic/dtln/0/VIVOSDEV11_015.wav,nữ diễn viên xinh đẹp phạm băng băng,nữ diễn viên xinh đẹp phạm băng băng,0.0,0.0,0,0,0,8,36,0,0.8601025000098161,2.6875,0.3200381395385362,PASS,
VIVOSDEV11_015,VIVOSDEV11,VIVOS,real,office,20,20.00000023687943,unfiltered,benchmark_data/expanded_generated/stt/real/noisy/20/VIVOSDEV11_015.wav,nữ diễn viên xinh đẹp phạm băng băng,nữ diễn viên xinh đẹp phạm băng băng,0.0,0.0,0,0,0,8,36,0,0.8304889000137337,2.6875,0.30901912558650557,PASS,
VIVOSDEV11_015,VIVOSDEV11,VIVOS,real,office,20,20.00000023687943,dtln,benchmark_data/expanded_generated/stt/real/dtln/20/VIVOSDEV11_015.wav,nữ diễn viên xinh đẹp phạm băng băng,nữ diễn viên xinh đẹp phạm băng băng,0.0,0.0,0,0,0,8,36,0,0.8249492000322789,2.6875,0.3069578418724759,PASS,
VIVOSDEV11_015,VIVOSDEV11,VIVOS,real,office,15,15.000000418153823,unfiltered,benchmark_data/expanded_generated/stt/real/noisy/15/VIVOSDEV11_015.wav,nữ diễn viên xinh đẹp phạm băng băng,nữ diễn viên xinh đẹp phạm băng băng,0.0,0.0,0,0,0,8,36,0,0.6293977000168525,2.6875,0.2341944930295265,PASS,
VIVOSDEV11_015,VIVOSDEV11,VIVOS,real,office,15,15.000000418153823,dtln,benchmark_data/expanded_generated/stt/real/dtln/15/VIVOSDEV11_015.wav,nữ diễn viên xinh đẹp phạm băng băng,nữ diễn viên xinh đẹp phạm băng băng,0.0,0.0,0,0,0,8,36,0,0.7272153000230901,2.6875,0.2705917395434754,PASS,
VIVOSDEV11_015,VIVOSDEV11,VIVOS,real,office,10,10.000000235013097,unfiltered,benchmark_data/expanded_generated/stt/real/noisy/10/VIVOSDEV11_015.wav,nữ diễn viên xinh đẹp phạm băng băng,nữ diễn viên xinh đẹp phạm băng băng,0.0,0.0,0,0,0,8,36,0,0.6816307000117376,2.6875,0.25363002791134426,PASS,
VIVOSDEV11_015,VIVOSDEV11,VIVOS,real,office,10,10.000000235013097,dtln,benchmark_data/expanded_generated/stt/real/dtln/10/VIVOSDEV11_015.wav,nữ diễn viên xinh đẹp phạm băng băng,nữ diễn viên xinh đẹp phạm băng băng,0.0,0.0,0,0,0,8,36,0,0.6017484000185505,2.6875,0.22390638140225133,PASS,
VIVOSDEV11_015,VIVOSDEV11,VIVOS,real,office,5,5.000000180477382,unfiltered,benchmark_data/expanded_generated/stt/real/noisy/5/VIVOSDEV11_015.wav,nữ diễn viên xinh đẹp phạm băng băng,nữ diễn viên xinh đẹp phạm băng băng,0.0,0.0,0,0,0,8,36,0,0.8026017000083812,2.6875,0.2986424930263744,PASS,
VIVOSDEV11_015,VIVOSDEV11,VIVOS,real,office,5,5.000000180477382,dtln,benchmark_data/expanded_generated/stt/real/dtln/5/VIVOSDEV11_015.wav,nữ diễn viên xinh đẹp phạm băng băng,nữ diễn viên xinh đẹp phạm băng băng,0.0,0.0,0,0,0,8,36,0,0.7711839000112377,2.6875,0.28695214884139075,PASS,
VIVOSDEV11_015,VIVOSDEV11,VIVOS,real,office,0,-2.627822753958488e-07,unfiltered,benchmark_data/expanded_generated/stt/real/noisy/0/VIVOSDEV11_015.wav,nữ diễn viên xinh đẹp phạm băng băng,nữ diễn viên xinh đẹp phạm băng băng,0.0,0.0,0,0,0,8,36,0,1.2692121000145562,2.6875,0.47226496744727675,PASS,
VIVOSDEV11_015,VIVOSDEV11,VIVOS,real,office,0,-2.627822753958488e-07,dtln,benchmark_data/expanded_generated/stt/real/dtln/0/VIVOSDEV11_015.wav,nữ diễn viên xinh đẹp phạm băng băng,nữ diễn viên xinh đẹp phạm băng băng,0.0,0.0,0,0,0,8,36,0,0.7151649000006728,2.6875,0.2661078697676922,PASS,
VIVOSDEV12_006,VIVOSDEV12,VIVOS,synthetic,gaussian,20,20.00000012975304,unfiltered,benchmark_data/expanded_generated/stt/synthetic/noisy/20/VIVOSDEV12_006.wav,từ sự dư thừa quá mức của luồng tiền này,từ sự dư thừa quá mức của luồng tiền này,0.0,0.0,0,0,0,10,40,0,1.0525988999870606,4.125,0.2551754909059541,PASS,
VIVOSDEV12_006,VIVOSDEV12,VIVOS,synthetic,gaussian,20,20.00000012975304,dtln,benchmark_data/expanded_generated/stt/synthetic/dtln/20/VIVOSDEV12_006.wav,từ sự dư thừa quá mức của luồng tiền này,từ sự dư thừa quá mức của luồng tiền này,0.0,0.0,0,0,0,10,40,0,0.9712593000149354,4.125,0.2354568000036207,PASS,
VIVOSDEV12_006,VIVOSDEV12,VIVOS,synthetic,gaussian,15,14.99999979102958,unfiltered,benchmark_data/expanded_generated/stt/synthetic/noisy/15/VIVOSDEV12_006.wav,từ sự dư thừa quá mức của luồng tiền này,từ sự dư thừa quá mức của luồng tiền này,0.0,0.0,0,0,0,10,40,0,0.989798900031019,4.125,0.23995124849236824,PASS,
VIVOSDEV12_006,VIVOSDEV12,VIVOS,synthetic,gaussian,15,14.99999979102958,dtln,benchmark_data/expanded_generated/stt/synthetic/dtln/15/VIVOSDEV12_006.wav,từ sự dư thừa quá mức của luồng tiền này,từ sự dư thừa quá mức của luồng tiền này,0.0,0.0,0,0,0,10,40,0,1.0257369999890216,4.125,0.2486635151488537,PASS,
VIVOSDEV12_006,VIVOSDEV12,VIVOS,synthetic,gaussian,10,10.000000018537884,unfiltered,benchmark_data/expanded_generated/stt/synthetic/noisy/10/VIVOSDEV12_006.wav,từ sự dư thừa quá mức của luồng tiền này,từ sự dư thừa quá mức của luồng tiền này,0.0,0.0,0,0,0,10,40,0,1.0375052000163123,4.125,0.2515164121251666,PASS,
VIVOSDEV12_006,VIVOSDEV12,VIVOS,synthetic,gaussian,10,10.000000018537884,dtln,benchmark_data/expanded_generated/stt/synthetic/dtln/10/VIVOSDEV12_006.wav,từ sự dư thừa quá mức của luồng tiền này,từ sự dư thừa quá mức của luồng tiền này,0.0,0.0,0,0,0,10,40,0,1.8111267000203952,4.125,0.43906101818676246,PASS,
VIVOSDEV12_006,VIVOSDEV12,VIVOS,synthetic,gaussian,5,5.000000375544278,unfiltered,benchmark_data/expanded_generated/stt/synthetic/noisy/5/VIVOSDEV12_006.wav,từ sự dư thừa quá mức của luồng tiền này,từ sự dư thừa quá mức của luồng tiền này,0.0,0.0,0,0,0,10,40,0,0.9921580000082031,4.125,0.24052315151714015,PASS,
VIVOSDEV12_006,VIVOSDEV12,VIVOS,synthetic,gaussian,5,5.000000375544278,dtln,benchmark_data/expanded_generated/stt/synthetic/dtln/5/VIVOSDEV12_006.wav,từ sự dư thừa quá mức của luồng tiền này,từ sự dư thừa quá mức của luồng tiền này,0.0,0.0,0,0,0,10,40,0,1.0989262000075541,4.125,0.26640635151698283,PASS,
VIVOSDEV12_006,VIVOSDEV12,VIVOS,synthetic,gaussian,0,3.292354140915379e-07,unfiltered,benchmark_data/expanded_generated/stt/synthetic/noisy/0/VIVOSDEV12_006.wav,từ sự dư thừa quá mức của luồng tiền này,từ sự dư thừa qua mức của luồng tiền này,0.1,0.025,1,0,0,10,40,1,1.0843657999648713,4.125,0.26287655756724154,PASS,
VIVOSDEV12_006,VIVOSDEV12,VIVOS,synthetic,gaussian,0,3.292354140915379e-07,dtln,benchmark_data/expanded_generated/stt/synthetic/dtln/0/VIVOSDEV12_006.wav,từ sự dư thừa quá mức của luồng tiền này,thời sự duy thừa quá mức của lừa tiền này,0.3,0.225,3,0,0,10,40,9,1.3777348000439815,4.125,0.3339963151621773,PASS,
VIVOSDEV12_006,VIVOSDEV12,VIVOS,real,home,20,19.999999527504862,unfiltered,benchmark_data/expanded_generated/stt/real/noisy/20/VIVOSDEV12_006.wav,từ sự dư thừa quá mức của luồng tiền này,từ sự dư thừa quá mức của luồng tiền này,0.0,0.0,0,0,0,10,40,0,1.2155728000216186,4.125,0.294684315156756,PASS,
VIVOSDEV12_006,VIVOSDEV12,VIVOS,real,home,20,19.999999527504862,dtln,benchmark_data/expanded_generated/stt/real/dtln/20/VIVOSDEV12_006.wav,từ sự dư thừa quá mức của luồng tiền này,từ sự dư thừa quá mức của luồng tiền này,0.0,0.0,0,0,0,10,40,0,0.9306638999842107,4.125,0.2256154909052632,PASS,
VIVOSDEV12_006,VIVOSDEV12,VIVOS,real,home,15,14.999999723339839,unfiltered,benchmark_data/expanded_generated/stt/real/noisy/15/VIVOSDEV12_006.wav,từ sự dư thừa quá mức của luồng tiền này,từ sự dư thừa quá mức của luồng tiền này,0.0,0.0,0,0,0,10,40,0,0.880298700009007,4.125,0.21340574545672897,PASS,
VIVOSDEV12_006,VIVOSDEV12,VIVOS,real,home,15,14.999999723339839,dtln,benchmark_data/expanded_generated/stt/real/dtln/15/VIVOSDEV12_006.wav,từ sự dư thừa quá mức của luồng tiền này,từ sự dư thừa quá mức của luồng tiền này,0.0,0.0,0,0,0,10,40,0,0.9965877999784425,4.125,0.24159704241901636,PASS,
VIVOSDEV12_006,VIVOSDEV12,VIVOS,real,home,10,10.000000000135401,unfiltered,benchmark_data/expanded_generated/stt/real/noisy/10/VIVOSDEV12_006.wav,từ sự dư thừa quá mức của luồng tiền này,từ sự dư thừa quá mức của luồng tiền này,0.0,0.0,0,0,0,10,40,0,1.086756799952127,4.125,0.26345619392778835,PASS,
VIVOSDEV12_006,VIVOSDEV12,VIVOS,real,home,10,10.000000000135401,dtln,benchmark_data/expanded_generated/stt/real/dtln/10/VIVOSDEV12_006.wav,từ sự dư thừa quá mức của luồng tiền này,từ sự dư thừa quá mức của luồng tiền này,0.0,0.0,0,0,0,10,40,0,1.1165976999909617,4.125,0.2706903515129604,PASS,
VIVOSDEV12_006,VIVOSDEV12,VIVOS,real,home,5,4.99999993156921,unfiltered,benchmark_data/expanded_generated/stt/real/noisy/5/VIVOSDEV12_006.wav,từ sự dư thừa quá mức của luồng tiền này,từ sự dư thừa quá mức của luồng tiền này,0.0,0.0,0,0,0,10,40,0,1.1322437999770045,4.125,0.2744833454489708,PASS,
VIVOSDEV12_006,VIVOSDEV12,VIVOS,real,home,5,4.99999993156921,dtln,benchmark_data/expanded_generated/stt/real/dtln/5/VIVOSDEV12_006.wav,từ sự dư thừa quá mức của luồng tiền này,từ sự dư thừa quá mức của luồng tiền này,0.0,0.0,0,0,0,10,40,0,1.0788821000023745,4.125,0.2615471757581514,PASS,
VIVOSDEV12_006,VIVOSDEV12,VIVOS,real,home,0,-1.4319061031968732e-07,unfiltered,benchmark_data/expanded_generated/stt/real/noisy/0/VIVOSDEV12_006.wav,từ sự dư thừa quá mức của luồng tiền này,từ sự dư thừa quá mức của luồng tiền này,0.0,0.0,0,0,0,10,40,0,0.9668696000007913,4.125,0.23439263030322213,PASS,
VIVOSDEV12_006,VIVOSDEV12,VIVOS,real,home,0,-1.4319061031968732e-07,dtln,benchmark_data/expanded_generated/stt/real/dtln/0/VIVOSDEV12_006.wav,từ sự dư thừa quá mức của luồng tiền này,từ sự dư thừa quá mức của luồng tiền này,0.0,0.0,0,0,0,10,40,0,0.9508160999976099,4.125,0.23050087272669328,PASS,
VIVOSDEV13_019,VIVOSDEV13,VIVOS,synthetic,gaussian,20,19.999999729968778,unfiltered,benchmark_data/expanded_generated/stt/synthetic/noisy/20/VIVOSDEV13_019.wav,đơn vị mình không nghe ai nói gì chưa hẳn đã tốt,đơn vị mình không nghe ai nói gì chưa hẳn đã tốt,0.0,0.0,0,0,0,12,48,0,3.8215300999581814,4.124375,0.9265719290700244,PASS,
VIVOSDEV13_019,VIVOSDEV13,VIVOS,synthetic,gaussian,20,19.999999729968778,dtln,benchmark_data/expanded_generated/stt/synthetic/dtln/20/VIVOSDEV13_019.wav,đơn vị mình không nghe ai nói gì chưa hẳn đã tốt,đơn vị mình không nghe ai nói gì chưa hẳn đã tốt,0.0,0.0,0,0,0,12,48,0,0.9367236000252888,4.124375,0.2271189210547753,PASS,
VIVOSDEV13_019,VIVOSDEV13,VIVOS,synthetic,gaussian,15,15.000000194067272,unfiltered,benchmark_data/expanded_generated/stt/synthetic/noisy/15/VIVOSDEV13_019.wav,đơn vị mình không nghe ai nói gì chưa hẳn đã tốt,đơn vị mình không nghe ai nói gì chưa hẳn đã tốt,0.0,0.0,0,0,0,12,48,0,1.197107199986931,4.124375,0.2902517836004076,PASS,
VIVOSDEV13_019,VIVOSDEV13,VIVOS,synthetic,gaussian,15,15.000000194067272,dtln,benchmark_data/expanded_generated/stt/synthetic/dtln/15/VIVOSDEV13_019.wav,đơn vị mình không nghe ai nói gì chưa hẳn đã tốt,đơn vị mình không nghe ai nói gì chưa hẳn đã tốt,0.0,0.0,0,0,0,12,48,0,0.9270488999900408,4.124375,0.22477318381331496,PASS,
VIVOSDEV13_019,VIVOSDEV13,VIVOS,synthetic,gaussian,10,10.000000317756768,unfiltered,benchmark_data/expanded_generated/stt/synthetic/noisy/10/VIVOSDEV13_019.wav,đơn vị mình không nghe ai nói gì chưa hẳn đã tốt,đơn vị mình không nghe ai nói gì chưa hẳn đã tốt,0.0,0.0,0,0,0,12,48,0,1.2030758999753743,4.124375,0.2916989604425821,PASS,
VIVOSDEV13_019,VIVOSDEV13,VIVOS,synthetic,gaussian,10,10.000000317756768,dtln,benchmark_data/expanded_generated/stt/synthetic/dtln/10/VIVOSDEV13_019.wav,đơn vị mình không nghe ai nói gì chưa hẳn đã tốt,đơn vị mình không nghe ai nói gì chưa hẳn đã tốt,0.0,0.0,0,0,0,12,48,0,1.0438868000055663,4.124375,0.2531018154279294,PASS,
VIVOSDEV13_019,VIVOSDEV13,VIVOS,synthetic,gaussian,5,4.999999717970778,unfiltered,benchmark_data/expanded_generated/stt/synthetic/noisy/5/VIVOSDEV13_019.wav,đơn vị mình không nghe ai nói gì chưa hẳn đã tốt,đơn vị mình không nghe ai nói gì chưa hẳn đã tốt,0.0,0.0,0,0,0,12,48,0,1.2637306000106037,4.124375,0.3064053583902055,PASS,
VIVOSDEV13_019,VIVOSDEV13,VIVOS,synthetic,gaussian,5,4.999999717970778,dtln,benchmark_data/expanded_generated/stt/synthetic/dtln/5/VIVOSDEV13_019.wav,đơn vị mình không nghe ai nói gì chưa hẳn đã tốt,đơn vị mình không nghe ai nói gì chưa hẳn đã tốt,0.0,0.0,0,0,0,12,48,0,0.9745626000221819,4.124375,0.23629340203598895,PASS,
VIVOSDEV13_019,VIVOSDEV13,VIVOS,synthetic,gaussian,0,-2.926867238217788e-07,unfiltered,benchmark_data/expanded_generated/stt/synthetic/noisy/0/VIVOSDEV13_019.wav,đơn vị mình không nghe ai nói gì chưa hẳn đã tốt,đơn vị mình không nghe ai nói gì chưa hẳn đã tốt,0.0,0.0,0,0,0,12,48,0,1.03937810001662,4.124375,0.25200863161487985,PASS,
VIVOSDEV13_019,VIVOSDEV13,VIVOS,synthetic,gaussian,0,-2.926867238217788e-07,dtln,benchmark_data/expanded_generated/stt/synthetic/dtln/0/VIVOSDEV13_019.wav,đơn vị mình không nghe ai nói gì chưa hẳn đã tốt,đơn vị mình không nghe ai nói người xưa cũng đã tốt,0.25,0.1875,3,0,0,12,48,9,0.9865809000330046,4.124375,0.239207370821762,PASS,
VIVOSDEV13_019,VIVOSDEV13,VIVOS,real,traffic,20,19.999999843736827,unfiltered,benchmark_data/expanded_generated/stt/real/noisy/20/VIVOSDEV13_019.wav,đơn vị mình không nghe ai nói gì chưa hẳn đã tốt,đơn vị mình không nghe ai nói gì chưa hẳn đã tốt,0.0,0.0,0,0,0,12,48,0,1.0926827000221238,4.124375,0.264932917114017,PASS,
VIVOSDEV13_019,VIVOSDEV13,VIVOS,real,traffic,20,19.999999843736827,dtln,benchmark_data/expanded_generated/stt/real/dtln/20/VIVOSDEV13_019.wav,đơn vị mình không nghe ai nói gì chưa hẳn đã tốt,đơn vị mình không nghe ai nói gì chưa hẳn đã tốt,0.0,0.0,0,0,0,12,48,0,0.9765693999943323,4.124375,0.2367799727217657,PASS,
VIVOSDEV13_019,VIVOSDEV13,VIVOS,real,traffic,15,15.000000311824223,unfiltered,benchmark_data/expanded_generated/stt/real/noisy/15/VIVOSDEV13_019.wav,đơn vị mình không nghe ai nói gì chưa hẳn đã tốt,đơn vị mình không nghe ai nói gì chưa hẳn đã tốt,0.0,0.0,0,0,0,12,48,0,1.0167980000260286,4.124375,0.24653383846668372,PASS,
VIVOSDEV13_019,VIVOSDEV13,VIVOS,real,traffic,15,15.000000311824223,dtln,benchmark_data/expanded_generated/stt/real/dtln/15/VIVOSDEV13_019.wav,đơn vị mình không nghe ai nói gì chưa hẳn đã tốt,đơn vị mình không nghe ai nói gì chưa hẳn đã tốt,0.0,0.0,0,0,0,12,48,0,0.909272900025826,4.124375,0.22046319746042153,PASS,
VIVOSDEV13_019,VIVOSDEV13,VIVOS,real,traffic,10,9.999999902926874,unfiltered,benchmark_data/expanded_generated/stt/real/noisy/10/VIVOSDEV13_019.wav,đơn vị mình không nghe ai nói gì chưa hẳn đã tốt,đơn vị mình không nghe ai nói gì chưa hẳn đã tốt,0.0,0.0,0,0,0,12,48,0,1.0503213999909349,4.124375,0.25466195483944476,PASS,
VIVOSDEV13_019,VIVOSDEV13,VIVOS,real,traffic,10,9.999999902926874,dtln,benchmark_data/expanded_generated/stt/real/dtln/10/VIVOSDEV13_019.wav,đơn vị mình không nghe ai nói gì chưa hẳn đã tốt,đơn vị mình không nghe ai nói gì chưa hẳn đã tốt,0.0,0.0,0,0,0,12,48,0,0.9761029999936,4.124375,0.2366668889210123,PASS,
VIVOSDEV13_019,VIVOSDEV13,VIVOS,real,traffic,5,5.000000073697075,unfiltered,benchmark_data/expanded_generated/stt/real/noisy/5/VIVOSDEV13_019.wav,đơn vị mình không nghe ai nói gì chưa hẳn đã tốt,đơn vị mình không nghe ai nói gì chưa hẳn đã tốt,0.0,0.0,0,0,0,12,48,0,1.0093808000092395,4.124375,0.2447354568896474,PASS,
VIVOSDEV13_019,VIVOSDEV13,VIVOS,real,traffic,5,5.000000073697075,dtln,benchmark_data/expanded_generated/stt/real/dtln/5/VIVOSDEV13_019.wav,đơn vị mình không nghe ai nói gì chưa hẳn đã tốt,đơn vị mình không nghe ai nói gì chưa hẳn đã tốt,0.0,0.0,0,0,0,12,48,0,1.1029239000054076,4.124375,0.2674160084874454,PASS,
VIVOSDEV13_019,VIVOSDEV13,VIVOS,real,traffic,0,3.5869254981089235e-07,unfiltered,benchmark_data/expanded_generated/stt/real/noisy/0/VIVOSDEV13_019.wav,đơn vị mình không nghe ai nói gì chưa hẳn đã tốt,đơn vị mình không nghe ai nói gì chưa hẳn đã tốt,0.0,0.0,0,0,0,12,48,0,0.9867118999827653,4.124375,0.23923913319782159,PASS,
VIVOSDEV13_019,VIVOSDEV13,VIVOS,real,traffic,0,3.5869254981089235e-07,dtln,benchmark_data/expanded_generated/stt/real/dtln/0/VIVOSDEV13_019.wav,đơn vị mình không nghe ai nói gì chưa hẳn đã tốt,đơn vị mình không nghe ai nói gì chưa hẳn đã tốt,0.0,0.0,0,0,0,12,48,0,1.2421684000291862,4.124375,0.3011773662746928,PASS,
VIVOSDEV14_018,VIVOSDEV14,VIVOS,synthetic,gaussian,20,19.999999877058954,unfiltered,benchmark_data/expanded_generated/stt/synthetic/noisy/20/VIVOSDEV14_018.wav,biên chế này nhà thanh gọi là an nam quốc nhạc,biên chế này nhà thanh gọi là an nam quốc,0.09090909090909091,0.10869565217391304,0,1,0,11,46,5,0.7522479000035673,3.124375,0.24076748149744104,PASS,
VIVOSDEV14_018,VIVOSDEV14,VIVOS,synthetic,gaussian,20,19.999999877058954,dtln,benchmark_data/expanded_generated/stt/synthetic/dtln/20/VIVOSDEV14_018.wav,biên chế này nhà thanh gọi là an nam quốc nhạc,biên chế này nhà thanh gọi là an nam,0.18181818181818182,0.21739130434782608,0,2,0,11,46,10,0.7414999000029638,3.124375,0.23732743348764596,PASS,
VIVOSDEV14_018,VIVOSDEV14,VIVOS,synthetic,gaussian,15,15.000000115468897,unfiltered,benchmark_data/expanded_generated/stt/synthetic/noisy/15/VIVOSDEV14_018.wav,biên chế này nhà thanh gọi là an nam quốc nhạc,biên chế này nhà thanh gọi là an nam quốc,0.09090909090909091,0.10869565217391304,0,1,0,11,46,5,0.7290146999876015,3.124375,0.2333313702700865,PASS,
VIVOSDEV14_018,VIVOSDEV14,VIVOS,synthetic,gaussian,15,15.000000115468897,dtln,benchmark_data/expanded_generated/stt/synthetic/dtln/15/VIVOSDEV14_018.wav,biên chế này nhà thanh gọi là an nam quốc nhạc,biên chế này nhà thanh gọi là an nam quốc,0.09090909090909091,0.10869565217391304,0,1,0,11,46,5,0.9276353000313975,3.124375,0.29690267654535624,PASS,
VIVOSDEV14_018,VIVOSDEV14,VIVOS,synthetic,gaussian,10,10.000000196925692,unfiltered,benchmark_data/expanded_generated/stt/synthetic/noisy/10/VIVOSDEV14_018.wav,biên chế này nhà thanh gọi là an nam quốc nhạc,biên chế này nhà thanh gọi là an nam quốc,0.09090909090909091,0.10869565217391304,0,1,0,11,46,5,0.9276468000025488,3.124375,0.29690635727227005,PASS,
VIVOSDEV14_018,VIVOSDEV14,VIVOS,synthetic,gaussian,10,10.000000196925692,dtln,benchmark_data/expanded_generated/stt/synthetic/dtln/10/VIVOSDEV14_018.wav,biên chế này nhà thanh gọi là an nam quốc nhạc,biên chế mà nhà thanh gọi là an nam,0.2727272727272727,0.2608695652173913,1,2,0,11,46,12,1.0154614000348374,3.124375,0.3250126505412562,PASS,
VIVOSDEV14_018,VIVOSDEV14,VIVOS,synthetic,gaussian,5,4.999999800669832,unfiltered,benchmark_data/expanded_generated/stt/synthetic/noisy/5/VIVOSDEV14_018.wav,biên chế này nhà thanh gọi là an nam quốc nhạc,biên chế này nhà xanh gọi là an nam,0.2727272727272727,0.2608695652173913,1,2,0,11,46,12,0.9369233000325039,3.124375,0.29987543109662057,PASS,
VIVOSDEV14_018,VIVOSDEV14,VIVOS,synthetic,gaussian,5,4.999999800669832,dtln,benchmark_data/expanded_generated/stt/synthetic/dtln/5/VIVOSDEV14_018.wav,biên chế này nhà thanh gọi là an nam quốc nhạc,biên chế ngành nhà xanh gọi là an nam,0.36363636363636365,0.32608695652173914,2,2,0,11,46,15,1.0105472999857739,3.124375,0.3234398239602397,PASS,
VIVOSDEV14_018,VIVOSDEV14,VIVOS,synthetic,gaussian,0,-4.915068093503456e-07,unfiltered,benchmark_data/expanded_generated/stt/synthetic/noisy/0/VIVOSDEV14_018.wav,biên chế này nhà thanh gọi là an nam quốc nhạc,biên chế này nhà thanh gọi là an nam,0.18181818181818182,0.21739130434782608,0,2,0,11,46,10,1.0082821999676526,3.124375,0.3227148469590406,PASS,
VIVOSDEV14_018,VIVOSDEV14,VIVOS,synthetic,gaussian,0,-4.915068093503456e-07,dtln,benchmark_data/expanded_generated/stt/synthetic/dtln/0/VIVOSDEV14_018.wav,biên chế này nhà thanh gọi là an nam quốc nhạc,biên giới này là phân loại là bao nhiêu năm,0.7272727272727273,0.5,7,1,0,11,46,23,1.1074075999786146,3.124375,0.3544413202572081,PASS,
VIVOSDEV14_018,VIVOSDEV14,VIVOS,real,cafeteria,20,19.999999701580876,unfiltered,benchmark_data/expanded_generated/stt/real/noisy/20/VIVOSDEV14_018.wav,biên chế này nhà thanh gọi là an nam quốc nhạc,biên chế này nhà thanh gọi là an nam quốc,0.09090909090909091,0.10869565217391304,0,1,0,11,46,5,0.9827973999781534,3.124375,0.31455807960893084,PASS,
VIVOSDEV14_018,VIVOSDEV14,VIVOS,real,cafeteria,20,19.999999701580876,dtln,benchmark_data/expanded_generated/stt/real/dtln/20/VIVOSDEV14_018.wav,biên chế này nhà thanh gọi là an nam quốc nhạc,biên chế này nhà thanh gọi là an nam,0.18181818181818182,0.21739130434782608,0,2,0,11,46,10,0.8702335000270978,3.124375,0.27853042609389006,PASS,
VIVOSDEV14_018,VIVOSDEV14,VIVOS,real,cafeteria,15,15.000000071931847,unfiltered,benchmark_data/expanded_generated/stt/real/noisy/15/VIVOSDEV14_018.wav,biên chế này nhà thanh gọi là an nam quốc nhạc,biên chế này nhà thanh gọi là an nam quốc,0.09090909090909091,0.10869565217391304,0,1,0,11,46,5,0.7305472999578342,3.124375,0.23382190036658024,PASS,
VIVOSDEV14_018,VIVOSDEV14,VIVOS,real,cafeteria,15,15.000000071931847,dtln,benchmark_data/expanded_generated/stt/real/dtln/15/VIVOSDEV14_018.wav,biên chế này nhà thanh gọi là an nam quốc nhạc,biên chế này nhà thanh gọi là an nam,0.18181818181818182,0.21739130434782608,0,2,0,11,46,10,0.8028041999787092,3.124375,0.25694873373993493,PASS,
VIVOSDEV14_018,VIVOSDEV14,VIVOS,real,cafeteria,10,10.000000182843271,unfiltered,benchmark_data/expanded_generated/stt/real/noisy/10/VIVOSDEV14_018.wav,biên chế này nhà thanh gọi là an nam quốc nhạc,biên chế này nhà thanh gọi là an nam quốc,0.09090909090909091,0.10869565217391304,0,1,0,11,46,5,0.8357568000210449,3.124375,0.2674956751417627,PASS,
VIVOSDEV14_018,VIVOSDEV14,VIVOS,real,cafeteria,10,10.000000182843271,dtln,benchmark_data/expanded_generated/stt/real/dtln/10/VIVOSDEV14_018.wav,biên chế này nhà thanh gọi là an nam quốc nhạc,biên chế này nhà xanh gọi là an nam,0.2727272727272727,0.2608695652173913,1,2,0,11,46,12,0.8803577999933623,3.124375,0.2817708501679095,PASS,
VIVOSDEV14_018,VIVOSDEV14,VIVOS,real,cafeteria,5,5.000000003661418,unfiltered,benchmark_data/expanded_generated/stt/real/noisy/5/VIVOSDEV14_018.wav,biên chế này nhà thanh gọi là an nam quốc nhạc,biên chế này nhà thanh gọi là an nam,0.18181818181818182,0.21739130434782608,0,2,0,11,46,10,0.9318990000174381,3.124375,0.29826733347227463,PASS,
VIVOSDEV14_018,VIVOSDEV14,VIVOS,real,cafeteria,5,5.000000003661418,dtln,benchmark_data/expanded_generated/stt/real/dtln/5/VIVOSDEV14_018.wav,biên chế này nhà thanh gọi là an nam quốc nhạc,biên chế này nhà thanh gọi là an nam,0.18181818181818182,0.21739130434782608,0,2,0,11,46,10,0.869468400022015,3.124375,0.278285545116068,PASS,
VIVOSDEV14_018,VIVOSDEV14,VIVOS,real,cafeteria,0,3.0729100198073734e-07,unfiltered,benchmark_data/expanded_generated/stt/real/noisy/0/VIVOSDEV14_018.wav,biên chế này nhà thanh gọi là an nam quốc nhạc,biên chế này nhà xanh gọi là an nam,0.2727272727272727,0.2608695652173913,1,2,0,11,46,12,0.8242302999715321,3.124375,0.2638064572823467,PASS,
VIVOSDEV14_018,VIVOSDEV14,VIVOS,real,cafeteria,0,3.0729100198073734e-07,dtln,benchmark_data/expanded_generated/stt/real/dtln/0/VIVOSDEV14_018.wav,biên chế này nhà thanh gọi là an nam quốc nhạc,biên chế này nhà phân gọi là email,0.45454545454545453,0.391304347826087,2,3,0,11,46,18,1.0572687000385486,3.124375,0.3383936627448845,PASS,
VIVOSDEV15_003,VIVOSDEV15,VIVOS,synthetic,gaussian,20,20.00000002427344,unfiltered,benchmark_data/expanded_generated/stt/synthetic/noisy/20/VIVOSDEV15_003.wav,điều này khó hơn khi bạn vào bàn tiệc toàn người xa lạ,điều này khó hơn khi bạn vào bàn tiệc toàn người xa lạ,0.0,0.0,0,0,0,13,54,0,1.2044893999700435,3.624375,0.3323302362393636,PASS,
VIVOSDEV15_003,VIVOSDEV15,VIVOS,synthetic,gaussian,20,20.00000002427344,dtln,benchmark_data/expanded_generated/stt/synthetic/dtln/20/VIVOSDEV15_003.wav,điều này khó hơn khi bạn vào bàn tiệc toàn người xa lạ,điều này khó hơn khi bạn vào bàn tiệc toàn người xa lạ,0.0,0.0,0,0,0,13,54,0,1.1687601000303403,3.624375,0.3224721779700887,PASS,
VIVOSDEV15_003,VIVOSDEV15,VIVOS,synthetic,gaussian,15,14.99999987340026,unfiltered,benchmark_data/expanded_generated/stt/synthetic/noisy/15/VIVOSDEV15_003.wav,điều này khó hơn khi bạn vào bàn tiệc toàn người xa lạ,điều này khó hơn khi bạn vào bàn tiệc toàn người xa lạ,0.0,0.0,0,0,0,13,54,0,0.9906693000230007,3.624375,0.27333520952522866,PASS,
VIVOSDEV15_003,VIVOSDEV15,VIVOS,synthetic,gaussian,15,14.99999987340026,dtln,benchmark_data/expanded_generated/stt/synthetic/dtln/15/VIVOSDEV15_003.wav,điều này khó hơn khi bạn vào bàn tiệc toàn người xa lạ,điều này khó hơn khi bạn vào bàn tiệc toàn người xa lạ,0.0,0.0,0,0,0,13,54,0,0.9989206999889575,3.624375,0.2756118503159738,PASS,
VIVOSDEV15_003,VIVOSDEV15,VIVOS,synthetic,gaussian,10,10.000000108587342,unfiltered,benchmark_data/expanded_generated/stt/synthetic/noisy/10/VIVOSDEV15_003.wav,điều này khó hơn khi bạn vào bàn tiệc toàn người xa lạ,điều này khó hơn khi bạn vào bàn tiệc toàn người xa lạ,0.0,0.0,0,0,0,13,54,0,1.2418696000240743,3.624375,0.34264379376418674,PASS,
VIVOSDEV15_003,VIVOSDEV15,VIVOS,synthetic,gaussian,10,10.000000108587342,dtln,benchmark_data/expanded_generated/stt/synthetic/dtln/10/VIVOSDEV15_003.wav,điều này khó hơn khi bạn vào bàn tiệc toàn người xa lạ,điều này có hơn khi bạn vào bàn tiệc và người xa lạ,0.15384615384615385,0.09259259259259259,2,0,0,13,54,5,1.1393377000349574,3.624375,0.31435425419140056,PASS,
VIVOSDEV15_003,VIVOSDEV15,VIVOS,synthetic,gaussian,5,4.99999994667141,unfiltered,benchmark_data/expanded_generated/stt/synthetic/noisy/5/VIVOSDEV15_003.wav,điều này khó hơn khi bạn vào bàn tiệc toàn người xa lạ,điều này khó hơn khi bạn vào bàn tiệc và người xa lạ,0.07692307692307693,0.05555555555555555,1,0,0,13,54,3,1.3472965999972075,3.624375,0.37173211933014866,PASS,
VIVOSDEV15_003,VIVOSDEV15,VIVOS,synthetic,gaussian,5,4.99999994667141,dtln,benchmark_data/expanded_generated/stt/synthetic/dtln/5/VIVOSDEV15_003.wav,điều này khó hơn khi bạn vào bàn tiệc toàn người xa lạ,điều này có hơn khi bạn vào bàn tiệc toàn người xa lạ,0.07692307692307693,0.037037037037037035,1,0,0,13,54,2,1.14589420001721,3.624375,0.31616325573849563,PASS,
VIVOSDEV15_003,VIVOSDEV15,VIVOS,synthetic,gaussian,0,9.873945596719765e-08,unfiltered,benchmark_data/expanded_generated/stt/synthetic/noisy/0/VIVOSDEV15_003.wav,điều này khó hơn khi bạn vào bàn tiệc toàn người xa lạ,điều này có hơn khi bạn vào bàn tiệc toàn người xa lạ,0.07692307692307693,0.037037037037037035,1,0,0,13,54,2,1.2417630000272766,3.624375,0.34261438179748965,PASS,
VIVOSDEV15_003,VIVOSDEV15,VIVOS,synthetic,gaussian,0,9.873945596719765e-08,dtln,benchmark_data/expanded_generated/stt/synthetic/dtln/0/VIVOSDEV15_003.wav,điều này khó hơn khi bạn vào bàn tiệc toàn người xa lạ,những bài toán hơn khi bạn vào bàn tiệc và người xa lạ,0.3076923076923077,0.25925925925925924,4,0,0,13,54,14,1.3265919999685138,3.624375,0.3660195205983139,PASS,
VIVOSDEV15_003,VIVOSDEV15,VIVOS,real,office,20,19.99999980884468,unfiltered,benchmark_data/expanded_generated/stt/real/noisy/20/VIVOSDEV15_003.wav,điều này khó hơn khi bạn vào bàn tiệc toàn người xa lạ,điều này khó hơn khi bạn vào bàn tiệc toàn người xa lạ,0.0,0.0,0,0,0,13,54,0,1.0936733000562526,3.624375,0.301755006051044,PASS,
VIVOSDEV15_003,VIVOSDEV15,VIVOS,real,office,20,19.99999980884468,dtln,benchmark_data/expanded_generated/stt/real/dtln/20/VIVOSDEV15_003.wav,điều này khó hơn khi bạn vào bàn tiệc toàn người xa lạ,điều này khó hơn khi bạn vào bàn tiệc toàn người xa lạ,0.0,0.0,0,0,0,13,54,0,0.9531305999844335,3.624375,0.2629779203267966,PASS,
VIVOSDEV15_003,VIVOSDEV15,VIVOS,real,office,15,15.000000192423846,unfiltered,benchmark_data/expanded_generated/stt/real/noisy/15/VIVOSDEV15_003.wav,điều này khó hơn khi bạn vào bàn tiệc toàn người xa lạ,điều này khó hơn khi bạn vào bàn tiệc toàn người xa lạ,0.0,0.0,0,0,0,13,54,0,1.1074507999583147,3.624375,0.30555635108351503,PASS,
VIVOSDEV15_003,VIVOSDEV15,VIVOS,real,office,15,15.000000192423846,dtln,benchmark_data/expanded_generated/stt/real/dtln/15/VIVOSDEV15_003.wav,điều này khó hơn khi bạn vào bàn tiệc toàn người xa lạ,điều này khó hơn khi bạn vào bàn tiệc toàn người xa lạ,0.0,0.0,0,0,0,13,54,0,0.9514970000018366,3.624375,0.2625271943443591,PASS,
VIVOSDEV15_003,VIVOSDEV15,VIVOS,real,office,10,10.000000118535304,unfiltered,benchmark_data/expanded_generated/stt/real/noisy/10/VIVOSDEV15_003.wav,điều này khó hơn khi bạn vào bàn tiệc toàn người xa lạ,điều này khó hơn khi bạn vào bàn tiệc toàn người xa lạ,0.0,0.0,0,0,0,13,54,0,1.134216800041031,3.624375,0.31294134851968436,PASS,
VIVOSDEV15_003,VIVOSDEV15,VIVOS,real,office,10,10.000000118535304,dtln,benchmark_data/expanded_generated/stt/real/dtln/10/VIVOSDEV15_003.wav,điều này khó hơn khi bạn vào bàn tiệc toàn người xa lạ,điều này khó hơn khi bạn vào bàn tiệc toàn người xa lạ,0.0,0.0,0,0,0,13,54,0,1.154701000021305,3.624375,0.31859313675359335,PASS,
VIVOSDEV15_003,VIVOSDEV15,VIVOS,real,office,5,5.000000216804498,unfiltered,benchmark_data/expanded_generated/stt/real/noisy/5/VIVOSDEV15_003.wav,điều này khó hơn khi bạn vào bàn tiệc toàn người xa lạ,điều này khó hơn khi bạn vào bàn tiệc toàn người xa lạ,0.0,0.0,0,0,0,13,54,0,0.9179273000336252,3.624375,0.25326499052488366,PASS,
VIVOSDEV15_003,VIVOSDEV15,VIVOS,real,office,5,5.000000216804498,dtln,benchmark_data/expanded_generated/stt/real/dtln/5/VIVOSDEV15_003.wav,điều này khó hơn khi bạn vào bàn tiệc toàn người xa lạ,điều này khó hơn khi bạn vào bàn tiệc toàn người xa lạ,0.0,0.0,0,0,0,13,54,0,1.053077900025528,3.624375,0.29055434385943174,PASS,
VIVOSDEV15_003,VIVOSDEV15,VIVOS,real,office,0,-1.2354978190348694e-07,unfiltered,benchmark_data/expanded_generated/stt/real/noisy/0/VIVOSDEV15_003.wav,điều này khó hơn khi bạn vào bàn tiệc toàn người xa lạ,điều này khó hơn khi bạn vào bàn tiệc toàn người xa lạ,0.0,0.0,0,0,0,13,54,0,0.913259300054051,3.624375,0.251977044332899,PASS,
VIVOSDEV15_003,VIVOSDEV15,VIVOS,real,office,0,-1.2354978190348694e-07,dtln,benchmark_data/expanded_generated/stt/real/dtln/0/VIVOSDEV15_003.wav,điều này khó hơn khi bạn vào bàn tiệc toàn người xa lạ,điều này khó hơn khi bạn vào bàn tiệc toàn người xa lạ,0.0,0.0,0,0,0,13,54,0,0.9838473999989219,3.624375,0.2714529815482454,PASS,
VIVOSDEV16_026,VIVOSDEV16,VIVOS,synthetic,gaussian,20,20.000000304340944,unfiltered,benchmark_data/expanded_generated/stt/synthetic/noisy/20/VIVOSDEV16_026.wav,cùng vợ ăn vội chén cơm thành lại lo ôn bài làm bài tập,cùng vợ ăn vội chén cơm thành lợi lo ôn bài làm bài tập,0.07142857142857142,0.01818181818181818,1,0,0,14,55,1,1.4439224999514408,6.374375,0.22651985488011622,PASS,
VIVOSDEV16_026,VIVOSDEV16,VIVOS,synthetic,gaussian,20,20.000000304340944,dtln,benchmark_data/expanded_generated/stt/synthetic/dtln/20/VIVOSDEV16_026.wav,cùng vợ ăn vội chén cơm thành lại lo ôn bài làm bài tập,cùng vợ ăn vội chén cơm thành lợi lo ôn bài làm bài tập,0.07142857142857142,0.01818181818181818,1,0,0,14,55,1,1.5595803000032902,6.374375,0.2446640337293131,PASS,
VIVOSDEV16_026,VIVOSDEV16,VIVOS,synthetic,gaussian,15,15.000000284535425,unfiltered,benchmark_data/expanded_generated/stt/synthetic/noisy/15/VIVOSDEV16_026.wav,cùng vợ ăn vội chén cơm thành lại lo ôn bài làm bài tập,cùng vợ ăn vội chén cơm thành lợi long bày làm bài tập,0.2857142857142857,0.09090909090909091,3,1,0,14,55,5,1.619216899969615,6.374375,0.25401971173167803,PASS,
VIVOSDEV16_026,VIVOSDEV16,VIVOS,synthetic,gaussian,15,15.000000284535425,dtln,benchmark_data/expanded_generated/stt/synthetic/dtln/15/VIVOSDEV16_026.wav,cùng vợ ăn vội chén cơm thành lại lo ôn bài làm bài tập,cùng vợ ăn vội chén cơm thành lợi long bài làm bài tập,0.21428571428571427,0.07272727272727272,2,1,0,14,55,4,1.6846441999659874,6.374375,0.26428382389896854,PASS,
VIVOSDEV16_026,VIVOSDEV16,VIVOS,synthetic,gaussian,10,9.999999743424118,unfiltered,benchmark_data/expanded_generated/stt/synthetic/noisy/10/VIVOSDEV16_026.wav,cùng vợ ăn vội chén cơm thành lại lo ôn bài làm bài tập,cùng vợ ăn vội chén cơm thành lợi lo ôn bài làm bài tập,0.07142857142857142,0.01818181818181818,1,0,0,14,55,1,1.573482999985572,6.374375,0.24684506323923083,PASS,
VIVOSDEV16_026,VIVOSDEV16,VIVOS,synthetic,gaussian,10,9.999999743424118,dtln,benchmark_data/expanded_generated/stt/synthetic/dtln/10/VIVOSDEV16_026.wav,cùng vợ ăn vội chén cơm thành lại lo ôn bài làm bài tập,cùng vợ ăn vội chén cơm thành lợi long bài làm bài tập,0.21428571428571427,0.07272727272727272,2,1,0,14,55,4,2.4219532000133768,6.374375,0.3799514775979413,PASS,
VIVOSDEV16_026,VIVOSDEV16,VIVOS,synthetic,gaussian,5,5.000000015941799,unfiltered,benchmark_data/expanded_generated/stt/synthetic/noisy/5/VIVOSDEV16_026.wav,cùng vợ ăn vội chén cơm thành lại lo ôn bài làm bài tập,cùng vợ ăn vội chén cơm thành lại lo ôn bài làm bài tập,0.0,0.0,0,0,0,14,55,0,1.962285800022073,6.374375,0.30783971762283724,PASS,
VIVOSDEV16_026,VIVOSDEV16,VIVOS,synthetic,gaussian,5,5.000000015941799,dtln,benchmark_data/expanded_generated/stt/synthetic/dtln/5/VIVOSDEV16_026.wav,cùng vợ ăn vội chén cơm thành lại lo ôn bài làm bài tập,cùng vợ ăn vội chén cơm thành lợi long bài làm bài tập,0.21428571428571427,0.07272727272727272,2,1,0,14,55,4,2.0211346999858506,6.374375,0.31707182272549866,PASS,
VIVOSDEV16_026,VIVOSDEV16,VIVOS,synthetic,gaussian,0,1.761691604839914e-07,unfiltered,benchmark_data/expanded_generated/stt/synthetic/noisy/0/VIVOSDEV16_026.wav,cùng vợ ăn vội chén cơm thành lại lo ôn bài làm bài tập,cùng vợ cán bộ chén cơm thành lại lo ôn bài làm bài tập,0.14285714285714285,0.07272727272727272,2,0,0,14,55,4,12.28087630000664,6.374375,1.9266008510648713,PASS,
VIVOSDEV16_026,VIVOSDEV16,VIVOS,synthetic,gaussian,0,1.761691604839914e-07,dtln,benchmark_data/expanded_generated/stt/synthetic/dtln/0/VIVOSDEV16_026.wav,cùng vợ ăn vội chén cơm thành lại lo ôn bài làm bài tập,cùng vợ anh vội chén cơm thành lợi lo ôn bài làm bài tập,0.14285714285714285,0.05454545454545454,2,0,0,14,55,3,2.272203000029549,6.374375,0.3564589469602195,PASS,
VIVOSDEV16_026,VIVOSDEV16,VIVOS,real,home,20,20.000000250645318,unfiltered,benchmark_data/expanded_generated/stt/real/noisy/20/VIVOSDEV16_026.wav,cùng vợ ăn vội chén cơm thành lại lo ôn bài làm bài tập,cùng vợ ăn vội chén cơm thành lại lo ôm bài làm bài tập,0.07142857142857142,0.01818181818181818,1,0,0,14,55,1,1.6298529999912716,6.374375,0.2556882831636469,PASS,
VIVOSDEV16_026,VIVOSDEV16,VIVOS,real,home,20,20.000000250645318,dtln,benchmark_data/expanded_generated/stt/real/dtln/20/VIVOSDEV16_026.wav,cùng vợ ăn vội chén cơm thành lại lo ôn bài làm bài tập,cùng vợ ăn vội chén cơm thành lợi lo ôn bài làm bài tập,0.07142857142857142,0.01818181818181818,1,0,0,14,55,1,1.5546342000016011,6.374375,0.24388809883347012,PASS,
VIVOSDEV16_026,VIVOSDEV16,VIVOS,real,home,15,14.999999881031219,unfiltered,benchmark_data/expanded_generated/stt/real/noisy/15/VIVOSDEV16_026.wav,cùng vợ ăn vội chén cơm thành lại lo ôn bài làm bài tập,cùng vợ ăn vội chén cơm thành lợi lo ôn bài làm bài tập,0.07142857142857142,0.01818181818181818,1,0,0,14,55,1,1.5454632999608293,6.374375,0.24244938522770146,PASS,
VIVOSDEV16_026,VIVOSDEV16,VIVOS,real,home,15,14.999999881031219,dtln,benchmark_data/expanded_generated/stt/real/dtln/15/VIVOSDEV16_026.wav,cùng vợ ăn vội chén cơm thành lại lo ôn bài làm bài tập,cùng vợ ăn vội chén cơm thành lợi lo ôn bài làm bài tập,0.07142857142857142,0.01818181818181818,1,0,0,14,55,1,2.0979718000162393,6.374375,0.3291258829322466,PASS,
VIVOSDEV16_026,VIVOSDEV16,VIVOS,real,home,10,10.000000195813852,unfiltered,benchmark_data/expanded_generated/stt/real/noisy/10/VIVOSDEV16_026.wav,cùng vợ ăn vội chén cơm thành lại lo ôn bài làm bài tập,cùng vợ ăn vội chén cơm thành lợi lo ôn bài làm bài tập,0.07142857142857142,0.01818181818181818,1,0,0,14,55,1,1.5852477999869734,6.374375,0.24869070300805546,PASS,
VIVOSDEV16_026,VIVOSDEV16,VIVOS,real,home,10,10.000000195813852,dtln,benchmark_data/expanded_generated/stt/real/dtln/10/VIVOSDEV16_026.wav,cùng vợ ăn vội chén cơm thành lại lo ôn bài làm bài tập,cùng vợ ăn vội chén cơm thành lại lo ôn bài làm bài tập,0.0,0.0,0,0,0,14,55,0,1.6887547000078484,6.374375,0.2649286714396076,PASS,
VIVOSDEV16_026,VIVOSDEV16,VIVOS,real,home,5,4.999999810755522,unfiltered,benchmark_data/expanded_generated/stt/real/noisy/5/VIVOSDEV16_026.wav,cùng vợ ăn vội chén cơm thành lại lo ôn bài làm bài tập,cùng vợ ăn vội chén cơm thành lợi lo ôn bài làm bài tập,0.07142857142857142,0.01818181818181818,1,0,0,14,55,1,1.7216924999956973,6.374375,0.2700958917534185,PASS,
VIVOSDEV16_026,VIVOSDEV16,VIVOS,real,home,5,4.999999810755522,dtln,benchmark_data/expanded_generated/stt/real/dtln/5/VIVOSDEV16_026.wav,cùng vợ ăn vội chén cơm thành lại lo ôn bài làm bài tập,cùng vợ ăn vội chén cơm thành lợi lo ôn bài làm bài tập,0.07142857142857142,0.01818181818181818,1,0,0,14,55,1,1.6604941000114195,6.374375,0.2604952014921337,PASS,
VIVOSDEV16_026,VIVOSDEV16,VIVOS,real,home,0,7.796074185598732e-08,unfiltered,benchmark_data/expanded_generated/stt/real/noisy/0/VIVOSDEV16_026.wav,cùng vợ ăn vội chén cơm thành lại lo ôn bài làm bài tập,cùng vợ ăn vội chén cơm thành lợi lo ôn bài làm bài tập,0.07142857142857142,0.01818181818181818,1,0,0,14,55,1,1.5114009999670088,6.374375,0.2371057554610466,PASS,
VIVOSDEV16_026,VIVOSDEV16,VIVOS,real,home,0,7.796074185598732e-08,dtln,benchmark_data/expanded_generated/stt/real/dtln/0/VIVOSDEV16_026.wav,cùng vợ ăn vội chén cơm thành lại lo ôn bài làm bài tập,cùng vợ ăn vội chén cơm thành lợi long bàn làm bài tập,0.2857142857142857,0.09090909090909091,3,1,0,14,55,5,1.7387141000363044,6.374375,0.2727662084575044,PASS,
VIVOSDEV17_011,VIVOSDEV17,VIVOS,synthetic,gaussian,20,20.000000028067365,unfiltered,benchmark_data/expanded_generated/stt/synthetic/noisy/20/VIVOSDEV17_011.wav,rồi mặc dù biết là ngớ ngẩn tôi cứ nói ra,rồi mặc dù biết là ngớ ngẩn tôi cứ nói ra,0.0,0.0,0,0,0,11,41,0,0.986399200046435,4.061875,0.24284331744488324,PASS,
VIVOSDEV17_011,VIVOSDEV17,VIVOS,synthetic,gaussian,20,20.000000028067365,dtln,benchmark_data/expanded_generated/stt/synthetic/dtln/20/VIVOSDEV17_011.wav,rồi mặc dù biết là ngớ ngẩn tôi cứ nói ra,rồi mặc dù biết là ngớ ngẩn tôi cứ nói ra,0.0,0.0,0,0,0,11,41,0,1.129737799987197,4.061875,0.2781320941651816,PASS,
VIVOSDEV17_011,VIVOSDEV17,VIVOS,synthetic,gaussian,15,14.999999943085996,unfiltered,benchmark_data/expanded_generated/stt/synthetic/noisy/15/VIVOSDEV17_011.wav,rồi mặc dù biết là ngớ ngẩn tôi cứ nói ra,rồi mặc dù biết là ngớ ngẩn tôi cứ nói ra,0.0,0.0,0,0,0,11,41,0,0.9054331000079401,4.061875,0.22291013386870354,PASS,
VIVOSDEV17_011,VIVOSDEV17,VIVOS,synthetic,gaussian,15,14.999999943085996,dtln,benchmark_data/expanded_generated/stt/synthetic/dtln/15/VIVOSDEV17_011.wav,rồi mặc dù biết là ngớ ngẩn tôi cứ nói ra,rồi mặc dù biết là ngớ ngẩn tôi cứ nói ra,0.0,0.0,0,0,0,11,41,0,1.0914837999735028,4.061875,0.26871427603594467,PASS,
VIVOSDEV17_011,VIVOSDEV17,VIVOS,synthetic,gaussian,10,10.00000044818228,unfiltered,benchmark_data/expanded_generated/stt/synthetic/noisy/10/VIVOSDEV17_011.wav,rồi mặc dù biết là ngớ ngẩn tôi cứ nói ra,rồi mặc dù biết là ngớ ngẩn tôi cứ nói ra,0.0,0.0,0,0,0,11,41,0,1.115510700037703,4.061875,0.27462949993234725,PASS,
VIVOSDEV17_011,VIVOSDEV17,VIVOS,synthetic,gaussian,10,10.00000044818228,dtln,benchmark_data/expanded_generated/stt/synthetic/dtln/10/VIVOSDEV17_011.wav,rồi mặc dù biết là ngớ ngẩn tôi cứ nói ra,rồi mặc dù biết là ngớ ngẩn tôi cứ nói,0.09090909090909091,0.07317073170731707,0,1,0,11,41,3,1.3107604999677278,4.061875,0.32269838435888054,PASS,
VIVOSDEV17_011,VIVOSDEV17,VIVOS,synthetic,gaussian,5,5.000000241826957,unfiltered,benchmark_data/expanded_generated/stt/synthetic/noisy/5/VIVOSDEV17_011.wav,rồi mặc dù biết là ngớ ngẩn tôi cứ nói ra,loài mặc dù biết là ngớ ngẩn tôi cứ nói ra,0.09090909090909091,0.07317073170731707,1,0,0,11,41,3,1.0603103999746963,4.061875,0.26103964301577387,PASS,
VIVOSDEV17_011,VIVOSDEV17,VIVOS,synthetic,gaussian,5,5.000000241826957,dtln,benchmark_data/expanded_generated/stt/synthetic/dtln/5/VIVOSDEV17_011.wav,rồi mặc dù biết là ngớ ngẩn tôi cứ nói ra,rồi mặc dù biết là nó lạnh tôi cứ nói,0.2727272727272727,0.21951219512195122,2,1,0,11,41,9,1.1384784000110812,4.061875,0.2802839575346561,PASS,
VIVOSDEV17_011,VIVOSDEV17,VIVOS,synthetic,gaussian,0,-2.864525278362403e-07,unfiltered,benchmark_data/expanded_generated/stt/synthetic/noisy/0/VIVOSDEV17_011.wav,rồi mặc dù biết là ngớ ngẩn tôi cứ nói ra,loài mặc dù biết là ngớ ngẩn tôi cứ nói,0.18181818181818182,0.14634146341463414,1,1,0,11,41,6,1.4133952000411227,4.061875,0.3479661978867205,PASS,
VIVOSDEV17_011,VIVOSDEV17,VIVOS,synthetic,gaussian,0,-2.864525278362403e-07,dtln,benchmark_data/expanded_generated/stt/synthetic/dtln/0/VIVOSDEV17_011.wav,rồi mặc dù biết là ngớ ngẩn tôi cứ nói ra,rồi mặc dù biết làm rối loạn tôi cứ nói,0.36363636363636365,0.24390243902439024,3,1,0,11,41,10,1.2754241999937221,4.061875,0.31399887982612024,PASS,
VIVOSDEV17_011,VIVOSDEV17,VIVOS,real,traffic,20,19.9999999315498,unfiltered,benchmark_data/expanded_generated/stt/real/noisy/20/VIVOSDEV17_011.wav,rồi mặc dù biết là ngớ ngẩn tôi cứ nói ra,rồi mặc dù biết là ngớ ngẩn tôi cứ nói ra,0.0,0.0,0,0,0,11,41,0,1.0311087000300176,4.061875,0.2538504262268085,PASS,
VIVOSDEV17_011,VIVOSDEV17,VIVOS,real,traffic,20,19.9999999315498,dtln,benchmark_data/expanded_generated/stt/real/dtln/20/VIVOSDEV17_011.wav,rồi mặc dù biết là ngớ ngẩn tôi cứ nói ra,rồi mặc dù biết là ngớ ngẩn tôi cứ nói ra,0.0,0.0,0,0,0,11,41,0,0.8787639000220224,4.061875,0.21634439760505247,PASS,
VIVOSDEV17_011,VIVOSDEV17,VIVOS,real,traffic,15,15.000000065045109,unfiltered,benchmark_data/expanded_generated/stt/real/noisy/15/VIVOSDEV17_011.wav,rồi mặc dù biết là ngớ ngẩn tôi cứ nói ra,rồi mặc dù biết là ngớ ngẩn tôi cứ nói ra,0.0,0.0,0,0,0,11,41,0,0.9924612999893725,4.061875,0.24433575626757903,PASS,
VIVOSDEV17_011,VIVOSDEV17,VIVOS,real,traffic,15,15.000000065045109,dtln,benchmark_data/expanded_generated/stt/real/dtln/15/VIVOSDEV17_011.wav,rồi mặc dù biết là ngớ ngẩn tôi cứ nói ra,rồi mặc dù biết là ngớ ngẩn tôi cứ nói ra,0.0,0.0,0,0,0,11,41,0,0.983159199997317,4.061875,0.24204565625414792,PASS,
VIVOSDEV17_011,VIVOSDEV17,VIVOS,real,traffic,10,9.999999661747557,unfiltered,benchmark_data/expanded_generated/stt/real/noisy/10/VIVOSDEV17_011.wav,rồi mặc dù biết là ngớ ngẩn tôi cứ nói ra,rồi mặc dù biết là ngớ ngẩn tôi cứ nói ra,0.0,0.0,0,0,0,11,41,0,1.2832706000190228,4.061875,0.3159305985583069,PASS,
VIVOSDEV17_011,VIVOSDEV17,VIVOS,real,traffic,10,9.999999661747557,dtln,benchmark_data/expanded_generated/stt/real/dtln/10/VIVOSDEV17_011.wav,rồi mặc dù biết là ngớ ngẩn tôi cứ nói ra,rồi mặc dù biết là ngớ ngẩn tôi cứ nói ra,0.0,0.0,0,0,0,11,41,0,1.0102681000134908,4.061875,0.24871964302532473,PASS,
VIVOSDEV17_011,VIVOSDEV17,VIVOS,real,traffic,5,5.000000153340267,unfiltered,benchmark_data/expanded_generated/stt/real/noisy/5/VIVOSDEV17_011.wav,rồi mặc dù biết là ngớ ngẩn tôi cứ nói ra,rồi mặc dù biết là ngớ ngẩn tôi cứ nói ra,0.0,0.0,0,0,0,11,41,0,1.074302599998191,4.061875,0.2644844068313749,PASS,
VIVOSDEV17_011,VIVOSDEV17,VIVOS,real,traffic,5,5.000000153340267,dtln,benchmark_data/expanded_generated/stt/real/dtln/5/VIVOSDEV17_011.wav,rồi mặc dù biết là ngớ ngẩn tôi cứ nói ra,rồi mặc dù biết là ngớ ngẩn tôi cứ nói,0.09090909090909091,0.07317073170731707,0,1,0,11,41,3,0.9993411999894306,4.061875,0.24602953069442823,PASS,
VIVOSDEV17_011,VIVOSDEV17,VIVOS,real,traffic,0,1.953280187765442e-08,unfiltered,benchmark_data/expanded_generated/stt/real/noisy/0/VIVOSDEV17_011.wav,rồi mặc dù biết là ngớ ngẩn tôi cứ nói ra,rồi mặc dù biết là ngớ ngẩn tôi cứ nói ra,0.0,0.0,0,0,0,11,41,0,1.2365385000011884,4.061875,0.3044255423914297,PASS,
VIVOSDEV17_011,VIVOSDEV17,VIVOS,real,traffic,0,1.953280187765442e-08,dtln,benchmark_data/expanded_generated/stt/real/dtln/0/VIVOSDEV17_011.wav,rồi mặc dù biết là ngớ ngẩn tôi cứ nói ra,rồi mặc dù biết là ngớ ngẩn tôi cứ nói,0.09090909090909091,0.07317073170731707,0,1,0,11,41,3,1.1036904999637045,4.061875,0.2717194645240694,PASS,
VIVOSDEV18_006,VIVOSDEV18,VIVOS,synthetic,gaussian,20,20.000000002185004,unfiltered,benchmark_data/expanded_generated/stt/synthetic/noisy/20/VIVOSDEV18_006.wav,không nên chỉ dựa vào bài viết của bạn để thuyết minh thêm,không nên chỉ dựa vào bài viết của bạn để thuyết minh thêm,0.0,0.0,0,0,0,13,58,0,0.8545872999820858,3.249375,0.2630005154782338,PASS,
VIVOSDEV18_006,VIVOSDEV18,VIVOS,synthetic,gaussian,20,20.000000002185004,dtln,benchmark_data/expanded_generated/stt/synthetic/dtln/20/VIVOSDEV18_006.wav,không nên chỉ dựa vào bài viết của bạn để thuyết minh thêm,không nên chỉ dựa vào bài viết của bạn để thuyết minh thêm,0.0,0.0,0,0,0,13,58,0,0.9822756999637932,3.249375,0.3022968109140352,PASS,
VIVOSDEV18_006,VIVOSDEV18,VIVOS,synthetic,gaussian,15,15.000000351469351,unfiltered,benchmark_data/expanded_generated/stt/synthetic/noisy/15/VIVOSDEV18_006.wav,không nên chỉ dựa vào bài viết của bạn để thuyết minh thêm,không nên chỉ dựa vào bài viết của bạn để thuyết minh thêm,0.0,0.0,0,0,0,13,58,0,0.8170324999955483,3.249375,0.25144296980051495,PASS,
VIVOSDEV18_006,VIVOSDEV18,VIVOS,synthetic,gaussian,15,15.000000351469351,dtln,benchmark_data/expanded_generated/stt/synthetic/dtln/15/VIVOSDEV18_006.wav,không nên chỉ dựa vào bài viết của bạn để thuyết minh thêm,không nên chỉ dựa vào bài viết của bạn để thuyết minh thêm,0.0,0.0,0,0,0,13,58,0,0.8762968999799341,3.249375,0.26968167723944886,PASS,
VIVOSDEV18_006,VIVOSDEV18,VIVOS,synthetic,gaussian,10,9.99999996075521,unfiltered,benchmark_data/expanded_generated/stt/synthetic/noisy/10/VIVOSDEV18_006.wav,không nên chỉ dựa vào bài viết của bạn để thuyết minh thêm,không nên chỉ dựa vào bài viết của bạn để thuyết minh thêm,0.0,0.0,0,0,0,13,58,0,0.8947684999438934,3.249375,0.27536633966344093,PASS,
VIVOSDEV18_006,VIVOSDEV18,VIVOS,synthetic,gaussian,10,9.99999996075521,dtln,benchmark_data/expanded_generated/stt/synthetic/dtln/10/VIVOSDEV18_006.wav,không nên chỉ dựa vào bài viết của bạn để thuyết minh thêm,không nên chỉ dựa vào bài viết của bạn để thuyết minh thêm,0.0,0.0,0,0,0,13,58,0,1.3851090000243858,3.249375,0.4262693594997148,PASS,
VIVOSDEV18_006,VIVOSDEV18,VIVOS,synthetic,gaussian,5,4.99999981919513,unfiltered,benchmark_data/expanded_generated/stt/synthetic/noisy/5/VIVOSDEV18_006.wav,không nên chỉ dựa vào bài viết của bạn để thuyết minh thêm,không nên chỉ dựa vào bài viết của bạn để thuyết minh thêm,0.0,0.0,0,0,0,13,58,0,0.9754592999815941,3.249375,0.30019905365850175,PASS,
VIVOSDEV18_006,VIVOSDEV18,VIVOS,synthetic,gaussian,5,4.99999981919513,dtln,benchmark_data/expanded_generated/stt/synthetic/dtln/5/VIVOSDEV18_006.wav,không nên chỉ dựa vào bài viết của bạn để thuyết minh thêm,phần mềm tự dựa vào bài viết của bạn để thuyết minh thêm,0.23076923076923078,0.15517241379310345,3,0,0,13,58,9,0.8875836999504827,3.249375,0.27315520675529376,PASS,
VIVOSDEV18_006,VIVOSDEV18,VIVOS,synthetic,gaussian,0,4.357773245159957e-08,unfiltered,benchmark_data/expanded_generated/stt/synthetic/noisy/0/VIVOSDEV18_006.wav,không nên chỉ dựa vào bài viết của bạn để thuyết minh thêm,không nên chỉ dựa vào bài viết của bạn để thuyết minh thêm,0.0,0.0,0,0,0,13,58,0,1.020427999959793,3.249375,0.3140382381103421,PASS,
VIVOSDEV18_006,VIVOSDEV18,VIVOS,synthetic,gaussian,0,4.357773245159957e-08,dtln,benchmark_data/expanded_generated/stt/synthetic/dtln/0/VIVOSDEV18_006.wav,không nên chỉ dựa vào bài viết của bạn để thuyết minh thêm,không nên chỉ dựa vào bài viết của bạn để thuyết minh,0.07692307692307693,0.08620689655172414,0,1,0,13,58,5,1.1122288000187837,3.249375,0.3422900711733129,PASS,
VIVOSDEV18_006,VIVOSDEV18,VIVOS,real,cafeteria,20,20.00000045938411,unfiltered,benchmark_data/expanded_generated/stt/real/noisy/20/VIVOSDEV18_006.wav,không nên chỉ dựa vào bài viết của bạn để thuyết minh thêm,không nên chỉ dựa vào bài viết của bạn để thuyết minh thêm,0.0,0.0,0,0,0,13,58,0,0.8563999999896623,3.249375,0.26355837660770526,PASS,
VIVOSDEV18_006,VIVOSDEV18,VIVOS,real,cafeteria,20,20.00000045938411,dtln,benchmark_data/expanded_generated/stt/real/dtln/20/VIVOSDEV18_006.wav,không nên chỉ dựa vào bài viết của bạn để thuyết minh thêm,không nên chỉ dựa vào bài viết của bạn để thuyết minh thêm,0.0,0.0,0,0,0,13,58,0,0.8075319000054151,3.249375,0.2485191459912799,PASS,
VIVOSDEV18_006,VIVOSDEV18,VIVOS,real,cafeteria,15,15.000000055988451,unfiltered,benchmark_data/expanded_generated/stt/real/noisy/15/VIVOSDEV18_006.wav,không nên chỉ dựa vào bài viết của bạn để thuyết minh thêm,không nên chỉ dựa vào bài viết của bạn để thuyết minh thêm,0.0,0.0,0,0,0,13,58,0,0.8866175999864936,3.249375,0.2728578880512386,PASS,
VIVOSDEV18_006,VIVOSDEV18,VIVOS,real,cafeteria,15,15.000000055988451,dtln,benchmark_data/expanded_generated/stt/real/dtln/15/VIVOSDEV18_006.wav,không nên chỉ dựa vào bài viết của bạn để thuyết minh thêm,không nên chỉ dựa vào bài viết của bạn để thuyết minh thêm,0.0,0.0,0,0,0,13,58,0,1.1230958999949507,3.249375,0.3456344373902522,PASS,
VIVOSDEV18_006,VIVOSDEV18,VIVOS,real,cafeteria,10,10.00000022067428,unfiltered,benchmark_data/expanded_generated/stt/real/noisy/10/VIVOSDEV18_006.wav,không nên chỉ dựa vào bài viết của bạn để thuyết minh thêm,không nên chỉ dựa vào bài viết của bạn để thuyết minh thêm,0.0,0.0,0,0,0,13,58,0,0.9485524000483565,3.249375,0.29191841509470484,PASS,
VIVOSDEV18_006,VIVOSDEV18,VIVOS,real,cafeteria,10,10.00000022067428,dtln,benchmark_data/expanded_generated/stt/real/dtln/10/VIVOSDEV18_006.wav,không nên chỉ dựa vào bài viết của bạn để thuyết minh thêm,không nên chỉ dựa vào bài viết của bạn để thuyết minh thêm,0.0,0.0,0,0,0,13,58,0,0.838206899992656,3.249375,0.25795942296369484,PASS,
VIVOSDEV18_006,VIVOSDEV18,VIVOS,real,cafeteria,5,4.999999900918792,unfiltered,benchmark_data/expanded_generated/stt/real/noisy/5/VIVOSDEV18_006.wav,không nên chỉ dựa vào bài viết của bạn để thuyết minh thêm,không nên chỉ dựa vào bài viết của bạn để thuyết minh thêm,0.0,0.0,0,0,0,13,58,0,2.312900700024329,3.249375,0.7117986382071411,PASS,
VIVOSDEV18_006,VIVOSDEV18,VIVOS,real,cafeteria,5,4.999999900918792,dtln,benchmark_data/expanded_generated/stt/real/dtln/5/VIVOSDEV18_006.wav,không nên chỉ dựa vào bài viết của bạn để thuyết minh thêm,không nên chỉ dựa vào bài viết của bạn để thuyết minh thêm,0.0,0.0,0,0,0,13,58,0,0.9661030999850482,3.249375,0.2973196691625461,PASS,
VIVOSDEV18_006,VIVOSDEV18,VIVOS,real,cafeteria,0,2.0061165156113376e-07,unfiltered,benchmark_data/expanded_generated/stt/real/noisy/0/VIVOSDEV18_006.wav,không nên chỉ dựa vào bài viết của bạn để thuyết minh thêm,không nên chỉ dựa vào bài viết của bạn hãy thuyết minh thêm,0.07692307692307693,0.05172413793103448,1,0,0,13,58,3,1.052867399994284,3.249375,0.32402151182743877,PASS,
VIVOSDEV18_006,VIVOSDEV18,VIVOS,real,cafeteria,0,2.0061165156113376e-07,dtln,benchmark_data/expanded_generated/stt/real/dtln/0/VIVOSDEV18_006.wav,không nên chỉ dựa vào bài viết của bạn để thuyết minh thêm,không nên chỉ dựa vào bài viết của bạn sẽ thuyết minh,0.15384615384615385,0.1206896551724138,1,1,0,13,58,7,1.1671122999978252,3.249375,0.35918055010512023,PASS,
VIVOSDEV19_008,VIVOSDEV19,VIVOS,synthetic,gaussian,20,19.99999987297221,unfiltered,benchmark_data/expanded_generated/stt/synthetic/noisy/20/VIVOSDEV19_008.wav,từ đó lại sa đà vào nhiều nghịch cảnh đáng tiếc,từ đó lại xe đè vào nhiều cảnh đáng tiếc,0.2727272727272727,0.2127659574468085,2,1,0,11,47,10,2.5701119999866933,4.811875,0.5341186128040927,PASS,
VIVOSDEV19_008,VIVOSDEV19,VIVOS,synthetic,gaussian,20,19.99999987297221,dtln,benchmark_data/expanded_generated/stt/synthetic/dtln/20/VIVOSDEV19_008.wav,từ đó lại sa đà vào nhiều nghịch cảnh đáng tiếc,từ đó lại pha đè vào nhiều cảnh đáng tiếc,0.2727272727272727,0.2127659574468085,2,1,0,11,47,10,1.1649034000001848,4.811875,0.24208928951815764,PASS,
VIVOSDEV19_008,VIVOSDEV19,VIVOS,synthetic,gaussian,15,15.000000239744901,unfiltered,benchmark_data/expanded_generated/stt/synthetic/noisy/15/VIVOSDEV19_008.wav,từ đó lại sa đà vào nhiều nghịch cảnh đáng tiếc,từ đó lái xe đè vào nhiều cảnh đáng tiếc,0.36363636363636365,0.23404255319148937,3,1,0,11,47,11,1.186942000000272,4.811875,0.2466693336797552,PASS,
VIVOSDEV19_008,VIVOSDEV19,VIVOS,synthetic,gaussian,15,15.000000239744901,dtln,benchmark_data/expanded_generated/stt/synthetic/dtln/15/VIVOSDEV19_008.wav,từ đó lại sa đà vào nhiều nghịch cảnh đáng tiếc,từ đó lại pha đè vào nhiều cảnh đáng tiếc,0.2727272727272727,0.2127659574468085,2,1,0,11,47,10,1.0929356000269763,4.811875,0.22713299909639723,PASS,
VIVOSDEV19_008,VIVOSDEV19,VIVOS,synthetic,gaussian,10,10.000000154420217,unfiltered,benchmark_data/expanded_generated/stt/synthetic/noisy/10/VIVOSDEV19_008.wav,từ đó lại sa đà vào nhiều nghịch cảnh đáng tiếc,từ đó lái xe đè vào nhiều cảnh đáng tiếc,0.36363636363636365,0.23404255319148937,3,1,0,11,47,11,1.2369629999739118,4.811875,0.25706465774233783,PASS,
VIVOSDEV19_008,VIVOSDEV19,VIVOS,synthetic,gaussian,10,10.000000154420217,dtln,benchmark_data/expanded_generated/stt/synthetic/dtln/10/VIVOSDEV19_008.wav,từ đó lại sa đà vào nhiều nghịch cảnh đáng tiếc,từ đó lại pha đè vào nhiều cảnh đáng tiếc,0.2727272727272727,0.2127659574468085,2,1,0,11,47,10,1.1506112999632023,4.811875,0.23911911676076422,PASS,
VIVOSDEV19_008,VIVOSDEV19,VIVOS,synthetic,gaussian,5,4.999999991040713,unfiltered,benchmark_data/expanded_generated/stt/synthetic/noisy/5/VIVOSDEV19_008.wav,từ đó lại sa đà vào nhiều nghịch cảnh đáng tiếc,từ đó lái xe đè vào nhiều cảnh đáng tiếc,0.36363636363636365,0.23404255319148937,3,1,0,11,47,11,1.2116167000494897,4.811875,0.2517972100375612,PASS,
VIVOSDEV19_008,VIVOSDEV19,VIVOS,synthetic,gaussian,5,4.999999991040713,dtln,benchmark_data/expanded_generated/stt/synthetic/dtln/5/VIVOSDEV19_008.wav,từ đó lại sa đà vào nhiều nghịch cảnh đáng tiếc,từ đó lại pha đè vào nhiều trận gián tiếp,0.5454545454545454,0.3617021276595745,5,1,0,11,47,17,1.2263605000334792,4.811875,0.2548612547153613,PASS,
VIVOSDEV19_008,VIVOSDEV19,VIVOS,synthetic,gaussian,0,-2.1085974417725906e-07,unfiltered,benchmark_data/expanded_generated/stt/synthetic/noisy/0/VIVOSDEV19_008.wav,từ đó lại sa đà vào nhiều nghịch cảnh đáng tiếc,từ đó lái xe đè vào nhiều cảnh đáng tiếc,0.36363636363636365,0.23404255319148937,3,1,0,11,47,11,1.3763987999991514,4.811875,0.2860420937782364,PASS,
VIVOSDEV19_008,VIVOSDEV19,VIVOS,synthetic,gaussian,0,-2.1085974417725906e-07,dtln,benchmark_data/expanded_generated/stt/synthetic/dtln/0/VIVOSDEV19_008.wav,từ đó lại sa đà vào nhiều nghịch cảnh đáng tiếc,từ đó lại cho bà vào nhiều trạm xá xíu,0.5454545454545454,0.46808510638297873,5,1,0,11,47,22,1.572053199983202,4.811875,0.3267028341308122,PASS,
VIVOSDEV19_008,VIVOSDEV19,VIVOS,real,office,20,19.99999983445864,unfiltered,benchmark_data/expanded_generated/stt/real/noisy/20/VIVOSDEV19_008.wav,từ đó lại sa đà vào nhiều nghịch cảnh đáng tiếc,từ đó lại xe đè vào nhiều cảnh đáng tiếc,0.2727272727272727,0.2127659574468085,2,1,0,11,47,10,1.1858253999962471,4.811875,0.24643728276321542,PASS,
VIVOSDEV19_008,VIVOSDEV19,VIVOS,real,office,20,19.99999983445864,dtln,benchmark_data/expanded_generated/stt/real/dtln/20/VIVOSDEV19_008.wav,từ đó lại sa đà vào nhiều nghịch cảnh đáng tiếc,từ đó lái xe đè vào nhiều cảnh đáng tiếc,0.36363636363636365,0.23404255319148937,3,1,0,11,47,11,1.1530360000324436,4.811875,0.2396230159828432,PASS,
VIVOSDEV19_008,VIVOSDEV19,VIVOS,real,office,15,14.999999589920476,unfiltered,benchmark_data/expanded_generated/stt/real/noisy/15/VIVOSDEV19_008.wav,từ đó lại sa đà vào nhiều nghịch cảnh đáng tiếc,từ đó lại xe đè vào nhiều cảnh đáng tiếc,0.2727272727272727,0.2127659574468085,2,1,0,11,47,10,1.3160338999587111,4.811875,0.27349710870683697,PASS,
VIVOSDEV19_008,VIVOSDEV19,VIVOS,real,office,15,14.999999589920476,dtln,benchmark_data/expanded_generated/stt/real/dtln/15/VIVOSDEV19_008.wav,từ đó lại sa đà vào nhiều nghịch cảnh đáng tiếc,từ đó lái xe đè vào nhiều cảnh đáng tiếc,0.36363636363636365,0.23404255319148937,3,1,0,11,47,11,1.2282324999687262,4.811875,0.25525029223924695,PASS,
VIVOSDEV19_008,VIVOSDEV19,VIVOS,real,office,10,10.000000397985612,unfiltered,benchmark_data/expanded_generated/stt/real/noisy/10/VIVOSDEV19_008.wav,từ đó lại sa đà vào nhiều nghịch cảnh đáng tiếc,từ đó lái xe đè vào nhiều cảnh đáng tiếc,0.36363636363636365,0.23404255319148937,3,1,0,11,47,11,1.1819345999974757,4.811875,0.24562869983062233,PASS,
VIVOSDEV19_008,VIVOSDEV19,VIVOS,real,office,10,10.000000397985612,dtln,benchmark_data/expanded_generated/stt/real/dtln/10/VIVOSDEV19_008.wav,từ đó lại sa đà vào nhiều nghịch cảnh đáng tiếc,từ đó lại xe đè vào nhiều cảnh đáng tiếc,0.2727272727272727,0.2127659574468085,2,1,0,11,47,10,1.2391959000378847,4.811875,0.25752869724128014,PASS,
VIVOSDEV19_008,VIVOSDEV19,VIVOS,real,office,5,4.999999855266559,unfiltered,benchmark_data/expanded_generated/stt/real/noisy/5/VIVOSDEV19_008.wav,từ đó lại sa đà vào nhiều nghịch cảnh đáng tiếc,từ đó lái xe đè vào nhiều cảnh đáng tiếc,0.36363636363636365,0.23404255319148937,3,1,0,11,47,11,1.9701458999770693,4.811875,0.4094341394938708,PASS,
VIVOSDEV19_008,VIVOSDEV19,VIVOS,real,office,5,4.999999855266559,dtln,benchmark_data/expanded_generated/stt/real/dtln/5/VIVOSDEV19_008.wav,từ đó lại sa đà vào nhiều nghịch cảnh đáng tiếc,từ đó lại pha đè vào nhiều cảnh đáng tiếc,0.2727272727272727,0.2127659574468085,2,1,0,11,47,10,1.4950178999570198,4.811875,0.31069341991573346,PASS,
VIVOSDEV19_008,VIVOSDEV19,VIVOS,real,office,0,-2.4605187561490043e-07,unfiltered,benchmark_data/expanded_generated/stt/real/noisy/0/VIVOSDEV19_008.wav,từ đó lại sa đà vào nhiều nghịch cảnh đáng tiếc,từ đó lại xe đè vào nhiều cảnh đáng tiếc,0.2727272727272727,0.2127659574468085,2,1,0,11,47,10,1.9363437999854796,4.811875,0.40240941420662,PASS,
VIVOSDEV19_008,VIVOSDEV19,VIVOS,real,office,0,-2.4605187561490043e-07,dtln,benchmark_data/expanded_generated/stt/real/dtln/0/VIVOSDEV19_008.wav,từ đó lại sa đà vào nhiều nghịch cảnh đáng tiếc,từ đó lại xe đè vào nhiều cảnh đáng tiếc,0.2727272727272727,0.2127659574468085,2,1,0,11,47,10,1.241748800035566,4.811875,0.2580592388695812,PASS,
VIVOSDEV01_R003,VIVOSDEV01,VIVOS,synthetic,gaussian,20,19.999999829399844,unfiltered,benchmark_data/expanded_generated/stt/synthetic/noisy/20/VIVOSDEV01_R003.wav,cũng lên tiếng ủng hộ các kiến nghị này,cũng lên tiếng ủng hộ các kiến nghị này,0.0,0.0,0,0,0,9,39,0,0.876763199979905,3.6875,0.23776629151997425,PASS,
VIVOSDEV01_R003,VIVOSDEV01,VIVOS,synthetic,gaussian,20,19.999999829399844,dtln,benchmark_data/expanded_generated/stt/synthetic/dtln/20/VIVOSDEV01_R003.wav,cũng lên tiếng ủng hộ các kiến nghị này,cũng lên tiếng ủng hộ các kiến nghị này,0.0,0.0,0,0,0,9,39,0,0.8329844000400044,3.6875,0.22589407458711983,PASS,
VIVOSDEV01_R003,VIVOSDEV01,VIVOS,synthetic,gaussian,15,15.00000002398349,unfiltered,benchmark_data/expanded_generated/stt/synthetic/noisy/15/VIVOSDEV01_R003.wav,cũng lên tiếng ủng hộ các kiến nghị này,cũng lên tiếng ủng hộ các kiến nghị này,0.0,0.0,0,0,0,9,39,0,0.8308409000164829,3.6875,0.2253127864451479,PASS,
VIVOSDEV01_R003,VIVOSDEV01,VIVOS,synthetic,gaussian,15,15.00000002398349,dtln,benchmark_data/expanded_generated/stt/synthetic/dtln/15/VIVOSDEV01_R003.wav,cũng lên tiếng ủng hộ các kiến nghị này,cũng lên tiếng ủng hộ các kiến nghị này,0.0,0.0,0,0,0,9,39,0,0.7623209999874234,3.6875,0.20673111864065719,PASS,
VIVOSDEV01_R003,VIVOSDEV01,VIVOS,synthetic,gaussian,10,10.000000282698451,unfiltered,benchmark_data/expanded_generated/stt/synthetic/noisy/10/VIVOSDEV01_R003.wav,cũng lên tiếng ủng hộ các kiến nghị này,cũng lên tiếng ủng hộ các kiến nghị này,0.0,0.0,0,0,0,9,39,0,0.7637105999747291,3.6875,0.20710795931518078,PASS,
VIVOSDEV01_R003,VIVOSDEV01,VIVOS,synthetic,gaussian,10,10.000000282698451,dtln,benchmark_data/expanded_generated/stt/synthetic/dtln/10/VIVOSDEV01_R003.wav,cũng lên tiếng ủng hộ các kiến nghị này,cũng lên tiếng ủng hộ các kiến nghị này,0.0,0.0,0,0,0,9,39,0,0.9802078000502661,3.6875,0.26581906442041114,PASS,
VIVOSDEV01_R003,VIVOSDEV01,VIVOS,synthetic,gaussian,5,4.999999790821007,unfiltered,benchmark_data/expanded_generated/stt/synthetic/noisy/5/VIVOSDEV01_R003.wav,cũng lên tiếng ủng hộ các kiến nghị này,cũng lên tiếng ủng hộ các kiến nghị này,0.0,0.0,0,0,0,9,39,0,1.0506409999798052,3.6875,0.28491959321486243,PASS,
VIVOSDEV01_R003,VIVOSDEV01,VIVOS,synthetic,gaussian,5,4.999999790821007,dtln,benchmark_data/expanded_generated/stt/synthetic/dtln/5/VIVOSDEV01_R003.wav,cũng lên tiếng ủng hộ các kiến nghị này,cũng lên tiếng ủng hộ các kiến nghị này,0.0,0.0,0,0,0,9,39,0,0.991183899983298,3.6875,0.26879563389377575,PASS,
VIVOSDEV01_R003,VIVOSDEV01,VIVOS,synthetic,gaussian,0,-2.4792766750621715e-07,unfiltered,benchmark_data/expanded_generated/stt/synthetic/noisy/0/VIVOSDEV01_R003.wav,cũng lên tiếng ủng hộ các kiến nghị này,cũng lên tiếng ủng hộ các kiến nghị này,0.0,0.0,0,0,0,9,39,0,0.9580700999940746,3.6875,0.25981562033737615,PASS,
VIVOSDEV01_R003,VIVOSDEV01,VIVOS,synthetic,gaussian,0,-2.4792766750621715e-07,dtln,benchmark_data/expanded_generated/stt/synthetic/dtln/0/VIVOSDEV01_R003.wav,cũng lên tiếng ủng hộ các kiến nghị này,tỉnh lên tiếng ủng hộ các khuyến nghị nào,0.3333333333333333,0.1794871794871795,3,0,0,9,39,7,1.047874399984721,3.6875,0.28416932880941587,PASS,
VIVOSDEV01_R003,VIVOSDEV01,VIVOS,real,home,20,20.00000007052103,unfiltered,benchmark_data/expanded_generated/stt/real/noisy/20/VIVOSDEV01_R003.wav,cũng lên tiếng ủng hộ các kiến nghị này,cũng lên tiếng ủng hộ các kiến nghị này,0.0,0.0,0,0,0,9,39,0,1.575111000041943,3.6875,0.42714874577408624,PASS,
VIVOSDEV01_R003,VIVOSDEV01,VIVOS,real,home,20,20.00000007052103,dtln,benchmark_data/expanded_generated/stt/real/dtln/20/VIVOSDEV01_R003.wav,cũng lên tiếng ủng hộ các kiến nghị này,cũng lên tiếng ủng hộ các kiến nghị này,0.0,0.0,0,0,0,9,39,0,0.8799828000483103,3.6875,0.2386394034029316,PASS,
VIVOSDEV01_R003,VIVOSDEV01,VIVOS,real,home,15,14.999999678959867,unfiltered,benchmark_data/expanded_generated/stt/real/noisy/15/VIVOSDEV01_R003.wav,cũng lên tiếng ủng hộ các kiến nghị này,cũng lên tiếng ủng hộ các kiến nghị này,0.0,0.0,0,0,0,9,39,0,0.9074847999727353,3.6875,0.24609757287396214,PASS,
VIVOSDEV01_R003,VIVOSDEV01,VIVOS,real,home,15,14.999999678959867,dtln,benchmark_data/expanded_generated/stt/real/dtln/15/VIVOSDEV01_R003.wav,cũng lên tiếng ủng hộ các kiến nghị này,cũng lên tiếng ủng hộ các kiến nghị này,0.0,0.0,0,0,0,9,39,0,0.9114987999782898,3.6875,0.24718611524834977,PASS,
VIVOSDEV01_R003,VIVOSDEV01,VIVOS,real,home,10,10.00000047137039,unfiltered,benchmark_data/expanded_generated/stt/real/noisy/10/VIVOSDEV01_R003.wav,cũng lên tiếng ủng hộ các kiến nghị này,cũng lên tiếng ủng hộ các kiến nghị này,0.0,0.0,0,0,0,9,39,0,0.8108238999848254,3.6875,0.21988444745351196,PASS,
VIVOSDEV01_R003,VIVOSDEV01,VIVOS,real,home,10,10.00000047137039,dtln,benchmark_data/expanded_generated/stt/real/dtln/10/VIVOSDEV01_R003.wav,cũng lên tiếng ủng hộ các kiến nghị này,cũng lên tiếng ủng hộ các kiến nghị này,0.0,0.0,0,0,0,9,39,0,0.8209926999988966,3.6875,0.222642088135294,PASS,
VIVOSDEV01_R003,VIVOSDEV01,VIVOS,real,home,5,4.999999715419307,unfiltered,benchmark_data/expanded_generated/stt/real/noisy/5/VIVOSDEV01_R003.wav,cũng lên tiếng ủng hộ các kiến nghị này,cũng lên tiếng ủng hộ các kiến nghị này,0.0,0.0,0,0,0,9,39,0,1.2004179999930784,3.6875,0.32553708474388565,PASS,
VIVOSDEV01_R003,VIVOSDEV01,VIVOS,real,home,5,4.999999715419307,dtln,benchmark_data/expanded_generated/stt/real/dtln/5/VIVOSDEV01_R003.wav,cũng lên tiếng ủng hộ các kiến nghị này,cũng lên tiếng ủng hộ các kiến nghị này,0.0,0.0,0,0,0,9,39,0,0.9580508000217378,3.6875,0.25981038644657295,PASS,
VIVOSDEV01_R003,VIVOSDEV01,VIVOS,real,home,0,-4.8685057964496886e-08,unfiltered,benchmark_data/expanded_generated/stt/real/noisy/0/VIVOSDEV01_R003.wav,cũng lên tiếng ủng hộ các kiến nghị này,cũng lên tiếng ủng hộ các kiến nghị này,0.0,0.0,0,0,0,9,39,0,1.0361941999872215,3.6875,0.2810018169456872,PASS,
VIVOSDEV01_R003,VIVOSDEV01,VIVOS,real,home,0,-4.8685057964496886e-08,dtln,benchmark_data/expanded_generated/stt/real/dtln/0/VIVOSDEV01_R003.wav,cũng lên tiếng ủng hộ các kiến nghị này,cũng lên tiếng ủng hộ các kiến nghị này,0.0,0.0,0,0,0,9,39,0,0.875250400044024,3.6875,0.23735604068990482,PASS,
VIVOSDEV02_R009,VIVOSDEV02,VIVOS,synthetic,gaussian,20,20.00000006655877,unfiltered,benchmark_data/expanded_generated/stt/synthetic/noisy/20/VIVOSDEV02_R009.wav,bà quảng vẫn đang bận rộn,bà quản vẫn đang bận rộn,0.16666666666666666,0.04,1,0,0,6,25,1,0.8446734999888577,3.34375,0.2526126355106864,PASS,
VIVOSDEV02_R009,VIVOSDEV02,VIVOS,synthetic,gaussian,20,20.00000006655877,dtln,benchmark_data/expanded_generated/stt/synthetic/dtln/20/VIVOSDEV02_R009.wav,bà quảng vẫn đang bận rộn,bà quản vẫn đang bận rộn,0.16666666666666666,0.04,1,0,0,6,25,1,0.7939237999962643,3.34375,0.23743515513906968,PASS,
VIVOSDEV02_R009,VIVOSDEV02,VIVOS,synthetic,gaussian,15,14.999999971694198,unfiltered,benchmark_data/expanded_generated/stt/synthetic/noisy/15/VIVOSDEV02_R009.wav,bà quảng vẫn đang bận rộn,bà quản vẫn đang bận rộn,0.16666666666666666,0.04,1,0,0,6,25,1,0.9257712999824435,3.34375,0.27686618317231954,PASS,
VIVOSDEV02_R009,VIVOSDEV02,VIVOS,synthetic,gaussian,15,14.999999971694198,dtln,benchmark_data/expanded_generated/stt/synthetic/dtln/15/VIVOSDEV02_R009.wav,bà quảng vẫn đang bận rộn,bà quản vẫn đang bận rộn,0.16666666666666666,0.04,1,0,0,6,25,1,0.7103288000216708,3.34375,0.21243478131489218,PASS,
VIVOSDEV02_R009,VIVOSDEV02,VIVOS,synthetic,gaussian,10,9.999999816225394,unfiltered,benchmark_data/expanded_generated/stt/synthetic/noisy/10/VIVOSDEV02_R009.wav,bà quảng vẫn đang bận rộn,bà quản vẫn đang bận rộn,0.16666666666666666,0.04,1,0,0,6,25,1,0.9636102999793366,3.34375,0.28818251961998853,PASS,
VIVOSDEV02_R009,VIVOSDEV02,VIVOS,synthetic,gaussian,10,9.999999816225394,dtln,benchmark_data/expanded_generated/stt/synthetic/dtln/10/VIVOSDEV02_R009.wav,bà quảng vẫn đang bận rộn,bà quản vẫn đang bận rộn,0.16666666666666666,0.04,1,0,0,6,25,1,1.6315714999800548,3.34375,0.487946616816465,PASS,
VIVOSDEV02_R009,VIVOSDEV02,VIVOS,synthetic,gaussian,5,4.999999977973328,unfiltered,benchmark_data/expanded_generated/stt/synthetic/noisy/5/VIVOSDEV02_R009.wav,bà quảng vẫn đang bận rộn,bà quản vẫn đang bận rộn,0.16666666666666666,0.04,1,0,0,6,25,1,0.9318198999972083,3.34375,0.2786751102795389,PASS,
VIVOSDEV02_R009,VIVOSDEV02,VIVOS,synthetic,gaussian,5,4.999999977973328,dtln,benchmark_data/expanded_generated/stt/synthetic/dtln/5/VIVOSDEV02_R009.wav,bà quảng vẫn đang bận rộn,bà quản vẫn đang bận rộn,0.16666666666666666,0.04,1,0,0,6,25,1,0.7898795999935828,3.34375,0.23622567476443598,PASS,
VIVOSDEV02_R009,VIVOSDEV02,VIVOS,synthetic,gaussian,0,-1.6827112908393025e-07,unfiltered,benchmark_data/expanded_generated/stt/synthetic/noisy/0/VIVOSDEV02_R009.wav,bà quảng vẫn đang bận rộn,bà quản vẫn đang bận rộn,0.16666666666666666,0.04,1,0,0,6,25,1,0.9562466999632306,3.34375,0.28598032148433067,PASS,
VIVOSDEV02_R009,VIVOSDEV02,VIVOS,synthetic,gaussian,0,-1.6827112908393025e-07,dtln,benchmark_data/expanded_generated/stt/synthetic/dtln/0/VIVOSDEV02_R009.wav,bà quảng vẫn đang bận rộn,bà quảng đang bận rộn,0.16666666666666666,0.16,0,1,0,6,25,4,0.9013475999818183,3.34375,0.26956189905998307,PASS,
VIVOSDEV02_R009,VIVOSDEV02,VIVOS,real,traffic,20,19.999999774907895,unfiltered,benchmark_data/expanded_generated/stt/real/noisy/20/VIVOSDEV02_R009.wav,bà quảng vẫn đang bận rộn,bà quản vẫn đang bận rộn,0.16666666666666666,0.04,1,0,0,6,25,1,0.8774005000013858,3.34375,0.26240014953312474,PASS,
VIVOSDEV02_R009,VIVOSDEV02,VIVOS,real,traffic,20,19.999999774907895,dtln,benchmark_data/expanded_generated/stt/real/dtln/20/VIVOSDEV02_R009.wav,bà quảng vẫn đang bận rộn,bà quản vẫn đang bận rộn,0.16666666666666666,0.04,1,0,0,6,25,1,0.9681471000076272,3.34375,0.28953931962844925,PASS,
VIVOSDEV02_R009,VIVOSDEV02,VIVOS,real,traffic,15,15.000000237700712,unfiltered,benchmark_data/expanded_generated/stt/real/noisy/15/VIVOSDEV02_R009.wav,bà quảng vẫn đang bận rộn,bà quản vẫn đang bận rộn,0.16666666666666666,0.04,1,0,0,6,25,1,1.0033648000098765,3.34375,0.30007171589080417,PASS,
VIVOSDEV02_R009,VIVOSDEV02,VIVOS,real,traffic,15,15.000000237700712,dtln,benchmark_data/expanded_generated/stt/real/dtln/15/VIVOSDEV02_R009.wav,bà quảng vẫn đang bận rộn,bà quản vẫn đang bận rộn,0.16666666666666666,0.04,1,0,0,6,25,1,0.9201267999596894,3.34375,0.27517810839915946,PASS,
VIVOSDEV02_R009,VIVOSDEV02,VIVOS,real,traffic,10,9.999999903117704,unfiltered,benchmark_data/expanded_generated/stt/real/noisy/10/VIVOSDEV02_R009.wav,bà quảng vẫn đang bận rộn,bà quản vẫn đang bận rộn,0.16666666666666666,0.04,1,0,0,6,25,1,0.9090281999669969,3.34375,0.2718589009247094,PASS,
VIVOSDEV02_R009,VIVOSDEV02,VIVOS,real,traffic,10,9.999999903117704,dtln,benchmark_data/expanded_generated/stt/real/dtln/10/VIVOSDEV02_R009.wav,bà quảng vẫn đang bận rộn,bà quản vẫn đang bận rộn,0.16666666666666666,0.04,1,0,0,6,25,1,0.8892542999819852,3.34375,0.26594521120956566,PASS,
VIVOSDEV02_R009,VIVOSDEV02,VIVOS,real,traffic,5,4.99999968527065,unfiltered,benchmark_data/expanded_generated/stt/real/noisy/5/VIVOSDEV02_R009.wav,bà quảng vẫn đang bận rộn,bà quản vẫn đang bận rộn,0.16666666666666666,0.04,1,0,0,6,25,1,0.9922166999895126,3.34375,0.2967377046697608,PASS,
VIVOSDEV02_R009,VIVOSDEV02,VIVOS,real,traffic,5,4.99999968527065,dtln,benchmark_data/expanded_generated/stt/real/dtln/5/VIVOSDEV02_R009.wav,bà quảng vẫn đang bận rộn,bà quản vẫn đang bận rộn,0.16666666666666666,0.04,1,0,0,6,25,1,0.9319564999896102,3.34375,0.2787159626137152,PASS,
VIVOSDEV02_R009,VIVOSDEV02,VIVOS,real,traffic,0,-2.4050352754283123e-07,unfiltered,benchmark_data/expanded_generated/stt/real/noisy/0/VIVOSDEV02_R009.wav,bà quảng vẫn đang bận rộn,bà quản vẫn đang bận rộn,0.16666666666666666,0.04,1,0,0,6,25,1,1.0651524999993853,3.34375,0.31855028037364796,PASS,
VIVOSDEV02_R009,VIVOSDEV02,VIVOS,real,traffic,0,-2.4050352754283123e-07,dtln,benchmark_data/expanded_generated/stt/real/dtln/0/VIVOSDEV02_R009.wav,bà quảng vẫn đang bận rộn,bà quảng nguyễn đang bận rộn,0.16666666666666666,0.2,1,0,0,6,25,5,0.8535260999924503,3.34375,0.2552601420538169,PASS,
VIVOSDEV03_R010,VIVOSDEV03,VIVOS,synthetic,gaussian,20,19.99999974083748,unfiltered,benchmark_data/expanded_generated/stt/synthetic/noisy/20/VIVOSDEV03_R010.wav,âm thầm chắt chiu nuôi tôi khôn lớn,âm thầm chắc chiêu nuôi tôi khôn lớn,0.25,0.05714285714285714,2,0,0,8,35,2,0.8188912000041455,2.6875,0.3047037023271239,PASS,
VIVOSDEV03_R010,VIVOSDEV03,VIVOS,synthetic,gaussian,20,19.99999974083748,dtln,benchmark_data/expanded_generated/stt/synthetic/dtln/20/VIVOSDEV03_R010.wav,âm thầm chắt chiu nuôi tôi khôn lớn,âm thầm chắc chiêu nuôi tôi khôn lớn,0.25,0.05714285714285714,2,0,0,8,35,2,0.850741200032644,2.6875,0.3165548651284257,PASS,
VIVOSDEV03_R010,VIVOSDEV03,VIVOS,synthetic,gaussian,15,15.000000276376904,unfiltered,benchmark_data/expanded_generated/stt/synthetic/noisy/15/VIVOSDEV03_R010.wav,âm thầm chắt chiu nuôi tôi khôn lớn,âm thầm chắc chiêu nuôi tôi khôn lớn,0.25,0.05714285714285714,2,0,0,8,35,2,0.8681795000447892,2.6875,0.3230435349003867,PASS,
VIVOSDEV03_R010,VIVOSDEV03,VIVOS,synthetic,gaussian,15,15.000000276376904,dtln,benchmark_data/expanded_generated/stt/synthetic/dtln/15/VIVOSDEV03_R010.wav,âm thầm chắt chiu nuôi tôi khôn lớn,âm thầm chắc chiêu nuôi tôi khôn lớn,0.25,0.05714285714285714,2,0,0,8,35,2,0.8219782000523992,2.6875,0.3058523535078695,PASS,
VIVOSDEV03_R010,VIVOSDEV03,VIVOS,synthetic,gaussian,10,9.999999796759063,unfiltered,benchmark_data/expanded_generated/stt/synthetic/noisy/10/VIVOSDEV03_R010.wav,âm thầm chắt chiu nuôi tôi khôn lớn,âm thầm chắc chiêu nuôi tôi khôn lớn,0.25,0.05714285714285714,2,0,0,8,35,2,0.8293338000075892,2.6875,0.3085893209330564,PASS,
VIVOSDEV03_R010,VIVOSDEV03,VIVOS,synthetic,gaussian,10,9.999999796759063,dtln,benchmark_data/expanded_generated/stt/synthetic/dtln/10/VIVOSDEV03_R010.wav,âm thầm chắt chiu nuôi tôi khôn lớn,âm thầm chắc chiêu nuôi tôi khôn lớn,0.25,0.05714285714285714,2,0,0,8,35,2,0.7706293999799527,2.6875,0.2867458232483545,PASS,
VIVOSDEV03_R010,VIVOSDEV03,VIVOS,synthetic,gaussian,5,4.999999785198769,unfiltered,benchmark_data/expanded_generated/stt/synthetic/noisy/5/VIVOSDEV03_R010.wav,âm thầm chắt chiu nuôi tôi khôn lớn,âm thầm chắc chiêu nuôi tôi khôn lớn,0.25,0.05714285714285714,2,0,0,8,35,2,0.8338826000108384,2.6875,0.3102818976784515,PASS,
VIVOSDEV03_R010,VIVOSDEV03,VIVOS,synthetic,gaussian,5,4.999999785198769,dtln,benchmark_data/expanded_generated/stt/synthetic/dtln/5/VIVOSDEV03_R010.wav,âm thầm chắt chiu nuôi tôi khôn lớn,âm thầm chắc chiêu nuôi tôi khôn lớn,0.25,0.05714285714285714,2,0,0,8,35,2,0.8461631999816746,2.6875,0.3148514232489952,PASS,
VIVOSDEV03_R010,VIVOSDEV03,VIVOS,synthetic,gaussian,0,-4.053443068081935e-07,unfiltered,benchmark_data/expanded_generated/stt/synthetic/noisy/0/VIVOSDEV03_R010.wav,âm thầm chắt chiu nuôi tôi khôn lớn,âm thầm chắc chiêu nuôi tôi khôn lớn,0.25,0.05714285714285714,2,0,0,8,35,2,0.756820400012657,2.6875,0.281607590702384,PASS,
VIVOSDEV03_R010,VIVOSDEV03,VIVOS,synthetic,gaussian,0,-4.053443068081935e-07,dtln,benchmark_data/expanded_generated/stt/synthetic/dtln/0/VIVOSDEV03_R010.wav,âm thầm chắt chiu nuôi tôi khôn lớn,tâm thần trách nhiệm nuôi con sông lớn,0.75,0.45714285714285713,6,0,0,8,35,16,1.908894499996677,2.6875,0.7102863255801589,PASS,
VIVOSDEV03_R010,VIVOSDEV03,VIVOS,real,cafeteria,20,20.000000199564347,unfiltered,benchmark_data/expanded_generated/stt/real/noisy/20/VIVOSDEV03_R010.wav,âm thầm chắt chiu nuôi tôi khôn lớn,âm thầm chắc chiêu nuôi tôi khôn lớn,0.25,0.05714285714285714,2,0,0,8,35,2,0.762002199946437,2.6875,0.283535702305651,PASS,
VIVOSDEV03_R010,VIVOSDEV03,VIVOS,real,cafeteria,20,20.000000199564347,dtln,benchmark_data/expanded_generated/stt/real/dtln/20/VIVOSDEV03_R010.wav,âm thầm chắt chiu nuôi tôi khôn lớn,âm thầm chắc chiêu nuôi tôi khôn lớn,0.25,0.05714285714285714,2,0,0,8,35,2,0.7284315999713726,2.6875,0.27104431626841774,PASS,
VIVOSDEV03_R010,VIVOSDEV03,VIVOS,real,cafeteria,15,15.000000302622139,unfiltered,benchmark_data/expanded_generated/stt/real/noisy/15/VIVOSDEV03_R010.wav,âm thầm chắt chiu nuôi tôi khôn lớn,âm thầm chắc chiêu nuôi tôi khôn lớn,0.25,0.05714285714285714,2,0,0,8,35,2,0.8222947000176646,2.6875,0.3059701209368054,PASS,
VIVOSDEV03_R010,VIVOSDEV03,VIVOS,real,cafeteria,15,15.000000302622139,dtln,benchmark_data/expanded_generated/stt/real/dtln/15/VIVOSDEV03_R010.wav,âm thầm chắt chiu nuôi tôi khôn lớn,âm thầm chắc trêu nuôi tôi khôn lớn,0.25,0.11428571428571428,2,0,0,8,35,4,0.9574095999705605,2.6875,0.3562454325471853,PASS,
VIVOSDEV03_R010,VIVOSDEV03,VIVOS,real,cafeteria,10,10.000000402449455,unfiltered,benchmark_data/expanded_generated/stt/real/noisy/10/VIVOSDEV03_R010.wav,âm thầm chắt chiu nuôi tôi khôn lớn,âm thầm chắc chiêu nuôi tôi khôn lớn,0.25,0.05714285714285714,2,0,0,8,35,2,0.8337427999940701,2.6875,0.31022987906756094,PASS,
VIVOSDEV03_R010,VIVOSDEV03,VIVOS,real,cafeteria,10,10.000000402449455,dtln,benchmark_data/expanded_generated/stt/real/dtln/10/VIVOSDEV03_R010.wav,âm thầm chắt chiu nuôi tôi khôn lớn,âm thầm chắc chiêu nuôi tôi khôn lớn,0.25,0.05714285714285714,2,0,0,8,35,2,0.7952747999806888,2.6875,0.2959162046439772,PASS,
VIVOSDEV03_R010,VIVOSDEV03,VIVOS,real,cafeteria,5,4.999999698363819,unfiltered,benchmark_data/expanded_generated/stt/real/noisy/5/VIVOSDEV03_R010.wav,âm thầm chắt chiu nuôi tôi khôn lớn,âm thầm chắc chiêu nuôi tôi khôn lớn,0.25,0.05714285714285714,2,0,0,8,35,2,0.7700237999670208,2.6875,0.2865204837086589,PASS,
VIVOSDEV03_R010,VIVOSDEV03,VIVOS,real,cafeteria,5,4.999999698363819,dtln,benchmark_data/expanded_generated/stt/real/dtln/5/VIVOSDEV03_R010.wav,âm thầm chắt chiu nuôi tôi khôn lớn,âm thầm chắc chiêu nuôi tôi khôn lớn,0.25,0.05714285714285714,2,0,0,8,35,2,0.8613407999509946,2.6875,0.3204989023073468,PASS,
VIVOSDEV03_R010,VIVOSDEV03,VIVOS,real,cafeteria,0,3.960942120393301e-07,unfiltered,benchmark_data/expanded_generated/stt/real/noisy/0/VIVOSDEV03_R010.wav,âm thầm chắt chiu nuôi tôi khôn lớn,âm thầm chắc trêu nuôi tôi khôn lớn,0.25,0.11428571428571428,2,0,0,8,35,4,0.9575026000384241,2.6875,0.3562800372235997,PASS,
VIVOSDEV03_R010,VIVOSDEV03,VIVOS,real,cafeteria,0,3.960942120393301e-07,dtln,benchmark_data/expanded_generated/stt/real/dtln/0/VIVOSDEV03_R010.wav,âm thầm chắt chiu nuôi tôi khôn lớn,âm thầm chắc trêu nuôi tôi khôn lớn,0.25,0.11428571428571428,2,0,0,8,35,4,0.8327810000046156,2.6875,0.30987200000171744,PASS,
VIVOSDEV04_R004,VIVOSDEV04,VIVOS,synthetic,gaussian,20,20.0000002338652,unfiltered,benchmark_data/expanded_generated/stt/synthetic/noisy/20/VIVOSDEV04_R004.wav,đôi khi bạn cũng có thể làm những điều đó,đôi khi bạn cũng có thể làm những điều đó,0.0,0.0,0,0,0,10,41,0,0.8452627999940887,3.5625,0.23726675087553367,PASS,
VIVOSDEV04_R004,VIVOSDEV04,VIVOS,synthetic,gaussian,20,20.0000002338652,dtln,benchmark_data/expanded_generated/stt/synthetic/dtln/20/VIVOSDEV04_R004.wav,đôi khi bạn cũng có thể làm những điều đó,đôi khi bạn cũng có thể làm những điều đó,0.0,0.0,0,0,0,10,41,0,1.1322439999785274,3.5625,0.31782287718695507,PASS,
VIVOSDEV04_R004,VIVOSDEV04,VIVOS,synthetic,gaussian,15,15.000000047559963,unfiltered,benchmark_data/expanded_generated/stt/synthetic/noisy/15/VIVOSDEV04_R004.wav,đôi khi bạn cũng có thể làm những điều đó,đôi khi bạn cũng có thể làm những điều đó,0.0,0.0,0,0,0,10,41,0,0.7394790999824181,3.5625,0.20757308069681912,PASS,
VIVOSDEV04_R004,VIVOSDEV04,VIVOS,synthetic,gaussian,15,15.000000047559963,dtln,benchmark_data/expanded_generated/stt/synthetic/dtln/15/VIVOSDEV04_R004.wav,đôi khi bạn cũng có thể làm những điều đó,đôi khi bạn cũng có thể làm những điều đó,0.0,0.0,0,0,0,10,41,0,0.9858551999786869,3.5625,0.2767312842045437,PASS,
VIVOSDEV04_R004,VIVOSDEV04,VIVOS,synthetic,gaussian,10,10.000000079630107,unfiltered,benchmark_data/expanded_generated/stt/synthetic/noisy/10/VIVOSDEV04_R004.wav,đôi khi bạn cũng có thể làm những điều đó,đôi khi bạn cũng có thể làm những điều đó,0.0,0.0,0,0,0,10,41,0,0.9182052999967709,3.5625,0.2577418385955848,PASS,
VIVOSDEV04_R004,VIVOSDEV04,VIVOS,synthetic,gaussian,10,10.000000079630107,dtln,benchmark_data/expanded_generated/stt/synthetic/dtln/10/VIVOSDEV04_R004.wav,đôi khi bạn cũng có thể làm những điều đó,đôi khi bạn cũng có thể làm những điều đó,0.0,0.0,0,0,0,10,41,0,0.8726010999525897,3.5625,0.24494065963581466,PASS,
VIVOSDEV04_R004,VIVOSDEV04,VIVOS,synthetic,gaussian,5,5.0000001486284695,unfiltered,benchmark_data/expanded_generated/stt/synthetic/noisy/5/VIVOSDEV04_R004.wav,đôi khi bạn cũng có thể làm những điều đó,đôi khi bạn cũng có thể làm những điều đó,0.0,0.0,0,0,0,10,41,0,1.0550804000231437,3.5625,0.2961629193047421,PASS,
VIVOSDEV04_R004,VIVOSDEV04,VIVOS,synthetic,gaussian,5,5.0000001486284695,dtln,benchmark_data/expanded_generated/stt/synthetic/dtln/5/VIVOSDEV04_R004.wav,đôi khi bạn cũng có thể làm những điều đó,đôi khi bạn cũng có thể làm những điều đó,0.0,0.0,0,0,0,10,41,0,0.7740448999684304,3.5625,0.21727576139464713,PASS,
VIVOSDEV04_R004,VIVOSDEV04,VIVOS,synthetic,gaussian,0,3.9887216100511145e-07,unfiltered,benchmark_data/expanded_generated/stt/synthetic/noisy/0/VIVOSDEV04_R004.wav,đôi khi bạn cũng có thể làm những điều đó,đôi khi bạn cũng có thể làm những điều đó,0.0,0.0,0,0,0,10,41,0,1.2675063000060618,3.5625,0.3557912421069647,PASS,
VIVOSDEV04_R004,VIVOSDEV04,VIVOS,synthetic,gaussian,0,3.9887216100511145e-07,dtln,benchmark_data/expanded_generated/stt/synthetic/dtln/0/VIVOSDEV04_R004.wav,đôi khi bạn cũng có thể làm những điều đó,đôi khi bạn cũng có thể làm những điều đó,0.0,0.0,0,0,0,10,41,0,1.100207700044848,3.5625,0.3088302315915363,PASS,
VIVOSDEV04_R004,VIVOSDEV04,VIVOS,real,office,20,19.999999838662767,unfiltered,benchmark_data/expanded_generated/stt/real/noisy/20/VIVOSDEV04_R004.wav,đôi khi bạn cũng có thể làm những điều đó,đôi khi bạn cũng có thể làm những điều đó,0.0,0.0,0,0,0,10,41,0,0.8139748999965377,3.5625,0.2284841824551685,PASS,
VIVOSDEV04_R004,VIVOSDEV04,VIVOS,real,office,20,19.999999838662767,dtln,benchmark_data/expanded_generated/stt/real/dtln/20/VIVOSDEV04_R004.wav,đôi khi bạn cũng có thể làm những điều đó,đôi khi bạn cũng có thể làm những điều đó,0.0,0.0,0,0,0,10,41,0,0.9636979000060819,3.5625,0.27051169122977736,PASS,
VIVOSDEV04_R004,VIVOSDEV04,VIVOS,real,office,15,15.000000293445721,unfiltered,benchmark_data/expanded_generated/stt/real/noisy/15/VIVOSDEV04_R004.wav,đôi khi bạn cũng có thể làm những điều đó,đôi khi bạn cũng có thể làm những điều đó,0.0,0.0,0,0,0,10,41,0,0.8480184000218287,3.5625,0.2380402526377063,PASS,
VIVOSDEV04_R004,VIVOSDEV04,VIVOS,real,office,15,15.000000293445721,dtln,benchmark_data/expanded_generated/stt/real/dtln/15/VIVOSDEV04_R004.wav,đôi khi bạn cũng có thể làm những điều đó,đôi khi bạn cũng có thể làm những điều đó,0.0,0.0,0,0,0,10,41,0,0.8070061999605969,3.5625,0.22652805612929033,PASS,
VIVOSDEV04_R004,VIVOSDEV04,VIVOS,real,office,10,9.999999780242067,unfiltered,benchmark_data/expanded_generated/stt/real/noisy/10/VIVOSDEV04_R004.wav,đôi khi bạn cũng có thể làm những điều đó,đôi khi bạn cũng có thể làm những điều đó,0.0,0.0,0,0,0,10,41,0,0.7329031000263058,3.5625,0.20572718597229636,PASS,
VIVOSDEV04_R004,VIVOSDEV04,VIVOS,real,office,10,9.999999780242067,dtln,benchmark_data/expanded_generated/stt/real/dtln/10/VIVOSDEV04_R004.wav,đôi khi bạn cũng có thể làm những điều đó,đôi khi bạn cũng có thể làm những điều đó,0.0,0.0,0,0,0,10,41,0,0.847773400018923,3.5625,0.2379714807070661,PASS,
VIVOSDEV04_R004,VIVOSDEV04,VIVOS,real,office,5,5.000000244411266,unfiltered,benchmark_data/expanded_generated/stt/real/noisy/5/VIVOSDEV04_R004.wav,đôi khi bạn cũng có thể làm những điều đó,đôi khi bạn cũng có thể làm những điều đó,0.0,0.0,0,0,0,10,41,0,0.9215973999816924,3.5625,0.2586940070124049,PASS,
VIVOSDEV04_R004,VIVOSDEV04,VIVOS,real,office,5,5.000000244411266,dtln,benchmark_data/expanded_generated/stt/real/dtln/5/VIVOSDEV04_R004.wav,đôi khi bạn cũng có thể làm những điều đó,đôi khi bạn cũng có thể làm những điều đó,0.0,0.0,0,0,0,10,41,0,0.8826832000049762,3.5625,0.2477707228084144,PASS,
VIVOSDEV04_R004,VIVOSDEV04,VIVOS,real,office,0,1.2382678255216605e-08,unfiltered,benchmark_data/expanded_generated/stt/real/noisy/0/VIVOSDEV04_R004.wav,đôi khi bạn cũng có thể làm những điều đó,đôi khi bạn cũng có thể làm những điều đó,0.0,0.0,0,0,0,10,41,0,0.807678000011947,3.5625,0.2267166315823009,PASS,
VIVOSDEV04_R004,VIVOSDEV04,VIVOS,real,office,0,1.2382678255216605e-08,dtln,benchmark_data/expanded_generated/stt/real/dtln/0/VIVOSDEV04_R004.wav,đôi khi bạn cũng có thể làm những điều đó,đôi khi bạn cũng có thể làm những điều đó,0.0,0.0,0,0,0,10,41,0,0.820633800001815,3.5625,0.2303533473689305,PASS,
VIVOSDEV05_030,VIVOSDEV05,VIVOS,synthetic,gaussian,20,19.999999507065812,unfiltered,benchmark_data/expanded_generated/stt/synthetic/noisy/20/VIVOSDEV05_030.wav,của những thế lực hùng mạnh,của những thế lực hùng mạnh,0.0,0.0,0,0,0,6,27,0,0.6647916000219993,2.375,0.2799122526408418,PASS,
VIVOSDEV05_030,VIVOSDEV05,VIVOS,synthetic,gaussian,20,19.999999507065812,dtln,benchmark_data/expanded_generated/stt/synthetic/dtln/20/VIVOSDEV05_030.wav,của những thế lực hùng mạnh,của những thế lực hùng mạnh,0.0,0.0,0,0,0,6,27,0,0.5774514999939129,2.375,0.24313747368164754,PASS,
VIVOSDEV05_030,VIVOSDEV05,VIVOS,synthetic,gaussian,15,15.000000047573948,unfiltered,benchmark_data/expanded_generated/stt/synthetic/noisy/15/VIVOSDEV05_030.wav,của những thế lực hùng mạnh,của những thế lực hùng mạnh,0.0,0.0,0,0,0,6,27,0,0.8216492999927141,2.375,0.34595759999693226,PASS,
VIVOSDEV05_030,VIVOSDEV05,VIVOS,synthetic,gaussian,15,15.000000047573948,dtln,benchmark_data/expanded_generated/stt/synthetic/dtln/15/VIVOSDEV05_030.wav,của những thế lực hùng mạnh,của những thế lực hùng mạnh,0.0,0.0,0,0,0,6,27,0,0.5673059999826364,2.375,0.23886568420321533,PASS,
VIVOSDEV05_030,VIVOSDEV05,VIVOS,synthetic,gaussian,10,9.999999926242388,unfiltered,benchmark_data/expanded_generated/stt/synthetic/noisy/10/VIVOSDEV05_030.wav,của những thế lực hùng mạnh,của những thế lực hùng mạnh,0.0,0.0,0,0,0,6,27,0,1.0823765999521129,2.375,0.4557375157693107,PASS,
VIVOSDEV05_030,VIVOSDEV05,VIVOS,synthetic,gaussian,10,9.999999926242388,dtln,benchmark_data/expanded_generated/stt/synthetic/dtln/10/VIVOSDEV05_030.wav,của những thế lực hùng mạnh,của những thế lực hùng mạnh,0.0,0.0,0,0,0,6,27,0,0.6477413999964483,2.375,0.2727332210511361,PASS,
VIVOSDEV05_030,VIVOSDEV05,VIVOS,synthetic,gaussian,5,5.000000002121187,unfiltered,benchmark_data/expanded_generated/stt/synthetic/noisy/5/VIVOSDEV05_030.wav,của những thế lực hùng mạnh,của những thế lực hùng mạnh,0.0,0.0,0,0,0,6,27,0,0.6769987000152469,2.375,0.28505208421694606,PASS,
VIVOSDEV05_030,VIVOSDEV05,VIVOS,synthetic,gaussian,5,5.000000002121187,dtln,benchmark_data/expanded_generated/stt/synthetic/dtln/5/VIVOSDEV05_030.wav,của những thế lực hùng mạnh,của những thế lực hùng mạnh,0.0,0.0,0,0,0,6,27,0,0.6390203000046313,2.375,0.2690611789493184,PASS,
VIVOSDEV05_030,VIVOSDEV05,VIVOS,synthetic,gaussian,0,2.0915023529802091e-07,unfiltered,benchmark_data/expanded_generated/stt/synthetic/noisy/0/VIVOSDEV05_030.wav,của những thế lực hùng mạnh,của những thế lực hùng mạnh,0.0,0.0,0,0,0,6,27,0,0.6952504999935627,2.375,0.2927370526288685,PASS,
VIVOSDEV05_030,VIVOSDEV05,VIVOS,synthetic,gaussian,0,2.0915023529802091e-07,dtln,benchmark_data/expanded_generated/stt/synthetic/dtln/0/VIVOSDEV05_030.wav,của những thế lực hùng mạnh,ủa những thế lực hùng mạnh,0.16666666666666666,0.037037037037037035,1,0,0,6,27,1,0.7210682999575511,2.375,0.30360770524528463,PASS,
VIVOSDEV05_030,VIVOSDEV05,VIVOS,real,home,20,19.999999603093762,unfiltered,benchmark_data/expanded_generated/stt/real/noisy/20/VIVOSDEV05_030.wav,của những thế lực hùng mạnh,của những thế lực hùng mạnh,0.0,0.0,0,0,0,6,27,0,0.7199690999696031,2.375,0.3031448841977276,PASS,
VIVOSDEV05_030,VIVOSDEV05,VIVOS,real,home,20,19.999999603093762,dtln,benchmark_data/expanded_generated/stt/real/dtln/20/VIVOSDEV05_030.wav,của những thế lực hùng mạnh,của những thế lực hùng mạnh,0.0,0.0,0,0,0,6,27,0,0.5638726000324823,2.375,0.2374200421189399,PASS,
VIVOSDEV05_030,VIVOSDEV05,VIVOS,real,home,15,14.99999979901004,unfiltered,benchmark_data/expanded_generated/stt/real/noisy/15/VIVOSDEV05_030.wav,của những thế lực hùng mạnh,của những thế lực hùng mạnh,0.0,0.0,0,0,0,6,27,0,0.5791366000194103,2.375,0.24384698948185696,PASS,
VIVOSDEV05_030,VIVOSDEV05,VIVOS,real,home,15,14.99999979901004,dtln,benchmark_data/expanded_generated/stt/real/dtln/15/VIVOSDEV05_030.wav,của những thế lực hùng mạnh,của những thế lực hùng mạnh,0.0,0.0,0,0,0,6,27,0,0.5807037000195123,2.375,0.24450682106084728,PASS,
VIVOSDEV05_030,VIVOSDEV05,VIVOS,real,home,10,9.999999906070249,unfiltered,benchmark_data/expanded_generated/stt/real/noisy/10/VIVOSDEV05_030.wav,của những thế lực hùng mạnh,của những thế lực hùng mạnh,0.0,0.0,0,0,0,6,27,0,0.6493258000118658,2.375,0.2734003368471014,PASS,
VIVOSDEV05_030,VIVOSDEV05,VIVOS,real,home,10,9.999999906070249,dtln,benchmark_data/expanded_generated/stt/real/dtln/10/VIVOSDEV05_030.wav,của những thế lực hùng mạnh,của những thế lực hùng mạnh,0.0,0.0,0,0,0,6,27,0,0.6631305999471806,2.375,0.27921288418828655,PASS,
VIVOSDEV05_030,VIVOSDEV05,VIVOS,real,home,5,4.999999806412413,unfiltered,benchmark_data/expanded_generated/stt/real/noisy/5/VIVOSDEV05_030.wav,của những thế lực hùng mạnh,của những thế lực hùng mạnh,0.0,0.0,0,0,0,6,27,0,0.7830684000509791,2.375,0.3297130105477807,PASS,
VIVOSDEV05_030,VIVOSDEV05,VIVOS,real,home,5,4.999999806412413,dtln,benchmark_data/expanded_generated/stt/real/dtln/5/VIVOSDEV05_030.wav,của những thế lực hùng mạnh,của những thế lực hùng mạnh,0.0,0.0,0,0,0,6,27,0,0.7190514000249095,2.375,0.30275848422101453,PASS,
VIVOSDEV05_030,VIVOSDEV05,VIVOS,real,home,0,1.852594172194916e-07,unfiltered,benchmark_data/expanded_generated/stt/real/noisy/0/VIVOSDEV05_030.wav,của những thế lực hùng mạnh,của những thế lực hùng mạnh,0.0,0.0,0,0,0,6,27,0,0.9120258000330068,2.375,0.38401086317179234,PASS,
VIVOSDEV05_030,VIVOSDEV05,VIVOS,real,home,0,1.852594172194916e-07,dtln,benchmark_data/expanded_generated/stt/real/dtln/0/VIVOSDEV05_030.wav,của những thế lực hùng mạnh,của những thế lực hùng mạnh,0.0,0.0,0,0,0,6,27,0,0.6696118999971077,2.375,0.28194185263036114,PASS,
VIVOSDEV06_006,VIVOSDEV06,VIVOS,synthetic,gaussian,20,19.999999853920343,unfiltered,benchmark_data/expanded_generated/stt/synthetic/noisy/20/VIVOSDEV06_006.wav,mà do lối sống chui nhủi của chúng,mà do lối sống chuii của chúng,0.25,0.11764705882352941,1,1,0,8,34,4,0.804602199990768,3.25,0.24756990768946707,PASS,
VIVOSDEV06_006,VIVOSDEV06,VIVOS,synthetic,gaussian,20,19.999999853920343,dtln,benchmark_data/expanded_generated/stt/synthetic/dtln/20/VIVOSDEV06_006.wav,mà do lối sống chui nhủi của chúng,mài do lối sống chui nhủ của chúng,0.25,0.058823529411764705,2,0,0,8,34,2,0.8068058000062592,3.25,0.24824793846346438,PASS,
VIVOSDEV06_006,VIVOSDEV06,VIVOS,synthetic,gaussian,15,15.000000242852957,unfiltered,benchmark_data/expanded_generated/stt/synthetic/noisy/15/VIVOSDEV06_006.wav,mà do lối sống chui nhủi của chúng,mà do lối sống chuii của chúng,0.25,0.11764705882352941,1,1,0,8,34,4,1.0316966000245884,3.25,0.31744510769987333,PASS,
VIVOSDEV06_006,VIVOSDEV06,VIVOS,synthetic,gaussian,15,15.000000242852957,dtln,benchmark_data/expanded_generated/stt/synthetic/dtln/15/VIVOSDEV06_006.wav,mà do lối sống chui nhủi của chúng,mà do lối sống chui mũi của chúng,0.125,0.08823529411764706,1,0,0,8,34,3,0.974193700007163,3.25,0.2997519076945117,PASS,
VIVOSDEV06_006,VIVOSDEV06,VIVOS,synthetic,gaussian,10,9.999999557557732,unfiltered,benchmark_data/expanded_generated/stt/synthetic/noisy/10/VIVOSDEV06_006.wav,mà do lối sống chui nhủi của chúng,mà do lối sống chuii của chúng,0.25,0.11764705882352941,1,1,0,8,34,4,0.9511469000135548,3.25,0.29266058461955535,PASS,
VIVOSDEV06_006,VIVOSDEV06,VIVOS,synthetic,gaussian,10,9.999999557557732,dtln,benchmark_data/expanded_generated/stt/synthetic/dtln/10/VIVOSDEV06_006.wav,mà do lối sống chui nhủi của chúng,mà do lối sống chuii của chúng,0.25,0.11764705882352941,1,1,0,8,34,4,0.8479568000184372,3.25,0.2609097846210576,PASS,
VIVOSDEV06_006,VIVOSDEV06,VIVOS,synthetic,gaussian,5,4.9999998684925275,unfiltered,benchmark_data/expanded_generated/stt/synthetic/noisy/5/VIVOSDEV06_006.wav,mà do lối sống chui nhủi của chúng,mài do lối sống chui mũi của chúng,0.25,0.11764705882352941,2,0,0,8,34,4,0.9920718999928795,3.25,0.3052528923055014,PASS,
VIVOSDEV06_006,VIVOSDEV06,VIVOS,synthetic,gaussian,5,4.9999998684925275,dtln,benchmark_data/expanded_generated/stt/synthetic/dtln/5/VIVOSDEV06_006.wav,mà do lối sống chui nhủi của chúng,mài do lối sống xuôi nữ của chúng,0.375,0.20588235294117646,3,0,0,8,34,7,1.0330096000107005,3.25,0.31784910769560015,PASS,
VIVOSDEV06_006,VIVOSDEV06,VIVOS,synthetic,gaussian,0,2.0780637557405658e-07,unfiltered,benchmark_data/expanded_generated/stt/synthetic/noisy/0/VIVOSDEV06_006.wav,mà do lối sống chui nhủi của chúng,mà do lối sống chui ngủ của chúng,0.125,0.058823529411764705,1,0,0,8,34,2,1.055677000025753,3.25,0.3248236923156163,PASS,
VIVOSDEV06_006,VIVOSDEV06,VIVOS,synthetic,gaussian,0,2.0780637557405658e-07,dtln,benchmark_data/expanded_generated/stt/synthetic/dtln/0/VIVOSDEV06_006.wav,mà do lối sống chui nhủi của chúng,mài do lối sống suy nghĩ của chúng,0.375,0.20588235294117646,3,0,0,8,34,7,0.8620946999872103,3.25,0.26525990768837243,PASS,
VIVOSDEV06_006,VIVOSDEV06,VIVOS,real,traffic,20,20.000000290056875,unfiltered,benchmark_data/expanded_generated/stt/real/noisy/20/VIVOSDEV06_006.wav,mà do lối sống chui nhủi của chúng,mà do lối sống chui nhủ của chúng,0.125,0.029411764705882353,1,0,0,8,34,1,0.8602218999876641,3.25,0.2646836615346659,PASS,
VIVOSDEV06_006,VIVOSDEV06,VIVOS,real,traffic,20,20.000000290056875,dtln,benchmark_data/expanded_generated/stt/real/dtln/20/VIVOSDEV06_006.wav,mà do lối sống chui nhủi của chúng,mà do lối sống chuii của chúng,0.25,0.11764705882352941,1,1,0,8,34,4,0.8276021999772638,3.25,0.25464683076223504,PASS,
VIVOSDEV06_006,VIVOSDEV06,VIVOS,real,traffic,15,15.000000399283213,unfiltered,benchmark_data/expanded_generated/stt/real/noisy/15/VIVOSDEV06_006.wav,mà do lối sống chui nhủi của chúng,mà do lối sống chuii của chúng,0.25,0.11764705882352941,1,1,0,8,34,4,0.9125108000007458,3.25,0.28077255384638333,PASS,
VIVOSDEV06_006,VIVOSDEV06,VIVOS,real,traffic,15,15.000000399283213,dtln,benchmark_data/expanded_generated/stt/real/dtln/15/VIVOSDEV06_006.wav,mà do lối sống chui nhủi của chúng,mài do lối sống chuii của chúng,0.375,0.14705882352941177,2,1,0,8,34,5,0.7804793999530375,3.25,0.2401475076778577,PASS,
VIVOSDEV06_006,VIVOSDEV06,VIVOS,real,traffic,10,9.999999822145607,unfiltered,benchmark_data/expanded_generated/stt/real/noisy/10/VIVOSDEV06_006.wav,mà do lối sống chui nhủi của chúng,mà do lối sống chuii của chúng,0.25,0.11764705882352941,1,1,0,8,34,4,0.8487878000014462,3.25,0.2611654769235219,PASS,
VIVOSDEV06_006,VIVOSDEV06,VIVOS,real,traffic,10,9.999999822145607,dtln,benchmark_data/expanded_generated/stt/real/dtln/10/VIVOSDEV06_006.wav,mà do lối sống chui nhủi của chúng,mài do lối sống chui nhủ của chúng,0.25,0.058823529411764705,2,0,0,8,34,2,1.0022043000208214,3.25,0.3083705538525604,PASS,
VIVOSDEV06_006,VIVOSDEV06,VIVOS,real,traffic,5,4.999999864702042,unfiltered,benchmark_data/expanded_generated/stt/real/noisy/5/VIVOSDEV06_006.wav,mà do lối sống chui nhủi của chúng,mà do lối sống chuii của chúng,0.25,0.11764705882352941,1,1,0,8,34,4,0.8881506999605335,3.25,0.27327713844939494,PASS,
VIVOSDEV06_006,VIVOSDEV06,VIVOS,real,traffic,5,4.999999864702042,dtln,benchmark_data/expanded_generated/stt/real/dtln/5/VIVOSDEV06_006.wav,mà do lối sống chui nhủi của chúng,mà do lối sống chuii của chúng,0.25,0.11764705882352941,1,1,0,8,34,4,0.8804170999792404,3.25,0.2708975692243817,PASS,
VIVOSDEV06_006,VIVOSDEV06,VIVOS,real,traffic,0,-3.3298311001961534e-07,unfiltered,benchmark_data/expanded_generated/stt/real/noisy/0/VIVOSDEV06_006.wav,mà do lối sống chui nhủi của chúng,mà do lối sống chuii của chúng,0.25,0.11764705882352941,1,1,0,8,34,4,0.945738899987191,3.25,0.2909965846114434,PASS,
VIVOSDEV06_006,VIVOSDEV06,VIVOS,real,traffic,0,-3.3298311001961534e-07,dtln,benchmark_data/expanded_generated/stt/real/dtln/0/VIVOSDEV06_006.wav,mà do lối sống chui nhủi của chúng,mà do lối sống chuii của chúng,0.25,0.11764705882352941,1,1,0,8,34,4,0.9367976000066847,3.25,0.2882454153866722,PASS,
VIVOSDEV07_025,VIVOSDEV07,VIVOS,synthetic,gaussian,20,20.000000305155417,unfiltered,benchmark_data/expanded_generated/stt/synthetic/noisy/20/VIVOSDEV07_025.wav,cho những chuyến dã ngoại của du khách,cho những chuyến dã ngoại của du khách,0.0,0.0,0,0,0,8,38,0,0.8034930000430904,3.0625,0.2623650612385601,PASS,
VIVOSDEV07_025,VIVOSDEV07,VIVOS,synthetic,gaussian,20,20.000000305155417,dtln,benchmark_data/expanded_generated/stt/synthetic/dtln/20/VIVOSDEV07_025.wav,cho những chuyến dã ngoại của du khách,cho những chuyến dã ngoại của du khách,0.0,0.0,0,0,0,8,38,0,0.7262315999832936,3.0625,0.23713684897413667,PASS,
VIVOSDEV07_025,VIVOSDEV07,VIVOS,synthetic,gaussian,15,14.99999992070608,unfiltered,benchmark_data/expanded_generated/stt/synthetic/noisy/15/VIVOSDEV07_025.wav,cho những chuyến dã ngoại của du khách,cho những chuyến dã ngoại của du khách,0.0,0.0,0,0,0,8,38,0,0.7462096000090241,3.0625,0.24366027755396708,PASS,
VIVOSDEV07_025,VIVOSDEV07,VIVOS,synthetic,gaussian,15,14.99999992070608,dtln,benchmark_data/expanded_generated/stt/synthetic/dtln/15/VIVOSDEV07_025.wav,cho những chuyến dã ngoại của du khách,cho những chuyến dã ngoại của du khách,0.0,0.0,0,0,0,8,38,0,0.7525812999811023,3.0625,0.24574083264689056,PASS,
VIVOSDEV07_025,VIVOSDEV07,VIVOS,synthetic,gaussian,10,9.999999953181215,unfiltered,benchmark_data/expanded_generated/stt/synthetic/noisy/10/VIVOSDEV07_025.wav,cho những chuyến dã ngoại của du khách,cho những chuyến dã ngoại của du khách,0.0,0.0,0,0,0,8,38,0,0.8551645000115968,3.0625,0.27923738775888873,PASS,
VIVOSDEV07_025,VIVOSDEV07,VIVOS,synthetic,gaussian,10,9.999999953181215,dtln,benchmark_data/expanded_generated/stt/synthetic/dtln/10/VIVOSDEV07_025.wav,cho những chuyến dã ngoại của du khách,cho những chuyến dã ngoại của du khách,0.0,0.0,0,0,0,8,38,0,0.7373220999725163,3.0625,0.2407582367257196,PASS,
VIVOSDEV07_025,VIVOSDEV07,VIVOS,synthetic,gaussian,5,5.000000074011373,unfiltered,benchmark_data/expanded_generated/stt/synthetic/noisy/5/VIVOSDEV07_025.wav,cho những chuyến dã ngoại của du khách,cho những chuyến dã ngoại của du khách,0.0,0.0,0,0,0,8,38,0,0.9221137000131421,3.0625,0.30109835102469945,PASS,
VIVOSDEV07_025,VIVOSDEV07,VIVOS,synthetic,gaussian,5,5.000000074011373,dtln,benchmark_data/expanded_generated/stt/synthetic/dtln/5/VIVOSDEV07_025.wav,cho những chuyến dã ngoại của du khách,cho những chuyến dã ngoại của du khách,0.0,0.0,0,0,0,8,38,0,0.8997724000364542,3.0625,0.29380323266496466,PASS,
VIVOSDEV07_025,VIVOSDEV07,VIVOS,synthetic,gaussian,0,1.572929116370811e-07,unfiltered,benchmark_data/expanded_generated/stt/synthetic/noisy/0/VIVOSDEV07_025.wav,cho những chuyến dã ngoại của du khách,cho những chuyến dã ngoại của du khách,0.0,0.0,0,0,0,8,38,0,0.853293800028041,3.0625,0.27862654694793176,PASS,
VIVOSDEV07_025,VIVOSDEV07,VIVOS,synthetic,gaussian,0,1.572929116370811e-07,dtln,benchmark_data/expanded_generated/stt/synthetic/dtln/0/VIVOSDEV07_025.wav,cho những chuyến dã ngoại của du khách,cho những chuyến dã ngoại của du khách,0.0,0.0,0,0,0,8,38,0,0.9309478999930434,3.0625,0.3039829877528305,PASS,
VIVOSDEV07_025,VIVOSDEV07,VIVOS,real,cafeteria,20,19.999999960875375,unfiltered,benchmark_data/expanded_generated/stt/real/noisy/20/VIVOSDEV07_025.wav,cho những chuyến dã ngoại của du khách,cho những chuyến dã ngoại của du khách,0.0,0.0,0,0,0,8,38,0,0.9333752999664284,3.0625,0.30477560815230315,PASS,
VIVOSDEV07_025,VIVOSDEV07,VIVOS,real,cafeteria,20,19.999999960875375,dtln,benchmark_data/expanded_generated/stt/real/dtln/20/VIVOSDEV07_025.wav,cho những chuyến dã ngoại của du khách,cho những chuyến dã ngoại của du khách,0.0,0.0,0,0,0,8,38,0,0.7382826000102796,3.0625,0.2410718693911117,PASS,
VIVOSDEV07_025,VIVOSDEV07,VIVOS,real,cafeteria,15,15.00000011445106,unfiltered,benchmark_data/expanded_generated/stt/real/noisy/15/VIVOSDEV07_025.wav,cho những chuyến dã ngoại của du khách,cho những chuyến dã ngoại của du khách,0.0,0.0,0,0,0,8,38,0,0.7018695999868214,3.0625,0.22918191019977843,PASS,
VIVOSDEV07_025,VIVOSDEV07,VIVOS,real,cafeteria,15,15.00000011445106,dtln,benchmark_data/expanded_generated/stt/real/dtln/15/VIVOSDEV07_025.wav,cho những chuyến dã ngoại của du khách,cho những chuyến dã ngoại của du khách,0.0,0.0,0,0,0,8,38,0,0.7267092000111006,3.0625,0.23729280000362468,PASS,
VIVOSDEV07_025,VIVOSDEV07,VIVOS,real,cafeteria,10,10.000000271652246,unfiltered,benchmark_data/expanded_generated/stt/real/noisy/10/VIVOSDEV07_025.wav,cho những chuyến dã ngoại của du khách,cho những chuyến dã ngoại của du khách,0.0,0.0,0,0,0,8,38,0,0.7482657000073232,3.0625,0.24433165714524838,PASS,
VIVOSDEV07_025,VIVOSDEV07,VIVOS,real,cafeteria,10,10.000000271652246,dtln,benchmark_data/expanded_generated/stt/real/dtln/10/VIVOSDEV07_025.wav,cho những chuyến dã ngoại của du khách,cho những chuyến dã ngoại của du khách,0.0,0.0,0,0,0,8,38,0,0.7152385999797843,3.0625,0.23354729795258264,PASS,
VIVOSDEV07_025,VIVOSDEV07,VIVOS,real,cafeteria,5,4.999999851086025,unfiltered,benchmark_data/expanded_generated/stt/real/noisy/5/VIVOSDEV07_025.wav,cho những chuyến dã ngoại của du khách,cho những chuyến dã ngoại của du khách,0.0,0.0,0,0,0,8,38,0,0.7702677000197582,3.0625,0.25151598367992106,PASS,
VIVOSDEV07_025,VIVOSDEV07,VIVOS,real,cafeteria,5,4.999999851086025,dtln,benchmark_data/expanded_generated/stt/real/dtln/5/VIVOSDEV07_025.wav,cho những chuyến dã ngoại của du khách,cho những chuyến dã ngoại của du khách,0.0,0.0,0,0,0,8,38,0,0.8122468999936245,3.0625,0.2652234775489386,PASS,
VIVOSDEV07_025,VIVOSDEV07,VIVOS,real,cafeteria,0,5.2743465194444305e-08,unfiltered,benchmark_data/expanded_generated/stt/real/noisy/0/VIVOSDEV07_025.wav,cho những chuyến dã ngoại của du khách,cho những chuyến dã ngoại của du khách,0.0,0.0,0,0,0,8,38,0,0.7346894999500364,3.0625,0.23989861222858333,PASS,
VIVOSDEV07_025,VIVOSDEV07,VIVOS,real,cafeteria,0,5.2743465194444305e-08,dtln,benchmark_data/expanded_generated/stt/real/dtln/0/VIVOSDEV07_025.wav,cho những chuyến dã ngoại của du khách,cho những chuyến dã ngoại của du khách,0.0,0.0,0,0,0,8,38,0,0.7431642999872565,3.0625,0.24266589387338988,PASS,
VIVOSDEV08_005,VIVOSDEV08,VIVOS,synthetic,gaussian,20,19.99999997860463,unfiltered,benchmark_data/expanded_generated/stt/synthetic/noisy/20/VIVOSDEV08_005.wav,cây cổ thụ ấy bất chợt bị bệnh tật quật ngã,cây cổ thụ ấy bất chợt bị bệnh tật vật ngã,0.09090909090909091,0.046511627906976744,1,0,0,11,43,2,0.9073261999874376,3.40625,0.2663709944917248,PASS,
VIVOSDEV08_005,VIVOSDEV08,VIVOS,synthetic,gaussian,20,19.99999997860463,dtln,benchmark_data/expanded_generated/stt/synthetic/dtln/20/VIVOSDEV08_005.wav,cây cổ thụ ấy bất chợt bị bệnh tật quật ngã,cây cổ thụ ấy bất chợt bị bệnh tật gục ngã,0.09090909090909091,0.09302325581395349,1,0,0,11,43,4,0.9143897999892943,3.40625,0.26844471192346253,PASS,
VIVOSDEV08_005,VIVOSDEV08,VIVOS,synthetic,gaussian,15,14.999999655117755,unfiltered,benchmark_data/expanded_generated/stt/synthetic/noisy/15/VIVOSDEV08_005.wav,cây cổ thụ ấy bất chợt bị bệnh tật quật ngã,cây cổ thụ ấy bất chợt bị bệnh tật vật ngã,0.09090909090909091,0.046511627906976744,1,0,0,11,43,2,0.9516829999629408,3.40625,0.2793931743010468,PASS,
VIVOSDEV08_005,VIVOSDEV08,VIVOS,synthetic,gaussian,15,14.999999655117755,dtln,benchmark_data/expanded_generated/stt/synthetic/dtln/15/VIVOSDEV08_005.wav,cây cổ thụ ấy bất chợt bị bệnh tật quật ngã,cây cổ thụ ấy bất chợt bị bệnh tật gục ngã,0.09090909090909091,0.09302325581395349,1,0,0,11,43,4,0.9087376999668777,3.40625,0.2667853798067898,PASS,
VIVOSDEV08_005,VIVOSDEV08,VIVOS,synthetic,gaussian,10,9.999999857174192,unfiltered,benchmark_data/expanded_generated/stt/synthetic/noisy/10/VIVOSDEV08_005.wav,cây cổ thụ ấy bất chợt bị bệnh tật quật ngã,cây cổ thụ ấy bất chợt bị bệnh tật vật ngã,0.09090909090909091,0.046511627906976744,1,0,0,11,43,2,0.9212428000173531,3.40625,0.2704566018399569,PASS,
VIVOSDEV08_005,VIVOSDEV08,VIVOS,synthetic,gaussian,10,9.999999857174192,dtln,benchmark_data/expanded_generated/stt/synthetic/dtln/10/VIVOSDEV08_005.wav,cây cổ thụ ấy bất chợt bị bệnh tật quật ngã,cây cổ thụ ấy bất chợt bị bệnh tật gục ngã,0.09090909090909091,0.09302325581395349,1,0,0,11,43,4,1.150852799997665,3.40625,0.3378650422011494,PASS,
VIVOSDEV08_005,VIVOSDEV08,VIVOS,synthetic,gaussian,5,5.00000000161707,unfiltered,benchmark_data/expanded_generated/stt/synthetic/noisy/5/VIVOSDEV08_005.wav,cây cổ thụ ấy bất chợt bị bệnh tật quật ngã,cây cổ thụ ấy bất chợt bị bệnh tật gục ngã,0.09090909090909091,0.09302325581395349,1,0,0,11,43,4,0.9654416000121273,3.40625,0.28343239633383555,PASS,
VIVOSDEV08_005,VIVOSDEV08,VIVOS,synthetic,gaussian,5,5.00000000161707,dtln,benchmark_data/expanded_generated/stt/synthetic/dtln/5/VIVOSDEV08_005.wav,cây cổ thụ ấy bất chợt bị bệnh tật quật ngã,cây cổ thụ ấy bất chợt bị bệnh và thực vật,0.2727272727272727,0.23255813953488372,3,0,0,11,43,10,1.0058540999889374,3.40625,0.2952966165105137,PASS,
VIVOSDEV08_005,VIVOSDEV08,VIVOS,synthetic,gaussian,0,1.6148206000824822e-07,unfiltered,benchmark_data/expanded_generated/stt/synthetic/noisy/0/VIVOSDEV08_005.wav,cây cổ thụ ấy bất chợt bị bệnh tật quật ngã,cây cổ thụ ấy bất chợt bị bệnh tật vật ngã,0.09090909090909091,0.046511627906976744,1,0,0,11,43,2,1.078541100025177,3.40625,0.3166359192734465,PASS,
VIVOSDEV08_005,VIVOSDEV08,VIVOS,synthetic,gaussian,0,1.6148206000824822e-07,dtln,benchmark_data/expanded_generated/stt/synthetic/dtln/0/VIVOSDEV08_005.wav,cây cổ thụ ấy bất chợt bị bệnh tật quật ngã,cây cổ thụ ấy bất chợt bị bệnh tật gục,0.18181818181818182,0.18604651162790697,1,1,0,11,43,8,1.1626053999643773,3.40625,0.34131534677853276,PASS,
VIVOSDEV08_005,VIVOSDEV08,VIVOS,real,office,20,20.000000259162153,unfiltered,benchmark_data/expanded_generated/stt/real/noisy/20/VIVOSDEV08_005.wav,cây cổ thụ ấy bất chợt bị bệnh tật quật ngã,cây cổ thụ ấy bất chợt bị bệnh tật vật ngã,0.09090909090909091,0.046511627906976744,1,0,0,11,43,2,0.8172381999902427,3.40625,0.23992314128153916,PASS,
VIVOSDEV08_005,VIVOSDEV08,VIVOS,real,office,20,20.000000259162153,dtln,benchmark_data/expanded_generated/stt/real/dtln/20/VIVOSDEV08_005.wav,cây cổ thụ ấy bất chợt bị bệnh tật quật ngã,cây cổ thụ ấy bất chợt bị bệnh tật hoặc ngã,0.09090909090909091,0.09302325581395349,1,0,0,11,43,4,0.9964926000102423,3.40625,0.292548286241539,PASS,
VIVOSDEV08_005,VIVOSDEV08,VIVOS,real,office,15,15.00000012168557,unfiltered,benchmark_data/expanded_generated/stt/real/noisy/15/VIVOSDEV08_005.wav,cây cổ thụ ấy bất chợt bị bệnh tật quật ngã,cây cổ thụ ấy bất chợt bị bệnh tật vật ngã,0.09090909090909091,0.046511627906976744,1,0,0,11,43,2,0.85088879999239,3.40625,0.24980221651152734,PASS,
VIVOSDEV08_005,VIVOSDEV08,VIVOS,real,office,15,15.00000012168557,dtln,benchmark_data/expanded_generated/stt/real/dtln/15/VIVOSDEV08_005.wav,cây cổ thụ ấy bất chợt bị bệnh tật quật ngã,cây cổ thụ ấy bất chợt bị bệnh tật vật ngã,0.09090909090909091,0.046511627906976744,1,0,0,11,43,2,0.8479058999801055,3.40625,0.24892650274645298,PASS,
VIVOSDEV08_005,VIVOSDEV08,VIVOS,real,office,10,9.999999792037226,unfiltered,benchmark_data/expanded_generated/stt/real/noisy/10/VIVOSDEV08_005.wav,cây cổ thụ ấy bất chợt bị bệnh tật quật ngã,cây cổ thụ ấy bất chợt bị bệnh tật vật ngã,0.09090909090909091,0.046511627906976744,1,0,0,11,43,2,0.9276395000051707,3.40625,0.27233453211160974,PASS,
VIVOSDEV08_005,VIVOSDEV08,VIVOS,real,office,10,9.999999792037226,dtln,benchmark_data/expanded_generated/stt/real/dtln/10/VIVOSDEV08_005.wav,cây cổ thụ ấy bất chợt bị bệnh tật quật ngã,cây cổ thụ ấy bất chợt bị bệnh tật vật ngã,0.09090909090909091,0.046511627906976744,1,0,0,11,43,2,0.869798899977468,3.40625,0.25535380549797226,PASS,
VIVOSDEV08_005,VIVOSDEV08,VIVOS,real,office,5,5.000000258682782,unfiltered,benchmark_data/expanded_generated/stt/real/noisy/5/VIVOSDEV08_005.wav,cây cổ thụ ấy bất chợt bị bệnh tật quật ngã,cây cổ thụ ấy bất chợt bị bệnh tật vật ngã,0.09090909090909091,0.046511627906976744,1,0,0,11,43,2,0.8944291999796405,3.40625,0.262584719260078,PASS,
VIVOSDEV08_005,VIVOSDEV08,VIVOS,real,office,5,5.000000258682782,dtln,benchmark_data/expanded_generated/stt/real/dtln/5/VIVOSDEV08_005.wav,cây cổ thụ ấy bất chợt bị bệnh tật quật ngã,cây cổ thụ ấy bất chợt bị bệnh tật vật ngã,0.09090909090909091,0.046511627906976744,1,0,0,11,43,2,0.8803581000538543,3.40625,0.2584537541442508,PASS,
VIVOSDEV08_005,VIVOSDEV08,VIVOS,real,office,0,1.8146940599853316e-07,unfiltered,benchmark_data/expanded_generated/stt/real/noisy/0/VIVOSDEV08_005.wav,cây cổ thụ ấy bất chợt bị bệnh tật quật ngã,cây cổ thụ ấy bất chợt bị bệnh tật vật ngã,0.09090909090909091,0.046511627906976744,1,0,0,11,43,2,0.8266211000154726,3.40625,0.2426777541329828,PASS,
VIVOSDEV08_005,VIVOSDEV08,VIVOS,real,office,0,1.8146940599853316e-07,dtln,benchmark_data/expanded_generated/stt/real/dtln/0/VIVOSDEV08_005.wav,cây cổ thụ ấy bất chợt bị bệnh tật quật ngã,cây cổ thụ ấy bất chợt bị bệnh tật vật ngã,0.09090909090909091,0.046511627906976744,1,0,0,11,43,2,0.9721378000103869,3.40625,0.28539825321405854,PASS,
VIVOSDEV09_022,VIVOSDEV09,VIVOS,synthetic,gaussian,20,19.9999997878948,unfiltered,benchmark_data/expanded_generated/stt/synthetic/noisy/20/VIVOSDEV09_022.wav,trứng mực quyến rũ các ngư dân,trứng mực quyến rũ các ngư dân,0.0,0.0,0,0,0,7,30,0,0.6421508000348695,2.375,0.2703792842252082,PASS,
VIVOSDEV09_022,VIVOSDEV09,VIVOS,synthetic,gaussian,20,19.9999997878948,dtln,benchmark_data/expanded_generated/stt/synthetic/dtln/20/VIVOSDEV09_022.wav,trứng mực quyến rũ các ngư dân,trứng mực quyến rũ các ngư dân,0.0,0.0,0,0,0,7,30,0,0.7862453000270762,2.375,0.33105065264297945,PASS,
VIVOSDEV09_022,VIVOSDEV09,VIVOS,synthetic,gaussian,15,15.00000031366536,unfiltered,benchmark_data/expanded_generated/stt/synthetic/noisy/15/VIVOSDEV09_022.wav,trứng mực quyến rũ các ngư dân,trứng mực quyến rũ các ngư dân,0.0,0.0,0,0,0,7,30,0,0.7694164999993518,2.375,0.3239648421049902,PASS,
VIVOSDEV09_022,VIVOSDEV09,VIVOS,synthetic,gaussian,15,15.00000031366536,dtln,benchmark_data/expanded_generated/stt/synthetic/dtln/15/VIVOSDEV09_022.wav,trứng mực quyến rũ các ngư dân,trứng mực quyến rũ các ngư dân,0.0,0.0,0,0,0,7,30,0,0.9430265999981202,2.375,0.3970638315781559,PASS,
VIVOSDEV09_022,VIVOSDEV09,VIVOS,synthetic,gaussian,10,10.000000293571485,unfiltered,benchmark_data/expanded_generated/stt/synthetic/noisy/10/VIVOSDEV09_022.wav,trứng mực quyến rũ các ngư dân,trứng mực quyến rũ các ngư dân,0.0,0.0,0,0,0,7,30,0,0.7568355000112206,2.375,0.31866757895209286,PASS,
VIVOSDEV09_022,VIVOSDEV09,VIVOS,synthetic,gaussian,10,10.000000293571485,dtln,benchmark_data/expanded_generated/stt/synthetic/dtln/10/VIVOSDEV09_022.wav,trứng mực quyến rũ các ngư dân,trứng mực quyến rũ phát ngư dân,0.14285714285714285,0.1,1,0,0,7,30,3,0.6558123999857344,2.375,0.2761315368360987,PASS,
VIVOSDEV09_022,VIVOSDEV09,VIVOS,synthetic,gaussian,5,5.000000384925702,unfiltered,benchmark_data/expanded_generated/stt/synthetic/noisy/5/VIVOSDEV09_022.wav,trứng mực quyến rũ các ngư dân,trứng mực quyến rũ các ngư dân,0.0,0.0,0,0,0,7,30,0,0.7856806000345387,2.375,0.3308128842250689,PASS,
VIVOSDEV09_022,VIVOSDEV09,VIVOS,synthetic,gaussian,5,5.000000384925702,dtln,benchmark_data/expanded_generated/stt/synthetic/dtln/5/VIVOSDEV09_022.wav,trứng mực quyến rũ các ngư dân,trứng mực quyến rũ sát nhân dân,0.2857142857142857,0.16666666666666666,2,0,0,7,30,5,0.886342899990268,2.375,0.37319701052221815,PASS,
VIVOSDEV09_022,VIVOSDEV09,VIVOS,synthetic,gaussian,0,-1.68357187597368e-07,unfiltered,benchmark_data/expanded_generated/stt/synthetic/noisy/0/VIVOSDEV09_022.wav,trứng mực quyến rũ các ngư dân,trứng mực quyến rũ các ngư dân,0.0,0.0,0,0,0,7,30,0,0.910543099977076,2.375,0.38338656841140045,PASS,
VIVOSDEV09_022,VIVOSDEV09,VIVOS,synthetic,gaussian,0,-1.68357187597368e-07,dtln,benchmark_data/expanded_generated/stt/synthetic/dtln/0/VIVOSDEV09_022.wav,trứng mực quyến rũ các ngư dân,99 ngũ sắc nguyên nhân,1.0,0.6666666666666666,5,2,0,7,30,20,0.7166905999765731,2.375,0.3017644631480308,PASS,
VIVOSDEV09_022,VIVOSDEV09,VIVOS,real,home,20,20.000000207898992,unfiltered,benchmark_data/expanded_generated/stt/real/noisy/20/VIVOSDEV09_022.wav,trứng mực quyến rũ các ngư dân,trứng mực quyến rũ các ngư dân,0.0,0.0,0,0,0,7,30,0,0.7441565999761224,2.375,0.3133290947267884,PASS,
VIVOSDEV09_022,VIVOSDEV09,VIVOS,real,home,20,20.000000207898992,dtln,benchmark_data/expanded_generated/stt/real/dtln/20/VIVOSDEV09_022.wav,trứng mực quyến rũ các ngư dân,trứng mực quyến rũ các ngư dân,0.0,0.0,0,0,0,7,30,0,0.6805782000301406,2.375,0.2865592421179539,PASS,
VIVOSDEV09_022,VIVOSDEV09,VIVOS,real,home,15,14.999999718929049,unfiltered,benchmark_data/expanded_generated/stt/real/noisy/15/VIVOSDEV09_022.wav,trứng mực quyến rũ các ngư dân,trứng mực quyến rũ các ngư dân,0.0,0.0,0,0,0,7,30,0,0.7100859000347555,2.375,0.2989835368567391,PASS,
VIVOSDEV09_022,VIVOSDEV09,VIVOS,real,home,15,14.999999718929049,dtln,benchmark_data/expanded_generated/stt/real/dtln/15/VIVOSDEV09_022.wav,trứng mực quyến rũ các ngư dân,trứng mực quyến rũ các ngư dân,0.0,0.0,0,0,0,7,30,0,0.746560400002636,2.375,0.31434122105374146,PASS,
VIVOSDEV09_022,VIVOSDEV09,VIVOS,real,home,10,10.000000050164493,unfiltered,benchmark_data/expanded_generated/stt/real/noisy/10/VIVOSDEV09_022.wav,trứng mực quyến rũ các ngư dân,trứng mực quyến rũ các ngư dân,0.0,0.0,0,0,0,7,30,0,0.6641257000155747,2.375,0.2796318736907683,PASS,
VIVOSDEV09_022,VIVOSDEV09,VIVOS,real,home,10,10.000000050164493,dtln,benchmark_data/expanded_generated/stt/real/dtln/10/VIVOSDEV09_022.wav,trứng mực quyến rũ các ngư dân,trứng mực quyến rũ các ngư dân,0.0,0.0,0,0,0,7,30,0,0.7722901000524871,2.375,0.3251747789694683,PASS,
VIVOSDEV09_022,VIVOSDEV09,VIVOS,real,home,5,5.000000013247416,unfiltered,benchmark_data/expanded_generated/stt/real/noisy/5/VIVOSDEV09_022.wav,trứng mực quyến rũ các ngư dân,trứng mực quyến rũ các ngư dân,0.0,0.0,0,0,0,7,30,0,0.9790168000035919,2.375,0.41221760000151236,PASS,
VIVOSDEV09_022,VIVOSDEV09,VIVOS,real,home,5,5.000000013247416,dtln,benchmark_data/expanded_generated/stt/real/dtln/5/VIVOSDEV09_022.wav,trứng mực quyến rũ các ngư dân,trứng mực quyến rũ các ngư dân,0.0,0.0,0,0,0,7,30,0,0.7673683000029996,2.375,0.32310244210652617,PASS,
VIVOSDEV09_022,VIVOSDEV09,VIVOS,real,home,0,8.973710961449804e-08,unfiltered,benchmark_data/expanded_generated/stt/real/noisy/0/VIVOSDEV09_022.wav,trứng mực quyến rũ các ngư dân,trứng mực quyến rũ các ngư dân,0.0,0.0,0,0,0,7,30,0,0.7048187000327744,2.375,0.29676576843485236,PASS,
VIVOSDEV09_022,VIVOSDEV09,VIVOS,real,home,0,8.973710961449804e-08,dtln,benchmark_data/expanded_generated/stt/real/dtln/0/VIVOSDEV09_022.wav,trứng mực quyến rũ các ngư dân,trứng mực quyến rũ các ngư dân,0.0,0.0,0,0,0,7,30,0,0.8079655999899842,2.375,0.340196042101046,PASS,
VIVOSDEV10_014,VIVOSDEV10,VIVOS,synthetic,gaussian,20,20.000000282125065,unfiltered,benchmark_data/expanded_generated/stt/synthetic/noisy/20/VIVOSDEV10_014.wav,sau khi đọc những thông tin trên báo,sau khi lọc những thông tin trên,0.25,0.1388888888888889,1,1,0,8,36,5,0.9848567000008188,3.0625,0.3215858612247572,PASS,
VIVOSDEV10_014,VIVOSDEV10,VIVOS,synthetic,gaussian,20,20.000000282125065,dtln,benchmark_data/expanded_generated/stt/synthetic/dtln/20/VIVOSDEV10_014.wav,sau khi đọc những thông tin trên báo,sau khi đọc những thông tin trên,0.125,0.1111111111111111,0,1,0,8,36,4,0.8181268999469467,3.0625,0.2671434775336969,PASS,
VIVOSDEV10_014,VIVOSDEV10,VIVOS,synthetic,gaussian,15,14.999999862662763,unfiltered,benchmark_data/expanded_generated/stt/synthetic/noisy/15/VIVOSDEV10_014.wav,sau khi đọc những thông tin trên báo,sau khi lọc những thông tin trên,0.25,0.1388888888888889,1,1,0,8,36,5,0.8040836999425665,3.0625,0.26255794283838907,PASS,
VIVOSDEV10_014,VIVOSDEV10,VIVOS,synthetic,gaussian,15,14.999999862662763,dtln,benchmark_data/expanded_generated/stt/synthetic/dtln/15/VIVOSDEV10_014.wav,sau khi đọc những thông tin trên báo,sau khi đọc những thông tin trên,0.125,0.1111111111111111,0,1,0,8,36,4,0.7896146000130102,3.0625,0.25783333877975845,PASS,
VIVOSDEV10_014,VIVOSDEV10,VIVOS,synthetic,gaussian,10,10.000000273809825,unfiltered,benchmark_data/expanded_generated/stt/synthetic/noisy/10/VIVOSDEV10_014.wav,sau khi đọc những thông tin trên báo,sau khi đọc những thông tin trên,0.125,0.1111111111111111,0,1,0,8,36,4,0.6967774999793619,3.0625,0.2275191836667304,PASS,
VIVOSDEV10_014,VIVOSDEV10,VIVOS,synthetic,gaussian,10,10.000000273809825,dtln,benchmark_data/expanded_generated/stt/synthetic/dtln/10/VIVOSDEV10_014.wav,sau khi đọc những thông tin trên báo,sau khi đọc những thông tin trên,0.125,0.1111111111111111,0,1,0,8,36,4,0.8191794999875128,3.0625,0.26748718366939195,PASS,
VIVOSDEV10_014,VIVOSDEV10,VIVOS,synthetic,gaussian,5,5.000000206978577,unfiltered,benchmark_data/expanded_generated/stt/synthetic/noisy/5/VIVOSDEV10_014.wav,sau khi đọc những thông tin trên báo,sau khi đọc những thông tin trên,0.125,0.1111111111111111,0,1,0,8,36,4,0.836054100014735,3.0625,0.2729972571476686,PASS,
VIVOSDEV10_014,VIVOSDEV10,VIVOS,synthetic,gaussian,5,5.000000206978577,dtln,benchmark_data/expanded_generated/stt/synthetic/dtln/5/VIVOSDEV10_014.wav,sau khi đọc những thông tin trên báo,sau khi lọc những thông tin trên,0.25,0.1388888888888889,1,1,0,8,36,5,0.8266705999849364,3.0625,0.2699332571379384,PASS,
VIVOSDEV10_014,VIVOSDEV10,VIVOS,synthetic,gaussian,0,-2.1202693434838203e-07,unfiltered,benchmark_data/expanded_generated/stt/synthetic/noisy/0/VIVOSDEV10_014.wav,sau khi đọc những thông tin trên báo,sau khi đọc những thông tin trên,0.125,0.1111111111111111,0,1,0,8,36,4,0.8313368000090122,3.0625,0.27145691428865704,PASS,
VIVOSDEV10_014,VIVOSDEV10,VIVOS,synthetic,gaussian,0,-2.1202693434838203e-07,dtln,benchmark_data/expanded_generated/stt/synthetic/dtln/0/VIVOSDEV10_014.wav,sau khi đọc những thông tin trên báo,sau khi đọc những thông tin trên,0.125,0.1111111111111111,0,1,0,8,36,4,0.8821250999462791,3.0625,0.2880408489620503,PASS,
VIVOSDEV10_014,VIVOSDEV10,VIVOS,real,traffic,20,20.00000005766423,unfiltered,benchmark_data/expanded_generated/stt/real/noisy/20/VIVOSDEV10_014.wav,sau khi đọc những thông tin trên báo,sau khi lọc những thông tin trên báo,0.125,0.027777777777777776,1,0,0,8,36,1,0.9626064000185579,3.0625,0.3143204571489169,PASS,
VIVOSDEV10_014,VIVOSDEV10,VIVOS,real,traffic,20,20.00000005766423,dtln,benchmark_data/expanded_generated/stt/real/dtln/20/VIVOSDEV10_014.wav,sau khi đọc những thông tin trên báo,sau khi lọc những thông tin trên,0.25,0.1388888888888889,1,1,0,8,36,5,0.7796317999600433,3.0625,0.2545736489665447,PASS,
VIVOSDEV10_014,VIVOSDEV10,VIVOS,real,traffic,15,15.00000010219936,unfiltered,benchmark_data/expanded_generated/stt/real/noisy/15/VIVOSDEV10_014.wav,sau khi đọc những thông tin trên báo,sau khi lọc những thông tin trên,0.25,0.1388888888888889,1,1,0,8,36,5,0.9081183000234887,3.0625,0.2965284244974657,PASS,
VIVOSDEV10_014,VIVOSDEV10,VIVOS,real,traffic,15,15.00000010219936,dtln,benchmark_data/expanded_generated/stt/real/dtln/15/VIVOSDEV10_014.wav,sau khi đọc những thông tin trên báo,sau khi lọc những thông tin trên,0.25,0.1388888888888889,1,1,0,8,36,5,0.6914852000190876,3.0625,0.22579108572051843,PASS,
VIVOSDEV10_014,VIVOSDEV10,VIVOS,real,traffic,10,9.999999998484952,unfiltered,benchmark_data/expanded_generated/stt/real/noisy/10/VIVOSDEV10_014.wav,sau khi đọc những thông tin trên báo,sau khi đọc những thông tin trên báo,0.0,0.0,0,0,0,8,36,0,0.7637542000156827,3.0625,0.24938912653573314,PASS,
VIVOSDEV10_014,VIVOSDEV10,VIVOS,real,traffic,10,9.999999998484952,dtln,benchmark_data/expanded_generated/stt/real/dtln/10/VIVOSDEV10_014.wav,sau khi đọc những thông tin trên báo,sau khi đọc những thông tin trên,0.125,0.1111111111111111,0,1,0,8,36,4,0.8043297000112943,3.0625,0.262638269391443,PASS,
VIVOSDEV10_014,VIVOSDEV10,VIVOS,real,traffic,5,4.999999918197569,unfiltered,benchmark_data/expanded_generated/stt/real/noisy/5/VIVOSDEV10_014.wav,sau khi đọc những thông tin trên báo,sau khi lọc những thông tin trên báo,0.125,0.027777777777777776,1,0,0,8,36,1,0.8029342999798246,3.0625,0.2621826285648407,PASS,
VIVOSDEV10_014,VIVOSDEV10,VIVOS,real,traffic,5,4.999999918197569,dtln,benchmark_data/expanded_generated/stt/real/dtln/5/VIVOSDEV10_014.wav,sau khi đọc những thông tin trên báo,sau khi lọc những thông tin trên,0.25,0.1388888888888889,1,1,0,8,36,5,0.8562376000336371,3.0625,0.2795877877660856,PASS,
VIVOSDEV10_014,VIVOSDEV10,VIVOS,real,traffic,0,-2.4671500218518846e-07,unfiltered,benchmark_data/expanded_generated/stt/real/noisy/0/VIVOSDEV10_014.wav,sau khi đọc những thông tin trên báo,sau khi lọc những thông tin trên,0.25,0.1388888888888889,1,1,0,8,36,5,0.7773911000113003,3.0625,0.2538419918404246,PASS,
VIVOSDEV10_014,VIVOSDEV10,VIVOS,real,traffic,0,-2.4671500218518846e-07,dtln,benchmark_data/expanded_generated/stt/real/dtln/0/VIVOSDEV10_014.wav,sau khi đọc những thông tin trên báo,sau khi lọc những thông tin trên,0.25,0.1388888888888889,1,1,0,8,36,5,0.7502631000243127,3.0625,0.24498386939569394,PASS,
VIVOSDEV11_022,VIVOSDEV11,VIVOS,synthetic,gaussian,20,20.000000233947688,unfiltered,benchmark_data/expanded_generated/stt/synthetic/noisy/20/VIVOSDEV11_022.wav,sẽ làm giảm tình trạng ói ọc của trẻ,sẽ làm tình trạng ói ọc của trẻ,0.1111111111111111,0.1388888888888889,0,1,0,9,36,5,0.7252253000042401,2.75,0.26371829091063276,PASS,
VIVOSDEV11_022,VIVOSDEV11,VIVOS,synthetic,gaussian,20,20.000000233947688,dtln,benchmark_data/expanded_generated/stt/synthetic/dtln/20/VIVOSDEV11_022.wav,sẽ làm giảm tình trạng ói ọc của trẻ,sẽ làm tình trạng ói ọc của trẻ,0.1111111111111111,0.1388888888888889,0,1,0,9,36,5,0.6991046000039205,2.75,0.2542198545468802,PASS,
VIVOSDEV11_022,VIVOSDEV11,VIVOS,synthetic,gaussian,15,14.999999898932941,unfiltered,benchmark_data/expanded_generated/stt/synthetic/noisy/15/VIVOSDEV11_022.wav,sẽ làm giảm tình trạng ói ọc của trẻ,sẽ làm tình trạng ói ọc của trẻ,0.1111111111111111,0.1388888888888889,0,1,0,9,36,5,0.7605609999736771,2.75,0.2765676363540644,PASS,
VIVOSDEV11_022,VIVOSDEV11,VIVOS,synthetic,gaussian,15,14.999999898932941,dtln,benchmark_data/expanded_generated/stt/synthetic/dtln/15/VIVOSDEV11_022.wav,sẽ làm giảm tình trạng ói ọc của trẻ,sẽ làm tình trạng ói ọc của trẻ,0.1111111111111111,0.1388888888888889,0,1,0,9,36,5,0.7253032000153325,2.75,0.26374661818739364,PASS,
VIVOSDEV11_022,VIVOSDEV11,VIVOS,synthetic,gaussian,10,9.999999598860036,unfiltered,benchmark_data/expanded_generated/stt/synthetic/noisy/10/VIVOSDEV11_022.wav,sẽ làm giảm tình trạng ói ọc của trẻ,sẽ làm tình trạng ói ọc của trẻ,0.1111111111111111,0.1388888888888889,0,1,0,9,36,5,0.880408399971202,2.75,0.32014850908043707,PASS,
VIVOSDEV11_022,VIVOSDEV11,VIVOS,synthetic,gaussian,10,9.999999598860036,dtln,benchmark_data/expanded_generated/stt/synthetic/dtln/10/VIVOSDEV11_022.wav,sẽ làm giảm tình trạng ói ọc của trẻ,kẻ làm tình trạng ói ọc của trẻ,0.2222222222222222,0.19444444444444445,1,1,0,9,36,7,0.708652000001166,2.75,0.2576916363640604,PASS,
VIVOSDEV11_022,VIVOSDEV11,VIVOS,synthetic,gaussian,5,5.000000064546627,unfiltered,benchmark_data/expanded_generated/stt/synthetic/noisy/5/VIVOSDEV11_022.wav,sẽ làm giảm tình trạng ói ọc của trẻ,sẽ làm tình trạng ói ọc của trẻ,0.1111111111111111,0.1388888888888889,0,1,0,9,36,5,0.7020319000002928,2.75,0.25528432727283373,PASS,
VIVOSDEV11_022,VIVOSDEV11,VIVOS,synthetic,gaussian,5,5.000000064546627,dtln,benchmark_data/expanded_generated/stt/synthetic/dtln/5/VIVOSDEV11_022.wav,sẽ làm giảm tình trạng ói ọc của trẻ,kẻ làm tình trạng ói học của trẻ,0.3333333333333333,0.2222222222222222,2,1,0,9,36,8,0.8450784000451677,2.75,0.30730123638006096,PASS,
VIVOSDEV11_022,VIVOSDEV11,VIVOS,synthetic,gaussian,0,-9.435062048269024e-08,unfiltered,benchmark_data/expanded_generated/stt/synthetic/noisy/0/VIVOSDEV11_022.wav,sẽ làm giảm tình trạng ói ọc của trẻ,sẽ làm tình trạng ói ọc của trẻ,0.1111111111111111,0.1388888888888889,0,1,0,9,36,5,0.9267136999987997,2.75,0.33698679999956355,PASS,
VIVOSDEV11_022,VIVOSDEV11,VIVOS,synthetic,gaussian,0,-9.435062048269024e-08,dtln,benchmark_data/expanded_generated/stt/synthetic/dtln/0/VIVOSDEV11_022.wav,sẽ làm giảm tình trạng ói ọc của trẻ,vẽ làm tình trạng hóa học của trẻ,0.4444444444444444,0.25,3,1,0,9,36,9,0.9188773999921978,2.75,0.3341372363607992,PASS,
VIVOSDEV11_022,VIVOSDEV11,VIVOS,real,cafeteria,20,19.999999886220127,unfiltered,benchmark_data/expanded_generated/stt/real/noisy/20/VIVOSDEV11_022.wav,sẽ làm giảm tình trạng ói ọc của trẻ,sẽ làm tình trạng ói ọc của trẻ,0.1111111111111111,0.1388888888888889,0,1,0,9,36,5,0.9090020000003278,2.75,0.33054618181830103,PASS,
VIVOSDEV11_022,VIVOSDEV11,VIVOS,real,cafeteria,20,19.999999886220127,dtln,benchmark_data/expanded_generated/stt/real/dtln/20/VIVOSDEV11_022.wav,sẽ làm giảm tình trạng ói ọc của trẻ,sẽ làm tình trạng ói ọc của trẻ,0.1111111111111111,0.1388888888888889,0,1,0,9,36,5,0.85587279999163,2.75,0.3112264727242291,PASS,
VIVOSDEV11_022,VIVOSDEV11,VIVOS,real,cafeteria,15,14.999999980629784,unfiltered,benchmark_data/expanded_generated/stt/real/noisy/15/VIVOSDEV11_022.wav,sẽ làm giảm tình trạng ói ọc của trẻ,sẽ làm tình trạng ói ọc của trẻ,0.1111111111111111,0.1388888888888889,0,1,0,9,36,5,0.8511634999886155,2.75,0.3095139999958602,PASS,
VIVOSDEV11_022,VIVOSDEV11,VIVOS,real,cafeteria,15,14.999999980629784,dtln,benchmark_data/expanded_generated/stt/real/dtln/15/VIVOSDEV11_022.wav,sẽ làm giảm tình trạng ói ọc của trẻ,sẽ làm tình trạng ói ọc của trẻ,0.1111111111111111,0.1388888888888889,0,1,0,9,36,5,0.7316488999640569,2.75,0.26605414544147526,PASS,
VIVOSDEV11_022,VIVOSDEV11,VIVOS,real,cafeteria,10,10.000000053806087,unfiltered,benchmark_data/expanded_generated/stt/real/noisy/10/VIVOSDEV11_022.wav,sẽ làm giảm tình trạng ói ọc của trẻ,sẽ làm tình trạng ói ọc của trẻ,0.1111111111111111,0.1388888888888889,0,1,0,9,36,5,0.7669287999742664,2.75,0.2788831999906423,PASS,
VIVOSDEV11_022,VIVOSDEV11,VIVOS,real,cafeteria,10,10.000000053806087,dtln,benchmark_data/expanded_generated/stt/real/dtln/10/VIVOSDEV11_022.wav,sẽ làm giảm tình trạng ói ọc của trẻ,sẽ làm tình trạng ói ọc của trẻ,0.1111111111111111,0.1388888888888889,0,1,0,9,36,5,0.8445980999968015,2.75,0.30712658181701874,PASS,
VIVOSDEV11_022,VIVOSDEV11,VIVOS,real,cafeteria,5,5.0000001713770015,unfiltered,benchmark_data/expanded_generated/stt/real/noisy/5/VIVOSDEV11_022.wav,sẽ làm giảm tình trạng ói ọc của trẻ,sẽ làm tình trạng ói ọc của trẻ,0.1111111111111111,0.1388888888888889,0,1,0,9,36,5,0.8062134999781847,2.75,0.29316854544661264,PASS,
VIVOSDEV11_022,VIVOSDEV11,VIVOS,real,cafeteria,5,5.0000001713770015,dtln,benchmark_data/expanded_generated/stt/real/dtln/5/VIVOSDEV11_022.wav,sẽ làm giảm tình trạng ói ọc của trẻ,sẽ làm tình trạng ói ọc của trẻ,0.1111111111111111,0.1388888888888889,0,1,0,9,36,5,0.8883311000536196,2.75,0.32302949092858896,PASS,
VIVOSDEV11_022,VIVOSDEV11,VIVOS,real,cafeteria,0,-2.52279206220483e-07,unfiltered,benchmark_data/expanded_generated/stt/real/noisy/0/VIVOSDEV11_022.wav,sẽ làm giảm tình trạng ói ọc của trẻ,sẽ làm tình trạng đối đầu của trẻ,0.3333333333333333,0.2777777777777778,2,1,0,9,36,10,0.7268178000231273,2.75,0.26429738182659174,PASS,
VIVOSDEV11_022,VIVOSDEV11,VIVOS,real,cafeteria,0,-2.52279206220483e-07,dtln,benchmark_data/expanded_generated/stt/real/dtln/0/VIVOSDEV11_022.wav,sẽ làm giảm tình trạng ói ọc của trẻ,kẻ làm tình trạng toán học của trẻ,0.4444444444444444,0.3333333333333333,3,1,0,9,36,12,0.9481722000055015,2.75,0.34478989091109147,PASS,
