elapsed_seconds,processed_events,cpu_percent_total_capacity,rss_mb,traced_current_mb,traced_peak_mb,exceptions
1.001104100025259,15200,12.291116877545042,,0.06485462188720703,0.07101249694824219,0
2.005820300022606,29400,11.663741462545289,,0.0778665542602539,0.11325740814208984,0
3.0107604000368156,44200,12.04984754795711,,0.08557891845703125,0.12220954895019531,0
4.016428700007964,59000,12.235333956885198,,0.09385871887207031,0.12999534606933594,0
5.022888600011356,72800,11.061357238338534,,0.10211753845214844,0.13764476776123047,0
6.023741200042423,87600,11.90391322321607,,0.11019039154052734,0.145904541015625,0
7.023991800029762,101600,11.715814017155632,,0.11763191223144531,0.1535329818725586,0
8.02634720003698,115500,11.496358975984982,,0.12532520294189453,0.16116046905517578,0
9.029205500031821,130100,11.880105594241266,,0.10694217681884766,0.16116046905517578,0
10.030224399990402,144600,12.09704931695201,,0.11404800415039062,0.16116046905517578,0
11.03392720001284,159300,12.453885751559682,,0.1211862564086914,0.16116046905517578,0
12.036324799992144,173700,12.080411006820068,,0.1282358169555664,0.16405963897705078,0
13.03796450002119,187900,12.089551761625318,,0.13529300689697266,0.17078304290771484,0
14.042031900025904,202800,12.060320850914131,,0.1425333023071289,0.17801856994628906,0
15.043558800010942,217200,12.090913384534062,,0.14972496032714844,0.18515682220458984,0
16.043698800029233,231700,11.912394764515076,,0.15697383880615234,0.19231605529785156,0
17.046512600034475,246100,11.685868303705773,,0.16442298889160156,0.19952011108398438,0
18.049718599999323,260100,12.460053070294629,,0.1727123260498047,0.20772361755371094,0
19.055579300038517,274700,12.232993593964405,,0.18046283721923828,0.2158031463623047,0
20.05890270002419,288900,11.874598459649308,,0.15056800842285156,0.2158031463623047,0
21.062011100002564,303600,12.071850859050802,,0.1578531265258789,0.2158031463623047,0
22.0624123000307,318200,12.299752838814996,,0.1650848388671875,0.2158031463623047,0
23.068962900026236,332600,11.836526151842591,,0.172149658203125,0.2158031463623047,0
24.069620200025383,347300,12.101420736160437,,0.1794271469116211,0.2158031463623047,0
25.072556300030556,361900,11.879184027714786,,0.1865863800048828,0.22223854064941406,0
26.078798500006087,376400,12.228355658607052,,0.19365787506103516,0.22919082641601562,0
27.08146419998957,390900,12.077180859183175,,0.2004261016845703,0.23615264892578125,0
28.083676500013098,405500,12.27752592909817,,0.2073221206665039,0.24270057678222656,0
29.08478820003802,420000,11.705736732183109,,0.21437931060791016,0.25028038024902344,0
30.088346200005617,434100,12.06644259762862,,0.2217998504638672,0.25714778900146484,0
31.093820000009146,448700,11.654953117583844,,0.19182872772216797,0.25714778900146484,0
32.10024150001118,462700,11.44991189077013,,0.19850540161132812,0.25714778900146484,0
33.10240730002988,476700,11.88831478761066,,0.20528793334960938,0.25714778900146484,0
34.104615100019146,489600,11.303169861700683,,0.2120046615600586,0.25714778900146484,0
35.110382799990475,502900,12.039932282917011,,0.21865367889404297,0.25714778900146484,0
36.11326860002009,517300,12.074530320044806,,0.2257080078125,0.2610816955566406,0
37.11975429998711,531400,12.031343317045486,,0.23253345489501953,0.2684049606323242,0
38.124656500003766,544600,11.855942299462072,,0.2390899658203125,0.2749156951904297,0
39.128612100030296,558200,12.256206847867428,,0.24567127227783203,0.2814950942993164,0
40.13368020002963,572200,11.853985317022685,,0.25235843658447266,0.28816986083984375,0
41.138290800037794,586600,11.859383625758262,,0.25957298278808594,0.2951173782348633,0
42.1391023999895,600700,12.099555001744955,,0.2296457290649414,0.2951173782348633,0
43.14247530000284,613700,12.068668587559948,,0.23651790618896484,0.2951173782348633,0
44.14727389998734,626000,12.051544458946138,,0.24300384521484375,0.2951173782348633,0
45.15321770001901,640300,11.843666116958893,,0.2498331069946289,0.2951173782348633,0
46.158482099999674,654900,12.434539609918025,,0.2566967010498047,0.2951173782348633,0
47.16342600004282,669400,12.244153628348537,,0.2635002136230469,0.29906272888183594,0
48.1687099999981,683900,12.240011280938873,,0.27013683319091797,0.3058748245239258,0
49.175383499998134,698100,12.417134254551831,,0.27695560455322266,0.31250667572021484,0
50.181700200017076,712400,12.033363850338626,,0.28349876403808594,0.3194894790649414,0
51.18589510000311,726500,11.475299765175349,,0.2901802062988281,0.32591819763183594,0
52.187413200037554,740400,12.286036068221634,,0.29718971252441406,0.3326997756958008,0
53.19066449999809,754700,12.070131382312988,,0.2673358917236328,0.3326997756958008,0
54.1947860000073,768800,11.865160241953568,,0.2743501663208008,0.3326997756958008,0
55.20044260000577,783000,12.041262395153945,,0.2807502746582031,0.3326997756958008,0
56.20135380001739,797100,11.512946902648586,,0.2877483367919922,0.3326997756958008,0
57.20165290002478,811700,11.715245969843771,,0.29443836212158203,0.3326997756958008,0
58.202091399987694,825800,12.104067366908538,,0.3010368347167969,0.33711910247802734,0
59.20526419999078,839600,12.460465435228663,,0.30795860290527344,0.34381866455078125,0
60.20863160002045,854000,11.874077730298639,,0.31473731994628906,0.3506965637207031,0
61.214452799991705,868100,12.427656128502045,,0.3215456008911133,0.3573179244995117,0
62.2175309000304,882100,11.87750235952757,,0.32817649841308594,0.36412525177001953,0
63.24864260002505,895200,11.554579877293389,,0.33501434326171875,0.3706960678100586,0
64.24936770001659,908600,12.100600854422813,,0.30487728118896484,0.3706960678100586,0
65.249812700029,922500,12.494439974056547,,0.311553955078125,0.3706960678100586,0
66.25687949999701,936500,12.02440096365464,,0.31851959228515625,0.3706960678100586,0
67.26221050001914,950900,12.045162239832957,,0.3250455856323242,0.3706960678100586,0
68.26299890002701,965000,11.514359578817356,,0.3316221237182617,0.3706960678100586,0
69.26693039998645,978600,11.867405794599929,,0.3382530212402344,0.3740367889404297,0
70.26704750000499,992900,12.30324678957281,,0.3447532653808594,0.3808917999267578,0
71.26800430001458,1007200,11.9026740213822,,0.3512277603149414,0.3871917724609375,0
72.2715188000002,1021300,12.066965649398796,,0.35661792755126953,0.3938465118408203,0
73.28015090001281,1033700,11.812099277676115,,0.3618001937866211,0.3991975784301758,0
74.28823030000785,1044500,11.81857550115459,,0.3673086166381836,0.4044771194458008,0
75.2901049000211,1056200,11.891770187449016,,0.3731851577758789,0.4100942611694336,0
76.29117550002411,1069900,12.096424567821353,,0.3790130615234375,0.41619300842285156,0
77.29260460002115,1083500,12.092094188231393,,0.3401765823364258,0.41619300842285156,0
78.295511000033,1097800,11.879535816960784,,0.3456544876098633,0.41619300842285156,0
79.29570330004208,1111900,12.302321763413246,,0.35103893280029297,0.41619300842285156,0
80.29790460004006,1125900,12.47254418850307,,0.35638999938964844,0.41619300842285156,0
81.29815149999922,1139500,12.301650223062257,,0.3618898391723633,0.41619300842285156,0
82.30063220002921,1153500,12.079409608222601,,0.3671989440917969,0.41619300842285156,0
83.30594120000023,1167300,11.074020525351822,,0.3727397918701172,0.41619300842285156,0
84.31192060001194,1176400,11.843246988816377,,0.3776712417602539,0.41619300842285156,0
85.31898129999172,1188700,12.024473798096976,,0.3829507827758789,0.4203023910522461,0
86.3252031999873,1201500,12.034497559686574,,0.3881216049194336,0.4255237579345703,0
87.32604260003427,1215600,12.294367607252997,,0.39356040954589844,0.43070030212402344,0
88.32728100003442,1229100,12.28946822255138,,0.3989067077636719,0.4360523223876953,0
89.33293840003898,1243000,11.847039061161297,,0.40451622009277344,0.441253662109375,0
90.33563079999294,1256700,12.076859264671844,,0.4104633331298828,0.44733619689941406,0
91.34223070001462,1266700,11.835946436854758,,0.41602039337158203,0.45327281951904297,0
92.34275230002822,1280400,12.298272720781599,,0.42200756072998047,0.4589242935180664,0
93.34950599999866,1294400,12.222142814435536,,0.4279012680053711,0.4646425247192383,0
94.35303490003571,1307800,11.677541124692373,,0.43392467498779297,0.4706277847290039,0
95.35744500003057,1321700,11.861750992011139,,0.4398307800292969,0.47675609588623047,0
96.35799129999941,1335600,12.297969119852953,,0.3785409927368164,0.47675609588623047,0
97.35888399998657,1349600,12.488851202691691,,0.3839855194091797,0.47675609588623047,0
98.36326050001662,1363500,11.862147809754173,,0.38942813873291016,0.47675609588623047,0
99.365417300025,1377400,12.083313708891417,,0.39492034912109375,0.47675609588623047,0
100.36982930003433,1390800,11.472819420609294,,0.4001340866088867,0.47675609588623047,0
101.3743281000061,1404500,12.055141330522556,,0.40572357177734375,0.47675609588623047,0
102.37664670002414,1418100,12.27622384716646,,0.4111146926879883,0.47675609588623047,0
103.37799340003403,1431900,12.288139063002326,,0.41647815704345703,0.47675609588623047,0
104.3797277000267,1446000,11.893435714527392,,0.4220705032348633,0.47675609588623047,0
105.38187480001943,1460100,12.083430666104702,,0.4277458190917969,0.47675609588623047,0
106.38636280002538,1474200,11.860831089997527,,0.4331321716308594,0.47675609588623047,0
107.39002980000805,1488200,12.259731066392002,,0.4387178421020508,0.47675609588623047,0
108.39092790003633,1502300,11.903372081197247,,0.44412708282470703,0.48145008087158203,0
109.39483230002224,1516400,12.256831925602338,,0.4497995376586914,0.48691558837890625,0
110.39744959998643,1530400,12.272566512107394,,0.4550657272338867,0.49205589294433594,0
111.40261920000194,1544000,12.047096330622411,,0.46053123474121094,0.4977531433105469,0
112.40304720000131,1557500,12.10419440480232,,0.4668550491333008,0.5041732788085938,0
113.40651430003345,1568000,11.872897975049117,,0.4721193313598633,0.5095424652099609,0
114.40712250000797,1580900,11.906820771909885,,0.47782230377197266,0.5148792266845703,0
115.41031669999938,1593400,12.070818391995946,,0.48380374908447266,0.5208902359008789,0
116.41366060002474,1606800,11.874355841201513,,0.4184894561767578,0.5208902359008789,0
117.41958530002739,1620800,12.038053146491064,,0.42397594451904297,0.5208902359008789,0
118.42299670004286,1634400,12.06820552349052,,0.4292154312133789,0.5208902359008789,0
119.42747870000312,1647900,12.24978396873889,,0.4344215393066406,0.5208902359008789,0
120.43338609999046,1659100,11.649929208342172,,0.4395627975463867,0.5208902359008789,0
121.45013449998805,1666800,11.141522327477267,,0.4446096420288086,0.5208902359008789,0
122.45507070003077,1678000,11.855541177134947,,0.4495267868041992,0.5208902359008789,0
123.46559440001147,1689000,11.403431211183019,,0.4548492431640625,0.5208902359008789,0
124.47069480002392,1699400,11.659282992877943,,0.46013450622558594,0.5208902359008789,0
125.49656470003538,1707300,11.423232127065155,,0.46510982513427734,0.5208902359008789,0
126.49924440000905,1712400,9.934316512303562,,0.4697113037109375,0.5208902359008789,0
127.49994479998713,1723200,11.71054793248471,,0.4749746322631836,0.5208902359008789,0
128.50015999999596,1737000,12.302040100861737,,0.48005008697509766,0.5208902359008789,0
129.50617000000784,1750600,12.037032434923068,,0.48566436767578125,0.5225095748901367,0
130.5125418000389,1764600,11.83862912258913,,0.49099063873291016,0.5280256271362305,0
131.5138028000365,1778300,12.289190830392222,,0.4965076446533203,0.5336132049560547,0
132.51492510002572,1792100,12.29089343043552,,0.501856803894043,0.5390462875366211,0
133.5212884999928,1805900,12.03280544621958,,0.5072259902954102,0.5443181991577148,0
134.52786720002769,1818900,12.224267709592532,,0.5126333236694336,0.5499048233032227,0
135.5340960000176,1829700,11.646208099109746,,0.5180578231811523,0.5550594329833984,0
136.5402224000427,1843500,11.841516632207274,,0.5240077972412109,0.5609245300292969,0
137.54162680002628,1856800,11.312238093007872,,0.45510292053222656,0.5609245300292969,0
138.54377510002814,1870800,11.693628577704727,,0.4603843688964844,0.5609245300292969,0
139.54783029999817,1884600,12.44951472824718,,0.46581459045410156,0.5609245300292969,0
140.551669700013,1898200,12.257625572196206,,0.4711904525756836,0.5609245300292969,0
141.553931500006,1912000,12.276919563417481,,0.4762306213378906,0.5609245300292969,0
142.55512299999828,1925100,11.899883788557874,,0.48183441162109375,0.5609245300292969,0
143.56043990002945,1938900,11.656772108015486,,0.48708534240722656,0.5609245300292969,0
144.56362890003948,1952900,12.265572588891068,,0.4925727844238281,0.5609245300292969,0
145.56443960004253,1966800,11.904411593484761,,0.49796581268310547,0.5609245300292969,0
146.57064400002128,1980800,12.034706864982734,,0.5034036636352539,0.5609245300292969,0
147.57564480003202,1994400,11.85477912044705,,0.5085649490356445,0.5609245300292969,0
148.58154490002198,2004900,12.232514441665566,,0.5126781463623047,0.5609245300292969,0
149.59225899999728,2018300,11.59452509892397,,0.5168991088867188,0.5609245300292969,0
150.59671340003842,2031500,12.25012056246259,,0.5212421417236328,0.5609245300292969,0
151.59701470000437,2045700,12.300981214778954,,0.5256567001342773,0.5640192031860352,0
152.5985015000333,2059500,12.091397509832426,,0.5297689437866211,0.5681276321411133,0
153.60428090003552,2073000,11.845602027615405,,0.5338830947875977,0.5722417831420898,0
154.60727159999078,2087300,11.683807238215376,,0.5381479263305664,0.5765151977539062,0
155.6099908000324,2101300,12.466102174448515,,0.5421962738037109,0.5806493759155273,0
156.61489190004067,2115300,12.244675122654936,,0.546539306640625,0.5846443176269531,0
157.61629159998847,2128800,12.287488702704271,,0.5510101318359375,0.5890607833862305,0
158.62276970001403,2142400,12.031434166021564,,0.5558719635009766,0.5937576293945312,0
159.62819080002373,2156300,12.238342222856978,,0.5606231689453125,0.5987710952758789,0
160.63364000001457,2170000,12.23800018947965,,0.5654020309448242,0.6033191680908203,0
161.63753150001867,2183500,11.673323262476195,,0.5701751708984375,0.6082677841186523,0
162.64017000002787,2196900,12.077508493728212,,0.4850931167602539,0.6082677841186523,0
163.64574810001068,2210800,12.236431461872835,,0.489349365234375,0.6082677841186523,0
164.6491485000006,2224400,11.679036604049383,,0.49352550506591797,0.6082677841186523,0
165.65127790003316,2237800,11.888746602597184,,0.49755096435546875,0.6082677841186523,0
166.65690530004213,2251500,12.041612032341291,,0.5020065307617188,0.6082677841186523,0
167.65794980002102,2265200,12.09673995537199,,0.5061120986938477,0.6082677841186523,0
168.6637866999954,2278400,11.844924858397446,,0.5103330612182617,0.6082677841186523,0
169.66654659999767,2291100,11.881271379093814,,0.5144433975219727,0.6082677841186523,0
170.669038299995,2302400,12.079277065368405,,0.5186176300048828,0.6082677841186523,0
171.67072769999504,2315100,12.088951924618163,,0.5226755142211914,0.6082677841186523,0
172.67674720002105,2328900,12.231062618251261,,0.5268964767456055,0.6082677841186523,0
173.6795487999916,2342000,12.075544155848563,,0.5311203002929688,0.6082677841186523,0
174.68085860001156,2355700,11.898477873443948,,0.5353946685791016,0.6082677841186523,0
175.68845660000807,2369100,12.018061766738317,,0.5395545959472656,0.6082677841186523,0
176.6904024000396,2380900,11.890925137492484,,0.5437250137329102,0.6082677841186523,0
177.69516240002122,2391100,11.857620227933033,,0.5478954315185547,0.6082677841186523,0
178.70937960001174,2400500,11.939626936038078,,0.5521163940429688,0.6082677841186523,0
179.71222029998899,2411300,11.490795597208523,,0.5562734603881836,0.6082677841186523,0
180.7175697000348,2421900,11.073575514634667,,0.560394287109375,0.6082677841186523,0
181.7225528000272,2434500,12.438020102123797,,0.5645599365234375,0.6082677841186523,0
182.72746940003708,2448300,12.24448625873916,,0.5686740875244141,0.6082677841186523,0
183.72924310003873,2461500,12.08793463032625,,0.5727882385253906,0.6111593246459961,0
184.7331093000248,2474900,11.868177751342989,,0.5769624710083008,0.6152763366699219,0
185.7332802999881,2486500,12.302583758628753,,0.5810995101928711,0.6193733215332031,0
186.7335877000005,2496900,12.105653721895916,,0.5856361389160156,0.6234722137451172,0
187.73520380002446,2509400,12.479831344265438,,0.5904703140258789,0.628387451171875,0
188.73598390002735,2522800,12.099935840016297,,0.5953359603881836,0.633427619934082,0
189.73716339998646,2536400,12.290191219958635,,0.6000633239746094,0.6381559371948242,0
190.74276620004093,2549600,11.847682304936491,,0.6047163009643555,0.6426887512207031,0
191.74283190001734,2563100,12.108579466614767,,0.6094894409179688,0.6475820541381836,0
192.7492884999956,2576600,11.643572112551182,,0.6143083572387695,0.6524562835693359,0
193.75407399999676,2589900,12.05170158206502,,0.6190977096557617,0.6570138931274414,0
194.75931940000737,2603100,11.851894572085854,,0.5076999664306641,0.6570138931274414,0
195.79996229999233,2612800,11.261067557535224,,0.5121088027954102,0.6570138931274414,0
196.8048730000155,2625600,12.050200082177199,,0.5163612365722656,0.6570138931274414,0
197.80786070000613,2637700,12.073303590974415,,0.520477294921875,0.6570138931274414,0
198.8092553000315,2651500,12.092510784153534,,0.5246353149414062,0.6570138931274414,0
199.81374459998915,2664900,12.249694945002293,,0.5287504196166992,0.6570138931274414,0
200.81682060001185,2678600,12.266954348146617,,0.5329265594482422,0.6570138931274414,0
201.82322489999933,2692300,12.032316435999572,,0.5370407104492188,0.6570138931274414,0
202.82671370002208,2706300,12.06727469178077,,0.5414638519287109,0.6570138931274414,0
203.8333492000238,2720400,12.417602995303294,,0.5455694198608398,0.6570138931274414,0
204.83696200000122,2733700,12.0657837367882,,0.5496730804443359,0.6570138931274414,0
205.84179370000493,2747700,12.051147470721055,,0.5539445877075195,0.6570138931274414,0
206.8423257000395,2761500,12.102936237503107,,0.5580997467041016,0.6570138931274414,0
207.84600730001694,2775400,12.454148806036832,,0.5622196197509766,0.6570138931274414,0
208.84940589999314,2789000,11.679057555270525,,0.5662097930908203,0.6570138931274414,0
209.85606060002465,2802100,12.02932346078653,,0.5704946517944336,0.6570138931274414,0
210.860754000023,2815700,12.441606563773995,,0.5746116638183594,0.6570138931274414,0
211.86690930003533,2829700,12.2294118013882,,0.5787992477416992,0.6570138931274414,0
212.8722492000088,2843500,12.045055607878945,,0.5831203460693359,0.6570138931274414,0
213.8747616999899,2857300,12.07902644628208,,0.5872802734375,0.6570138931274414,0
214.88049360003788,2867200,9.904167800111374,,0.5913467407226562,0.6570138931274414,0
215.88423120003426,2881000,11.869698315618463,,0.5953655242919922,0.6570138931274414,0
216.8886066999985,2895000,12.056621254133852,,0.5995244979858398,0.6570138931274414,0
217.89275629998883,2908900,12.448344350403794,,0.6035995483398438,0.6570138931274414,0
218.89467650000006,2922800,12.281105321423919,,0.6078691482543945,0.6570138931274414,0
219.89883530000225,2936300,12.253726701367547,,0.6123876571655273,0.6570138931274414,0
220.9042061000364,2950100,12.044685403225117,,0.6165590286254883,0.6570138931274414,0
221.90572989999782,2963800,12.48098148090076,,0.6208639144897461,0.6590709686279297,0
222.90923500002827,2977600,12.067078682143752,,0.6249799728393555,0.6633386611938477,0
223.91672800004017,2991100,12.21317418568146,,0.6290836334228516,0.6674423217773438,0
224.91747059999034,3004400,11.12455140867823,,0.6333475112915039,0.6714859008789062,0
225.92120869999053,3017700,11.86969240282672,,0.6377429962158203,0.6756591796875,0
226.92694929998834,3031300,12.428652079897393,,0.6423883438110352,0.6805706024169922,0
227.9298575000139,3045000,12.074260634912946,,0.6473312377929688,0.6853265762329102,0
228.9325353000313,3058600,12.07703511515838,,0.48769187927246094,0.6853265762329102,0
229.93647220003186,3072000,12.061888550957061,,0.49166297912597656,0.6853265762329102,0
230.9573932000203,3081600,11.478606082285117,,0.4958629608154297,0.6853265762329102,0
231.96149900002638,3095000,12.05985962826503,,0.5000333786010742,0.6853265762329102,0
232.96841560001485,3107500,12.026194622413259,,0.5043983459472656,0.6853265762329102,0
233.97431120002875,3120600,11.650065871486124,,0.5084161758422852,0.6853265762329102,0
234.97561940003652,3133900,12.09355421228552,,0.5130481719970703,0.6853265762329102,0
235.97712270001648,3145500,12.091198301835176,,0.5170726776123047,0.6853265762329102,0
236.98151260003215,3159500,12.05644839699315,,0.5197725296020508,0.6853265762329102,0
237.9825515000266,3173600,12.291917427053189,,0.5238552093505859,0.6853265762329102,0
238.98270069999853,3187000,12.107568551112044,,0.5279703140258789,0.6853265762329102,0
239.9835330999922,3200700,12.099303539810059,,0.5320777893066406,0.6853265762329102,0
240.9887485000072,3211900,11.657949131922456,,0.536158561706543,0.6853265762329102,0
241.99500080000143,3225800,11.840035048931878,,0.5403852462768555,0.6853265762329102,0
243.00181099999463,3239600,11.639482794353082,,0.5444507598876953,0.6853265762329102,0
244.0037236000062,3253000,11.696379504424572,,0.548614501953125,0.6853265762329102,0
245.0070870000054,3266600,11.874125067756415,,0.5527744293212891,0.6853265762329102,0
246.0099451999995,3280100,11.880106778874952,,0.5569944381713867,0.6853265762329102,0
247.0274347999948,3290500,10.941450900383906,,0.5611085891723633,0.6853265762329102,0
248.03567020001356,3300000,11.816746862665664,,0.5657005310058594,0.6853265762329102,0
249.04432069999166,3304500,11.03733404211041,,0.5699491500854492,0.6853265762329102,0
250.04984610003885,3308800,11.26587652531538,,0.5739402770996094,0.6853265762329102,0
251.05290320003405,3316600,11.488316567476673,,0.5781936645507812,0.6853265762329102,0
252.06216530001257,3325900,11.8047259480502,,0.5822534561157227,0.6853265762329102,0
253.066457500041,3334900,12.057621277609439,,0.5865249633789062,0.6853265762329102,0
254.07127499999478,3343300,11.273813404445074,,0.5906658172607422,0.6853265762329102,0
255.07600220001768,3353700,11.274826639252748,,0.5948772430419922,0.6853265762329102,0
256.0836806000443,3364300,11.629454397047963,,0.5989360809326172,0.6853265762329102,0
257.0882677999907,3374700,11.665239215296848,,0.6031513214111328,0.6853265762329102,0
258.09705480001867,3383300,11.423063044706876,,0.6071481704711914,0.6853265762329102,0
259.0994717000285,3393900,11.495653654569061,,0.6115484237670898,0.6853265762329102,0
260.1068389000138,3405600,11.82693113312974,,0.61566162109375,0.6853265762329102,0
261.1105698000174,3416300,11.86977754690781,,0.619847297668457,0.6853265762329102,0
262.1113675000379,3425900,10.733625286888774,,0.6240272521972656,0.6853265762329102,0
263.1123263000045,3437700,11.122148584308722,,0.6281242370605469,0.6853265762329102,0
264.12682860001223,3446900,11.936271608164596,,0.6322622299194336,0.6853265762329102,0
265.133283400035,3454800,11.449533053783776,,0.505976676940918,0.6853265762329102,0
266.1340116999927,3463300,11.710221446216062,,0.510127067565918,0.6853265762329102,0
267.13630700000795,3472500,10.71758742142817,,0.5141935348510742,0.6853265762329102,0
268.1389917000197,3483700,11.687372909811803,,0.5183572769165039,0.6853265762329102,0
269.1494429000304,3494800,12.370711222736317,,0.5219602584838867,0.6853265762329102,0
270.1505515000317,3503800,10.925388114721637,,0.5259523391723633,0.6853265762329102,0
271.1528992000385,3514800,12.081012407089794,,0.5305356979370117,0.6853265762329102,0
272.15792850003345,3525700,11.660107819800984,,0.5345611572265625,0.6853265762329102,0
273.16127119999146,3537200,12.069031847749288,,0.5387563705444336,0.6853265762329102,0
274.16293120000046,3549300,11.699329113566225,,0.5429649353027344,0.6853265762329102,0
275.16323260002537,3561200,12.10572633378145,,0.5469551086425781,0.6853265762329102,0
276.1783316000365,3571400,11.92925517596562,,0.5510663986206055,0.6853265762329102,0
277.1807226000237,3578200,10.716564195145981,,0.5553197860717773,0.6853265762329102,0
278.18185160000576,3588300,12.0957189335414,,0.5595359802246094,0.6853265762329102,0
279.18430950003676,3599600,11.88485072503446,,0.5637130737304688,0.6853265762329102,0
280.18785430002026,3611800,11.871978710064434,,0.5679435729980469,0.6853265762329102,0
281.1929208000074,3624000,11.271020375412787,,0.5721139907836914,0.6853265762329102,0
282.1992669000174,3636000,11.450769769849305,,0.5762739181518555,0.6853265762329102,0
283.2020572000183,3647600,11.880911193485831,,0.5809459686279297,0.6853265762329102,0
284.20657630002825,3660100,12.249331545690243,,0.5851106643676758,0.6853265762329102,0
285.2199754000176,3667200,10.79288505398828,,0.5893306732177734,0.6853265762329102,0
286.2214203000185,3678500,11.89687270861222,,0.5936088562011719,0.6853265762329102,0
287.2262125000125,3691200,12.051621220858054,,0.5976686477661133,0.6853265762329102,0
288.23062410001876,3702700,11.47282398961538,,0.6018943786621094,0.6853265762329102,0
289.23392810003133,3714500,11.48548944273675,,0.606053352355957,0.6853265762329102,0
290.2374805000145,3726600,11.677267674509672,,0.6100616455078125,0.6853265762329102,0
291.2400175000075,3738200,11.88391301276948,,0.6142940521240234,0.6853265762329102,0
292.242400099989,3749000,11.88574352769079,,0.6182975769042969,0.6853265762329102,0
293.2452552000177,3758500,12.074899952798427,,0.6225309371948242,0.6853265762329102,0
294.2567918000277,3767000,11.778182321709538,,0.6267719268798828,0.6853265762329102,0
295.264685800008,3777100,11.626966724902704,,0.630763053894043,0.6853265762329102,0
296.27076029998716,3788900,12.23039397207166,,0.6349678039550781,0.6853265762329102,0
297.2722996000084,3801000,11.505726734592947,,0.6389970779418945,0.6853265762329102,0
298.27230860001873,3812100,10.937401563273026,,0.6432514190673828,0.6853265762329102,0
299.273670900031,3823800,11.7028072655187,,0.6472949981689453,0.6857881546020508,0
300.27708100003656,3834300,11.484274973847748,,0.6514883041381836,0.6896944046020508,0
301.28496650001034,3845900,12.208418020023194,,0.5252552032470703,0.6896944046020508,0
302.2892796000233,3855700,12.05737035576241,,0.5293140411376953,0.6896944046020508,0
303.2900596000254,3867900,11.90477677409093,,0.5333843231201172,0.6896944046020508,0
304.2962492000079,3880500,11.840772852559452,,0.5370283126831055,0.6896944046020508,0
305.29680630000075,3892900,11.712225119469393,,0.5411319732666016,0.6896944046020508,0
306.3015616000048,3905300,11.857675694721044,,0.5454063415527344,0.6896944046020508,0
307.3082465000334,3918600,11.83494706204608,,0.5494804382324219,0.6896944046020508,0
308.3131561999908,3932100,12.244570333555547,,0.5535058975219727,0.6896944046020508,0
309.31601310003316,3945100,11.88012217844482,,0.5578536987304688,0.6896944046020508,0
310.3202495999867,3958900,12.252778604013248,,0.5618829727172852,0.6896944046020508,0
311.3221414000145,3972600,12.086509740536771,,0.5665359497070312,0.6896944046020508,0
312.3228208000073,3986500,11.905973581634303,,0.5707511901855469,0.6896944046020508,0
313.33115089999046,3996700,12.203034998365846,,0.5750150680541992,0.6896944046020508,0
314.3371366999927,4008200,12.03732199795771,,0.5791873931884766,0.6896944046020508,0
315.34289760002866,4019800,11.651626146513486,,0.5831193923950195,0.6896944046020508,0
316.34753269999055,4033500,12.24791717954787,,0.5875101089477539,0.6896944046020508,0
317.3531646000338,4047100,11.847339468336155,,0.591583251953125,0.6896944046020508,0
318.36026180000044,4059900,11.442229707699934,,0.5962457656860352,0.6896944046020508,0
319.3615509000374,4072300,11.50860176104452,,0.6004133224487305,0.6896944046020508,0
320.36401130002923,4085400,12.079654218858579,,0.6045198440551758,0.6896944046020508,0
321.3655852000229,4098900,11.895340423782272,,0.6086301803588867,0.6896944046020508,0
322.37162140000146,4112500,12.036718957288171,,0.6128263473510742,0.6896944046020508,0
323.37722470000153,4125400,11.653452211223971,,0.617182731628418,0.6896944046020508,0
324.37910590000683,4137500,11.501800313189865,,0.6210832595825195,0.6896944046020508,0
325.38079150003614,4150900,11.894013949737772,,0.6252546310424805,0.6896944046020508,0
326.38130760000786,4164300,12.103128575684377,,0.629638671875,0.6896944046020508,0
327.3813509999891,4177700,12.108849476160103,,0.6339492797851562,0.6896944046020508,0
328.38572489999933,4191200,11.667716574355826,,0.6380643844604492,0.6896944046020508,0
329.38861510000424,4204200,12.074477345516668,,0.6421842575073242,0.6896944046020508,0
330.3954001000384,4215500,11.833770367651454,,0.6462383270263672,0.6896944046020508,0
331.397437800013,4227500,11.889834584369341,,0.6506271362304688,0.6896944046020508,0
332.4022047999897,4240900,12.051923481046547,,0.6546697616577148,0.6932077407836914,0
333.40400849998696,4254500,12.282533494369936,,0.6587896347045898,0.6971931457519531,0
334.40722320001805,4267700,12.26525837352525,,0.6629228591918945,0.7014303207397461,0
335.4141644000192,4280300,12.025900817233406,,0.6671457290649414,0.7055149078369141,0
336.4162226000335,4293700,12.084502676418714,,0.6713142395019531,0.7094526290893555,0
337.42250380001497,4307000,12.421975090293174,,0.5448446273803711,0.7094526290893555,0
338.4229805000359,4319800,12.29882465003162,,0.5491085052490234,0.7094526290893555,0
339.42400619998807,4333300,12.29207951463,,0.5525856018066406,0.7094526290893555,0
340.42814279999584,4346300,12.253997613377306,,0.5568056106567383,0.7094526290893555,0
341.43372199998703,4359800,11.847960359665747,,0.5609226226806641,0.7094526290893555,0
342.4353401000262,4373200,11.894815498575534,,0.5651378631591797,0.7094526290893555,0
343.4386821000371,4386900,12.263702207090365,,0.5691995620727539,0.7094526290893555,0
344.4437831999967,4400600,12.242238617085283,,0.5732526779174805,0.7094526290893555,0
345.4460026000161,4413800,12.082558968391332,,0.5773706436157227,0.7094526290893555,0
346.4464205999975,4427200,12.104315396389003,,0.5816469192504883,0.7094526290893555,0
347.4523449999979,4440700,12.03805673666488,,0.5857505798339844,0.7094526290893555,0
348.45443320000777,4454300,12.473951893532513,,0.5897741317749023,0.7094526290893555,0
349.45633539999835,4467900,12.086384279936539,,0.5938329696655273,0.7094526290893555,0
350.46036840003217,4481000,12.255262027827367,,0.598048210144043,0.7094526290893555,0
351.46338229998946,4494600,11.87826260484252,,0.6020698547363281,0.7094526290893555,0
352.46788210002705,4508100,12.055129328594008,,0.6062850952148438,0.7094526290893555,0
353.47067870001774,4521700,12.270372177283267,,0.6108999252319336,0.7094526290893555,0
354.4755823999876,4535200,12.244643442320788,,0.6150188446044922,0.7094526290893555,0
355.48060140002053,4548800,12.437575806617184,,0.6194496154785156,0.7094526290893555,0
356.48242120002396,4562700,12.28233610471449,,0.6234397888183594,0.7094526290893555,0
357.4848599000252,4576200,12.469590409852266,,0.6275882720947266,0.7094526290893555,0
358.48728530004155,4590000,12.27491591872985,,0.6316509246826172,0.7094526290893555,0
359.48795929999324,4603900,12.101218779127517,,0.6358270645141602,0.7094526290893555,0
360.49285199999576,4617400,11.856054382691823,,0.6398229598999023,0.7094526290893555,0
361.49511540000094,4631300,12.082028536547833,,0.6439208984375,0.7094526290893555,0
362.4958307000343,4644900,11.905546462218709,,0.6482152938842773,0.7094526290893555,0
363.4965708000236,4658500,12.100419479672043,,0.6522912979125977,0.7094526290893555,0
364.5020274000126,4672300,12.043657578191626,,0.6565074920654297,0.7094526290893555,0
365.5090635000379,4685800,12.024767532857966,,0.6606931686401367,0.7094526290893555,0
366.5140403000405,4699000,11.855062226281143,,0.6649074554443359,0.7094526290893555,0
367.51967080001486,4712500,12.235793862968297,,0.6689090728759766,0.7094526290893555,0
368.5246285999892,4725800,12.049635318327708,,0.6730947494506836,0.7114925384521484,0
369.53062219999265,4739100,12.03722866622493,,0.6774063110351562,0.7157211303710938,0
370.5343758999952,4752600,12.258672122422652,,0.681462287902832,0.7199554443359375,0
371.5360307000228,4765600,12.284359341821997,,0.6856279373168945,0.7239866256713867,0
372.5405954000307,4779100,12.054350506149298,,0.6896915435791016,0.7278909683227539,0
373.54075700003887,4792600,12.107418441081352,,0.5631227493286133,0.7278909683227539,0
374.5445507999975,4806200,12.063608084149095,,0.567112922668457,0.7278909683227539,0
375.5499272000161,4819600,12.044618313873542,,0.5712442398071289,0.7278909683227539,0
376.552913099993,4832700,12.073325258389623,,0.5751972198486328,0.7278909683227539,0
377.553352500021,4846200,12.299283194620251,,0.5793437957763672,0.7278909683227539,0
378.55480020004325,4859700,11.70180929042983,,0.5834693908691406,0.7278909683227539,0
379.556043300021,4873100,12.094340525562039,,0.5875053405761719,0.7278909683227539,0
380.56291229999624,4887000,12.22074321515733,,0.5916299819946289,0.7278909683227539,0
381.56978120002896,4900100,12.026764357908519,,0.5957441329956055,0.7278909683227539,0
382.57487300003413,4913900,12.048028846656244,,0.5997638702392578,0.7278909683227539,0
383.57677949999925,4927700,12.281273252971625,,0.6039190292358398,0.7278909683227539,0
384.5837997000199,4941400,12.412859245270232,,0.6080951690673828,0.7278909683227539,0
385.5878894000198,4955100,11.865536017351086,,0.6122655868530273,0.7278909683227539,0
386.5942483000108,4968700,12.22693762643695,,0.6164407730102539,0.7278909683227539,0
387.59609679999994,4982500,12.087032121255161,,0.6205110549926758,0.7278909683227539,0
388.59661350003444,4995900,12.103121316798108,,0.6250934600830078,0.7278909683227539,0
389.5995808999869,5009500,12.268282598799464,,0.6293134689331055,0.7278909683227539,0
390.6045844000182,5023200,12.049087390862594,,0.6334171295166016,0.7278909683227539,0
391.6110564999981,5036600,11.837449344336761,,0.6375713348388672,0.7278909683227539,0
392.6121789999888,5049900,12.29089097499435,,0.6416187286376953,0.7278909683227539,0
393.6182615000289,5063600,12.03616502574865,,0.645665168762207,0.7278909683227539,0
394.6194015000365,5077100,11.900495934544402,,0.6499032974243164,0.7278909683227539,0
395.6263738000416,5090600,12.219489552927252,,0.6538810729980469,0.7278909683227539,0
396.6276478000218,5103900,12.28903127439992,,0.6579952239990234,0.7278909683227539,0
397.63177590002306,5117200,12.059591799079108,,0.6622600555419922,0.7278909683227539,0
398.63416990003316,5130900,12.080454392063396,,0.6663017272949219,0.7278909683227539,0
399.63427390001016,5144400,11.912823566623064,,0.6704463958740234,0.7278909683227539,0
400.6359584000311,5158000,12.089011060615386,,0.6745719909667969,0.7278909683227539,0
401.6376307000173,5170700,11.894171876534541,,0.6787433624267578,0.7278909683227539,0
402.64210190001177,5183700,12.249915677092678,,0.6828250885009766,0.7278909683227539,0
403.64915280003333,5196900,12.218535825484562,,0.687352180480957,0.7278909683227539,0
404.65446570003405,5210000,12.045379105342583,,0.6913919448852539,0.7298402786254883,0
405.6583856000216,5223100,12.451192570398655,,0.6957073211669922,0.7341222763061523,0
406.6587081000325,5236200,12.300720517498386,,0.6998367309570312,0.7382450103759766,0
407.6645903000026,5249200,12.232732123469404,,0.7039480209350586,0.7423639297485352,0
408.66737640002975,5262600,11.880960954362466,,0.7080669403076172,0.7463960647583008,0
409.67344220000086,5276000,12.424634651489926,,0.5825376510620117,0.7463960647583008,0
410.6745595000102,5289600,12.290954816069025,,0.5868682861328125,0.7463960647583008,0
411.67524449998746,5303100,12.296264559056928,,0.5908584594726562,0.7463960647583008,0
412.67915310000535,5316400,12.062228573183015,,0.5949945449829102,0.7463960647583008,0
413.6845103999949,5329900,11.656303684393349,,0.5992918014526367,0.7463960647583008,0
414.68637110001873,5343400,12.086884932917336,,0.6033315658569336,0.7463960647583008,0
415.6865431999904,5356900,12.107291335504062,,0.6074790954589844,0.7463960647583008,0
416.689176600019,5370600,12.46716895691266,,0.6115484237670898,0.7463960647583008,0
417.6958941000048,5383800,12.22258230354916,,0.6156959533691406,0.7463960647583008,0
418.69645779998973,5397200,12.102552791174086,,0.6197319030761719,0.7463960647583008,0
419.69680680002784,5410700,11.714661582661165,,0.6237926483154297,0.7463960647583008,0
420.69758269999875,5424100,11.904825546205082,,0.6280498504638672,0.7463960647583008,0
421.7034580000327,5437700,11.650300986220142,,0.6321191787719727,0.7463960647583008,0
422.7039222000167,5450800,12.103756436456093,,0.6362667083740234,0.7463960647583008,0
423.7041984000243,5464100,12.106031314058479,,0.6404800415039062,0.7463960647583008,0
424.70649140002206,5477800,12.276537399770133,,0.6444158554077148,0.7463960647583008,0
425.712945700041,5491300,12.225778656585018,,0.6486892700195312,0.7463960647583008,0
426.71710589999566,5505000,12.05920629053711,,0.6528482437133789,0.7463960647583008,0
427.7234896000009,5518300,12.420709914056498,,0.6569204330444336,0.7463960647583008,0
428.7272445000126,5531900,12.06407560237948,,0.6610698699951172,0.7463960647583008,0
429.732411200006,5545700,12.047131087887433,,0.6651954650878906,0.7463960647583008,0
430.73274280002806,5559400,12.300608617911237,,0.6693172454833984,0.7463960647583008,0
431.73282249999465,5573200,12.303706894971528,,0.6734457015991211,0.7463960647583008,0
432.7392598000006,5587000,12.225985165620877,,0.6776103973388672,0.7463960647583008,0
433.74007850000635,5600300,11.904316436065153,,0.6818666458129883,0.7463960647583008,0
434.7418776000268,5613800,12.282589892273819,,0.6859903335571289,0.7463960647583008,0
435.74549210001715,5627300,12.065763298673229,,0.6901512145996094,0.7463960647583008,0
436.7519764000317,5640200,12.031360051840638,,0.6942481994628906,0.7463960647583008,0
437.7577946000383,5653700,12.039327783013228,,0.6983747482299805,0.7463960647583008,0
438.7623172000167,5666800,11.860422553217331,,0.7024621963500977,0.7463960647583008,0
439.76905970001826,5680000,12.028274360108151,,0.7066736221313477,0.7463960647583008,0
440.7738416999928,5693400,12.05174356259087,,0.7107877731323242,0.7489709854125977,0
441.77423270000145,5706800,12.104642084839805,,0.7149410247802734,0.7532997131347656,0
442.776501299988,5720000,11.887095435454837,,0.7190589904785156,0.7574176788330078,0
443.77653279999504,5733300,12.108993566617574,,0.7230358123779297,0.7614850997924805,0
444.778284,5745600,11.113350800024026,,0.7272329330444336,0.7653264999389648,0
445.7794659000356,5759100,12.290161757381544,,0.6006593704223633,0.7653264999389648,0
446.7829046000261,5772800,12.262520371315517,,0.6048450469970703,0.7653264999389648,0
447.7850563999964,5786500,12.083373996193789,,0.6088829040527344,0.7653264999389648,0
448.78595510002924,5799900,12.293639206041698,,0.6130580902099609,0.7653264999389648,0
449.7913831000333,5813800,12.044000167044734,,0.6171684265136719,0.7653264999389648,0
450.79198080004426,5827500,12.102141549862704,,0.6213264465332031,0.7653264999389648,0
451.7967822999926,5841400,12.051509676908529,,0.6253881454467773,0.7653264999389648,0
452.79934440000216,5855200,12.468055594642182,,0.6283512115478516,0.7653264999389648,0
453.8016293999972,5868600,12.081768159814908,,0.6324663162231445,0.7653264999389648,0
454.803852400044,5882200,12.082515567328404,,0.636591911315918,0.7653264999389648,0
455.8066166000208,5896400,12.075994536183133,,0.6406517028808594,0.7653264999389648,0
456.80742600001395,5910400,12.099581598736757,,0.6448173522949219,0.7653264999389648,0
457.8130511000054,5924500,12.235859566457359,,0.6489276885986328,0.7653264999389648,0
458.8148736000294,5938400,11.892388621452096,,0.6530466079711914,0.7653264999389648,0
459.8174818000407,5952300,12.27267790135888,,0.6575508117675781,0.7653264999389648,0
460.8206678000279,5966500,12.070917058406652,,0.6617660522460938,0.7653264999389648,0
461.8275411000359,5980500,12.026711801677196,,0.6658859252929688,0.7653264999389648,0
462.83290969999507,5994000,12.044711760931884,,0.6700506210327148,0.7653264999389648,0
463.83671360003063,6007700,11.674341970164507,,0.6741151809692383,0.7653264999389648,0
464.8422908000066,6021200,12.236442413664674,,0.6781511306762695,0.7653264999389648,0
465.8495242000208,6035100,12.41023182891216,,0.682403564453125,0.7653264999389648,0
466.8496898000012,6048900,12.107370019762135,,0.6865291595458984,0.7653264999389648,0
467.84998470003484,6062600,11.910550078381418,,0.6906318664550781,0.7653264999389648,0
468.85487350000767,6076300,11.856100396702704,,0.694706916809082,0.7653264999389648,0
469.85617049998837,6089500,12.288748992793575,,0.6988697052001953,0.7653264999389648,0
470.8634946999955,6103200,11.827435993214133,,0.7028989791870117,0.7653264999389648,0
471.86440170003334,6116800,12.098401749155695,,0.7070493698120117,0.7653264999389648,0
472.86484049999854,6130600,12.104063737253371,,0.7110519409179688,0.7653264999389648,0
473.8668286000029,6144400,12.085348119350956,,0.7153167724609375,0.7653264999389648,0
474.8682920000283,6157500,11.896652937788827,,0.7194700241088867,0.7653264999389648,0
475.87199860002147,6171100,11.870064917458075,,0.723484992980957,0.7653264999389648,0
476.87308450002456,6185000,12.096239693279683,,0.7276554107666016,0.7660255432128906,0
477.87426509999204,6198700,12.095095530609854,,0.7317276000976562,0.7701873779296875,0
478.87436000001617,6212400,12.303519895665097,,0.7358970642089844,0.7743005752563477,0
479.8799735000357,6225700,11.847556242799598,,0.7409725189208984,0.7794208526611328,0
480.8810683999909,6239000,12.486328719244616,,0.7452259063720703,0.7835407257080078,0
481.8871938000084,6252700,11.647404985299435,,0.6186656951904297,0.7835407257080078,0
482.889406900038,6266500,12.277516128691916,,0.6228742599487305,0.7835407257080078,0
483.89320260001114,6280200,12.258159205433374,,0.6268939971923828,0.7835407257080078,0
484.8962671000045,6293600,12.267094987492493,,0.6310100555419922,0.7835407257080078,0
485.8997255000286,6307400,12.06764027259043,,0.6351156234741211,0.7835407257080078,0
486.9050205000094,6321200,11.851309814758006,,0.6392307281494141,0.7835407257080078,0
487.9053266000119,6335000,12.105669454549819,,0.6433448791503906,0.7835407257080078,0
488.9088924000389,6348800,12.066348813076655,,0.6475048065185547,0.7835407257080078,0
489.9131897999905,6362300,11.668605335993735,,0.6516752243041992,0.7835407257080078,0
490.91911940003047,6376000,12.037994507288511,,0.6556825637817383,0.7835407257080078,0
491.92284300003666,6389900,12.453627671923655,,0.65997314453125,0.7835407257080078,0
492.9274412000086,6403600,12.05394853418819,,0.6639242172241211,0.7835407257080078,0
493.9343138000113,6417500,12.026720162975701,,0.6680879592895508,0.7835407257080078,0
494.93881700001657,6431200,12.443962348685766,,0.6722478866577148,0.7835407257080078,0
495.94423250004184,6444500,12.044149905880412,,0.6764545440673828,0.7835407257080078,0
496.9444308000384,6458000,11.716426632639113,,0.6803817749023438,0.7835407257080078,0
497.9470103000058,6471800,11.883409246236775,,0.6847591400146484,0.7835407257080078,0
498.9480481999926,6485700,11.90170971564275,,0.6887006759643555,0.7835407257080078,0
499.9488470000215,6499500,12.294866360396478,,0.6929378509521484,0.7835407257080078,0
500.951564899995,6512900,12.07655213926068,,0.6971578598022461,0.7835407257080078,0
501.95826520002447,6526600,12.416803689870724,,0.7013845443725586,0.7835407257080078,0
502.96184240002185,6540400,12.066211747368921,,0.7054576873779297,0.7835407257080078,0
503.96723890001886,6554400,12.044377516766842,,0.7096233367919922,0.7835407257080078,0
504.96857369999634,6568300,12.288285097328755,,0.7137928009033203,0.7835407257080078,0
505.96961999998894,6581500,11.90160984570657,,0.7179670333862305,0.7835407257080078,0
506.97131769999396,6594900,12.088851756312566,,0.7221240997314453,0.7835407257080078,0
507.9776462999871,6608500,12.03322155415493,,0.7261886596679688,0.7835407257080078,0
508.97799000004306,6621300,11.519478254679187,,0.7301626205444336,0.7835407257080078,0
509.98460950003937,6635000,11.835715978126531,,0.7344789505004883,0.7835407257080078,0
510.9915828999947,6648100,12.413436144941576,,0.7386550903320312,0.7835407257080078,0
511.995716000034,6660700,12.05953174885456,,0.74273681640625,0.7835407257080078,0
512.9965840000077,6673900,12.098873178399266,,0.7469406127929688,0.7853603363037109,0
514.0034277000232,6687600,12.415035223250804,,0.7509193420410156,0.7892389297485352,0
515.0089871000382,6700900,12.042426334852841,,0.7550840377807617,0.7934446334838867,0
516.0139455000171,6713500,12.04962812416301,,0.7592554092407227,0.7976722717285156,0
517.0144436000264,6727000,12.103346323084137,,0.7634258270263672,0.8018360137939453,0
518.0166170999873,6740400,12.472890173694939,,0.6367664337158203,0.8018360137939453,0
519.0166551999864,6753900,12.108913650401133,,0.6410245895385742,0.8018360137939453,0
520.023377000005,6767600,11.834513268492111,,0.6450395584106445,0.8018360137939453,0
521.0310404000338,6781000,12.01728176259405,,0.6491918563842773,0.8018360137939453,0
522.0323145000148,6794200,12.093966078050387,,0.6532649993896484,0.8018360137939453,0
523.033482400002,6807800,12.29033361952314,,0.6564826965332031,0.8018360137939453,0
524.0472125000088,6821100,11.94536395823584,,0.6610603332519531,0.8018360137939453,0
525.0530372000067,6834600,12.039249980662891,,0.6652956008911133,0.8018360137939453,0
526.0582856000401,6848200,12.240444749367954,,0.6694135665893555,0.8018360137939453,0
527.0620645000017,6861100,12.258364367362688,,0.6736698150634766,0.8018360137939453,0
528.0626279000426,6875000,12.297758942109697,,0.677739143371582,0.8018360137939453,0
529.0660570000182,6888900,12.067992646709392,,0.6818666458129883,0.8018360137939453,0
530.0680706000421,6902800,12.279960571100185,,0.6861162185668945,0.8018360137939453,0
531.0738578999881,6916500,11.845508986482772,,0.6902303695678711,0.8018360137939453,0
532.0746887000278,6929800,12.099322882069309,,0.6943521499633789,0.8018360137939453,0
533.0769951000111,6943700,12.276373272887765,,0.6984214782714844,0.8018360137939453,0
534.0801139000105,6957600,12.26643095514499,,0.7024726867675781,0.8018360137939453,0
535.0805014999933,6971200,12.104683224990351,,0.7067651748657227,0.8018360137939453,0
536.0822446999955,6985000,12.283275294479171,,0.7107677459716797,0.8018360137939453,0
537.0854055000236,6998200,12.26591738797509,,0.7149934768676758,0.8018360137939453,0
538.0878772000433,7011700,12.079518054985902,,0.7191629409790039,0.8018360137939453,0
539.0889590000152,7025300,11.901187795377728,,0.7233047485351562,0.8018360137939453,0
540.0969192000339,7039100,12.013743201145404,,0.7274551391601562,0.8018360137939453,0
541.1008321000263,7052700,12.256728148520454,,0.7316255569458008,0.8018360137939453,0
542.1086974000209,7066100,12.014874408380743,,0.7359504699707031,0.8018360137939453,0
543.1112257000059,7079600,12.078836078922988,,0.7401409149169922,0.8018360137939453,0
544.1137353000231,7093100,12.079061387334347,,0.7442502975463867,0.8018360137939453,0
545.1147462000372,7106700,11.902030736960425,,0.7484655380249023,0.8018360137939453,0
546.1212834999897,7120200,12.030726532014087,,0.7525997161865234,0.8018360137939453,0
547.1230159000261,7133400,12.088432998233637,,0.7565803527832031,0.8018360137939453,0
548.1248387999949,7147000,12.28229809917786,,0.7608222961425781,0.8018360137939453,0
549.127459600044,7160600,12.272523669365432,,0.7649354934692383,0.8033552169799805,0
550.1320461000432,7174200,12.054088921171758,,0.770050048828125,0.808568000793457,0
551.1384240000043,7187800,11.838557365439714,,0.7742090225219727,0.8123950958251953,0
552.1463588000042,7201100,12.20782088285954,,0.7783832550048828,0.8167896270751953,0
553.1516812000191,7214500,12.045265279895442,,0.7824525833129883,0.8209590911865234,0
554.1530017000041,7227800,11.703295798074038,,0.6561784744262695,0.8209590911865234,0
555.1533000000054,7238300,11.715255339316997,,0.6603450775146484,0.8209590911865234,0
556.1572663999978,7250500,12.061534131114612,,0.6643590927124023,0.8209590911865234,0
557.1628607999883,7263700,12.042007195062174,,0.6684789657592773,0.8209590911865234,0
558.1670442000031,7276400,11.66993001460325,,0.672581672668457,0.8209590911865234,0
559.1686655000085,7289800,11.894777497180137,,0.6766958236694336,0.8209590911865234,0
560.1689971000305,7303200,12.300608617911237,,0.6808156967163086,0.8209590911865234,0
561.175257200026,7315900,11.83994327118235,,0.6848821640014648,0.8209590911865234,0
562.1794801999931,7329000,11.669469829294012,,0.6889991760253906,0.8209590911865234,0
563.181282900041,7342000,12.282545754181257,,0.6932210922241211,0.8209590911865234,0
564.1876388000092,7355300,12.032895122275164,,0.6972332000732422,0.8209590911865234,0
565.1880487999879,7367700,12.104412191259062,,0.701390266418457,0.8209590911865234,0
566.1933688000427,7380700,11.85101509902399,,0.7055416107177734,0.8209590911865234,0
567.1970126000233,7393500,11.676204247190178,,0.7096166610717773,0.8209590911865234,0
568.1998542000074,7406700,11.880303429962382,,0.7135343551635742,0.8209590911865234,0
569.2069384999922,7420200,11.8302534357642,,0.7178564071655273,0.8209590911865234,0
570.2098470000201,7433300,11.879510942094159,,0.7219038009643555,0.8209590911865234,0
571.2128971000202,7446400,11.877833918763079,,0.7260761260986328,0.8209590911865234,0
572.2199465000303,7459900,12.218554025131267,,0.7301769256591797,0.8209590911865234,0
573.2254907999886,7473100,12.042607173550177,,0.7342128753662109,0.8209590911865234,0
574.2346278000041,7486100,12.193277523082948,,0.7385292053222656,0.8209590911865234,0
575.2396562999929,7499700,12.048787671329197,,0.7425479888916016,0.8209590911865234,0
576.2454117999878,7513500,12.040078329238103,,0.7468042373657227,0.8209590911865234,0
577.2481341999955,7527300,12.07649794190912,,0.7509098052978516,0.8209590911865234,0
578.2539420000394,7540800,12.233636982596156,,0.7550239562988281,0.8209590911865234,0
579.2600568000344,7554500,11.647527697692674,,0.7590494155883789,0.8209590911865234,0
580.2612472000183,7568000,12.094977139408005,,0.7633085250854492,0.8209590911865234,0
581.2659612999996,7581500,12.246954133746433,,0.7673826217651367,0.8209590911865234,0
582.2697666999884,7594900,12.258040751860431,,0.7714519500732422,0.8209590911865234,0
583.270061600022,7608100,12.301059917016874,,0.7757091522216797,0.8209590911865234,0
584.2721272000344,7621400,12.08441343545752,,0.7796926498413086,0.8209590911865234,0
585.2740361000178,7634800,12.08630345553447,,0.7837667465209961,0.8222169876098633,0
586.2808833000017,7648200,12.221007815482649,,0.7880859375,0.8264913558959961,0
587.2811821000068,7661800,12.496266115620774,,0.7923879623413086,0.8307065963745117,0
588.2881815000437,7675300,12.21916070610312,,0.7965497970581055,0.8350057601928711,0
589.2926085999934,7688300,11.667098588426263,,0.8008642196655273,0.8388833999633789,0
590.298743100022,7701800,12.22966462202683,,0.6745939254760742,0.8388833999633789,0
591.3005493000383,7714900,12.282502843164595,,0.6786127090454102,0.8388833999633789,0
592.3016293999972,7728400,12.291411546893052,,0.6828622817993164,0.8388833999633789,0
593.3020360000082,7741900,12.104453329142654,,0.6860466003417969,0.8388833999633789,0
594.3041387000121,7754400,12.083966044551135,,0.6901607513427734,0.8388833999633789,0
595.3070563999936,7767700,11.684657674519444,,0.6942720413208008,0.8388833999633789,0
596.3129402000341,7781300,12.42688270702555,,0.699040412902832,0.8388833999633789,0
597.3168061000179,7794900,12.062741647261348,,0.7031621932983398,0.8388833999633789,0
598.3173062000424,7808500,11.90810725526977,,0.7073793411254883,0.8388833999633789,0
599.3186879000277,7821500,12.092666562787247,,0.7114524841308594,0.8388833999633789,0
600.3203133000061,7835000,11.894728808052726,,0.7155475616455078,0.8388833999633789,0
601.3264496999909,7848600,12.035520233819822,,0.7195606231689453,0.8388833999633789,0
602.3305781999952,7862500,12.44860593036298,,0.7237024307250977,0.8388833999633789,0
603.3323506999877,7876000,12.087949110292518,,0.7278785705566406,0.8388833999633789,0
604.3360327000264,7889500,12.06495184683329,,0.7319536209106445,0.8388833999633789,0
605.3394498000271,7903300,12.068136969154725,,0.7361125946044922,0.8388833999633789,0
606.3428801000118,7917000,12.067978214514705,,0.7401971817016602,0.8388833999633789,0
607.3496334000374,7930800,11.834142981897475,,0.7443456649780273,0.8388833999633789,0
608.3538003000431,7944500,12.253627858009141,,0.7484292984008789,0.8388833999633789,0
609.356236600026,7957500,12.079944631101256,,0.7526521682739258,0.8388833999633789,0
610.3591775000095,7971100,12.268606754597663,,0.756739616394043,0.8388833999633789,0
611.3599471999914,7984600,12.100061582818695,,0.7608585357666016,0.8388833999633789,0
612.361285299994,7998100,12.093193098283587,,0.7649698257446289,0.8388833999633789,0
613.3622553999885,8011400,12.097639080395286,,0.7690935134887695,0.8388833999633789,0
614.3673429000191,8024600,11.659432636106557,,0.7732572555541992,0.8388833999633789,0
615.3697116000112,8037400,12.080759305528728,,0.7773313522338867,0.8388833999633789,0
616.3720017999876,8050600,11.886839261004804,,0.7814865112304688,0.8388833999633789,0
617.3758426000131,8064100,12.452173690970186,,0.7854604721069336,0.8388833999633789,0
618.3771102000028,8077600,12.094044589203778,,0.7896203994750977,0.8388833999633789,0
619.3797323000035,8091100,12.272507757400296,,0.7938470840454102,0.8388833999633789,0
620.3838463000138,8104300,12.059761142535343,,0.7990455627441406,0.8388833999633789,0
621.3886392000131,8117700,12.05161282489995,,0.8030471801757812,0.8415918350219727,0
622.392410200031,8131100,12.453039587492933,,0.8073406219482422,0.8457241058349609,0
623.3971429000376,8144600,12.052334914471091,,0.8114137649536133,0.8499202728271484,0
624.4015588000184,8158200,12.250590119327113,,0.8156223297119141,0.8539943695068359,0
625.4062001000275,8171300,12.053431408693172,,0.8199558258056641,0.8581838607788086,0
626.4064803000074,8184900,12.301240692605218,,0.6938047409057617,0.8581838607788086,0
627.4093645000248,8198400,12.074549583879671,,0.6979331970214844,0.8581838607788086,0
628.4173838000279,8212100,12.013038837612648,,0.7021369934082031,0.8581838607788086,0
629.4213206000277,8225500,12.061889752425161,,0.7061605453491211,0.8581838607788086,0
630.4259841000312,8238800,12.441976840958437,,0.7103815078735352,0.8581838607788086,0
631.4270695000305,8251500,11.706044259569055,,0.7145576477050781,0.8581838607788086,0
632.433059300005,8265000,11.84312455285547,,0.7187538146972656,0.8581838607788086,0
633.4332211000146,8277300,12.30269692351888,,0.7229347229003906,0.8581838607788086,0
634.4358578000101,8289800,12.272329050049063,,0.7270088195800781,0.8581838607788086,0
635.4426944000297,8302600,12.027150184810832,,0.7311286926269531,0.8581838607788086,0
636.4431613000343,8315600,11.908502420165965,,0.7351551055908203,0.8581838607788086,0
637.4510867000208,8328400,12.01415799240842,,0.73931884765625,0.8581838607788086,0
638.4576833000174,8338800,11.641952694892968,,0.7435779571533203,0.8581838607788086,0
639.4589777000365,8352000,12.288780901765971,,0.747685432434082,0.8581838607788086,0
640.459567300044,8364900,12.297436931093007,,0.7517518997192383,0.8581838607788086,0
641.4652610000339,8378100,11.846611448514844,,0.7558355331420898,0.8581838607788086,0
642.4661874999874,8391000,11.903034339238266,,0.7599506378173828,0.8581838607788086,0
643.4670290999929,8404100,11.904044056456437,,0.7641134262084961,0.8581838607788086,0
644.4692484000116,8417600,12.277440176787008,,0.7680950164794922,0.8581838607788086,0
645.4701142000267,8430800,12.09889977239361,,0.7722911834716797,0.8581838607788086,0
646.4743920000037,8444000,12.057794168383941,,0.7764492034912109,0.8581838607788086,0
647.4785949999932,8457500,12.058692316321093,,0.7805414199829102,0.8581838607788086,0
648.4846034999937,8470500,12.03705038276957,,0.7847375869750977,0.8581838607788086,0
649.4850728000165,8484000,12.29891561861959,,0.7888050079345703,0.8581838607788086,0
650.4906060000067,8497700,12.04274011053877,,0.7929534912109375,0.8581838607788086,0
651.4953857000219,8510900,12.05177114925465,,0.7970676422119141,0.8581838607788086,0
652.496455400018,8524000,11.511124050647329,,0.8011007308959961,0.8581838607788086,0
653.5027430999908,8537500,12.033710637949742,,0.8051471710205078,0.8581838607788086,0
654.5089879999869,8550800,12.034222484056361,,0.8092823028564453,0.8581838607788086,0
655.512369700009,8564200,11.873908503351256,,0.8135356903076172,0.8581838607788086,0
656.5188329000375,8577400,12.419728808411264,,0.8177032470703125,0.8581838607788086,0
657.5267532000435,8590900,12.20799650520735,,0.8217382431030273,0.8601884841918945,0
658.5340022000019,8603900,12.216132754173284,,0.8258018493652344,0.8642749786376953,0
659.5401113000116,8617200,12.229973369568356,,0.8300075531005859,0.8683710098266602,0
660.5459747000132,8630400,12.038786777589687,,0.8340892791748047,0.8725967407226562,0
661.5461016999907,8643000,11.912549606467888,,0.8385124206542969,0.8766059875488281,0
662.546150500013,8656500,12.10878409106583,,0.6711263656616211,0.8766059875488281,0
663.5522846000385,8670000,12.423791221948395,,0.6734418869018555,0.8766059875488281,0
664.5576053000404,8683400,12.045285648626432,,0.6776256561279297,0.8766059875488281,0
665.5624762999942,8696900,12.245041901464795,,0.6818580627441406,0.8766059875488281,0
666.5649999000016,8709800,12.273713556378208,,0.685877799987793,0.8766059875488281,0
667.5654878999921,8723300,12.103468507482333,,0.6899929046630859,0.8766059875488281,0
668.5700140999979,8736700,12.249244967357887,,0.6941089630126953,0.8766059875488281,0
669.5745290000341,8750000,12.054948114322784,,0.6985960006713867,0.8766059875488281,0
670.5802659000037,8763400,12.040300997572645,,0.7028732299804688,0.8766059875488281,0
671.5863347999984,8776500,12.036327730698762,,0.7070188522338867,0.8766059875488281,0
672.5879108000081,8790100,11.89531548268434,,0.7111282348632812,0.8766059875488281,0
673.5895610000007,8803800,11.894434304598782,,0.7153825759887695,0.8766059875488281,0
674.5937060000142,8817500,12.448401376127615,,0.7194557189941406,0.8766059875488281,0
675.5987251999904,8830900,12.048899165594428,,0.7235593795776367,0.8766059875488281,0
676.6024760000291,8843500,11.674959561226075,,0.7283086776733398,0.8766059875488281,0
677.6030416000285,8856000,11.712125621755472,,0.7324581146240234,0.8766059875488281,0
678.6091699000099,8869600,12.229739984679902,,0.7365293502807617,0.8766059875488281,0
679.612105200009,8883500,11.879193503320625,,0.7407341003417969,0.8766059875488281,0
680.6184383000364,8897000,12.227251095750418,,0.7452669143676758,0.8766059875488281,0
681.6205537000205,8910400,12.083812902377511,,0.7494430541992188,0.8766059875488281,0
682.6252855000203,8924000,12.44113105607239,,0.7536401748657227,0.8766059875488281,0
683.6253716000356,8937500,12.30362815742711,,0.7577600479125977,0.8766059875488281,0
684.6281055000145,8950500,11.492019468218082,,0.7619190216064453,0.8766059875488281,0
685.6323097000131,8963500,11.669688296479816,,0.7659473419189453,0.8766059875488281,0
686.6390064000152,8977000,12.222834841889059,,0.7700090408325195,0.8766059875488281,0
687.6475613000221,8990100,12.39397081895593,,0.7740669250488281,0.8766059875488281,0
688.6536903000087,9003500,12.035608754106326,,0.7781906127929688,0.8766059875488281,0
689.6602140000323,9017200,12.224935686772481,,0.782261848449707,0.8766059875488281,0
690.6637433000142,9030900,12.261413294282516,,0.7863349914550781,0.8766059875488281,0
691.6691954000271,9044600,12.043711480481695,,0.7904052734375,0.8766059875488281,0
692.6714950000169,9057700,12.27645656061863,,0.7945108413696289,0.8766059875488281,0
693.6755152000114,9071500,12.255418267547515,,0.7987680435180664,0.8766059875488281,0
694.6791725000367,9085300,11.870647978847527,,0.8028526306152344,0.8766059875488281,0
695.6804045999888,9099100,12.289545551513713,,0.8070402145385742,0.8766059875488281,0
696.6873510000296,9113100,12.219803854010415,,0.8112573623657227,0.8766059875488281,0
697.6940845000208,9126500,12.222388050171219,,0.8151922225952148,0.8766059875488281,0
698.6947003999958,9140400,12.29711370797535,,0.6888027191162109,0.8766059875488281,0
699.6962052999879,9154200,12.091178984840727,,0.6929903030395508,0.8766059875488281,0
700.7036597999977,9168100,12.019773597599245,,0.6968812942504883,0.8766059875488281,0
701.7083182000206,9182100,12.247633125567503,,0.7006130218505859,0.8766059875488281,0
702.7090726000024,9195600,11.90508130687858,,0.7048454284667969,0.8766059875488281,0
703.7118460999918,9209300,12.075882539903384,,0.708775520324707,0.8766059875488281,0
704.7153158000438,9223300,11.67823004460769,,0.7129297256469727,0.8766059875488281,0
705.7181029000203,9237100,12.270488422006668,,0.7169990539550781,0.8766059875488281,0
706.7250012000441,9250800,12.414362006277264,,0.7211685180664062,0.8766059875488281,0
707.7293273000396,9264400,12.057214285334188,,0.7253255844116211,0.8766059875488281,0
708.7341941000195,9277800,12.245093081237911,,0.7293987274169922,0.8766059875488281,0
709.7346895000082,9291700,12.493810566386317,,0.7333641052246094,0.8766059875488281,0
710.7395353000029,9305600,12.245348987939694,,0.737584114074707,0.8766059875488281,0
711.7459254999994,9319800,12.226557353243715,,0.7416915893554688,0.8766059875488281,0
712.7525423000334,9333400,12.223805026485714,,0.7458047866821289,0.8766059875488281,0
713.7590074000182,9347500,12.031589570451198,,0.7497377395629883,0.8766059875488281,0
714.762389999989,9361500,12.068551916639281,,0.7540311813354492,0.8766059875488281,0
715.7661650000373,9375800,12.258411994129641,,0.7585783004760742,0.8766059875488281,0
716.7672116000322,9389800,12.48693117789316,,0.7626762390136719,0.8766059875488281,0
717.7699291000026,9404000,12.271340133549593,,0.7667570114135742,0.8766059875488281,0
718.7733834999963,9417600,12.262328512464492,,0.7708711624145508,0.8766059875488281,0
719.773740100034,9431500,12.105058335740196,,0.7751293182373047,0.8766059875488281,0
720.7772386000142,9445800,12.067158047808716,,0.7791614532470703,0.8766059875488281,0
721.7809654999874,9459900,11.869824850085315,,0.7833642959594727,0.8766059875488281,0
722.7825400000438,9474000,12.480349688710618,,0.7874517440795898,0.8766059875488281,0
723.7887893000152,9487600,12.228269376535108,,0.7916593551635742,0.8766059875488281,0
724.7954241000116,9501500,12.02956126694946,,0.7957420349121094,0.8766059875488281,0
725.7961156000383,9515400,12.296184687959567,,0.7998113632202148,0.8766059875488281,0
726.8006898000021,9529400,12.44308285087364,,0.8038396835327148,0.8766059875488281,0
727.8028593999916,9543400,12.278049044921929,,0.8080282211303711,0.8766059875488281,0
728.8089534000028,9557200,12.036027448593266,,0.8120889663696289,0.8766059875488281,0
729.8152145000058,9570900,12.422223218171068,,0.8163528442382812,0.8766059875488281,0
730.819271299988,9584800,11.865924816415873,,0.8204946517944336,0.8766059875488281,0
731.8247345000273,9598700,11.655075988402926,,0.8246612548828125,0.8766059875488281,0
732.82658980001,9612500,12.086950081722389,,0.828709602355957,0.8766059875488281,0
733.8270263000159,9626000,12.299318847250735,,0.8328685760498047,0.8766059875488281,0
734.8300518000033,9639500,12.462295325649073,,0.7063283920288086,0.8766059875488281,0
735.8309549000114,9653200,12.09844889070826,,0.7105121612548828,0.8766059875488281,0
736.8349638000363,9666600,12.255556200442538,,0.7140722274780273,0.8766059875488281,0
737.8414790999959,9680600,12.03098949463199,,0.7181568145751953,0.8766059875488281,0
738.8433139999979,9694300,12.2821509811402,,0.7223005294799805,0.8766059875488281,0
739.8474112999975,9708100,12.059961718854675,,0.7264204025268555,0.8766059875488281,0
740.847684700042,9721900,12.301324317383795,,0.7303686141967773,0.8766059875488281,0
741.8489154000417,9735800,12.289562735145253,,0.7344388961791992,0.8766059875488281,0
742.8549031000002,9749500,12.037299263698351,,0.7385921478271484,0.8766059875488281,0
743.8593281999929,9762600,12.056025879967061,,0.7427730560302734,0.8766059875488281,0
744.8650787000079,9775800,12.040138185185691,,0.746769905090332,0.8766059875488281,0
745.8676699000061,9789600,12.078078283572404,,0.7509517669677734,0.8766059875488281,0
746.8714507000404,9803400,11.869187475585289,,0.7550563812255859,0.8766059875488281,0
747.8755730999983,9817400,12.254170906372078,,0.7591819763183594,0.8766059875488281,0
748.8813407000271,9831400,12.039933479318227,,0.7632036209106445,0.8766059875488281,0
749.8825180000276,9845100,12.290218226075519,,0.767359733581543,0.8766059875488281,0
750.8834963000263,9859000,12.097539976656826,,0.7718849182128906,0.8766059875488281,0
751.8836952000274,9872900,12.106966924265162,,0.7760562896728516,0.8766059875488281,0
752.8864278999972,9886800,12.07637389342634,,0.7801284790039062,0.8766059875488281,0
753.8907992999884,9900700,12.44559532470692,,0.7843351364135742,0.8766059875488281,0
754.897085900011,9914500,12.22781611096077,,0.7884654998779297,0.8766059875488281,0
755.9033537000068,9928400,11.839852671474988,,0.7924928665161133,0.8766059875488281,0
756.9043982000439,9942400,12.291848663614871,,0.7966165542602539,0.8766059875488281,0
757.9065258000046,9956000,12.473461463880172,,0.8008136749267578,0.8766059875488281,0
758.9083381000091,9966900,11.112673002666918,,0.8048152923583984,0.8766059875488281,0
759.9147457000217,9977300,11.061932063967454,,0.8090248107910156,0.8766059875488281,0
760.9176015999983,9988300,11.295865139014191,,0.81298828125,0.8766059875488281,0
761.9231587999966,10000200,12.042452681976277,,0.8172378540039062,0.8766059875488281,0
762.9233128000051,10012700,11.912228016784415,,0.8212623596191406,0.8766059875488281,0
763.9265250000171,10025700,12.070601812711661,,0.8253955841064453,0.8766059875488281,0
764.9330140000093,10038700,12.031303869286724,,0.8303251266479492,0.8766059875488281,0
765.9382066000253,10052000,12.435427797419946,,0.8343706130981445,0.8766059875488281,0
766.9405257999897,10065600,11.886495340429585,,0.8384904861450195,0.876765251159668,0
767.9465012000292,10078100,11.454989356149246,,0.842620849609375,0.8809852600097656,0
768.9467436000123,10091500,11.91117523132513,,0.846771240234375,0.8852329254150391,0
769.9519072000403,10104300,12.241477406918545,,0.8509397506713867,0.889434814453125,0
770.954943299992,10117900,12.462163625618006,,0.7243661880493164,0.889434814453125,0
771.9567687000381,10131300,12.087310822268133,,0.727935791015625,0.889434814453125,0
772.9637177000404,10144100,12.025807662524848,,0.7320699691772461,0.889434814453125,0
773.967846100044,10157600,11.670569221982682,,0.7361469268798828,0.889434814453125,0
774.9703829000355,10170700,12.468370238484951,,0.7402667999267578,0.889434814453125,0
775.976918600034,10182900,12.03074565563657,,0.7443819046020508,0.889434814453125,0
776.9777431000257,10196100,12.099399045587067,,0.7485284805297852,0.889434814453125,0
777.9796162000275,10208300,11.89178799189062,,0.7524919509887695,0.889434814453125,0
778.9866919000051,10220300,12.024294698273055,,0.7566566467285156,0.889434814453125,0
779.9919549000333,10232600,11.851687070613053,,0.7608375549316406,0.889434814453125,0
780.9985204000259,10244400,11.836350938004411,,0.7649469375610352,0.889434814453125,0
782.0050141999964,10254000,11.449089403569019,,0.7691049575805664,0.889434814453125,0
783.0078321000328,10264700,11.685820525913943,,0.7731971740722656,0.889434814453125,0
784.0103956999956,10275500,11.883597709355067,,0.7772340774536133,0.889434814453125,0
785.0161945000291,10286000,12.03955999907384,,0.7815055847167969,0.889434814453125,0
786.0181664000265,10296900,12.085543516770183,,0.7861652374267578,0.889434814453125,0
787.0203398999874,10309300,12.083112355766973,,0.7903175354003906,0.889434814453125,0
788.0256275000283,10322200,12.045682250041992,,0.7943754196166992,0.889434814453125,0
789.0286959999939,10334500,11.488186001649211,,0.798497200012207,0.889434814453125,0
790.0306581000332,10346500,11.890731694874939,,0.8025217056274414,0.889434814453125,0
791.0381065999973,10357400,11.244371300770062,,0.8067264556884766,0.889434814453125,0
792.0418231000076,10369900,11.869947838734591,,0.8108129501342773,0.889434814453125,0
793.0445554000326,10383300,11.881598408372414,,0.8149232864379883,0.889434814453125,0
794.0510556999943,10397000,12.031168793948625,,0.8189811706542969,0.889434814453125,0
795.0520296000177,10410800,12.292715623966389,,0.8230962753295898,0.889434814453125,0
796.0529792000307,10423800,12.293014053695133,,0.8272266387939453,0.889434814453125,0
797.0533536000294,10436900,12.104842946816557,,0.8314619064331055,0.889434814453125,0
798.0545567999943,10449700,11.899744727560908,,0.8356761932373047,0.889434814453125,0
799.0615638000309,10462400,11.637208082540443,,0.8397531509399414,0.889434814453125,0
800.0648657000274,10475400,12.264192363277562,,0.843867301940918,0.889434814453125,0
801.0702630000305,10488000,12.044367932918366,,0.8479623794555664,0.889434814453125,0
802.071895000001,10500600,12.08964470020695,,0.8520240783691406,0.8903131484985352,0
803.0738203999936,10513500,11.891167246671076,,0.8561611175537109,0.8946561813354492,0
804.0753507000045,10526200,12.285886407895749,,0.8602695465087891,0.8985557556152344,0
805.0753897000104,10539100,12.108902752720875,,0.8644313812255859,0.9026288986206055,0
806.0818383999867,10552400,11.837724565872405,,0.8685073852539062,0.9070596694946289,0
807.0831032000133,10564500,12.094078409306846,,0.7430267333984375,0.9070596694946289,0
808.0877481999923,10576200,11.664568081505617,,0.7470455169677734,0.9070596694946289,0
809.0884566000313,10588000,11.905628552269226,,0.7512054443359375,0.9070596694946289,0
810.0934806000441,10601100,12.243177774703403,,0.7552976608276367,0.9070596694946289,0
811.0983761000098,10614100,12.050382353601972,,0.7594051361083984,0.9070596694946289,0
812.0983949000365,10625300,12.109147347706099,,0.7634716033935547,0.9070596694946289,0
813.1033315000241,10638100,12.244242572270062,,0.7675380706787109,0.9070596694946289,0
814.1039202000247,10650600,11.907052817998158,,0.7717351913452148,0.9070596694946289,0
815.106863700028,10663100,11.684357094852606,,0.7757072448730469,0.9070596694946289,0
816.1103968000389,10675700,12.261366864597933,,0.7799978256225586,0.9070596694946289,0
817.1170878999983,10687700,12.028888504614835,,0.7840709686279297,0.9070596694946289,0
818.1207890000078,10700200,11.870129961885377,,0.7879781723022461,0.9070596694946289,0
819.1267959999968,10713200,12.425360857465385,,0.792231559753418,0.9070596694946289,0
820.1333823000314,10726200,12.224175413054754,,0.7962961196899414,0.9070596694946289,0
821.1389366000076,10739500,11.848253744508733,,0.8003644943237305,0.9070596694946289,0
822.1497697000159,10751500,11.9795988080529,,0.804478645324707,0.9070596694946289,0
823.1530471000005,10763800,11.68046843293714,,0.8086824417114258,0.9070596694946289,0
824.1588381000329,10776900,12.428029282025967,,0.812718391418457,0.9070596694946289,0
825.1642263000249,10789900,11.850211192149118,,0.8168611526489258,0.9070596694946289,0
826.1648809000035,10802600,11.906268656792195,,0.8208894729614258,0.9070596694946289,0
827.1711849000421,10814500,11.839426753289626,,0.8251533508300781,0.9070596694946289,0
828.1790926000103,10827300,12.014368974839714,,0.8292112350463867,0.9070596694946289,0
829.1796878000023,10840400,11.906975468297134,,0.8331947326660156,0.9070596694946289,0
830.1820069000241,10852700,11.886496525647647,,0.8373470306396484,0.9070596694946289,0
831.1860549999983,10865300,12.060552677019677,,0.8415107727050781,0.9070596694946289,0
832.1905951999943,10878000,12.249074253125297,,0.8456287384033203,0.9070596694946289,0
833.1965240000281,10890100,11.843842724851736,,0.8497428894042969,0.9070596694946289,0
834.1967283000122,10903200,11.716356348585046,,0.8537425994873047,0.9070596694946289,0
835.2028297000215,10916300,12.23006696927921,,0.8579435348510742,0.9070596694946289,0
836.2039589000051,10929300,12.095716517107832,,0.8621177673339844,0.9070596694946289,0
837.2048317000153,10941600,12.293957333912868,,0.8662033081054688,0.9070596694946289,0
838.2089810000034,10953500,12.059337192331876,,0.8704023361206055,0.9088134765625,0
839.2135039000423,10966400,12.054852108928024,,0.8745336532592773,0.912898063659668,0
840.2157417000271,10979200,12.082337146117242,,0.8786506652832031,0.9170007705688477,0
841.2220518999966,10992500,12.421617112078863,,0.8827171325683594,0.9212121963500977,0
842.2243468000088,11005800,12.081648823966452,,0.8868417739868164,0.925206184387207,0
843.2298379000276,11018400,12.043244340773436,,0.7603607177734375,0.925206184387207,0
844.2330178000266,11031600,11.876297062982006,,0.7646846771240234,0.925206184387207,0
845.2372924000374,11044500,12.057832588685805,,0.7687692642211914,0.925206184387207,0
846.2400708000059,11057600,12.270594879572876,,0.7728271484375,0.925206184387207,0
847.2459248999949,11070700,11.844722311248752,,0.7769384384155273,0.925206184387207,0
848.2506159000332,11083000,12.052835149850521,,0.7810125350952148,0.925206184387207,0
849.2526465000119,11096000,12.279752235371769,,0.7851295471191406,0.925206184387207,0
850.2528188000433,11109000,12.302567767187305,,0.7882852554321289,0.925206184387207,0
851.2577975000022,11122100,12.049384728746421,,0.792424201965332,0.925206184387207,0
852.2628829000168,11135200,12.048105563789399,,0.796565055847168,0.925206184387207,0
853.2633812000277,11147400,12.103343903602068,,0.8006696701049805,0.925206184387207,0
854.2672568000271,11160200,12.06262509020707,,0.8047237396240234,0.925206184387207,0
855.2756435000338,11173200,12.20235005074803,,0.8086538314819336,0.925206184387207,0
856.2794341000263,11186300,12.063646541510243,,0.8127679824829102,0.925206184387207,0
857.2827628999949,11198200,11.48520554813218,,0.8167848587036133,0.925206184387207,0
858.2843207000406,11210700,12.285549071095565,,0.8210220336914062,0.925206184387207,0
859.2865762999863,11223600,12.08212256499744,,0.8251857757568359,0.925206184387207,0
860.2909648999921,11237100,12.056464002011229,,0.8292150497436523,0.925206184387207,0
861.2938646000111,11249700,12.074362969467503,,0.8333711624145508,0.925206184387207,0
862.2988690999919,11262800,12.437755254070874,,0.8374004364013672,0.925206184387207,0
863.3034046000103,11276500,12.249131563568154,,0.8415155410766602,0.925206184387207,0
864.3036076000426,11289100,11.911644435794276,,0.8457136154174805,0.925206184387207,0
865.3058240000391,11302200,12.082595136181954,,0.8506736755371094,0.925206184387207,0
866.31096480001,11314600,11.270187221858603,,0.854731559753418,0.925206184387207,0
867.3228109999909,11327100,11.581552611672388,,0.8587102890014648,0.925206184387207,0
868.3310819999897,11337800,11.81632963758191,,0.8630046844482422,0.925206184387207,0
869.3350617000251,11348000,11.866836052143015,,0.8670654296875,0.925206184387207,0
870.3410499999882,11360900,11.843142211929733,,0.8711690902709961,0.925206184387207,0
871.3444326000172,11373300,11.679243789618548,,0.8752841949462891,0.925206184387207,0
872.3509109999868,11387000,12.031430580492643,,0.8792695999145508,0.925206184387207,0
873.3524813000113,11400700,12.09038946113335,,0.8833951950073242,0.925206184387207,0
874.3567517999909,11413700,11.863399851177423,,0.8874444961547852,0.9259443283081055,0
875.357271099987,11427200,12.298300992342819,,0.8917427062988281,0.9301548004150391,0
876.3577386999968,11440800,11.908494088046895,,0.8958578109741211,0.9343090057373047,0
877.3580353000434,11453600,12.301039011256432,,0.9010629653930664,0.9392976760864258,0
878.3592575000366,11467100,12.28966706899175,,0.9052791595458984,0.9435615539550781,0
879.3638604000444,11479200,11.0818040639881,,0.7787055969238281,0.9435615539550781,0
880.3688132000389,11493000,12.049695269336324,,0.7829217910766602,0.9435615539550781,0
881.3697760000359,11506500,11.51235340617428,,0.7869834899902344,0.9435615539550781,0
882.3733907000278,11519500,11.871151847513122,,0.7911624908447266,0.9435615539550781,0
883.3739914000034,11533100,12.297300511882309,,0.7953195571899414,0.9435615539550781,0
884.3769859999884,11546600,12.073220533970568,,0.799433708190918,0.9435615539550781,0
885.384876199998,11560100,12.208361089217032,,0.8034343719482422,0.9435615539550781,0
886.3860443999874,11573800,11.90016073235766,,0.8076086044311523,0.9435615539550781,0
887.3905925000436,11587200,12.24897792282172,,0.8116312026977539,0.9435615539550781,0
888.3920038000215,11600900,12.287346368341698,,0.8158664703369141,0.9435615539550781,0
889.396413200011,11614700,12.056214328665451,,0.8199911117553711,0.9435615539550781,0
890.3972496000351,11628300,11.904105905533399,,0.8241090774536133,0.9435615539550781,0
891.4037473000353,11642200,12.031199872585713,,0.8283357620239258,0.9435615539550781,0
892.4091735000256,11656100,12.044021729408414,,0.8324108123779297,0.9435615539550781,0
893.415441900026,11669800,12.22803727116444,,0.8365230560302734,0.9435615539550781,0
894.4191748999874,11683500,11.675166603520216,,0.8405866622924805,0.9435615539550781,0
895.4212616999866,11693200,11.30453469700296,,0.844700813293457,0.9435615539550781,0
896.426145000034,11706500,12.050528652858688,,0.8489246368408203,0.9435615539550781,0
897.431959700014,11720300,12.233553059271358,,0.8529739379882812,0.9435615539550781,0
898.4391265999875,11734000,12.217128561635047,,0.8570365905761719,0.9435615539550781,0
899.443821599998,11747900,12.247186957107264,,0.8612241744995117,0.9435615539550781,0
900.4502333000419,11761300,12.226296156398178,,0.8652029037475586,0.9435615539550781,0
901.4516487999936,11775200,12.092258408806506,,0.8693675994873047,0.9435615539550781,0
902.4575436000014,11789000,12.232578893841062,,0.8733444213867188,0.9435615539550781,0
903.4607833999908,11802300,12.07026974022372,,0.8775434494018555,0.9435615539550781,0
904.4631581000285,11815800,12.080686992143558,,0.8816137313842773,0.9435615539550781,0
905.4689981000265,11828900,12.039066849622424,,0.8856639862060547,0.9435615539550781,0
906.4724998000311,11842300,12.06711956735593,,0.8898677825927734,0.9435615539550781,0
907.4759864000371,11855800,12.067301147745875,,0.8939971923828125,0.9435615539550781,0
908.477324800042,11869400,11.703086588852168,,0.8981561660766602,0.9435615539550781,0
909.4835486999946,11883200,11.8403692265322,,0.9021759033203125,0.9435615539550781,0
910.485756500042,11896300,12.082698816978283,,0.9063282012939453,0.9446258544921875,0
911.4921721999999,11910000,12.03218014236753,,0.9104137420654297,0.9489536285400391,0
912.4975929000066,11923600,11.849828136541417,,0.9146223068237305,0.9530963897705078,0
913.4992162000271,11937100,11.89475374599929,,0.9187402725219727,0.9570722579956055,0
914.5060548000038,11950800,12.415098110352833,,0.9227705001831055,0.9611349105834961,0
915.5087641000282,11963500,12.466225255610365,,0.7963027954101562,0.9611349105834961,0
916.5157781000016,11977300,12.21898354970709,,0.8004074096679688,0.9611349105834961,0
917.5228091999888,11990900,12.024827237365084,,0.8045063018798828,0.9611349105834961,0
918.5243815000285,12004200,11.895359425902438,,0.8085641860961914,0.9611349105834961,0
919.5249293000088,12017700,12.102745116464014,,0.8127355575561523,0.9611349105834961,0
920.5332385000074,12030200,12.009584956694397,,0.8157806396484375,0.9611349105834961,0
921.5360211000079,12043200,12.075772954171676,,0.8199386596679688,0.9611349105834961,0
922.5423749000183,12056600,12.032920231309143,,0.8240957260131836,0.9611349105834961,0
923.543344500009,12069900,12.097645123401586,,0.8282575607299805,0.9611349105834961,0
924.5442921000067,12083400,11.902783422455734,,0.8324604034423828,0.9611349105834961,0
925.5505669999984,12097000,12.227958284661135,,0.8365116119384766,0.9611349105834961,0
926.5564309000038,12110300,11.456259141956172,,0.8405294418334961,0.9611349105834961,0
927.5584482999984,12123900,12.08499473169286,,0.8448696136474609,0.9611349105834961,0
928.5585383000434,12137400,12.108285253782043,,0.8488950729370117,0.9611349105834961,0
929.5590800000355,12150500,11.907612146595127,,0.8530569076538086,0.9611349105834961,0
930.5602939000237,12163500,12.094693252003923,,0.8571720123291016,0.9611349105834961,0
931.5604792000377,12175700,12.302407863650856,,0.8612852096557617,0.9611349105834961,0
932.5659034000128,12188900,12.238304489095038,,0.8654251098632812,0.9611349105834961,0
933.5674971000408,12202000,11.895105270397211,,0.8695926666259766,0.9611349105834961,0
934.5689106000355,12215500,12.287319374130169,,0.8736505508422852,0.9611349105834961,0
935.5712044000393,12229100,11.886796565991443,,0.877838134765625,0.9611349105834961,0
936.5753284000093,12242700,12.059641040709495,,0.8819799423217773,0.9611349105834961,0
937.5816590000177,12256700,12.227281471812223,,0.8859968185424805,0.9611349105834961,0
938.586073100043,12270700,12.056157913050802,,0.890070915222168,0.9611349105834961,0
939.5892081999918,12284700,11.876827458841293,,0.8941965103149414,0.9611349105834961,0
940.5939092999906,12299100,12.247112598975855,,0.8983144760131836,0.9611349105834961,0
941.5943876000238,12312900,12.10358585448472,,0.9023752212524414,0.9611349105834961,0
942.5995841000113,12326900,12.241076744848343,,0.9065055847167969,0.9611349105834961,0
943.6003645000164,12340600,11.904772015857287,,0.9105978012084961,0.9611349105834961,0
944.6045909000095,12354400,12.058411330436748,,0.9148235321044922,0.9611349105834961,0
945.6051201000228,12368300,12.102970108058313,,0.9188699722290039,0.9611349105834961,0
946.6076619999949,12382000,12.273489517337946,,0.9229393005371094,0.9613895416259766,0
947.6094871000387,12395800,12.477227810975828,,0.9281444549560547,0.9664640426635742,0
948.6141110000317,12409100,12.248053724468907,,0.9322690963745117,0.9705886840820312,0
949.619345300016,12422800,11.852025443407708,,0.9363842010498047,0.9748344421386719,0
950.6219212000142,12436400,11.88345191623047,,0.9404306411743164,0.9788179397583008,0
951.6288947000285,12450000,11.831555149992539,,0.8139724731445312,0.9788179397583008,0
952.6338499000412,12463400,11.855317032887205,,0.8181028366088867,0.9788179397583008,0
953.6393201000174,12477000,11.849244761588162,,0.8220710754394531,0.9788179397583008,0
954.6444409000105,12490500,12.43631611253593,,0.8261394500732422,0.9788179397583008,0
955.6472155000083,12504200,12.270641378458418,,0.8302593231201172,0.9788179397583008,0
956.6520305000013,12518200,12.245724337401631,,0.8343400955200195,0.9788179397583008,0
957.656421200023,12531900,12.44535617437438,,0.8384599685668945,0.9788179397583008,0
958.6579939000076,12545800,11.89535467588519,,0.8425331115722656,0.9788179397583008,0
959.6601231000386,12559200,12.083646499498077,,0.846710205078125,0.9788179397583008,0
960.6647519000107,12573400,12.247993985780042,,0.8508100509643555,0.9788179397583008,0
961.6701063000364,12587500,12.044881884130293,,0.8549175262451172,0.9788179397583008,0
962.6731956999865,12601400,12.266790478108883,,0.8590211868286133,0.9788179397583008,0
963.674863399996,12615500,12.08921381800183,,0.8631248474121094,0.9788179397583008,0
964.6809391000425,12629700,12.23037938341156,,0.8673057556152344,0.9788179397583008,0
965.6852603000007,12643900,11.66832881799925,,0.8713750839233398,0.9788179397583008,0
966.6893782000407,12658000,12.254225822993318,,0.8754348754882812,0.9788179397583008,0
967.6901854000171,12671400,12.099608196549212,,0.8796377182006836,0.9788179397583008,0
968.6913901999942,12685500,12.09480318140364,,0.8837051391601562,0.9788179397583008,0
969.6955623000395,12699400,12.059063381121918,,0.8877658843994141,0.9788179397583008,0
970.7001132000005,12713300,12.05451610313598,,0.8918380737304688,0.9788179397583008,0
971.7067432000185,12725800,12.0296186282774,,0.8959569931030273,0.9788179397583008,0
972.7070359000354,12739100,12.105831622879744,,0.9001255035400391,0.9788179397583008,0
973.708128200029,12752600,12.291261754863635,,0.9041938781738281,0.9788179397583008,0
974.7122852000175,12766000,12.059244719838537,,0.9082965850830078,0.9788179397583008,0
975.7143318000017,12778500,11.30498821130571,,0.9124174118041992,0.9788179397583008,0
976.7193833999918,12790900,12.048510743248556,,0.9165306091308594,0.9788179397583008,0
977.7230705000111,12803500,11.286510506892142,,0.9215764999389648,0.9788179397583008,0
978.7257614000118,12816800,11.492512298647025,,0.9256410598754883,0.9788179397583008,0
979.7275265000062,12829900,12.08803840348204,,0.9297599792480469,0.9788179397583008,0
980.7322478000424,12841400,11.858076960815865,,0.9339256286621094,0.9788179397583008,0
981.7343802000396,12852800,11.498917208975683,,0.937993049621582,0.9788179397583008,0
982.7400001999922,12866100,11.847479664844972,,0.9421606063842773,0.9804868698120117,0
983.7444109999924,12879700,12.056197523959067,,0.9462699890136719,0.9847202301025391,0
984.7486880000215,12893200,11.668842360882874,,0.9503898620605469,0.9888849258422852,0
985.7498799000168,12906900,12.094959018402577,,0.9546480178833008,0.9929723739624023,0
986.7549170000129,12920700,12.437351815219863,,0.9586095809936523,0.9971046447753906,0
987.7552803000435,12934500,12.300218830122809,,0.8321323394775391,0.9971046447753906,0
988.7564730999875,12947900,12.290027955343538,,0.8362760543823242,0.9971046447753906,0
989.7625274999882,12961100,11.454089858353326,,0.8402919769287109,0.9971046447753906,0
990.763455200009,12974300,12.098151544560004,,0.8433055877685547,0.9971046447753906,0
991.7699704000261,12988100,12.22503892618008,,0.8474197387695312,0.9971046447753906,0
992.771867500036,13001600,12.281388477796504,,0.8514900207519531,0.9971046447753906,0
993.7737627000315,13015000,12.08646872452781,,0.8557033538818359,0.9971046447753906,0
994.7743568000151,13028800,12.102185092035626,,0.8597612380981445,0.9971046447753906,0
995.7790082000429,13042700,12.053310232449741,,0.8638715744018555,0.9971046447753906,0
996.7829953000182,13056500,12.0612854490833,,0.8681926727294922,0.9971046447753906,0
997.7883724000421,13070400,12.04460992766998,,0.8722238540649414,0.9971046447753906,0
998.7905856000143,13083800,12.08263371539728,,0.8763761520385742,0.9971046447753906,0
999.7948773000389,13097600,12.057627280702508,,0.8805398941040039,0.9971046447753906,0
1000.7971659000032,13111300,12.47145782207449,,0.8844747543334961,0.9971046447753906,0
1001.7988999999943,13125000,12.283386878921922,,0.8886575698852539,0.9971046447753906,0
1002.8033632000443,13138900,12.055568585686304,,0.8927268981933594,0.9971046447753906,0
1003.8044051000034,13152300,11.90166215868375,,0.896815299987793,0.9971046447753906,0
1004.8068570999894,13166100,12.079755439829706,,0.9008808135986328,0.9971046447753906,0
1005.8096631999942,13179700,11.685958033106992,,0.9051885604858398,0.9971046447753906,0
1006.8154622000293,13193600,12.427930430995184,,0.9091310501098633,0.9971046447753906,0
1007.8162886000355,13207600,12.294527302561061,,0.9132881164550781,0.9971046447753906,0
1008.8197456999915,13221000,12.262295518701903,,0.917454719543457,0.9971046447753906,0
1009.8255256999983,13235300,11.845594961044847,,0.9215154647827148,0.9971046447753906,0
1010.832222099998,13249600,12.416851793651693,,0.9256677627563477,0.9971046447753906,0
1011.8325114999898,13263600,11.910615567952977,,0.9296817779541016,0.9971046447753906,0
1012.832601000031,13277500,11.912996286341404,,0.9338846206665039,0.9971046447753906,0
1013.8341323999921,13290900,12.285872914696412,,0.9378824234008789,0.9971046447753906,0
1014.8373286999995,13304600,12.070793123848883,,0.9420032501220703,0.9971046447753906,0
1015.8402683000313,13318400,12.073882614282828,,0.9463176727294922,0.9971046447753906,0
1016.8418768999982,13332200,12.089927143597498,,0.9504318237304688,0.9971046447753906,0
1017.8429518000339,13346100,12.486578176671545,,0.9555568695068359,0.9971046447753906,0
1018.8466430000262,13359900,12.259435471880376,,0.9596700668334961,0.9980878829956055,0
1019.855544799997,13372600,12.196120078640424,,0.9637737274169922,1.0021791458129883,0
1020.8614862000104,13384700,12.037853298252475,,0.967900276184082,1.0061750411987305,0
1021.8620609000209,13397300,12.29762005762407,,0.97198486328125,1.0102720260620117,0
1022.8625894000288,13410800,12.298187907593299,,0.9761724472045898,1.0144405364990234,0
1023.8655935000279,13424600,12.267833700790634,,0.8495979309082031,1.0144405364990234,0
1024.866251700034,13438000,11.906225822092454,,0.8538074493408203,1.0144405364990234,0
1025.8725148999947,13451900,11.8399067962179,,0.8578777313232422,1.0144405364990234,0
1026.8774529999937,13465800,12.049871529412888,,0.861882209777832,1.0144405364990234,0
1027.8805440000142,13479600,12.266770910863006,,0.8660068511962891,1.0144405364990234,0
1028.888400900003,13493100,11.82118463457655,,0.8701295852661133,1.0144405364990234,0
1029.8892769000377,13506100,11.90363491540197,,0.8742837905883789,1.0144405364990234,0
1030.895922399999,13519000,12.029433400798718,,0.8782587051391602,1.0144405364990234,0
1031.896539999987,13532800,12.29709281562598,,0.8823337554931641,1.0144405364990234,0
1032.898468200001,13546900,12.281007261626987,,0.8865423202514648,1.0144405364990234,0
1033.9021777000162,13560600,11.870030621229558,,0.8904886245727539,1.0144405364990234,0
1034.9032254000194,13574200,12.096701286023256,,0.8947420120239258,1.0144405364990234,0
1035.9090899000294,13588300,12.038773612032804,,0.898808479309082,1.0144405364990234,0
1036.9131970999879,13602100,12.059842814094129,,0.9028778076171875,1.0144405364990234,0
1037.91619790002,13616100,12.073145903384747,,0.9071311950683594,1.0144405364990234,0
1038.9197907000198,13630000,11.871410894939615,,0.9113216400146484,1.0144405364990234,0
1039.9204110000283,13643500,12.101868211046432,,0.9153900146484375,1.0144405364990234,0
1040.9274234999903,13657400,12.412954159428672,,0.919520378112793,1.0144405364990234,0
1041.9329254000331,13671400,11.848871195063882,,0.9235954284667969,1.0144405364990234,0
1042.9375379999983,13684800,12.053775754375023,,0.9277248382568359,1.0144405364990234,0
1043.944100200024,13698700,12.030428919038838,,0.9318161010742188,1.0144405364990234,0
1044.9519223000389,13712600,12.209186025805732,,0.9359884262084961,1.0144405364990234,0
1045.9570758999907,13726400,12.241599194977805,,0.9399938583374023,1.0144405364990234,0
1046.9619842999964,13740300,12.244586173158353,,0.9440517425537109,1.0144405364990234,0
1047.9624819000019,13754200,12.103352371793543,,0.9481658935546875,1.0144405364990234,0
1048.963971499994,13768000,11.896341709484064,,0.9523420333862305,1.0144405364990234,0
1049.970331199991,13781700,12.22692790662744,,0.9565095901489258,1.0144405364990234,0
1050.975225000002,13795200,12.244764073443855,,0.9605722427368164,1.0144405364990234,0
1051.981103900005,13809000,12.038601266973622,,0.9647998809814453,1.0144405364990234,0
1052.9818336000317,13822400,12.100545231822851,,0.9689188003540039,1.0144405364990234,0
1053.9819692000165,13836200,12.303019210782178,,0.9730291366577148,1.0144405364990234,0
1054.9855702000204,13849900,12.260537305115454,,0.9770402908325195,1.0154924392700195,0
1055.9896936000441,13863300,12.059648246136396,,0.9812898635864258,1.019474983215332,0
1056.992279900005,13876600,12.07813731393641,,0.9856166839599609,1.024022102355957,0
1057.9988270000322,13890200,12.03060939689168,,0.9896221160888672,1.0280895233154297,0
1059.003895300033,13904300,12.048310547641059,,0.9936838150024414,1.0319585800170898,0
1060.0055563999922,13918000,11.894304870665044,,0.8672246932983398,1.0319585800170898,0
1061.0104893000098,13931400,12.049933880946682,,0.8703737258911133,1.0319585800170898,0
1062.0167851000442,13945300,12.227704318729238,,0.8743371963500977,1.0319585800170898,0
1063.022025000013,13959200,12.240548251599225,,0.8785514831542969,1.0319585800170898,0
1064.027572699997,13973200,12.04256645427235,,0.8826179504394531,1.0319585800170898,0
1065.0288180999923,13987100,12.09431274296746,,0.8867282867431641,1.0319585800170898,0
1066.0355073999963,14000700,12.222924689824357,,0.89080810546875,1.0319585800170898,0
1067.0358910000068,14014700,12.104731624821175,,0.8949670791625977,1.0319585800170898,0
1068.0367636000155,14028700,11.9036753527832,,0.8990650177001953,1.0319585800170898,0
1069.0389074000414,14042500,12.083470455725193,,0.9033222198486328,1.0319585800170898,0
1070.0396247000317,14056300,11.905522668704556,,0.9074087142944336,1.0319585800170898,0
1071.0443006000132,14069800,12.05301630129948,,0.9114561080932617,1.0319585800170898,0
1072.0444592999993,14083300,12.107453547290833,,0.915623664855957,1.0319585800170898,0
1073.0454313000082,14097300,12.097616117026405,,0.9196529388427734,1.0319585800170898,0
1074.0501626000041,14111500,12.052351708411283,,0.9237680435180664,1.0319585800170898,0
1075.0519314000267,14125300,12.282961397602985,,0.9278526306152344,1.0319585800170898,0
1076.059734600014,14138900,11.821814517109134,,0.9320163726806641,1.0319585800170898,0
1077.060675500019,14152500,11.707734192840185,,0.9362211227416992,1.0319585800170898,0
1078.0619841000298,14166400,12.093549381149025,,0.9403438568115234,1.0319585800170898,0
1079.0643933000392,14180400,12.46995737856604,,0.9444169998168945,1.0319585800170898,0
1080.0661468000035,14194100,12.28314899866993,,0.9486579895019531,1.0319585800170898,0
1081.07139930001,14207800,12.046102844730196,,0.9527673721313477,1.0319585800170898,0
1082.0735054000397,14221300,12.083925045102676,,0.9568185806274414,1.0319585800170898,0
1083.074822900002,14235200,12.093441890766414,,0.96087646484375,1.0319585800170898,0
1084.0767637999961,14248800,11.890983290599953,,0.9650402069091797,1.0319585800170898,0
1085.079911900044,14262900,12.07137310973577,,0.9691648483276367,1.0319585800170898,0
1086.0807526000426,14276900,12.294351638593886,,0.9733314514160156,1.0319585800170898,0
1087.0814716999885,14290500,12.295845558124919,,0.9775009155273438,1.0319585800170898,0
1088.085724500008,14304600,11.863608943653588,,0.9826688766479492,1.0319585800170898,0
1089.0865704999887,14318400,12.099139128529435,,0.9868335723876953,1.0319585800170898,0
1090.0881130000344,14331900,11.8957133615971,,0.9910564422607422,1.0319585800170898,0
1091.0895014000125,14345800,11.897543950239232,,0.9951601028442383,1.0336666107177734,0
1092.0917330000084,14359100,11.887534278553119,,0.9992637634277344,1.0377702713012695,0
1093.0996909000096,14371700,12.013770614809966,,1.0034399032592773,1.0419464111328125,0
1094.107671500009,14384300,11.43220167134818,,1.0075597763061523,1.0460548400878906,0
1095.1103301999974,14398100,12.466854374419501,,1.0118894577026367,1.0501298904418945,0
1096.1138516000356,14411900,12.066882678874226,,0.8446311950683594,1.0501298904418945,0
1097.117037100019,14425600,12.070923074746087,,0.8489208221435547,1.0501298904418945,0
1098.1219004000304,14439500,12.050768497427956,,0.8529596328735352,1.0501298904418945,0
1099.128079099988,14453500,12.229127391106202,,0.857111930847168,1.0501298904418945,0
1100.1317858000402,14467400,12.259246151650546,,0.8611373901367188,1.0501298904418945,0
1101.1380542000406,14481500,12.033941441463417,,0.865290641784668,1.0501298904418945,0
1102.1401042999933,14494800,12.2795132704262,,0.8694963455200195,1.0501298904418945,0
1103.144258800021,14508800,12.253779174082423,,0.8735160827636719,1.0501298904418945,0
1104.1503534000367,14522800,12.230149629872718,,0.8776350021362305,1.0501298904418945,0
1105.1582112000324,14536000,11.627384339388064,,0.8817605972290039,1.0501298904418945,0
1106.159751500003,14547800,11.89573949280829,,0.8867893218994141,1.0501298904418945,0
1107.1663975000265,14561400,12.223450448035525,,0.8909921646118164,1.0501298904418945,0
1108.1727667000378,14575500,12.420888874441179,,0.8950719833374023,1.0501298904418945,0
1109.1754096000222,14589600,11.687860154578697,,0.8991107940673828,1.0501298904418945,0
1110.1762795000104,14603800,12.293992955673243,,0.903223991394043,1.0501298904418945,0
1111.1812515000347,14618100,12.243811270067924,,0.9073286056518555,1.0501298904418945,0
1112.1830161000253,14632300,11.698107519581315,,0.9115324020385742,1.0501298904418945,0
1113.1876361999894,14646100,12.248100053383244,,0.9157085418701172,1.0501298904418945,0
1114.1889352000435,14660100,12.288724446279067,,0.919795036315918,1.0501298904418945,0
1115.1937792000244,14674100,12.050999956440588,,0.9239168167114258,1.0501298904418945,0
1116.194743900036,14688100,12.097704344479315,,0.928065299987793,1.0501298904418945,0
1117.195790000027,14702100,11.901612223559193,,0.9321527481079102,1.0501298904418945,0
1118.1991992000258,14715700,11.48428527465641,,0.9362993240356445,1.0501298904418945,0
1119.2009284000378,14729700,12.088471614738122,,0.9403305053710938,1.0501298904418945,0
1120.204387500009,14743600,12.456910301933048,,0.9445962905883789,1.0501298904418945,0
1121.210739800008,14757400,12.032938166894708,,0.9487152099609375,1.0501298904418945,0
1122.218602500041,14771100,12.20869419971301,,0.9528207778930664,1.0501298904418945,0
1123.2255845000036,14784500,12.219371846226764,,0.9569015502929688,1.0501298904418945,0
1124.2273110999959,14798500,12.088502990829685,,0.9611053466796875,1.0501298904418945,0
1125.228266399994,14812100,12.097817954530202,,0.9652805328369141,1.0501298904418945,0
1126.235145499988,14825700,12.220620628706797,,0.969294548034668,1.0501298904418945,0
1127.235967500019,14839300,12.294581353747393,,0.9733304977416992,1.0501298904418945,0
1128.2415753999958,14852100,12.041845534704168,,0.9774446487426758,1.0501298904418945,0
1129.2456378000206,14865600,11.865858635583939,,0.9815645217895508,1.0501298904418945,0
1130.250266099989,14879300,12.053587381902235,,0.9856290817260742,1.0501298904418945,0
1131.2555993000278,14893200,12.04513588085197,,0.9896907806396484,1.0501298904418945,0
1132.2615369000123,14907100,11.843739114815882,,0.8632116317749023,1.0501298904418945,0
1133.2673255000263,14920800,12.23387051695359,,0.8673591613769531,1.0501298904418945,0
1134.2703930000425,14934400,12.072343087384043,,0.8713531494140625,1.0501298904418945,0
1135.2739228000282,14948400,12.261407185093404,,0.8755311965942383,1.0501298904418945,0
1136.2752450000262,14962400,12.093385126210823,,0.8795175552368164,1.0501298904418945,0
1137.2807055999874,14976600,12.043609665527413,,0.883875846862793,1.0501298904418945,0
1138.2834313000203,14990200,12.076458197493809,,0.8877725601196289,1.0501298904418945,0
1139.2901405000011,15004000,11.834661390028858,,0.8920106887817383,1.0501298904418945,0
1140.2938073000405,15017700,12.065134564105517,,0.8960437774658203,1.0501298904418945,0
1141.2953904999886,15031800,12.090233742566586,,0.9002037048339844,1.0501298904418945,0
1142.2981033000397,15045800,12.076613562111762,,0.904240608215332,1.0501298904418945,0
1143.301178499998,15059600,12.266964132410285,,0.9083938598632812,1.0501298904418945,0
1144.3044641999877,15072900,12.264390392613965,,0.9125156402587891,1.0501298904418945,0
1145.3079127999954,15085700,11.67847560892529,,0.9167242050170898,1.0501298904418945,0
1146.3104974000016,15099000,12.078157793292208,,0.9207963943481445,1.0501298904418945,0
1147.3180626000394,15112200,12.018452998918422,,0.9248151779174805,1.0501298904418945,0
1148.3191289000097,15125100,12.09647652743852,,0.9290189743041992,1.0501298904418945,0
1149.3209053000319,15136600,11.503003564213065,,0.9330883026123047,1.0501298904418945,0
1150.3253778000362,15149800,11.861014114322217,,0.9371109008789062,1.0501298904418945,0
1151.3309137999895,15163500,12.236943779806687,,0.9413137435913086,1.0501298904418945,0
1152.334992900025,15177100,12.0601803180354,,0.9453458786010742,1.0501298904418945,0
1153.3365922000376,15191000,11.895038764355975,,0.9496049880981445,1.0501298904418945,0
1154.3438819000148,15203800,11.827841087096314,,0.9536876678466797,1.0501298904418945,0
1155.351696000027,15215100,11.434090374267134,,0.9577865600585938,1.0501298904418945,0
1156.3724349000258,15227900,11.480653867520289,,0.9618663787841797,1.0501298904418945,0
1157.3778012000257,15240700,12.044739315413171,,0.965972900390625,1.0501298904418945,0
1158.3838358999928,15253900,12.03673690419986,,0.970184326171875,1.0501298904418945,0
1159.3914194999961,15267100,11.630548571812742,,0.9742136001586914,1.0501298904418945,0
1160.3935151000042,15280800,11.889147602189345,,0.9783773422241211,1.0501298904418945,0
1161.3947411000263,15294000,12.094547085005972,,0.9824466705322266,1.0501298904418945,0
1162.3970746000414,15307600,12.081183557985213,,0.9865131378173828,1.0501298904418945,0
1163.4023464000202,15320700,11.463006820884674,,0.9906158447265625,1.0501298904418945,0
1164.4091770999948,15333500,11.639245803981552,,0.9946565628051758,1.0501298904418945,0
1165.412550900015,15346400,12.263313532556152,,0.9988155364990234,1.0501298904418945,0
1166.4159320000326,15358800,12.0685699579032,,1.0029373168945312,1.0501298904418945,0
1167.4205156000098,15371800,12.054123718797412,,1.0070438385009766,1.0501298904418945,0
1168.4233278000029,15384200,11.880651731283747,,0.8804225921630859,1.0501298904418945,0
1169.4235394000425,15396600,12.106813197847664,,0.8845281600952148,1.0501298904418945,0
1170.4265289999894,15408900,11.489089717989327,,0.8886384963989258,1.0501298904418945,0
1171.4310119000147,15421900,12.055332151194134,,0.8928003311157227,1.0501298904418945,0
1172.4315070000011,15435600,12.103382615431249,,0.8969621658325195,1.0501298904418945,0
1173.4346108000027,15449400,11.877198052665678,,0.9009904861450195,1.0501298904418945,0
1174.4415526000084,15463300,12.413825704652265,,0.9051980972290039,1.0501298904418945,0
1175.4437203000416,15476700,12.083182285359237,,0.9093074798583984,1.0501298904418945,0
1176.4455139000202,15490300,11.697768881984132,,0.9134321212768555,1.0501298904418945,0
1177.449992800015,15504300,11.666496926973684,,0.9164514541625977,1.0501298904418945,0
1178.4547450999962,15518100,12.440877219424122,,0.9205169677734375,1.0501298904418945,0
1179.454785800015,15532200,12.304186719368323,,0.9245338439941406,1.0501298904418945,0
1180.4573647000361,15546000,12.078226461524306,,0.9286746978759766,1.0501298904418945,0
1181.462673300004,15560000,11.851149488206438,,0.9328746795654297,1.0501298904418945,0
1182.464772700041,15573700,12.084005837697614,,0.9369411468505859,1.0501298904418945,0
1183.469469500007,15587800,12.052765571075074,,0.9409999847412109,1.0501298904418945,0
1184.4703877000138,15601500,11.903133043159917,,0.9451789855957031,1.0501298904418945,0
1185.4732625000179,15614700,11.685157509145208,,0.9492940902709961,1.0501298904418945,0
1186.477172999992,15628400,12.256757450307362,,0.9533586502075195,1.0501298904418945,0
1187.4800952000078,15642100,12.07409208791059,,0.9575176239013672,1.0501298904418945,0
1188.4843963999883,15655800,12.057513224353979,,0.9616422653198242,1.0501298904418945,0
1189.4869276999962,15669300,12.078799933633402,,0.965764045715332,1.0501298904418945,0
1190.492924900027,15682400,11.8430374355265,,0.9699249267578125,1.0501298904418945,0
1191.4997595000314,15695400,12.02717407600759,,0.9739828109741211,1.0501298904418945,0
1192.5007924000383,15709100,12.291991102304682,,0.9780521392822266,1.0501298904418945,0
1193.5071743000299,15722900,12.226658190199425,,0.9822225570678711,1.0501298904418945,0
1194.5135507000377,15736700,12.032650010379166,,0.9862871170043945,1.0501298904418945,0
1195.5171562000178,15750100,12.260482331199581,,0.9902553558349609,1.0501298904418945,0
1196.5200207000016,15763900,12.269541398861197,,0.9945068359375,1.0501298904418945,0
1197.522013800044,15777800,12.08528781234813,,0.998621940612793,1.0501298904418945,0
1198.5221126000397,15790100,11.912885506964182,,1.0026874542236328,1.0501298904418945,0
1199.5262485000421,15803900,12.059498121689098,,1.0068063735961914,1.0501298904418945,0
1200.529372000019,15817500,12.26637348270966,,1.010965347290039,1.0501298904418945,0
1201.531292700034,15831000,12.476037275018301,,1.0150394439697266,1.0534896850585938,0
1202.536408199987,15843400,11.46478937051617,,1.0191688537597656,1.0575742721557617,0
1203.5415247000055,15856200,11.464777963336996,,1.0233449935913086,1.0617504119873047,0
1204.541623099998,15868500,11.91289027168582,,0.8979063034057617,1.0617504119873047,0
1205.5422707000398,15882200,12.101538043458394,,0.9021797180175781,1.0617504119873047,0
1206.5431728000403,15895500,12.098460978345017,,0.9062566757202148,1.0617504119873047,0
1207.5474678000319,15908900,12.252064881437832,,0.9104156494140625,1.0617504119873047,0
1208.5480039000395,15922600,12.298094491449747,,0.9146213531494141,1.0617504119873047,0
1209.5495571999927,15936400,11.700575496628327,,0.9187526702880859,1.0617504119873047,0
1210.5544211000088,15949500,11.856394184137338,,0.9229154586791992,1.0617504119873047,0
1211.5580939000356,15962400,11.870464657088911,,0.9270648956298828,1.0617504119873047,0
1212.5585258000065,15976300,12.299375400123054,,0.9311408996582031,1.0617504119873047,0
1213.5625057000434,15990300,12.450448459715279,,0.9352025985717773,1.0617504119873047,0
1214.5667108999914,16004100,12.253160510059693,,0.9394235610961914,1.0617504119873047,0
1215.5687477000174,16017700,12.084760758972376,,0.943608283996582,1.0617504119873047,0
1216.5720499000163,16031100,11.874849372415822,,0.9476213455200195,1.0617504119873047,0
1217.5750877000391,16044600,11.683258596767583,,0.9517736434936523,1.0617504119873047,0
1218.5783329000114,16057200,12.459566216060795,,0.9558429718017578,1.0617504119873047,0
1219.5823164000176,16070300,12.061328697061164,,0.9600381851196289,1.0617504119873047,0
1220.586017500027,16084000,12.259314550799651,,0.9640264511108398,1.0617504119873047,0
1221.591397900018,16097100,12.04457039356495,,0.968083381652832,1.0617504119873047,0
1222.5979296999867,16111200,12.224837308052704,,0.9722909927368164,1.0617504119873047,0
1223.5984671000042,16125200,12.102870916957519,,0.9763669967651367,1.0617504119873047,0
1224.6036828000215,16139000,12.24084293529078,,0.9805707931518555,1.0617504119873047,0
1225.60406350001,16152700,12.104766715451182,,0.9846410751342773,1.0617504119873047,0
1226.6075825000298,16166300,11.872283932605164,,0.9888124465942383,1.0617504119873047,0
1227.6091056999867,16180200,12.090958053214896,,0.9930257797241211,1.0617504119873047,0
1228.611942699994,16194100,12.464637822407145,,0.9970617294311523,1.0617504119873047,0
1229.6151270000264,16207900,12.265630053821667,,1.0012264251708984,1.0617504119873047,0
1230.6163777000038,16221100,11.8991801955984,,1.0053033828735352,1.0617504119873047,0
1231.6188241000054,16234100,12.07982292118574,,1.009490966796875,1.0617504119873047,0
1232.6240306000109,16247500,12.240954967893042,,1.0135936737060547,1.0617504119873047,0
1233.627620299987,16261300,12.260675353974301,,1.017777442932129,1.0617504119873047,0
1234.6293368000188,16275000,12.283602695582882,,1.0218381881713867,1.0617504119873047,0
1235.6329632000416,16288300,11.481799900579128,,1.02581787109375,1.0643129348754883,0
1236.6371255000122,16301800,11.67017522998299,,1.0299711227416992,1.0681676864624023,0
1237.6417538000387,16315300,12.248000080900692,,1.0341291427612305,1.0724906921386719,0
1238.6473262000363,16329200,12.042270651052759,,1.038100242614746,1.0764656066894531,0
1239.6518441000371,16343000,12.054912112557131,,1.042159080505371,1.0804004669189453,0
1240.6548030000413,16356800,12.26838657092426,,0.9156293869018555,1.0804004669189453,0
1241.6548428999959,16370700,12.108891855765034,,0.9198837280273438,1.0804004669189453,0
1242.6580630000099,16383900,12.459877946848854,,0.9239053726196289,1.0804004669189453,0
1243.661204300006,16397700,12.26615582475603,,0.928004264831543,1.0804004669189453,0
1244.6618706000154,16411200,12.101311895769244,,0.9320907592773438,1.0804004669189453,0
1245.6621427999926,16425100,12.1060797253749,,0.936284065246582,1.0804004669189453,0
1246.665404600033,16439000,11.87532755609668,,0.9402647018432617,1.0804004669189453,0
1247.6658715000376,16452400,12.103723771316226,,0.9433736801147461,1.0804004669189453,0
1248.667782100034,16466100,11.891342900298262,,0.9474592208862305,1.0804004669189453,0
1249.6688938000007,16480200,12.291023569506901,,0.9516630172729492,1.0804004669189453,0
1250.6769175000372,16494100,12.40050209091955,,0.9568996429443359,1.0804004669189453,0
1251.6819946999894,16508000,12.048203859938091,,0.960968017578125,1.0804004669189453,0
1252.688295400003,16521400,12.03355517872266,,0.9651765823364258,1.0804004669189453,0
1253.6905930000357,16535300,12.081616278043752,,0.9692459106445312,1.0804004669189453,0
1254.690616100037,16549000,12.304403268268855,,0.9734039306640625,1.0804004669189453,0
1255.691961500037,16562900,12.093104936618381,,0.9774065017700195,1.0804004669189453,0
1256.6986111000297,16576400,11.835362076423367,,0.9815759658813477,1.0804004669189453,0
1257.7009436000371,16589600,11.496621629962242,,0.9856405258178711,1.0804004669189453,0
1258.7029158000369,16603100,11.890611835341582,,0.9897117614746094,1.0804004669189453,0
1259.7070877000224,16616900,12.059065783631857,,0.9937028884887695,1.0804004669189453,0
1260.7094612999936,16630400,12.275550254270259,,0.9978713989257812,1.0804004669189453,0
1261.7149333000416,16644200,12.237722680902323,,1.0019855499267578,1.0804004669189453,0
1262.7182750999928,16657800,11.679718716563443,,1.006063461303711,1.0804004669189453,0
1263.722692200041,16671400,12.250575482446518,,1.0101604461669922,1.0804004669189453,0
1264.726895800035,16685000,12.05868511133748,,1.0142974853515625,1.0804004669189453,0
1265.730301100004,16698700,11.873629230748408,,1.0184555053710938,1.0804004669189453,0
1266.7368566000368,16711400,12.030508997869314,,1.0224723815917969,1.0804004669189453,0
1267.7379511999898,16725100,12.291233516371635,,1.026625633239746,1.0804004669189453,0
1268.7429244000232,16738400,12.243796650090596,,1.0306949615478516,1.0804004669189453,0
1269.7500095000141,16752000,12.024182464926623,,1.0347795486450195,1.0804004669189453,0
1270.7507593000191,16765600,12.100302193354965,,1.0388908386230469,1.0804004669189453,0
1271.7563107000315,16779400,12.04252214242995,,1.0430431365966797,1.081228256225586,0
1272.7564741999959,16792900,12.107395441276362,,1.047140121459961,1.0855903625488281,0
1273.762300100003,16806400,11.845054397502212,,1.0512580871582031,1.0896635055541992,0
1274.7673226000043,16819900,12.243196047833111,,1.056356430053711,1.0946588516235352,0
1275.771101100021,16833400,12.06379196186966,,1.0605192184448242,1.0987615585327148,0
1276.7776932000415,16847500,12.224104977328382,,0.9340381622314453,1.0987615585327148,0
1277.7838383000344,16861700,12.035416164215167,,0.9384050369262695,1.0987615585327148,0
1278.7896910000127,16875100,12.0389148433578,,0.9424018859863281,1.0987615585327148,0
1279.7916976000415,16889000,11.890203617079113,,0.9464950561523438,1.0987615585327148,0
1280.7936089000432,16903000,11.891334592174168,,0.9506158828735352,1.0987615585327148,0
1281.7942991000018,16916900,11.710667297915494,,0.9548196792602539,1.0987615585327148,0
1282.7944418000407,16930900,12.107647238268713,,0.958892822265625,1.0987615585327148,0
1283.7958764000214,16944500,12.287060483267698,,0.9630937576293945,1.0987615585327148,0
1284.7972186999978,16958400,12.288193058747416,,0.967315673828125,1.0987615585327148,0
1285.8021029999945,16972300,12.244879833468882,,0.9713020324707031,1.0987615585327148,0
1286.805006999988,16986200,12.074311200351724,,0.9755048751831055,1.0987615585327148,0
1287.8080364000052,17000200,11.683356439801335,,0.9795112609863281,1.0987615585327148,0
1288.809166299994,17013800,12.095708059597937,,0.9836540222167969,1.0987615585327148,0
1289.8158292000298,17027900,12.22324523886119,,0.9877233505249023,1.0987615585327148,0
1290.819906299992,17041700,11.865684916476033,,0.9919891357421875,1.0987615585327148,0
1291.8202051999979,17055700,11.910502450747519,,0.9960336685180664,1.0987615585327148,0
1292.8226374000078,17069800,12.274832651902098,,1.0001983642578125,1.0987615585327148,0
1293.8255800000043,17083500,12.073846499333817,,1.0043182373046875,1.0987615585327148,0
1294.8327910000226,17097400,12.216593643016797,,1.0084342956542969,1.0987615585327148,0
1295.8332022000104,17111400,12.104397671824222,,1.0125484466552734,1.0987615585327148,0
1296.8389704000438,17125600,12.039926296733718,,1.0167570114135742,1.0987615585327148,0
1297.8389777000411,17139800,12.109286602239552,,1.020920753479004,1.0987615585327148,0
1298.842067199992,17154100,11.877367374081256,,1.0248918533325195,1.0987615585327148,0
1299.8479612999945,17168000,12.232587406536808,,1.028951644897461,1.0987615585327148,0
1300.8548432000098,17182400,12.220586644583822,,1.0331058502197266,1.0987615585327148,0
1301.8624989000382,17196600,12.21120219897838,,1.0372257232666016,1.0987615585327148,0
1302.863066799997,17210400,12.102501989619974,,1.0411968231201172,1.0987615585327148,0
1303.8638575000223,17224400,12.294965870174273,,1.0453977584838867,1.0987615585327148,0
1304.8694954999955,17238200,11.653050103826232,,1.0494518280029297,1.0987615585327148,0
1305.8724078999949,17252100,12.074210070598458,,1.0537118911743164,1.0987615585327148,0
1306.8783005999867,17265900,11.844267783330075,,1.0577268600463867,1.0987615585327148,0
1307.8848153,17279800,12.030996665861945,,1.061701774597168,1.1002912521362305,0
1308.8902560000424,17292500,11.266825581579155,,1.0659103393554688,1.1042728424072266,0
1309.8917240999872,17306100,12.481675652663823,,1.0700302124023438,1.1086149215698242,0
1310.896379999991,17318900,12.053256244206146,,1.0741863250732422,1.1125926971435547,0
1311.9010767000145,17331400,11.469568377929988,,1.078171730041504,1.1167564392089844,0
1312.9017663000268,17344900,11.905852224160192,,0.9517374038696289,1.1167564392089844,0
1313.9075566999963,17358300,12.233848623304073,,0.9559412002563477,1.1167564392089844,0
1314.9076148000313,17371400,11.522768026774942,,0.9600095748901367,1.1167564392089844,0
1315.9095780000207,17382900,11.695788827497779,,0.9641180038452148,1.1167564392089844,0
1316.9110141000128,17396700,12.09200966501519,,0.9681873321533203,1.1167564392089844,0
1317.9131121000391,17410500,12.0840227200155,,0.971339225769043,1.1167564392089844,0
1318.917625800008,17424400,11.471657878192989,,0.97540283203125,1.1167564392089844,0
1319.919959700026,17437900,12.276036458287445,,0.9794912338256836,1.1167564392089844,0
1320.923656400002,17451700,12.064775146007433,,0.983515739440918,1.1167564392089844,0
1321.9281242000288,17465700,12.249957141156937,,0.9876747131347656,1.1167564392089844,0
1322.928192100022,17479200,12.108552829345768,,0.9917888641357422,1.1167564392089844,0
1323.9319069000194,17492400,11.67537830470408,,0.9959516525268555,1.1167564392089844,0
1324.9330723999883,17505100,11.705107697342543,,1.0001220703125,1.1167564392089844,0
1325.9412056999863,17519100,12.399153961112784,,1.004288673400879,1.1167564392089844,0
1326.9475740999915,17533100,12.226822205404037,,1.0083541870117188,1.1167564392089844,0
1327.9480375000276,17547300,12.103766114345706,,1.0123662948608398,1.1167564392089844,0
1328.9499840000062,17561400,12.085849893440356,,1.0166254043579102,1.1167564392089844,0
1329.9533308999962,17575400,12.263642315656458,,1.0207929611206055,1.1167564392089844,0
1330.9545213000383,17589100,12.290057415135545,,1.024958610534668,1.1167564392089844,0
1331.9558501000283,17603100,11.898252102724813,,1.0290117263793945,1.1167564392089844,0
1332.9614264999982,17617000,12.236452148607212,,1.0331315994262695,1.1167564392089844,0
1333.9670864000218,17631100,12.041222882324137,,1.037205696105957,1.1167564392089844,0
1334.9725597000215,17644900,12.237706859051762,,1.0412702560424805,1.1167564392089844,0
1335.9739355000202,17658200,12.092737811335597,,1.0453338623046875,1.1167564392089844,0
1336.9806880000397,17670800,12.028154883911814,,1.0493574142456055,1.1167564392089844,0
1337.9818909000023,17684500,12.094826134094875,,1.0535202026367188,1.1167564392089844,0
1338.9849909000332,17698000,12.266660850983808,,1.0574893951416016,1.1167564392089844,0
1339.9896450000233,17712100,12.24768554681722,,1.0616474151611328,1.1167564392089844,0
1340.9913142999867,17725700,12.089194508050225,,1.0656719207763672,1.1167564392089844,0
1341.9927344000316,17739400,12.287238392207225,,1.0699214935302734,1.1167564392089844,0
1342.99689270003,17752900,12.059229107621311,,1.07403564453125,1.1167564392089844,0
1344.000924299995,17766800,12.060750877186308,,1.0781497955322266,1.1167564392089844,0
1345.0055974000134,17779800,11.46983780076212,,1.0833539962768555,1.1215839385986328,0
1346.0064664999954,17793200,12.098859881094118,,1.0873775482177734,1.1258277893066406,0
1347.006746900035,17807100,12.105980482592942,,1.0914382934570312,1.1298885345458984,0
1348.0073528999928,17821000,12.297235375881527,,1.0954961776733398,1.1337261199951172,0
1349.0140083000297,17835200,12.02931509586787,,0.9689664840698242,1.1337261199951172,0
1350.0174646000378,17849400,12.067665527539289,,0.973048210144043,1.1337261199951172,0
1351.0186477000243,17863100,12.290147027217774,,0.9770736694335938,1.1337261199951172,0
1352.0209840000025,17877300,12.276007064961789,,0.9813613891601562,1.1337261199951172,0
1353.0268235999974,17891400,12.42742878691876,,0.9855003356933594,1.1337261199951172,0
1354.0282130000414,17905100,11.897532068420759,,0.9896488189697266,1.1337261199951172,0
1355.0336471000337,17919100,12.432440873147314,,0.9937801361083984,1.1337261199951172,0
1356.0366027000127,17932700,11.294742260013136,,0.9979238510131836,1.1337261199951172,0
1357.0401992000407,17946600,11.871367127793386,,1.0022163391113281,1.1337261199951172,0
1358.0434023000416,17960700,12.070711304608455,,1.0061960220336914,1.1337261199951172,0
1359.046456000011,17974700,11.877791289104941,,1.0104503631591797,1.1337261199951172,0
1360.052182400017,17988800,12.42882756177448,,1.0144996643066406,1.1337261199951172,0
1361.0537081999937,18002800,12.090926664377672,,1.0185365676879883,1.1337261199951172,0
1362.0537412000122,18016700,11.913669348691714,,1.0225944519042969,1.1337261199951172,0
1363.05587869999,18030600,12.083546419795525,,1.026749610900879,1.1337261199951172,0
1364.0578468000167,18044700,12.085589351274882,,1.0309295654296875,1.1337261199951172,0
1365.0628976000007,18058900,12.437182279939238,,1.0350456237792969,1.1337261199951172,0
1366.0658036000095,18073200,12.074287121518534,,1.039168357849121,1.1337261199951172,0
1367.0687463000068,18086900,12.268584735732265,,1.0432615280151367,1.1337261199951172,0
1368.075087300036,18101500,12.033073281965866,,1.047372817993164,1.1337261199951172,0
1369.0813400000334,18115900,12.422326916522895,,1.0516357421875,1.1337261199951172,0
1370.0827702000388,18130300,12.287114468820148,,1.055567741394043,1.1337261199951172,0
1371.0852357000113,18144400,12.274424905732968,,1.0597209930419922,1.1337261199951172,0
1372.0889485999942,18158300,12.064580419566145,,1.0637855529785156,1.1337261199951172,0
1373.092041100026,18172400,12.072042209083001,,1.0679035186767578,1.1337261199951172,0
1374.095170799992,18186600,12.461000806201266,,1.0720233917236328,1.1337261199951172,0
1375.0983347000438,18200500,12.071182983533934,,1.0761337280273438,1.1337261199951172,0
1376.1037818000186,18214500,12.2380257502437,,1.0801467895507812,1.1337261199951172,0
1377.106973099988,18228100,11.681470922204236,,1.0842647552490234,1.1337261199951172,0
1378.1073480999912,18242200,12.104835686578076,,1.088423728942871,1.1337261199951172,0
1379.1134087000391,18256100,12.424698869436366,,1.0924882888793945,1.1337261199951172,0
1380.1168285000022,18268800,11.873457649967811,,1.0965518951416016,1.1350479125976562,0
1381.1192180000362,18282200,11.885661710937107,,1.1006250381469727,1.139120101928711,0
1382.1238214999903,18295600,12.248302440278367,,1.1047468185424805,1.1431970596313477,0
1383.124662199989,18309500,12.099203199886047,,1.1088619232177734,1.147268295288086,0
1384.1282256999984,18323400,12.26099544262401,,1.112874984741211,1.1513700485229492,0
1385.13153350004,18337400,11.874783091995356,,0.9863004684448242,1.1513700485229492,0
1386.1348477000138,18351200,12.069374678755535,,0.9905891418457031,1.1513700485229492,0
1387.13506890001,18364600,12.106696998668644,,0.9946098327636719,1.1513700485229492,0
1388.1388481000322,18378300,12.06378354894511,,0.9975700378417969,1.1513700485229492,0
1389.1419136000331,18392200,12.461798357124303,,1.0017938613891602,1.1513700485229492,0
1390.1441105999984,18406200,12.277713364165756,,1.0059270858764648,1.1513700485229492,0
1391.1499048999976,18420700,12.233801185798281,,1.0099811553955078,1.1513700485229492,0
1392.1518858000054,18434800,12.280361332141794,,1.0140933990478516,1.1513700485229492,0
1393.158172400028,18448600,12.22781611096077,,1.0181646347045898,1.1513700485229492,0
1394.16278720001,18462700,11.859334045461223,,1.022324562072754,1.1513700485229492,0
1395.162788800022,18476800,12.499979999879711,,1.026383399963379,1.1513700485229492,0
1396.1651803000132,18490800,12.080484521375094,,1.0304927825927734,1.1513700485229492,0
1397.1667495000293,18504800,11.895396244022454,,1.0345630645751953,1.1513700485229492,0
1398.1724968000199,18518800,12.040176493750444,,1.0388250350952148,1.1513700485229492,0
1399.1769486000412,18532800,12.055705410396692,,1.0428848266601562,1.1513700485229492,0
1400.1839588999865,18546800,12.02507561308794,,1.0468978881835938,1.1513700485229492,0
1401.1884415000095,18560400,12.249776650902445,,1.0510568618774414,1.1513700485229492,0
1402.195620500017,18573800,11.829141095983754,,1.0552339553833008,1.1513700485229492,0
1403.2032942000078,18587100,12.017158927646918,,1.0593576431274414,1.1513700485229492,0
1404.2057528999867,18601300,11.495174315154017,,1.0634222030639648,1.1513700485229492,0
1405.2113704000367,18615200,12.04173057787677,,1.0675783157348633,1.1513700485229492,0
1406.218068199989,18629600,12.222821486829337,,1.0717029571533203,1.1513700485229492,0
1407.2223436000058,18643900,12.252303999274163,,1.0757598876953125,1.1513700485229492,0
1408.2284470000304,18657700,11.841787334889101,,1.0799064636230469,1.1513700485229492,0
1409.2307092000265,18671600,12.276914663696411,,1.0839834213256836,1.1513700485229492,0
1410.2327616999974,18685500,12.084571417517367,,1.0881013870239258,1.1513700485229492,0
1411.2371351000038,18699700,12.445570541712684,,1.0935354232788086,1.1513700485229492,0
1412.2400037000189,18713900,12.269491237252005,,1.0976495742797852,1.1513700485229492,0
1413.2424376000417,18727600,12.079973552095174,,1.1017236709594727,1.1513700485229492,0
1414.248061100021,18741500,11.653218128098269,,1.1058826446533203,1.1513700485229492,0
1415.2537668999867,18755400,12.429082143532327,,1.111098289489746,1.1513700485229492,0
1416.2556407999946,18769300,12.086725684643792,,1.115159034729004,1.153620719909668,0
1417.261436700006,18783500,12.233781724363864,,1.1192293167114258,1.157724380493164,0
1418.268563300022,18797200,12.217617427447191,,1.1233930587768555,1.161799430847168,0
1419.2699038000428,18811400,12.093164113253586,,1.1274547576904297,1.1659049987792969,0
1420.2767090999987,18825500,12.221516414880952,,1.1315116882324219,1.1699743270874023,0
1421.280240299995,18839700,12.261390079396271,,1.004948616027832,1.1699743270874023,0
1422.2813597000204,18853700,12.290929033728126,,1.0090179443359375,1.1699743270874023,0
1423.2882888999884,18867800,12.026044135362095,,1.0132331848144531,1.1699743270874023,0
1424.2917656000354,18881000,12.067420199624422,,1.0171918869018555,1.1699743270874023,0
1425.2935873999959,18895100,11.892396931740064,,1.0214433670043945,1.1699743270874023,0
1426.296725000022,18908800,12.07149946297,,1.0256366729736328,1.1699743270874023,0
1427.2975753000355,18920400,11.51364744542111,,1.0297765731811523,1.1699743270874023,0
1428.2982335000415,18933200,11.515857762351716,,1.0338325500488281,1.1699743270874023,0
1429.302204000007,18946800,12.256024953347255,,1.0379724502563477,1.1699743270874023,0
1430.3044230000232,18960900,12.277443851892048,,1.0420970916748047,1.1699743270874023,0
1431.3059488,18974900,12.090926664377672,,1.0462055206298828,1.1699743270874023,0
1432.310649299994,18988900,11.858322455367151,,1.0502872467041016,1.1699743270874023,0
1433.3151708000223,19003000,12.249302279398218,,1.0544795989990234,1.1699743270874023,0
1434.3221718000132,19017000,12.219141291927016,,1.0585041046142578,1.1699743270874023,0
1435.3279099999927,19029800,11.651889130032531,,1.0626049041748047,1.1699743270874023,0
1436.33317920001,19043900,12.240191482828028,,1.0666866302490234,1.1699743270874023,0
1437.3381570000201,19058300,12.049395518862845,,1.0708417892456055,1.1699743270874023,0
1438.342772300006,19072500,12.053743358449585,,1.0749263763427734,1.1699743270874023,0
1439.3479503000272,19086600,12.435608419340271,,1.0790634155273438,1.1699743270874023,0
1440.3542033000267,19100900,11.840026812347595,,1.0832223892211914,1.1699743270874023,0
1441.359278500022,19115400,12.048227834154055,,1.087489128112793,1.1699743270874023,0
1442.362618700019,19129700,11.874399630388028,,1.0915613174438477,1.1699743270874023,0
1443.3649473999976,19144000,12.276100145853867,,1.0956754684448242,1.1699743270874023,0
1444.3673621999915,19157900,12.08020372412119,,1.0996389389038086,1.1699743270874023,0
1445.371668900014,19172200,11.66849728249182,,1.1038570404052734,1.1699743270874023,0
1446.3721822000225,19186300,12.103162446611993,,1.107926368713379,1.1699743270874023,0
1447.3746622999897,19200100,12.274246142544284,,1.1120853424072266,1.1699743270874023,0
1448.3777423000429,19214400,12.461618215234619,,1.1161088943481445,1.1699743270874023,0
1449.3822713000118,19227900,12.05477890670646,,1.1202716827392578,1.1699743270874023,0
1450.3835584000335,19242000,12.483931930940443,,1.1243915557861328,1.1699743270874023,0
1451.3891869999934,19255900,11.847378346712874,,1.1283645629882812,1.1699743270874023,0
1452.3945838999934,19269700,12.432900877254912,,1.1324787139892578,1.1708850860595703,0
1453.394815800013,19283500,12.10656748676288,,1.1367406845092773,1.1751461029052734,0
1454.40329560003,19297400,11.426542702991947,,1.1407642364501953,1.1792593002319336,0
1455.4095221000025,19311000,12.228546455830289,,1.1449356079101562,1.1831655502319336,0
1456.415761900018,19324800,12.03428347776931,,1.1490488052368164,1.1874561309814453,0
1457.417109800037,19338300,12.09307474432203,,1.0224170684814453,1.1874561309814453,0
1458.4231043999898,19352400,12.037216701330026,,1.0256567001342773,1.1874561309814453,0
1459.4253907999955,19366200,12.276618239986279,,1.0296249389648438,1.1874561309814453,0
1460.4291173000238,19379800,12.06441694989505,,1.033736228942871,1.1874561309814453,0
1461.4321449000272,19393500,12.072823320075015,,1.0378484725952148,1.1874561309814453,0
1462.4326883000322,19407400,11.90759191449446,,1.042109489440918,1.1874561309814453,0
1463.4372430000221,19421500,11.860043559717544,,1.0461702346801758,1.1874561309814453,0
1464.4399172000121,19435700,12.466661653530833,,1.0503406524658203,1.1874561309814453,0
1465.4405699000345,19449000,12.296661468784755,,1.0544214248657227,1.1874561309814453,0
1466.446108300006,19463300,12.042677833429876,,1.0586376190185547,1.1874561309814453,0
1467.450658900023,19477600,12.0545197024377,,1.062704086303711,1.1874561309814453,0
1468.4515685000224,19491700,11.512965306763514,,1.0668525695800781,1.1874561309814453,0
1469.4535730000352,19505900,11.890228536745367,,1.0709161758422852,1.1874561309814453,0
1470.4578254999942,19519500,12.447068840267516,,1.0749902725219727,1.1874561309814453,0
1471.4614910000237,19533300,12.065150191617237,,1.0792999267578125,1.1874561309814453,0
1472.4669891000376,19547600,12.043160499092087,,1.083268165588379,1.1874561309814453,0
1473.473371500033,19561700,12.032578272489665,,1.087564468383789,1.1874561309814453,0
1474.4792798000271,19575500,12.0382494110745,,1.0916643142700195,1.1874561309814453,0
1475.482439000043,19589000,12.071239539853238,,1.0956802368164062,1.1874561309814453,0
1476.4842260000296,19603000,12.282738246918488,,1.0997505187988281,1.1874561309814453,0
1477.4857508999994,19616200,11.505892165384383,,1.10394287109375,1.1874561309814453,0
1478.4917581999907,19630600,12.23121094658668,,1.1080570220947266,1.1874561309814453,0
1479.4971452000318,19644600,11.850225335630125,,1.112177848815918,1.1874561309814453,0
1480.502551200043,19658600,12.238526028155515,,1.1163330078125,1.1874561309814453,0
1481.5026559000253,19672700,12.303399334307096,,1.1203193664550781,1.1874561309814453,0
1482.5041402000352,19686800,12.286450721072999,,1.1244373321533203,1.1874561309814453,0
1483.5088420000393,19700900,12.052705588812941,,1.1285638809204102,1.1874561309814453,0
1484.514772900031,19715100,12.037978950741518,,1.1325807571411133,1.1874561309814453,0
1485.5229065000312,19729200,12.399150271349333,,1.1377859115600586,1.1874561309814453,0
1486.5256262000185,19742700,12.076530460261681,,1.1419486999511719,1.1874561309814453,0
1487.5317282000324,19756600,12.035931744328506,,1.1460599899291992,1.1874561309814453,0
1488.5355168000096,19770700,12.258245909824671,,1.1502208709716797,1.188507080078125,0
1489.5389308999875,19784200,12.06817305065546,,1.1544017791748047,1.1927175521850586,0
1490.5435735000065,19798200,11.859005879080499,,1.1585197448730469,1.196981430053711,0
1491.5484290000168,19811700,12.43959952438114,,1.1625862121582031,1.2009925842285156,0
1492.550070600002,19825300,12.089528829650897,,1.1665992736816406,1.2051515579223633,0
1493.5524368000333,19839400,11.885937993149211,,1.0401849746704102,1.2051515579223633,0
1494.5589755999972,19853700,11.836664915875478,,1.044342041015625,1.2051515579223633,0
1495.5599172000075,19867900,12.097983538575894,,1.0483503341674805,1.2051515579223633,0
1496.5623738000286,19881600,12.274533879811797,,1.0524282455444336,1.2051515579223633,0
1497.5653883999912,19895700,11.878254314985986,,1.0564889907836914,1.2051515579223633,0
1498.567531800014,19909800,12.083475278812374,,1.060755729675293,1.2051515579223633,0
1499.572175600042,19924100,12.442220814630964,,1.064798355102539,1.2051515579223633,0
1500.5772670000442,19937600,12.048033641492053,,1.0689430236816406,1.2051515579223633,0
1501.5837169000297,19951200,12.225832105679403,,1.0730676651000977,1.2051515579223633,0
1502.5896391000133,19964800,11.843920434596292,,1.0772666931152344,1.2051515579223633,0
1503.590412700025,19978800,12.10001442869762,,1.0812740325927734,1.2051515579223633,0
1504.5958621000173,19992800,12.432251687747794,,1.0853757858276367,1.2051515579223633,0
1505.6007053999929,20006800,12.051008351544782,,1.0895376205444336,1.2051515579223633,0
1506.601412100019,20020500,11.905648777698568,,1.0935297012329102,1.2051515579223633,0
1507.6050930999918,20034500,12.064963868328157,,1.0976428985595703,1.2051515579223633,0
1508.606592600001,20048600,12.09124417924161,,1.1018476486206055,1.2051515579223633,0
1509.6071749000112,20062600,12.29752665010698,,1.1059236526489258,1.2051515579223633,0
1510.6091175000183,20076700,11.890963114967617,,1.1100482940673828,1.2051515579223633,0
1511.6154568000347,20090300,12.421257919467326,,1.1140871047973633,1.2051515579223633,0
1512.620023399999,20104800,11.665478426634971,,1.1182069778442383,1.2051515579223633,0
1513.62472110003,20119400,12.247154044066283,,1.1223220825195312,1.2051515579223633,0
1514.6260928999982,20134100,12.287831053751425,,1.1265382766723633,1.2051515579223633,0
1515.6320225000381,20148400,12.232155709018972,,1.1306076049804688,1.2051515579223633,0
1516.6335041000275,20162600,11.896436739453556,,1.134725570678711,1.2051515579223633,0
1517.636682100012,20176800,12.071013319856922,,1.1388845443725586,1.2051515579223633,0
1518.6379470000393,20191200,12.094077201417655,,1.1429691314697266,1.2051515579223633,0
1519.6435665999888,20205500,12.235926488124411,,1.1470832824707031,1.2051515579223633,0
1520.647788400005,20220000,12.252957961877566,,1.151230812072754,1.2051515579223633,0
1521.6503435000195,20234100,12.078513190771927,,1.1552600860595703,1.2051515579223633,0
1522.655298800033,20248100,11.855315853192218,,1.1594228744506836,1.2051515579223633,0
1523.659023699991,20262400,12.259023862530713,,1.1634950637817383,1.2051515579223633,0
1524.6606809000368,20276400,12.284329907912957,,1.1675519943237305,1.2058382034301758,0
1525.6645344000426,20290500,11.868327898374906,,1.171666145324707,1.2098960876464844,0
1526.6697619000333,20304500,12.04640243140159,,1.1757841110229492,1.2142457962036133,0
1527.6777170000132,20318100,12.20757502020239,,1.1799430847167969,1.2182645797729492,0
1528.684020899993,20332100,11.839427930509386,,1.186539649963379,1.2247228622436523,0
1529.6845512000145,20346400,12.298165782419485,,1.0191888809204102,1.2247228622436523,0
1530.6889669999946,20360700,12.445045169787509,,1.0232982635498047,1.2247228622436523,0
1531.6899591000401,20374800,12.0973731955017,,1.0273990631103516,1.2247228622436523,0
1532.6919493000023,20388700,12.280247352184304,,1.031691551208496,1.2247228622436523,0
1533.697980900004,20402900,12.03677399395718,,1.0356817245483398,1.2247228622436523,0
1534.6989480000339,20416500,12.292799133591439,,1.039834976196289,1.2247228622436523,0
1535.7016539000324,20429600,11.297554946087812,,1.0439023971557617,1.2247228622436523,0
1536.7068900000304,20442200,11.463413918404756,,1.0480127334594727,1.2247228622436523,0
1537.7084095000173,20455500,11.89598654859527,,1.0521669387817383,1.2247228622436523,0
1538.711044399999,20469300,11.882752635297692,,1.0562782287597656,1.2247228622436523,0
1539.711997800041,20483500,12.097840917961818,,1.0603065490722656,1.2247228622436523,0
1540.7137002000236,20498000,11.69883390536301,,1.064443588256836,1.2247228622436523,0
1541.7140859999927,20512200,11.909467827680311,,1.0686101913452148,1.2247228622436523,0
1542.7164830000256,20526000,12.080418237087738,,1.0727663040161133,1.2247228622436523,0
1543.7174640999874,20539800,11.707264003733258,,1.0768508911132812,1.2247228622436523,0
1544.7184041000437,20553800,12.098002876614995,,1.0809688568115234,1.2247228622436523,0
1545.718956800003,20567800,12.102685846024618,,1.0850763320922852,1.2247228622436523,0
1546.7247433000011,20582100,12.233896060469746,,1.089177131652832,1.2247228622436523,0
1547.7249524000217,20596300,12.302115127473622,,1.0932579040527344,1.2247228622436523,0
1548.725223699992,20610000,12.106090617974456,,1.0973749160766602,1.2247228622436523,0
1549.7258776000235,20624000,11.906276985104796,,1.1014337539672852,1.2247228622436523,0
1550.7327066000435,20638200,12.415216486367115,,1.1057586669921875,1.2247228622436523,0
1551.737122600025,20652400,12.250588899644889,,1.1098499298095703,1.2247228622436523,0
1552.7397074000328,20666300,11.883346426065772,,1.1140804290771484,1.2247228622436523,0
1553.7453144000028,20679800,12.236079800922804,,1.1182613372802734,1.2247228622436523,0
1554.747715000005,20693700,12.275219607783198,,1.1224308013916016,1.2247228622436523,0
1555.7477431000443,20707700,11.718420711916941,,1.1265535354614258,1.2247228622436523,0
1556.7493493999937,20721500,12.284954178725018,,1.1306228637695312,1.2247228622436523,0
1557.7534494000138,20735100,12.25444427821281,,1.1347293853759766,1.2247228622436523,0
1558.7543983000214,20748400,12.097895307050678,,1.1388072967529297,1.2247228622436523,0
1559.7559252000065,20762400,11.895898652525448,,1.1430177688598633,1.2247228622436523,0
1560.7589107000385,20776200,12.073330072680672,,1.1471881866455078,1.2247228622436523,0
1561.7633784000063,20790000,12.055514577908582,,1.1512718200683594,1.2247228622436523,0
1562.7648449999979,20804000,12.286667873001338,,1.155491828918457,1.2247228622436523,0
1563.7652422999963,20817500,12.495035722327014,,1.159646987915039,1.2247228622436523,0
1564.7673652000376,20831100,12.278621214516768,,1.163705825805664,1.2247228622436523,0
1565.7735686000087,20845400,12.228827193739434,,1.0372028350830078,1.2247228622436523,0
1566.7770636000205,20859500,11.872567875136856,,1.0412702560424805,1.2247228622436523,0
1567.7830337000196,20873600,12.231663247258505,,1.0453357696533203,1.2247228622436523,0
1568.7882490000338,20885400,11.852249463205737,,1.049386978149414,1.2247228622436523,0
1569.7902673000353,20898600,12.084983877022763,,1.0534896850585938,1.2247228622436523,0
1570.7964815000305,20912600,12.228695937762787,,1.0576152801513672,1.2247228622436523,0
1571.7998709999956,20926100,12.263121649596384,,1.061814308166504,1.2247228622436523,0
1572.8028579000384,20939700,12.268044078617212,,1.0658845901489258,1.2247228622436523,0
1573.805676900025,20953200,11.880571170030528,,1.0700550079345703,1.2247228622436523,0
1574.8097952000098,20967200,12.059709498554941,,1.0742712020874023,1.2247228622436523,0
1575.8153412000393,20981300,12.236822084360059,,1.078390121459961,1.2247228622436523,0
1576.8192228000262,20995200,12.062552994454435,,1.0825529098510742,1.2247228622436523,0
1577.8257195000187,21009400,12.225263629866712,,1.086655616760254,1.2247228622436523,0
1578.826222600008,21023300,12.103285837026762,,1.0907211303710938,1.2247228622436523,0
1579.827050700027,21037000,12.294506418999177,,1.0948877334594727,1.2247228622436523,0
1580.8316485999967,21051200,12.248370716653428,,1.0989513397216797,1.2247228622436523,0
1581.834309400001,21065400,12.272034071688326,,1.1029300689697266,1.2247228622436523,0
1582.8356944000116,21079600,11.897584345556638,,1.1071662902832031,1.2247228622436523,0
1583.8409488000325,21093800,11.851788462454808,,1.1111822128295898,1.2247228622436523,0
1584.8447267999873,21107400,12.06379797180823,,1.1152801513671875,1.2247228622436523,0
1585.8460561000393,21121900,12.28835259225986,,1.119354248046875,1.2247228622436523,0
1586.8490737000247,21135800,11.878218787160467,,1.1234626770019531,1.2247228622436523,0
1587.8544822999975,21150200,12.044232564082412,,1.1276273727416992,1.2247228622436523,0
1588.8578456999967,21163700,12.068782855752422,,1.1315956115722656,1.2247228622436523,0
1589.8588658000226,21177100,12.292148279221681,,1.1358051300048828,1.2247228622436523,0
1590.8601858000038,21191000,12.093411696787525,,1.139786720275879,1.2247228622436523,0
1591.8624107000069,21204100,12.082492662039293,,1.1454925537109375,1.2247228622436523,0
1592.868850000028,21217500,12.031897998960737,,1.1495676040649414,1.2247228622436523,0
1593.8748599000392,21231100,11.454596520245577,,1.1537761688232422,1.2247228622436523,0
1594.880433399987,21244900,11.848027519240144,,1.1579017639160156,1.2247228622436523,0
1595.8855267000035,21258700,11.853688110151829,,1.1619062423706055,1.2247228622436523,0
1596.8911801000359,21272600,12.235515237759454,,1.166031837463379,1.2247228622436523,0
1597.891957200016,21286600,11.709650430883869,,1.1701850891113281,1.2247228622436523,0
1598.8939100000425,21299700,12.085773900405455,,1.174260139465332,1.2247228622436523,0
1599.8942648000084,21313000,12.105080117987379,,1.178380012512207,1.2247228622436523,0
1600.9008478000178,21326700,12.224215489318738,,1.1824464797973633,1.2247228622436523,0
1601.9052220000303,21340500,11.084327434795776,,1.055922508239746,1.2247228622436523,0
1602.9092946000164,21354200,12.254778688483594,,1.0600738525390625,1.2247228622436523,0
1603.9156919000088,21368200,12.226471096547147,,1.0640993118286133,1.2247228622436523,0
1604.9201829000376,21382000,12.055234939539424,,1.0682334899902344,1.2247228622436523,0
1605.9277235000045,21396100,12.406447939081373,,1.0723133087158203,1.2247228622436523,0
1606.9279805000406,21410000,12.106263689795025,,1.076420783996582,1.2247228622436523,0
1607.92904300004,21423700,12.096522444907919,,1.0805959701538086,1.2247228622436523,0
1608.9310494000092,21437600,12.085127400756496,,1.0848207473754883,1.2247228622436523,0
1609.9353477000259,21451600,11.863071459746797,,1.0888309478759766,1.2247228622436523,0
1610.936597699998,21465500,12.094257178864328,,1.093057632446289,1.2247228622436523,0
1611.9421923999907,21479500,12.430455331645565,,1.0971155166625977,1.2247228622436523,0
1612.9480148000293,21493500,12.233459405485336,,1.1011781692504883,1.2247228622436523,0
1613.952793500037,21507500,12.634933941079845,,1.1052722930908203,1.2247228622436523,0
1614.956007700006,21521600,12.265264487264286,,1.1094074249267578,1.2247228622436523,0
1615.9582490000175,21535200,12.082294952184489,,1.1134910583496094,1.2247228622436523,0
1616.9605337000103,21548900,12.081771776110804,,1.117609977722168,1.2247228622436523,0
1617.9627939999918,21563000,12.082065906653842,,1.1217756271362305,1.2247228622436523,0
1618.9671777000185,21577000,12.056522820589894,,1.1258010864257812,1.2247228622436523,0
1619.969653600012,21590700,12.274297566735015,,1.130051612854004,1.2247228622436523,0
1620.9753997999942,21604300,11.845993054918203,,1.1341180801391602,1.2247228622436523,0
1621.9799346000073,21618100,12.054709304090357,,1.1382465362548828,1.2247228622436523,0
1622.98520320002,21631500,11.851621049190413,,1.1423091888427734,1.2247228622436523,0
1623.99030830001,21644400,12.242189896481495,,1.1464300155639648,1.2247228622436523,0
1624.9965931000188,21658000,12.033745317322941,,1.1504831314086914,1.2247228622436523,0
1625.999446700036,21671300,11.88016127159033,,1.154597282409668,1.2247228622436523,0
1627.0048733000294,21685200,12.044016937765369,,1.1587562561035156,1.2247228622436523,0
1628.0100590999937,21698700,12.241207048923464,,1.1629247665405273,1.2247228622436523,0
1629.0150194999878,21712100,12.049604143676067,,1.1671371459960938,1.2247228622436523,0
1630.0186235000147,21725500,12.06588953379652,,1.1712627410888672,1.2247228622436523,0
1631.025076400023,21737900,12.031735414444288,,1.175288200378418,1.2247228622436523,0
1632.0298001000192,21751500,12.052442875633592,,1.179408073425293,1.2247228622436523,0
1633.0330407000147,21765400,12.264941729885583,,1.1835546493530273,1.2247228622436523,0
1634.0342207000358,21778200,12.290185081344415,,1.1876277923583984,1.226090431213379,0
1635.0356867000228,21791900,11.701595461206269,,1.1916894912719727,1.2302074432373047,0
1636.0415322000044,21805200,12.039001019759784,,1.195765495300293,1.234227180480957,0
1637.0483715999871,21817400,11.639145230313044,,1.1999015808105469,1.23809814453125,0
1638.048572700005,21830300,11.71639383299075,,1.0732746124267578,1.23809814453125,0
1639.0495362000074,21843400,12.097718847861062,,1.07745361328125,1.23809814453125,0
1640.0508232000284,21855900,11.703687354129857,,1.0814809799194336,1.23809814453125,0
1641.0522405999945,21869300,11.702163354057983,,1.0856847763061523,1.23809814453125,0
1642.0522502000094,21882400,11.913948125920575,,1.0898761749267578,1.23809814453125,0
1643.0557354000048,21895400,11.87268382239752,,1.0940065383911133,1.23809814453125,0
1644.060601300036,21909000,12.050737316912556,,1.09808349609375,1.23809814453125,0
1645.0625964000355,21920300,11.110645650867774,,1.1022071838378906,1.23809814453125,0
1646.0689904000028,21932700,11.838367975551927,,1.1063270568847656,1.23809814453125,0
1647.0741329999873,21944300,12.047419938411007,,1.110335350036621,1.23809814453125,0
1648.0741595000145,21957700,12.109054109737198,,1.1144943237304688,1.23809814453125,0
1649.0801486000419,21971600,12.231432228903179,,1.1152448654174805,1.23809814453125,0
1650.0874950000434,21985100,12.214951579695965,,1.119455337524414,1.23809814453125,0
1651.094175300037,21997600,11.835001141947142,,1.1235294342041016,1.23809814453125,0
1652.0942241000012,22010500,11.718178153326406,,1.1277379989624023,1.23809814453125,0
1653.0966408000095,22024400,12.275022453135314,,1.1317691802978516,1.23809814453125,0
1654.0975386000355,22038000,12.29365026047656,,1.1360273361206055,1.23809814453125,0
1655.1037803000072,22050800,11.4519578152285,,1.1400480270385742,1.23809814453125,0
1656.1108511000057,22063400,12.41223556478745,,1.1440858840942383,1.23809814453125,0
1657.114879300003,22075400,12.060791718831192,,1.1481924057006836,1.23809814453125,0
1658.1212421000237,22088300,11.838734996717532,,1.1523027420043945,1.23809814453125,0
1659.1268560999888,22100100,11.653328215802777,,1.156468391418457,1.23809814453125,0
1660.1317430000054,22113800,12.050485482296859,,1.1605911254882812,1.23809814453125,0
1661.1332101000007,22127700,11.506556231406382,,1.1647615432739258,1.23809814453125,0
1662.1372953000246,22141200,12.060107050390265,,1.168837547302246,1.23809814453125,0
1663.1399785000249,22155200,11.882180233992354,,1.172994613647461,1.23809814453125,0
1664.1412289,22169000,12.094252347166176,,1.1770610809326172,1.23809814453125,0
1665.143869600026,22182900,12.272280089648802,,1.18109130859375,1.23809814453125,0
1666.1505201000255,22196800,11.835351494888885,,1.1852951049804688,1.23809814453125,0
1667.1514192000031,22210600,11.708223136838914,,1.1895246505737305,1.23809814453125,0
1668.1549793999875,22224300,11.87179653017906,,1.1935949325561523,1.23809814453125,0
1669.159437299997,22237900,12.250077877711549,,1.197646141052246,1.23809814453125,0
1670.1627458999865,22251300,12.069442044180613,,1.2017650604248047,1.2402267456054688,0
1671.1661179999937,22265400,11.679366009793647,,1.2058954238891602,1.2441701889038086,0
1672.1673478999874,22279200,11.899427394323498,,1.2109794616699219,1.249441146850586,0
1673.173203399987,22293000,12.23305683570346,,1.215108871459961,1.2535591125488281,0
1674.1756956999889,22307100,12.274096768600243,,1.0885238647460938,1.2535591125488281,0
1675.1798161999905,22321200,11.86517205851402,,1.0927114486694336,1.2535591125488281,0
1676.1820183999953,22335300,12.277649659859744,,1.0966854095458984,1.2535591125488281,0
1677.1851989999996,22349400,12.070982034489552,,1.1008243560791016,1.2535591125488281,0
1678.1901736000436,22363300,12.438125301327753,,1.1049537658691406,1.2535591125488281,0
1679.193914100004,22377600,12.25883333439986,,1.1091194152832031,1.2535591125488281,0
1680.1946113000158,22391800,12.10093822572469,,1.1132354736328125,1.2535591125488281,0
1681.2003081000294,22406000,11.846574931768318,,1.1172895431518555,1.2535591125488281,0
1682.2067042000126,22420000,12.226485675177804,,1.1214485168457031,1.2535591125488281,0
1683.211522000027,22434100,12.051314178379315,,1.125528335571289,1.2535591125488281,0
1684.2138080000295,22448500,11.886889071551037,,1.129598617553711,1.2535591125488281,0
1685.21676879999,22462500,11.684155552702025,,1.133601188659668,1.2535591125488281,0
1686.218031700002,22477000,12.289167510202917,,1.1377983093261719,1.2535591125488281,0
1687.228436400008,22490300,12.371280537320443,,1.142024040222168,1.2535591125488281,0
1688.2412904000375,22501700,11.570028848834381,,1.1461009979248047,1.2535591125488281,0
1689.243417199992,22514200,11.69387945770065,,1.1501150131225586,1.2535591125488281,0
1690.2481064000167,22528000,11.664054913413247,,1.1542186737060547,1.2535591125488281,0
1691.2528294000076,22542100,12.246845648115182,,1.1583366394042969,1.2535591125488281,0
1692.2567591000115,22555900,11.867427071789269,,1.1624031066894531,1.2535591125488281,0
1693.2569705999922,22569500,12.106814408986756,,1.1665582656860352,1.2535591125488281,0
1694.2590459000203,22583700,12.084296459218832,,1.1706886291503906,1.2535591125488281,0
1695.2601707000285,22597200,11.705583559515615,,1.1747970581054688,1.2535591125488281,0
1696.264794800023,22610700,11.859224261158682,,1.1788673400878906,1.2535591125488281,0
1697.2706975000328,22624100,12.232482823518282,,1.1829261779785156,1.2535591125488281,0
1698.27668000001,22637500,11.843210493493787,,1.1871051788330078,1.2535591125488281,0
1699.2819591999869,22650800,12.045782903175336,,1.1912174224853516,1.2535591125488281,0
1700.2851495000068,22664100,11.876173942036106,,1.1952877044677734,1.2535591125488281,0
1701.287671099999,22677800,11.68927432595111,,1.1993513107299805,1.2535591125488281,0
1702.2924025999964,22691600,12.246742040068847,,1.203465461730957,1.2535591125488281,0
1703.2980368999997,22705400,11.847311194497816,,1.2075796127319336,1.2535591125488281,0
1704.2998481999966,22719000,12.087480945800147,,1.2116403579711914,1.2535591125488281,0
1705.3065155000077,22732800,11.835153977753567,,1.2156982421875,1.2540178298950195,0
1706.3083438000176,22747000,11.892319771643209,,1.2198123931884766,1.2583637237548828,0
1707.312963400036,22761100,12.44252053192072,,1.2239160537719727,1.2624225616455078,0
1708.3189770000172,22775200,12.231134350699943,,1.2279767990112305,1.2664718627929688,0
1709.323976500018,22788800,12.049135347818348,,1.232050895690918,1.2705469131469727,0
1710.3308257000172,22802800,12.41496740525878,,1.1055107116699219,1.2705469131469727,0
1711.331246000016,22817000,12.104287567947898,,1.1096467971801758,1.2705469131469727,0
1712.3365218000254,22831200,12.240111121631179,,1.1137504577636719,1.2705469131469727,0
1713.3413760000258,22845100,11.467770647717161,,1.1178045272827148,1.2705469131469727,0
1714.3422613000148,22858900,12.09866405284683,,1.1219758987426758,1.2705469131469727,0
1715.347568600031,22873100,12.434008983917181,,1.1250534057617188,1.2705469131469727,0
1716.3476761000347,22887200,12.108073382067223,,1.1291141510009766,1.2705469131469727,0
1717.354484600015,22901400,12.221477570204609,,1.1331872940063477,1.2705469131469727,0
1718.3602081999998,22915500,12.04046022205634,,1.1372900009155273,1.2705469131469727,0
1719.3667665999965,22929100,12.22451424581037,,1.141463279724121,1.2705469131469727,0
1720.3729772000224,22942900,11.840525730590311,,1.1455183029174805,1.2705469131469727,0
1721.376839100034,22956400,12.257350836662404,,1.1496477127075195,1.2705469131469727,0
1722.3815361000015,22969100,12.247162577769467,,1.1538209915161133,1.2705469131469727,0
1723.3827659999952,22983000,12.094499974558309,,1.1579465866088867,1.2705469131469727,0
1724.3897106000222,22996100,11.831894723582502,,1.1620988845825195,1.2705469131469727,0
1725.392153599998,23010200,12.274700407202793,,1.166168212890625,1.2705469131469727,0
1726.3972737999866,23024000,12.242005981115101,,1.1703081130981445,1.2705469131469727,0
1727.4001545000356,23038100,12.074591723031922,,1.1743860244750977,1.2705469131469727,0
1728.4021553000202,23052000,12.085194942145009,,1.1784954071044922,1.2705469131469727,0
1729.4067869000137,23065200,12.053547788143446,,1.1824970245361328,1.2705469131469727,0
1730.4094669999904,23079400,12.46658829699551,,1.1866559982299805,1.2705469131469727,0
1731.4120713000302,23093800,12.077920471235814,,1.1908674240112305,1.2705469131469727,0
1732.4186607000302,23108300,12.030103833798304,,1.1948356628417969,1.2705469131469727,0
1733.418723400042,23122500,12.303916044319235,,1.1990480422973633,1.2705469131469727,0
1734.426894000033,23136900,12.398695220939505,,1.2031793594360352,1.2705469131469727,0
1735.4308698000386,23150900,11.477804046605861,,1.2073383331298828,1.2705469131469727,0
1736.4375430000364,23165100,11.8350846133846,,1.2114601135253906,1.2705469131469727,0
1737.4425030000275,23179200,11.855260408479275,,1.2155227661132812,1.2705469131469727,0
1738.4436656000325,23193200,12.290398682429796,,1.2197418212890625,1.2705469131469727,0
1739.4482741000247,23206600,11.859408416405817,,1.2238569259643555,1.2705469131469727,0
1740.4539015000337,23220400,12.041612032341291,,1.2279348373413086,1.2705469131469727,0
1741.454425600008,23234200,12.298241991686655,,1.232041358947754,1.2705469131469727,0
1742.4583352000336,23248100,12.062216557837788,,1.2372007369995117,1.27569580078125,0
1743.4632462000009,23262200,12.244554493284477,,1.2413148880004883,1.2798099517822266,0
1744.4641487000044,23276000,11.903319753879554,,1.2453842163085938,1.2839250564575195,0
1745.470760199998,23289600,12.417899060441414,,1.2494573593139648,1.2879972457885742,0
1746.477380700002,23303700,12.029732158199495,,1.1229829788208008,1.2879972457885742,0
1747.4781361999922,23317700,11.90506822107575,,1.1270933151245117,1.2879972457885742,0
1748.4806955000386,23331800,12.078462590132464,,1.1312541961669922,1.2879972457885742,0
1749.482838099997,23345800,12.083484925700134,,1.1353988647460938,1.2879972457885742,0
1750.4829855000135,23359400,12.302874056161976,,1.1395092010498047,1.2879972457885742,0
1751.4886800000095,23372500,12.42922179652907,,1.1436223983764648,1.2879972457885742,0
1752.4904232000117,23385800,12.088302670757281,,1.1477279663085938,1.2879972457885742,0
1753.4961036000168,23398000,11.458349491490374,,1.1517362594604492,1.2879972457885742,0
1754.5029724999913,23407600,11.056864007103487,,1.1558914184570312,1.2879972457885742,0
1755.5073514000396,23418700,11.862119464503671,,1.160109519958496,1.2879972457885742,0
1756.5116146000219,23432500,11.47451932939877,,1.1642322540283203,1.2879972457885742,0
1757.512914300023,23446500,12.093656874145498,,1.168278694152832,1.2879972457885742,0
1758.520219500002,23458200,12.409347236827697,,1.172403335571289,1.2879972457885742,0
1759.525026599993,23470600,11.857064405801438,,1.1765174865722656,1.2879972457885742,0
1760.5323672000086,23484300,12.215021909977123,,1.1805782318115234,1.2879972457885742,0
1761.574084300024,23496600,11.24945534620391,,1.1846923828125,1.2879972457885742,0
1762.5769184000092,23509100,11.880392280413986,,1.1888628005981445,1.2879972457885742,0
1763.5820188000216,23523100,12.242247142521839,,1.1929826736450195,1.2879972457885742,0
1764.5856683999882,23537100,12.259943610209746,,1.1971015930175781,1.2879972457885742,0
1765.5901546000387,23549600,11.666412141263285,,1.2012195587158203,1.2879972457885742,0
1766.5967316000024,23563000,12.224288355926486,,1.2053899765014648,1.2879972457885742,0
1767.6030134999892,23577000,12.03377999759211,,1.2095098495483398,1.2879972457885742,0
1768.606688800035,23591300,12.065032385918608,,1.2135753631591797,1.2879972457885742,0
1769.609489800001,23605500,11.880784423234653,,1.2177276611328125,1.2879972457885742,0
1770.6120763000217,23619400,12.467752158783254,,1.2218589782714844,1.2879972457885742,0
1771.6150171000045,23632800,12.073868168697736,,1.2260265350341797,1.2879972457885742,0
1772.6178697000141,23646500,12.269686990771769,,1.2300262451171875,1.2879972457885742,0
1773.6223568000132,23660200,12.249721773441461,,1.234084129333496,1.2879972457885742,0
1774.6248891000287,23674100,12.273607044691152,,1.238245964050293,1.2879972457885742,0
1775.626077199995,23687900,12.290085649652784,,1.242365837097168,1.2879972457885742,0
1776.629733400012,23701100,11.676059989270502,,1.246485710144043,1.2879972457885742,0
1777.6316095000366,23715100,12.28164590381681,,1.2505435943603516,1.2890386581420898,0
1778.6341454000212,23729100,12.273562971848087,,1.2546577453613281,1.292978286743164,0
1779.6352297000121,23743200,11.901158074408134,,1.2587823867797852,1.2970571517944336,0
1780.6408727000235,23757500,12.235641773334416,,1.2629470825195312,1.3013973236083984,0
1781.644733800029,23771000,11.868238046015827,,1.2669696807861328,1.305464744567871,0
1782.6481326000066,23785100,11.873706147809242,,1.1405353546142578,1.305464744567871,0
1783.649523400003,23799300,11.702474198925758,,1.1446666717529297,1.305464744567871,0
1784.6513876999961,23813400,12.08684150147304,,1.1486988067626953,1.305464744567871,0
1785.6548633000348,23827700,12.067433427911483,,1.151719093322754,1.305464744567871,0
1786.6556686999975,23841300,12.294785280393755,,1.1558246612548828,1.305464744567871,0
1787.6609129999997,23855200,12.240494673755103,,1.1600379943847656,1.305464744567871,0
1788.6670636000345,23869200,12.22946892798663,,1.1642303466796875,1.305464744567871,0
1789.6701006999938,23883000,12.07270897605982,,1.168238639831543,1.305464744567871,0
1790.6736933999928,23896700,12.066025390591413,,1.172445297241211,1.305464744567871,0
1791.6746001000283,23910300,11.903269804844701,,1.1765689849853516,1.305464744567871,0
1792.6764523999882,23924300,12.281937667351707,,1.1806144714355469,1.305464744567871,0
1793.678118699987,23938200,12.284218307050192,,1.1846227645874023,1.305464744567871,0
1794.682785300014,23952400,11.858722584863846,,1.18878173828125,1.305464744567871,0
1795.6889012000174,23966300,12.424015960744049,,1.1928071975708008,1.305464744567871,0
1796.6923885000288,23980100,12.261926483634701,,1.198699951171875,1.305464744567871,0
1797.6957769000437,23994300,12.457788030849954,,1.2027130126953125,1.305464744567871,0
1798.697287500021,24008400,12.09111016925235,,1.206831932067871,1.305464744567871,0
1799.6994458000408,24022800,11.888403757933853,,1.2109460830688477,1.305464744567871,0
1800.7005688000354,24037100,11.900698016192676,,1.2150068283081055,1.305464744567871,0
1801.7064959999989,24051700,11.84386156416939,,1.2191171646118164,1.305464744567871,0
1802.7119966000319,24065600,12.237374596888838,,1.223231315612793,1.305464744567871,0
1803.713748100039,24080000,12.088202513210703,,1.2273454666137695,1.305464744567871,0
1804.718689100002,24094200,11.855484551272532,,1.2314062118530273,1.305464744567871,0
1805.7248534000246,24108400,12.03518649958803,,1.235464096069336,1.305464744567871,0
1806.7254931000061,24122300,12.296821223690108,,1.239638328552246,1.305464744567871,0
1807.7294160000165,24136100,12.25660605996033,,1.24371337890625,1.305464744567871,0
1808.7336221000296,24149900,11.669666216772677,,1.2478809356689453,1.305464744567871,0
1809.7350901000318,24163300,11.896598293678643,,1.2518863677978516,1.305464744567871,0
1810.735546300013,24176900,12.299076661457379,,1.2561531066894531,1.305464744567871,0
1811.739712700015,24190900,11.670127580427318,,1.2602787017822266,1.305464744567871,0
1812.741425300017,24204200,12.283650520093918,,1.2653770446777344,1.305464744567871,0
1813.7434971000184,24218400,12.08433866713214,,1.2694072723388672,1.3079023361206055,0
1814.7497460999875,24232700,11.645974306915914,,1.2736263275146484,1.3119125366210938,0
1815.755069900013,24247000,11.850970303993307,,1.2778215408325195,1.31634521484375,0
1816.756773800007,24261000,12.088776933055973,,1.2819042205810547,1.3203544616699219,0
1817.7576835000073,24274500,11.708099142208074,,1.2859220504760742,1.3244171142578125,0
1818.7635593999876,24288800,12.038637172077625,,1.1593475341796875,1.3244171142578125,0
1819.766477600031,24302700,12.463628638365407,,1.1634626388549805,1.3244171142578125,0
1820.7668365000281,24316700,12.10503050458723,,1.1676321029663086,1.3244171142578125,0
1821.7741081000422,24331100,11.828053625093416,,1.171675682067871,1.3244171142578125,0
1822.7760100000305,24344800,12.08638789899634,,1.175766944885254,1.3244171142578125,0
1823.7779589000274,24359000,12.08582094360009,,1.1799840927124023,1.3244171142578125,0
1824.7812584000058,24373200,12.264221700764322,,1.1840486526489258,1.3244171142578125,0
1825.7867047000327,24387700,12.238035486997221,,1.1881599426269531,1.3244171142578125,0
1826.7897382000228,24402100,12.26747411738606,,1.1922740936279297,1.3244171142578125,0
1827.792620000022,24416000,11.879827213944846,,1.196427345275879,1.3244171142578125,0
1828.795074500027,24430100,12.079725314154622,,1.2005863189697266,1.3244171142578125,0
1829.8001380999922,24444100,12.437023886283844,,1.2045564651489258,1.3244171142578125,0
1830.8048714000033,24458400,12.246720099616066,,1.2087154388427734,1.3244171142578125,0
1831.8106483999873,24473200,11.651439633424866,,1.2128238677978516,1.3244171142578125,0
1832.8167730999994,24487400,12.229783743358446,,1.216928482055664,1.3244171142578125,0
1833.8178568999865,24501600,12.291366117560345,,1.2210073471069336,1.3244171142578125,0
1834.819573900022,24515900,12.283596564262247,,1.2251214981079102,1.3244171142578125,0
1835.8211371999932,24530500,11.895466317848289,,1.2293701171875,1.3244171142578125,0
1836.8246569000185,24544700,11.677648181401548,,1.2334461212158203,1.3244171142578125,0
1837.828730600013,24559100,12.060245179279761,,1.2374515533447266,1.3244171142578125,0
1838.8354670000263,24573000,12.028347241482216,,1.2415313720703125,1.3244171142578125,0
1839.839847300027,24587300,12.056563634303311,,1.2457904815673828,1.3244171142578125,0
1840.84450940002,24601700,12.44199417902684,,1.2498512268066406,1.3244171142578125,0
1841.848044100043,24615700,12.26134731536225,,1.2539262771606445,1.3244171142578125,0
1842.8503445000388,24629800,12.276446761919525,,1.2580451965332031,1.3244171142578125,0
1843.8538341000094,24643500,12.06726507215855,,1.262160301208496,1.3244171142578125,0
1844.8549699000432,24657500,11.900545859610325,,1.2661857604980469,1.3244171142578125,0
1845.8566049000365,24671900,12.08960849020004,,1.2703008651733398,1.3244171142578125,0
1846.860005000024,24685900,11.679040095914353,,1.2744741439819336,1.3244171142578125,0
1847.8665648000315,24700100,11.83641796534358,,1.2785768508911133,1.3244171142578125,0
1848.8675635000109,24713900,12.292411069318407,,1.2826576232910156,1.3244171142578125,0
1849.8728192000417,24728100,11.657481772687888,,1.2867546081542969,1.3251714706420898,0
1850.8797745000338,24741600,11.831768997187165,,1.2908134460449219,1.3293085098266602,0
1851.8862085000146,24753900,11.4497696820853,,1.2949724197387695,1.3332586288452148,0
1852.892667600012,24765700,11.837602243381728,,1.2990427017211914,1.3373651504516602,0
1853.899085400044,24777900,12.032155035030334,,1.303213119506836,1.341618537902832,0
1854.8991161999875,24786000,12.109002043421366,,1.1766443252563477,1.341618537902832,0
1855.9066526000388,24796700,12.018796541130596,,1.1797523498535156,1.341618537902832,0
1856.9081452999962,24806600,11.31124071147125,,1.1838703155517578,1.341618537902832,0
1857.9092013000045,24816800,11.51128158654966,,1.1879291534423828,1.341618537902832,0
1858.9117747000419,24827900,12.07829272106034,,1.1920032501220703,1.341618537902832,0
1859.9138268000097,24840800,12.084576241483479,,1.196176528930664,1.341618537902832,0
1860.921476299991,24854600,12.017447535304633,,1.200225830078125,1.341618537902832,0
1861.9268224000116,24868600,12.239255217428898,,1.204329490661621,1.341618537902832,0
1862.9350590000395,24880600,11.816732798303976,,1.208430290222168,1.341618537902832,0
1863.9370870999992,24890900,12.084865684392309,,1.2125673294067383,1.341618537902832,0
1864.9396890000207,24903800,12.272755018453063,,1.2166824340820312,1.341618537902832,0
1865.9442095000413,24918000,12.054880910595447,,1.2207584381103516,1.341618537902832,0
1866.9486424000352,24932200,12.055932257967866,,1.2249031066894531,1.341618537902832,0
1867.9501088000252,24946100,12.091643813632338,,1.2289762496948242,1.341618537902832,0
1868.9532712000073,24960000,12.26589782493795,,1.233041763305664,1.341618537902832,0
1869.9565889000078,24973600,12.263999229749576,,1.2371492385864258,1.341618537902832,0
1870.9658897999907,24987600,11.804272145404447,,1.2412643432617188,1.341618537902832,0
1871.9699961000006,25001400,12.254367391061011,,1.245377540588379,1.341618537902832,0
1872.9776603000355,25014400,12.211099193137496,,1.2494325637817383,1.341618537902832,0
1873.9799169999897,25026900,11.302618381616323,,1.2535524368286133,1.341618537902832,0
1874.9849089999916,25040000,12.049225267441456,,1.2577152252197266,1.341618537902832,0
1875.9875125000253,25053500,11.88312478422347,,1.2618341445922852,1.341618537902832,0
1876.9924165999983,25067200,12.24463856832866,,1.2659521102905273,1.341618537902832,0
1877.998911200033,25080900,11.643132511187838,,1.270066261291504,1.341618537902832,0
1879.0079156000284,25094200,12.194879923275932,,1.2741851806640625,1.341618537902832,0
1880.0116235000314,25106100,12.064640519381216,,1.278355598449707,1.341618537902832,0
1881.0142670000205,25120100,12.077448265641873,,1.2824201583862305,1.341618537902832,0
1882.0169347000192,25133800,12.077156768903173,,1.286478042602539,1.341618537902832,0
1883.0171338000218,25147600,12.302238124356883,,1.2916374206542969,1.341618537902832,0
1884.0184980999911,25161300,12.092876688705068,,1.2958564758300781,1.341618537902832,0
1885.026228600007,25175100,12.210295808061687,,1.299973487854004,1.341618537902832,0
1886.0303666000254,25189200,12.253980528347867,,1.3040313720703125,1.3425827026367188,0
1887.0303757000365,25203300,12.109264805556046,,1.3081493377685547,1.3466510772705078,0
1888.0305436000344,25217600,12.302621889810476,,1.312270164489746,1.3506460189819336,0
1889.0357759000035,25232000,12.240640795544127,,1.3163337707519531,1.3546552658081055,0
1890.0426103000063,25245600,12.027176465132486,,1.3203916549682617,1.3587160110473633,0
1891.047430900042,25259700,12.440031583306641,,1.1939210891723633,1.3587160110473633,0
1892.0500037000165,25273800,11.88348866067581,,1.1980466842651367,1.3587160110473633,0
1893.0558503000066,25287800,11.650633406839654,,1.2022275924682617,1.3587160110473633,0
1894.0593598000123,25302000,12.067025772980362,,1.2063417434692383,1.3587160110473633,0
1895.059702700004,25316100,11.909978568448148,,1.210433006286621,1.3587160110473633,0
1896.0599066000432,25329800,12.302179085202331,,1.214559555053711,1.3587160110473633,0
1897.0609400999965,25344100,12.096872882440474,,1.2186384201049805,1.3587160110473633,0
1898.0628470000229,25358600,12.476209116506737,,1.2226858139038086,1.3587160110473633,0
1899.0633063000278,25372600,12.103815717381975,,1.226832389831543,1.3587160110473633,0
1900.0678929000278,25386700,12.248508490954912,,1.2309532165527344,1.3587160110473633,0
1901.0720133000286,25400400,11.865173240171359,,1.2350635528564453,1.3587160110473633,0
1902.078108799993,25414900,12.230138690049817,,1.2391252517700195,1.3587160110473633,0
1903.0795180000132,25429000,12.092334482004487,,1.2432355880737305,1.3587160110473633,0
1904.0821883000317,25443300,12.077125451682848,,1.2473478317260742,1.3587160110473633,0
1905.0834140999941,25457500,12.094549501675449,,1.251413345336914,1.3587160110473633,0
1906.0852240000386,25471300,12.08749783712713,,1.255462646484375,1.3587160110473633,0
1907.0900640999898,25485400,11.856675007872381,,1.2596797943115234,1.3587160110473633,0
1908.0909189000377,25499100,11.903887056774643,,1.2638111114501953,1.3587160110473633,0
1909.097126000037,25513200,12.034674571475804,,1.2679128646850586,1.3587160110473633,0
1910.0973549000337,25526600,12.106603798430156,,1.271998405456543,1.3587160110473633,0
1911.1020320000243,25540000,12.053001904903171,,1.2762107849121094,1.3587160110473633,0
1912.1060013000388,25554100,12.061499290691382,,1.2803630828857422,1.3587160110473633,0
1913.110683900013,25568200,11.85853373025909,,1.2845344543457031,1.3587160110473633,0
1914.1166838000063,25582100,12.037153284092806,,1.2885932922363281,1.3587160110473633,0
1915.1220343000023,25596100,12.044928609523117,,1.2927074432373047,1.3587160110473633,0
1916.12315639999,25609500,12.290895885877672,,1.296823501586914,1.3587160110473633,0
1917.127275100036,25622700,12.254216059749885,,1.3008995056152344,1.3587160110473633,0
1918.127729300002,25635700,12.103877419287167,,1.3049535751342773,1.3587160110473633,0
1919.130575200019,25649700,12.26976896429792,,1.3091049194335938,1.3587160110473633,0
1920.1311841999996,25663500,11.906811252178255,,1.3132715225219727,1.3587160110473633,0
1921.1338568000356,25677000,12.271889647286612,,1.3173484802246094,1.3587160110473633,0
1922.1385193000315,25690500,11.8587709803527,,1.3213987350463867,1.359786033630371,0
1923.1450732999947,25703300,12.224567683849711,,1.3255243301391602,1.363901138305664,0
1924.1490631999914,25714100,11.672179172359096,,1.3296747207641602,1.3680620193481445,0
1925.240250300034,25725800,11.097432328083215,,1.3337621688842773,1.3722572326660156,0
1926.2405608000117,25737700,12.105616206436814,,1.3401565551757812,1.3787307739257812,0
1927.2478590999963,25751100,12.021637483341175,,1.2136850357055664,1.3787307739257812,0
1928.2497534000431,25765200,11.89153636211222,,1.2179145812988281,1.3787307739257812,0
1929.2549379999982,25778900,12.241221662717102,,1.2219600677490234,1.3787307739257812,0
1930.256909299991,25792700,11.890622515919098,,1.2260408401489258,1.3787307739257812,0
1931.2620048000244,25806900,12.04798449460595,,1.2301321029663086,1.3787307739257812,0
1932.263146799989,25820200,11.900472161213143,,1.2343835830688477,1.3787307739257812,0
1933.2650633000303,25833800,12.281150674226108,,1.2383956909179688,1.3787307739257812,0
1934.271429400018,25847400,12.032773162916227,,1.2424612045288086,1.3787307739257812,0
1935.2807478000177,25860000,11.417048871795838,,1.2467384338378906,1.3787307739257812,0
1936.2850865999935,25870300,11.279186864305965,,1.2508935928344727,1.3787307739257812,0
1937.2875218000263,25883200,11.690281825315806,,1.254960060119629,1.3787307739257812,0
1938.2945053000003,25896000,12.025395649792188,,1.2591180801391602,1.3787307739257812,0
1939.2968378000078,25909900,12.081195611146764,,1.2631263732910156,1.3787307739257812,0
1940.299177000008,25923800,12.275971547353011,,1.2672443389892578,1.3787307739257812,0
1941.2999665000243,25938000,12.294980612606512,,1.2714033126831055,1.3787307739257812,0
1942.300732600037,25950800,12.10010510932211,,1.2754955291748047,1.3787307739257812,0
1943.300911600003,25964100,11.911930264887467,,1.2795648574829102,1.3787307739257812,0
1944.308472900011,25977800,11.824652753042733,,1.2837800979614258,1.3787307739257812,0
1945.3100420000264,25990500,12.090403946981434,,1.2878837585449219,1.3787307739257812,0
1946.3164262000355,26004300,12.032556751080834,,1.291940689086914,1.3787307739257812,0
1947.321542699996,26017300,11.659096234577223,,1.2960548400878906,1.3787307739257812,0
1948.3245722000138,26031600,12.072800450818457,,1.3001689910888672,1.3787307739257812,0
1949.331203400041,26045500,12.223630163328618,,1.3042259216308594,1.3787307739257812,0
1950.3327136000153,26059800,12.091114998440206,,1.3081998825073242,1.3787307739257812,0
1951.3345509000355,26074000,12.087167247371397,,1.312403678894043,1.3787307739257812,0
1952.339913200005,26087700,12.044787237763273,,1.3164281845092773,1.3787307739257812,0
1953.3431210000417,26101900,12.07065475323882,,1.320643424987793,1.3787307739257812,0
1954.346750900033,26116100,12.065578157950506,,1.3247079849243164,1.3787307739257812,0
1955.3471894999966,26130400,12.10406615702324,,1.3288259506225586,1.3787307739257812,0
1956.3493732000352,26144500,12.082989375634195,,1.3329849243164062,1.3787307739257812,0
1957.3614191000233,26158500,12.351218457726409,,1.3370656967163086,1.3787307739257812,0
1958.3628736000392,26172600,12.091787494897318,,1.3412246704101562,1.3796424865722656,0
1959.3653567000292,26186700,12.079380689928923,,1.3452825546264648,1.3836135864257812,0
1960.3709643000038,26200900,12.041849127140392,,1.3494462966918945,1.3878517150878906,0
1961.3775505000376,26215000,12.224176627483136,,1.353470802307129,1.3920106887817383,0
1962.3802238000208,26228800,12.27188108051432,,1.3579912185668945,1.3961296081542969,0
1963.3852818000014,26242300,12.048434020955314,,1.1906566619873047,1.3961296081542969,0
1964.3858542999951,26256500,11.907245601967617,,1.1949243545532227,1.3961296081542969,0
1965.3867345000035,26270400,11.90358496441438,,1.1989011764526367,1.3961296081542969,0
1966.3934897000436,26284400,12.028122625557971,,1.2030153274536133,1.3961296081542969,0
1967.3946661000373,26298800,12.290229274358946,,1.2070770263671875,1.3961296081542969,0
1968.3970733000315,26312200,12.27513878598563,,1.2112770080566406,1.3961296081542969,0
1969.4030557000078,26326400,12.03736268177726,,1.2153406143188477,1.3961296081542969,0
1970.408821900026,26340700,12.234142984501144,,1.219407081604004,1.3961296081542969,0
1971.410496400029,26354900,12.089131748850386,,1.2235021591186523,1.3961296081542969,0
1972.4126471999916,26369200,11.69359940683205,,1.227717399597168,1.3961296081542969,0
1973.4147682000184,26382800,12.083745375734003,,1.231842041015625,1.3961296081542969,0
1974.418233000033,26396900,12.067563306479208,,1.2360477447509766,1.3961296081542969,0
1975.419978799997,26410900,12.088271296407987,,1.240117073059082,1.3961296081542969,0
1976.420768800017,26424900,12.294974469922115,,1.2443761825561523,1.3961296081542969,0
1977.4270250000409,26439100,12.422283708366493,,1.2484855651855469,1.3961296081542969,0
1978.4328819999937,26453000,12.038863377764526,,1.2525758743286133,1.3961296081542969,0
1979.4381233000313,26467300,12.046237057258894,,1.256734848022461,1.3961296081542969,0
1980.4424339000252,26481400,11.862926170521543,,1.2607641220092773,1.3961296081542969,0
1981.4451771000167,26495200,12.076247438130032,,1.2650165557861328,1.3961296081542969,0
1982.447579300031,26509300,12.080355569677403,,1.2691707611083984,1.3961296081542969,0
1983.4497077999986,26522900,11.88875728051467,,1.2732973098754883,1.3961296081542969,0
1984.4536019000225,26534900,11.86784791315774,,1.277449607849121,1.3961296081542969,0
1985.4593680000398,26549100,12.039951435816995,,1.2816219329833984,1.3961296081542969,0
1986.4628000000375,26563200,12.067957768964652,,1.2856788635253906,1.3961296081542969,0
1987.4679033000139,26577200,11.853570175603458,,1.2898101806640625,1.3961296081542969,0
1988.471995400032,26591400,12.449057212753495,,1.294057846069336,1.3961296081542969,0
1989.4748684000224,26605000,11.879931457038463,,1.298029899597168,1.3961296081542969,0
1990.478908399993,26619200,11.671596749474096,,1.3022384643554688,1.3961296081542969,0
1991.4844526000088,26633500,12.431079608240577,,1.3062973022460938,1.3961296081542969,0
1992.4912215000368,26646700,11.639960272585395,,1.3104114532470703,1.3961296081542969,0
1993.4929256000323,26660300,11.503833816843912,,1.314438819885254,1.3961296081542969,0
1994.4991543000215,26673900,11.452105768921362,,1.3186988830566406,1.3961296081542969,0
1995.5048559000134,26688200,12.234928829882882,,1.3228263854980469,1.3961296081542969,0
1996.50686329999,26702400,12.280036554905573,,1.3270301818847656,1.3961296081542969,0
1997.5116377000231,26716400,11.857450288948476,,1.3310718536376953,1.3961296081542969,0
1998.5127819000045,26730600,12.290624567598922,,1.335179328918457,1.3961296081542969,0
1999.5142884000088,26743900,12.286178372229099,,1.2086553573608398,1.3961296081542969,0
2000.5156218000338,26758200,12.483354694537814,,1.2128658294677734,1.3961296081542969,0
2001.5187848000205,26772100,12.071193814126815,,1.2169227600097656,1.3961296081542969,0
2002.5255937000038,26786400,12.221472714637429,,1.2210769653320312,1.3961296081542969,0
2003.5326085000415,26800500,12.218973841833371,,1.2251930236816406,1.3961296081542969,0
2004.5366114000208,26814200,12.061095640510972,,1.2292146682739258,1.3961296081542969,0
2005.5368802000303,26828500,12.106120874593808,,1.2333145141601562,1.3961296081542969,0
2006.5375507000135,26842800,12.101261104632117,,1.2373733520507812,1.3961296081542969,0
2007.539959900023,26856700,11.885428126445756,,1.241581916809082,1.3961296081542969,0
2008.541052900022,26870500,11.901054647283067,,1.2456016540527344,1.3961296081542969,0
2009.5475840000436,26884300,12.030800637694384,,1.2497596740722656,1.3961296081542969,0
2010.5521046000067,26898300,12.054879711221753,,1.2539148330688477,1.3961296081542969,0
2011.5542652999866,26912400,12.083266685915007,,1.257939338684082,1.3961296081542969,0
2012.5563697000034,26926700,11.889043197295482,,1.2621431350708008,1.3961296081542969,0
2013.5580646999879,26940700,11.893902335725711,,1.2661304473876953,1.3961296081542969,0
2014.5615517999977,26953700,11.872661342516084,,1.2702207565307617,1.3961296081542969,0
2015.5618258999893,26967400,12.301315709466667,,1.274383544921875,1.3961296081542969,0
2016.5679385000258,26981400,12.22993082439724,,1.2785043716430664,1.3961296081542969,0
2017.5680801999988,26995500,12.10765934499738,,1.2825803756713867,1.3961296081542969,0
2018.5703443000093,27009600,12.082020098168792,,1.286642074584961,1.3961296081542969,0
2019.5760226999992,27023600,11.458372278967447,,1.2908573150634766,1.3961296081542969,0
2020.5799535000115,27037600,12.256509611866761,,1.294931411743164,1.3961296081542969,0
2021.5808851000038,27052000,12.293235122254428,,1.2989311218261719,1.3961296081542969,0
2022.5838049000013,27066300,11.879377094788676,,1.3030595779418945,1.3961296081542969,0
2023.5842451000353,27080500,12.299273359448216,,1.307229995727539,1.3961296081542969,0
2024.590801800019,27094600,12.030494655884945,,1.3114337921142578,1.3961296081542969,0
2025.5917635000078,27108800,12.097740602998886,,1.3174924850463867,1.3961296081542969,0
2026.5941564000095,27123000,12.080467648942028,,1.321528434753418,1.3961296081542969,0
2027.5991374999867,27137100,12.049355953336068,,1.3257246017456055,1.3961296081542969,0
2028.600751799997,27151200,12.089858341555184,,1.329838752746582,1.3961296081542969,0
2029.601086700044,27165200,12.105320927450457,,1.3338651657104492,1.3961296081542969,0
2030.6074615000398,27179100,12.032669140813088,,1.3379573822021484,1.3961296081542969,0
2031.6113947000122,27193400,12.256480311975462,,1.3420724868774414,1.3961296081542969,0
2032.6168515000027,27207400,12.043655182514499,,1.3461418151855469,1.3961296081542969,0
2033.6217879999895,27221300,11.855537638603556,,1.3503074645996094,1.3961296081542969,0
2034.627745900012,27235300,12.231811589454479,,1.3544816970825195,1.3961296081542969,0
2035.6319170999923,27249100,11.86457299336509,,1.2280702590942383,1.3961296081542969,0
2036.6340247000335,27262900,11.889005232083042,,1.2321882247924805,1.3961296081542969,0
2037.6340878999908,27276800,11.913309579342485,,1.2362604141235352,1.3961296081542969,0
2038.6374235000112,27290700,12.069117252247628,,1.2403135299682617,1.3961296081542969,0
2039.644071799994,27304900,12.4174450999559,,1.244485855102539,1.3961296081542969,0
2040.6479964000173,27318700,11.867487358834879,,1.248591423034668,1.3961296081542969,0
2041.6537226000219,27332900,12.234629564133897,,1.252690315246582,1.3961296081542969,0
2042.655799500004,27347300,12.279184861182129,,1.2567567825317383,1.3961296081542969,0
2043.6592522000428,27361600,12.262349286142655,,1.260915756225586,1.3961296081542969,0
2044.6652835000423,27376100,12.036777583368059,,1.265035629272461,1.3961296081542969,0
2045.6714793000137,27390200,12.228919560535784,,1.2691411972045898,1.3961296081542969,0
2046.6744148000143,27404700,12.268672810956033,,1.2697582244873047,1.3961296081542969,0
2047.6782140000141,27419100,12.258116463932975,,1.2739105224609375,1.3961296081542969,0
2048.68254780001,27433400,12.25159155257908,,1.278076171875,1.3961296081542969,0
2049.6905973000103,27448000,12.01267894086315,,1.2821989059448242,1.3961296081542969,0
2050.690706400026,27462400,12.108054011115668,,1.2862005233764648,1.3961296081542969,0
2051.6937776000123,27476400,12.072298556839407,,1.290400505065918,1.3961296081542969,0
2052.699639600003,27490700,11.844629283249564,,1.2945795059204102,1.3961296081542969,0
2053.7009690999985,27505000,12.288350138548115,,1.2985515594482422,1.3961296081542969,0
2054.702539300022,27519300,11.700378066083255,,1.302816390991211,1.3961296081542969,0
2055.7070482000127,27533200,12.44389173666714,,1.3069887161254883,1.3961296081542969,0
2056.713841699995,27547000,12.027665057641993,,1.311051368713379,1.3961296081542969,0
2057.717585400038,27561200,12.258794251435823,,1.3151683807373047,1.3961296081542969,0
2058.7190081000444,27574900,12.482241514915412,,1.3192214965820312,1.3961296081542969,0
2059.72473310004,27588300,12.234644162227081,,1.3232841491699219,1.3961296081542969,0
2060.727819200023,27601700,12.072119233037819,,1.3275575637817383,1.3961296081542969,0
2061.7344415000407,27612600,11.447627873730031,,1.331679344177246,1.3961296081542969,0
2062.7382743000053,27626600,12.257706164247786,,1.335637092590332,1.3961296081542969,0
2063.7400176000083,27640500,12.283274068279923,,1.3397855758666992,1.3961296081542969,0
2064.7442399000283,27654300,12.252951861111201,,1.3439617156982422,1.3961296081542969,0
2065.7464526999975,27667500,11.887757271077543,,1.3480262756347656,1.3961296081542969,0
2066.7489833,27680700,12.078808367514956,,1.3520994186401367,1.3961296081542969,0
2067.7502132999944,27694500,12.484643888087648,,1.3561716079711914,1.3961296081542969,0
2068.7512885000324,27708400,12.096368983608789,,1.3604354858398438,1.3988075256347656,0
2069.7572569000185,27722300,12.037530204891734,,1.365513801574707,1.4040536880493164,0
2070.7591926000314,27736500,11.891045004033053,,1.3696613311767578,1.408066749572754,0
2071.7592116000014,27750300,11.913836137470179,,1.243143081665039,1.408066749572754,0
2072.7656459000427,27764400,11.837893938542427,,1.2472562789916992,1.408066749572754,0
2073.7694835999864,27778500,12.257646331364379,,1.2515106201171875,1.408066749572754,0
2074.771738899988,27792800,11.69238017497143,,1.2555770874023438,1.408066749572754,0
2075.779378700012,27807100,12.017563220224673,,1.2597379684448242,1.408066749572754,0
2076.783776200027,27820900,12.250814542859974,,1.263808250427246,1.408066749572754,0
2077.788621900021,27835200,12.050979568379095,,1.2680168151855469,1.408066749572754,0
2078.794057400024,27849500,12.238166943542495,,1.272089958190918,1.408066749572754,0
2079.7958886999986,27863600,12.087239638357495,,1.2762441635131836,1.408066749572754,0
2080.799666100007,27878100,12.452960188080905,,1.2803144454956055,1.408066749572754,0
2081.8079726000433,27892300,12.203320616853498,,1.2844200134277344,1.408066749572754,0
2082.813741400023,27906100,12.428303602430526,,1.2885217666625977,1.408066749572754,0
2083.8138635000214,27920200,12.303185281096777,,1.2925958633422852,1.408066749572754,0
2084.8145643000025,27934400,12.29607041408581,,1.2967538833618164,1.408066749572754,0
2085.8157939999946,27948600,12.289575009707539,,1.3008699417114258,1.408066749572754,0
2086.819321600022,27962600,12.066808127322382,,1.3049278259277344,1.408066749572754,0
2087.8251629000297,27976600,12.039051289607064,,1.3090200424194336,1.408066749572754,0
2088.827024500002,27990900,12.086874075553682,,1.3132753372192383,1.408066749572754,0
2089.834219900018,28005100,12.410700048672247,,1.3172969818115234,1.408066749572754,0
2090.8367684000405,28019200,12.07859270621782,,1.3213539123535156,1.408066749572754,0
2091.83691730001,28033600,12.107572182869498,,1.3254461288452148,1.408066749572754,0
2092.837156500027,28047600,12.10647912998691,,1.3297452926635742,1.408066749572754,0
2093.8456538000028,28060800,11.426344423805084,,1.333822250366211,1.408066749572754,0
2094.847135899996,28073400,11.701407344255182,,1.3378582000732422,1.408066749572754,0
2095.8516522000427,28087200,12.249365689164554,,1.3420219421386719,1.408066749572754,0
2096.8590303999954,28100400,12.602329989468366,,1.34619140625,1.408066749572754,0
2097.8623469999875,28111900,12.264012675656755,,1.350266456604004,1.408066749572754,0
2098.8699240999995,28124000,12.0183110551599,,1.3543806076049805,1.408066749572754,0
2099.870606900018,28137900,12.101112360254197,,1.358555793762207,1.408066749572754,0
2100.876296100032,28151900,12.23507968448923,,1.362687110900879,1.408066749572754,0
2101.8781726000016,28165500,11.891747635923743,,1.366769790649414,1.408066749572754,0
2102.881545400014,28178300,11.290045932935314,,1.3709039688110352,1.4094438552856445,0
2103.8817411999917,28192300,12.107004448801106,,1.3750877380371094,1.4135656356811523,0
2104.8847680999897,28206200,12.2675548382836,,1.3791131973266602,1.4176082611083984,0
2105.890836900042,28220300,12.230463263906039,,1.3832273483276367,1.421722412109375,0
2106.89565760002,28234300,11.662528449358952,,1.3872957229614258,1.4257516860961914,0
2107.901333499991,28247600,11.84682112830366,,1.2608222961425781,1.4257516860961914,0
2108.901506400027,28261600,11.716724177968093,,1.2649145126342773,1.4257516860961914,0
2109.907104300044,28275300,11.847740035849954,,1.2689456939697266,1.4257516860961914,0
2110.9118214999908,28289300,12.246916346860692,,1.2731399536132812,1.4257516860961914,0
2111.9122900000075,28303400,12.103704414279502,,1.277242660522461,1.4257516860961914,0
2112.9177719000145,28317200,12.04335453469199,,1.2802410125732422,1.4257516860961914,0
2113.9204672999913,28330800,11.882035661354037,,1.2844438552856445,1.4257516860961914,0
2114.9231174000306,28344900,12.466961305354502,,1.2886343002319336,1.4257516860961914,0
2115.9287913000444,28358700,12.04105525641459,,1.2924699783325195,1.4257516860961914,0
2116.9295574999996,28372700,12.100103900932572,,1.2968063354492188,1.4257516860961914,0
2117.9343514000066,28387100,12.051600830694381,,1.3008785247802734,1.4257516860961914,0
2118.9400442999904,28400600,12.235034671317353,,1.3049335479736328,1.4257516860961914,0
2119.944459900027,28414700,12.056139908178546,,1.3090524673461914,1.4257516860961914,0
2120.945514800027,28428700,11.901507599634671,,1.3132591247558594,1.4257516860961914,0
2121.9512480000267,28442600,12.040345292373763,,1.3174314498901367,1.4257516860961914,0
2122.9552461000276,28456500,12.255688033661597,,1.3214893341064453,1.4257516860961914,0
2123.958008699992,28470200,12.076013804690337,,1.3255624771118164,1.4257516860961914,0
2124.964584100002,28484000,12.224307786461697,,1.329721450805664,1.4257516860961914,0
2125.970873399987,28497700,12.421875101113784,,1.333847999572754,1.4257516860961914,0
2126.9723905000137,28511400,12.286048335740201,,1.3379096984863281,1.4257516860961914,0
2127.9775023999973,28525200,11.853468753274491,,1.3420343399047852,1.4257516860961914,0
2128.9798922000336,28538400,11.495964443754712,,1.3461484909057617,1.4257516860961914,0
2129.98024840001,28552100,12.300306131244831,,1.3502750396728516,1.4257516860961914,0
2130.9837974000257,28566200,12.455794385532899,,1.3543367385864258,1.4257516860961914,0
2131.984528400004,28579800,11.710189851473162,,1.3585081100463867,1.4257516860961914,0
2132.985980199999,28593400,12.481878808405048,,1.362722396850586,1.4257516860961914,0
2133.9886410000036,28606300,12.077239880074226,,1.3666963577270508,1.4257516860961914,0
2134.9953001000104,28619600,12.02927088218663,,1.3708000183105469,1.4257516860961914,0
2135.9988815000397,28632800,12.260776753774042,,1.3749752044677734,1.4257516860961914,0
2137.0014394000173,28646300,12.078479457666443,,1.3790769577026367,1.4257516860961914,0
2138.00153519999,28659900,12.108215033329529,,1.383096694946289,1.4257516860961914,0
2139.008261000039,28673100,12.0284738897228,,1.387216567993164,1.4257516860961914,0
2140.012548400031,28686700,12.25215759960692,,1.3924236297607422,1.4306087493896484,0
2141.0144537999877,28700100,12.281286736783017,,1.3965377807617188,1.4348125457763672,0
2142.0168670000276,28713500,12.469907618437858,,1.4005632400512695,1.438882827758789,0
2143.0200355999987,28726700,12.071126429145412,,1.4046878814697266,1.4431390762329102,0
2144.020973100036,28740000,12.293162659548717,,1.278146743774414,1.4431390762329102,0
2145.0216482999967,28753200,11.906023553363198,,1.2823677062988281,1.4431390762329102,0
2146.0258134999895,28766600,12.059146244151739,,1.286482810974121,1.4431390762329102,0
2147.026471399993,28779400,12.101413480026517,,1.2907114028930664,1.4431390762329102,0
2148.028952500026,28793100,11.88457567889047,,1.294692039489746,1.4431390762329102,0
2149.0331352000358,28806700,12.253435057069764,,1.298959732055664,1.4431390762329102,0
2150.037990599987,28820000,12.245232001137545,,1.3030157089233398,1.4431390762329102,0
2151.0397201000014,28833400,12.088467994430346,,1.3071222305297852,1.4431390762329102,0
2152.045701600029,28847100,11.843222265689706,,1.3112878799438477,1.4431390762329102,0
2153.0529424000415,28860800,12.41014065340334,,1.3155097961425781,1.4431390762329102,0
2154.0546811000095,28874200,11.893383474533739,,1.3195762634277344,1.4431390762329102,0
2155.0569459000253,28887300,12.08201165980154,,1.323598861694336,1.4431390762329102,0
2156.06258540001,28900900,12.235684358249085,,1.3278141021728516,1.4431390762329102,0
2157.0646584000206,28914600,12.279232650585561,,1.331883430480957,1.4431390762329102,0
2158.0684626,28928100,11.47976617375552,,1.3360891342163086,1.4431390762329102,0
2159.074992300011,28941800,11.836771930197012,,1.340163230895996,1.4431390762329102,0
2160.0804841000354,28954900,12.431727438950247,,1.3443269729614258,1.4431390762329102,0
2161.08172940003,28968500,12.289383530756988,,1.3484535217285156,1.4431390762329102,0
2162.0874170000316,28982500,12.040891227036724,,1.3525190353393555,1.4431390762329102,0
2163.090962200018,28996600,12.066596502242579,,1.3566303253173828,1.4431390762329102,0
2164.0925239000353,29010700,11.700477364299026,,1.360748291015625,1.4431390762329102,0
2165.0994218999986,29023500,12.220391241664009,,1.3648710250854492,1.4431390762329102,0
2166.10566510004,29036100,12.034242814761223,,1.3690366744995117,1.4431390762329102,0
2167.1127145999926,29048400,12.218552812526037,,1.3731565475463867,1.4431390762329102,0
2168.116458400036,29061400,12.258793030119428,,1.3772811889648438,1.4431390762329102,0
2169.1201027000207,29074800,12.260008351754418,,1.3814401626586914,1.4431390762329102,0
2170.126163400011,29088000,12.230561734611415,,1.385411262512207,1.4431390762329102,0
2171.132684800017,29101800,11.836869538917618,,1.3894977569580078,1.4431390762329102,0
2172.1381976000266,29115500,12.042984435291254,,1.3936119079589844,1.4431390762329102,0
2173.1418981000315,29129000,12.259321879325181,,1.3976821899414062,1.4431390762329102,0
2174.1428054000135,29142900,12.29353357720769,,1.4018325805664062,1.4431390762329102,0
2175.149213000026,29156500,12.226345965437712,,1.4058904647827148,1.4444351196289062,0
2176.15299110004,29169400,11.86921940201425,,1.4099597930908203,1.4484996795654297,0
2177.155549600022,29181600,12.078472229018082,,1.4141225814819336,1.452397346496582,0
2178.15778519999,29194200,12.472117334883785,,1.4182329177856445,1.4567279815673828,0
2179.1588141000248,29207300,12.292040219391419,,1.422347068786621,1.4607973098754883,0
2180.1628824000363,29221000,12.060310040522632,,1.2957782745361328,1.4607973098754883,0
2181.1648117000004,29234400,12.086057369949998,,1.2998323440551758,1.4607973098754883,0
2182.1681365999975,29247800,12.06924596412891,,1.3038959503173828,1.4607973098754883,0
2183.1708402000368,29261500,12.076724367526067,,1.306950569152832,1.4607973098754883,0
2184.1740976000438,29275600,12.070057993009236,,1.3110694885253906,1.4607973098754883,0
2185.175780999998,29289500,12.089024336983046,,1.3152837753295898,1.4607973098754883,0
2186.179081100039,29302900,12.069544296371634,,1.319488525390625,1.4607973098754883,0
2187.1809498000075,29317000,12.476684819473027,,1.3235912322998047,1.4607973098754883,0
2188.187329300039,29330900,12.22668734768068,,1.3277044296264648,1.4607973098754883,0
2189.189787100011,29344700,12.27451918708524,,1.331873893737793,1.4607973098754883,0
2190.1973188000266,29359100,12.212705069041789,,1.3360462188720703,1.4607973098754883,0
2191.199389000016,29372500,12.084357962276425,,1.3401079177856445,1.4607973098754883,0
2192.20560570003,29386400,12.228665554672709,,1.344233512878418,1.4607973098754883,0
2193.206285900029,29400300,12.296323540741156,,1.348337173461914,1.4607973098754883,0
2194.211318299989,29414400,12.048740916688853,,1.3525190353393555,1.4607973098754883,0
2195.214020000014,29428500,12.076747251651044,,1.3565711975097656,1.4607973098754883,0
2196.2146644000313,29442100,12.101576743736544,,1.3607254028320312,1.4607973098754883,0
2197.2164697000408,29456100,12.087553339841515,,1.3647937774658203,1.4607973098754883,0
2198.221785700007,29470100,12.239621671608472,,1.3689088821411133,1.4607973098754883,0
2199.227610300004,29484100,12.233432648232089,,1.373006820678711,1.4607973098754883,0
2200.2289567000116,29498000,12.09309285968175,,1.3771867752075195,1.4607973098754883,0
2201.2298304000287,29511600,11.903662270070974,,1.3812732696533203,1.4607973098754883,0
2202.2319568000385,29525300,11.693884124683503,,1.3855113983154297,1.4607973098754883,0
2203.236565900035,29539200,12.053817748653954,,1.3895587921142578,1.4607973098754883,0
2204.2427043000353,29552200,12.035496309453396,,1.3937225341796875,1.4607973098754883,0
2205.249250199995,29564200,11.060412148561946,,1.3978424072265625,1.4607973098754883,0
2206.2550514999893,29577600,12.233716043187828,,1.401956558227539,1.4607973098754883,0
2207.258420600032,29590800,11.484744247665724,,1.4060745239257812,1.4607973098754883,0
2208.2602850000258,29604500,12.086840295028981,,1.4101924896240234,1.4607973098754883,0
2209.2615588000044,29615300,11.313713591868087,,1.4143056869506836,1.4607973098754883,0
2210.2679516000208,29628500,12.226525765884212,,1.4194154739379883,1.4607973098754883,0
2211.2680548999924,29642200,11.912831904801726,,1.4234905242919922,1.4619855880737305,0
2212.2700639000395,29655300,12.280016945378224,,1.4276046752929688,1.4661674499511719,0
2213.2714485999895,29668900,12.092630335379297,,1.4317188262939453,1.4702253341674805,0
2214.2764636999927,29682300,11.854610443128493,,1.4358291625976562,1.4743852615356445,0
2215.279658899992,29695400,12.265496784685508,,1.4399375915527344,1.4784374237060547,0
2216.282540999993,29709200,12.464077282845123,,1.3134117126464844,1.4784374237060547,0
2217.284990300017,29722700,12.07978797502615,,1.317479133605957,1.4784374237060547,0
2218.2857242000173,29736400,12.100494447121129,,1.3216400146484375,1.4784374237060547,0
2219.2912635999965,29750200,12.042665857002564,,1.3256702423095703,1.4784374237060547,0
2220.2918214999954,29763800,12.102622946670559,,1.329829216003418,1.4784374237060547,0
2221.2952717000153,29777200,12.262379836843271,,1.3339824676513672,1.4784374237060547,0
2222.300425500027,29790500,12.435907818142447,,1.3381547927856445,1.4784374237060547,0
2223.307036700018,29803600,12.22387303072547,,1.342214584350586,1.4784374237060547,0
2224.3139445999986,29816500,12.220271089579406,,1.3464326858520508,1.4784374237060547,0
2225.3143079000292,29829900,12.104977261390701,,1.350560188293457,1.4784374237060547,0
2226.3191219000146,29843700,12.24573652455028,,1.354720115661621,1.4784374237060547,0
2227.322530400008,29857000,12.262889441420052,,1.3587884902954102,1.4784374237060547,0
2228.328221300035,29870600,12.235059002395118,,1.362950325012207,1.4784374237060547,0
2229.3348472000216,29884100,12.22369452262354,,1.3670196533203125,1.4784374237060547,0
2230.337842100009,29897900,11.878487617585625,,1.371291160583496,1.4784374237060547,0
2231.3422560000326,29911800,12.0561603137045,,1.3753643035888672,1.4784374237060547,0
2232.3468892000383,29925300,12.247940342735106,,1.3794689178466797,1.4784374237060547,0
2233.350599199999,29939000,12.259205846788397,,1.3836097717285156,1.4784374237060547,0
2234.355797700002,29952800,12.046749970246733,,1.3877239227294922,1.4784374237060547,0
2235.3589935000055,29966700,12.070799140064778,,1.3918180465698242,1.4784374237060547,0
2236.3607684000162,29980500,12.47785305847192,,1.3959321975708008,1.4784374237060547,0
2237.364968800044,29994400,11.864227996392795,,1.4000959396362305,1.4784374237060547,0
2238.3724297000444,30008100,12.019697240852162,,1.4041213989257812,1.4784374237060547,0
2239.372906500008,30021800,12.103604002053508,,1.408224105834961,1.4784374237060547,0
2240.376025800011,30035900,12.461129997160436,,1.4123611450195312,1.4784374237060547,0
2241.378188500006,30049700,12.278133580565513,,1.416508674621582,1.4784374237060547,0
2242.3841145000188,30063400,12.038037589095934,,1.420588493347168,1.4784374237060547,0
2243.384996100038,30076800,12.09870877811066,,1.4246463775634766,1.4784374237060547,0
2244.3897855000105,30090600,12.051654804807455,,1.4287528991699219,1.4784374237060547,0
2245.3911922000116,30104500,12.09236467060458,,1.4328222274780273,1.4784374237060547,0
2246.3961826000013,30118000,12.243587103046268,,1.4369878768920898,1.4784374237060547,0
2247.3969601000426,30131500,12.099967274944065,,1.4410457611083984,1.4793663024902344,0
2248.3985818999936,30145100,12.08976781515035,,1.4452171325683594,1.483536720275879,0
2249.4052162000444,30158900,11.835541963351396,,1.4493379592895508,1.4876575469970703,0
2250.4062075000256,30172900,12.292501943054319,,1.453354835510254,1.4917306900024414,0
2251.4118915,30186800,11.846725711361312,,1.457505226135254,1.495753288269043,0
2252.4174730000086,30200900,12.042161674508934,,1.3309354782104492,1.495753288269043,0
2253.424097799987,30214500,12.223707880297978,,1.3340606689453125,1.495753288269043,0
2254.425765299995,30228500,11.699241514681871,,1.3380794525146484,1.495753288269043,0
2255.432774899993,30242600,12.219036938697386,,1.3421363830566406,1.495753288269043,0
2256.4382982000243,30256700,12.237098334387877,,1.3463859558105469,1.495753288269043,0
2257.443232999998,30270700,12.049911099023609,,1.3503456115722656,1.495753288269043,0
2258.4481515000225,30284400,11.855749993368814,,1.354466438293457,1.495753288269043,0
2259.451554500032,30298400,12.06830655268401,,1.3585138320922852,1.495753288269043,0
2260.453413200041,30312300,12.281859208184159,,1.362675666809082,1.495753288269043,0
2261.4562757000094,30326200,12.464320881866856,,1.3669185638427734,1.495753288269043,0
2262.458986599988,30340300,12.076636446517863,,1.3709430694580078,1.495753288269043,0
2263.4647332000313,30354000,12.42857793350674,,1.3751440048217773,1.495753288269043,0
2264.4697761000134,30368000,12.437280040705696,,1.3790874481201172,1.495753288269043,0
2265.475312500028,30382200,11.8484646600837,,1.3832588195800781,1.495753288269043,0
2266.483860700042,30396100,12.006738993566533,,1.3873558044433594,1.495753288269043,0
2267.489353400015,30410200,12.237470744772807,,1.3914289474487305,1.495753288269043,0
2268.4909415,30423800,12.090174593904138,,1.3955774307250977,1.495753288269043,0
2269.4950655000284,30437600,11.865130700655408,,1.3996915817260742,1.495753288269043,0
2270.5009460999863,30451700,12.232751581564564,,1.403752326965332,1.495753288269043,0
2271.504953800002,30465400,11.866505107294117,,1.407710075378418,1.495753288269043,0
2272.510206200008,30479300,12.240396043750014,,1.4119186401367188,1.495753288269043,0
2273.516873900022,30493200,12.223186956160342,,1.416081428527832,1.495753288269043,0
2274.5229586000205,30506600,12.230269976292258,,1.4201536178588867,1.495753288269043,0
2275.528402200027,30520300,12.0438132978547,,1.4242353439331055,1.495753288269043,0
2276.529408100003,30534000,12.292322652938331,,1.4284276962280273,1.495753288269043,0
2277.5332819999894,30547500,12.257204316364287,,1.4325017929077148,1.495753288269043,0
2278.535820799996,30561300,12.078709572057143,,1.4366302490234375,1.495753288269043,0
2279.5406042000395,30574700,11.85734407981425,,1.4406957626342773,1.495753288269043,0
2280.546271900006,30588400,12.235341256767926,,1.4460010528564453,1.495753288269043,0
2281.5509727000026,30602100,12.24711625594692,,1.4501113891601562,1.495753288269043,0
2282.551292999997,30616000,12.300747570624468,,1.456369400024414,1.495753288269043,0
2283.552423099987,30629800,11.705521590163269,,1.460489273071289,1.4989843368530273,0
2284.5526454999927,30643200,12.301951545909253,,1.4646072387695312,1.5030574798583984,0
2285.5566842000117,30657000,12.255192454003055,,1.4686346054077148,1.5072250366210938,0
2286.562281200022,30670800,12.236201480189205,,1.4726982116699219,1.5110282897949219,0
2287.567799600016,30684600,11.84867676222773,,1.476806640625,1.5152626037597656,0
2288.5721601000405,30698500,12.056801317557811,,1.3502349853515625,1.5152626037597656,0
2289.5761402000207,30711700,12.061369543318804,,1.3544492721557617,1.5152626037597656,0
2290.581127499987,30725500,12.243624870099673,,1.3585681915283203,1.5152626037597656,0
2291.5839989000233,30739300,12.269456980778987,,1.362626075744629,1.5152626037597656,0
2292.589674899995,30753300,12.041030113418536,,1.366830825805664,1.5152626037597656,0
2293.5961206000065,30767400,12.419944761903114,,1.3709897994995117,1.5152626037597656,0
2294.597963100008,30780800,11.892151211373331,,1.3751564025878906,1.5152626037597656,0
2295.604821100016,30794500,12.026894557032573,,1.3792285919189453,1.5152626037597656,0
2296.615520399995,30806400,11.401449966611397,,1.3833293914794922,1.5152626037597656,0
2297.621053000039,30818000,11.848509436174371,,1.3875007629394531,1.5152626037597656,0
2298.623872200027,30831800,12.270095646498756,,1.391575813293457,1.5152626037597656,0
2299.6311585000367,30845200,12.021780699176396,,1.3958377838134766,1.5152626037597656,0
2300.6345738000236,30858900,12.068158618029276,,1.39990234375,1.5152626037597656,0
2301.6389259000425,30872800,12.056902155899705,,1.4039745330810547,1.5152626037597656,0
2302.6400633000303,30886600,12.095617444865978,,1.408121109008789,1.5152626037597656,0
2303.6466392999864,30900700,12.418337016325653,,1.4123201370239258,1.5152626037597656,0
2304.65061479999,30913800,11.866885695875288,,1.4163904190063477,1.5152626037597656,0
2305.6560193999903,30926700,11.85001789328831,,1.420517921447754,1.5152626037597656,0
2306.6623455000226,30940800,12.033251447628352,,1.4245195388793945,1.5152626037597656,0
2307.6636433000094,30954800,12.288739174461753,,1.4286375045776367,1.5152626037597656,0
2308.666695800028,30968800,12.07252362142366,,1.4328079223632812,1.5152626037597656,0
2309.672949700034,30982700,12.228213475666108,,1.4369707107543945,1.5152626037597656,0
2310.679261800018,30996500,12.22750625794589,,1.4410572052001953,1.5152626037597656,0
2311.6793910000124,31010700,11.912523402044805,,1.445199966430664,1.5152626037597656,0
2312.681748700037,31024800,11.886038786060146,,1.4492912292480469,1.5152626037597656,0
2313.684018400032,31038700,12.081952592262473,,1.4534387588500977,1.5152626037597656,0
2314.6862555000116,31052300,11.887469043246588,,1.4574604034423828,1.5152626037597656,0
2315.6886909999885,31065800,12.27479224377439,,1.4615631103515625,1.5152626037597656,0
2316.6899336000206,31079600,12.289416670450459,,1.4656829833984375,1.5152626037597656,0
2317.690280300041,31093100,12.105178134491403,,1.4698009490966797,1.5152626037597656,0
2318.693525300012,31107000,12.070207178059945,,1.4738655090332031,1.5152626037597656,0
2319.6969300000346,31120600,12.262935881924975,,1.4779396057128906,1.5163898468017578,0
2320.700581000012,31133900,12.065324500523037,,1.4820537567138672,1.5205087661743164,0
2321.707203600032,31148000,12.223734595027603,,1.486175537109375,1.5246400833129883,0
2322.7087878999882,31161600,12.285224020119966,,1.4902820587158203,1.5287036895751953,0
2323.7139365000185,31175600,11.853035958704758,,1.496689796447754,1.5350332260131836,0
2324.7178312999895,31189500,11.867839638519802,,1.3701190948486328,1.5350332260131836,0
2325.721703600022,31203100,12.257223851680456,,1.3742361068725586,1.5350332260131836,0
2326.7246380000142,31217000,12.268686267113141,,1.3783493041992188,1.5350332260131836,0
2327.727904700034,31228100,10.51253370593683,,1.3823614120483398,1.5350332260131836,0
2328.730662100017,31241900,11.88130100081949,,1.3865165710449219,1.5350332260131836,0
2329.731712500041,31255600,12.096668658952563,,1.3906517028808594,1.5350332260131836,0
2330.736191200034,31269300,12.249824212381565,,1.394822120666504,1.5350332260131836,0
2331.738303499995,31283100,12.083850283522555,,1.3988704681396484,1.5350332260131836,0
2332.744166699995,31296600,12.232963190222822,,1.4030418395996094,1.5350332260131836,0
2333.746333500021,31310700,11.888302924909452,,1.4072160720825195,1.5350332260131836,0
2334.7464237000095,31324900,11.912987948625995,,1.4112367630004883,1.5350332260131836,0
2335.7568764000316,31338300,11.404232478915127,,1.415339469909668,1.5350332260131836,0
2336.7621771999984,31351400,11.46267614666245,,1.419449806213379,1.5350332260131836,0
2337.767513300001,31365400,12.239376960567052,,1.423567771911621,1.5350332260131836,0
2338.7706189000164,31379200,12.071884555141333,,1.427743911743164,1.5350332260131836,0
2339.771756800008,31393200,12.290701910399516,,1.4318132400512695,1.5350332260131836,0
2340.772525800043,31407000,12.295232465806176,,1.4359731674194336,1.5350332260131836,0
2341.7739132000133,31420500,11.897555831389868,,1.440084457397461,1.5350332260131836,0
2342.7762818000047,31434300,12.080760510759148,,1.4441404342651367,1.5350332260131836,0
2343.7788981000194,31448300,12.077775914695884,,1.4482269287109375,1.5350332260131836,0
2344.7825808000052,31462100,12.06494343299062,,1.4523754119873047,1.5350332260131836,0
2345.7893412000267,31475800,12.222061475339965,,1.456465721130371,1.5350332260131836,0
2346.7908913000138,31489200,11.700612880125794,,1.460627555847168,1.5350332260131836,0
2347.79214580002,31503000,11.704067247563897,,1.4646902084350586,1.5350332260131836,0
2348.7971741000074,31516700,12.437460716437293,,1.4687633514404297,1.5350332260131836,0
2349.8034290000214,31530400,12.22820132337091,,1.4728832244873047,1.5350332260131836,0
2350.8098471999983,31543900,12.032150253520722,,1.4769926071166992,1.5350332260131836,0
2351.815581300005,31557200,12.428732405432964,,1.481062889099121,1.5350332260131836,0
2352.8168597000185,31571100,11.898851008707584,,1.4852771759033203,1.5350332260131836,0
2353.817768500012,31585000,12.293515153510365,,1.4893732070922852,1.5350332260131836,0
2354.8243219000287,31597100,11.836493225099126,,1.4934816360473633,1.5350332260131836,0
2355.8299499000423,31609900,12.235824280782204,,1.497589111328125,1.5360393524169922,0
2356.8312099000323,31622700,11.899069672331882,,1.5018110275268555,1.540130615234375,0
2357.8332551000058,31636100,12.27957331697742,,1.5056791305541992,1.5441884994506836,0
2358.8344493000186,31649700,12.09493123296638,,1.509840965270996,1.5481271743774414,0
2359.835463800002,31663400,12.09710248972638,,1.5139379501342773,1.5524492263793945,0
2360.844122700044,31677100,12.00542125736956,,1.3874149322509766,1.5524492263793945,0
2361.8447861000313,31690200,11.906163950985073,,1.391500473022461,1.5524492263793945,0
2362.845905299997,31703800,12.29093148989913,,1.3956375122070312,1.5524492263793945,0
2363.846665400022,31717400,12.100177654659552,,1.3996696472167969,1.5524492263793945,0
2364.8477815000224,31731200,12.095874794139629,,1.4037885665893555,1.5524492263793945,0
2365.851108200033,31744200,12.263889219600673,,1.407902717590332,1.5524492263793945,0
2366.852818900021,31757700,12.283673819349584,,1.411971092224121,1.5524492263793945,0
2367.856003299996,31771100,11.876243789573412,,1.4161415100097656,1.5524492263793945,0
2368.8588969000266,31784500,12.463934359154434,,1.4202642440795898,1.5524492263793945,0
2369.861917400034,31797400,12.267633114086268,,1.4244756698608398,1.5524492263793945,0
2370.8704753000056,31810200,11.619313080916065,,1.4285497665405273,1.5524492263793945,0
2371.874158999999,31822400,11.870335744296879,,1.432642936706543,1.5524492263793945,0
2372.8778435999993,31834700,12.06492059357765,,1.436753273010254,1.5524492263793945,0
2373.8832694999874,31847100,12.238283796097123,,1.440871238708496,1.5524492263793945,0
2374.888172200008,31859100,11.661576787246501,,1.444991111755371,1.5524492263793945,0
2375.8890681000194,31871900,12.098535921528427,,1.449049949645996,1.5524492263793945,0
2376.8910289999912,31884700,11.69581567537092,,1.4531755447387695,1.5524492263793945,0
2377.8917703999905,31896900,12.100403760661015,,1.4573593139648438,1.5524492263793945,0
2378.8962351999944,31909800,11.86110503817909,,1.4614477157592773,1.5524492263793945,0
2379.9022512999945,31922800,11.648670433801755,,1.465641975402832,1.5524492263793945,0
2380.907171400031,31936400,12.43879986035253,,1.4698171615600586,1.5524492263793945,0
2381.913002800022,31950200,12.233349943254538,,1.4738807678222656,1.5524492263793945,0
2382.9171053000027,31963500,11.865384759251265,,1.477910041809082,1.5524492263793945,0
2383.9202278000303,31977100,11.68227210503043,,1.4820184707641602,1.5524492263793945,0
2384.923793199996,31990900,12.455590836857036,,1.4861392974853516,1.5524492263793945,0
2385.929906900041,32004400,12.229917453118881,,1.490208625793457,1.5524492263793945,0
2386.931961400027,32018100,11.889635244555139,,1.4943561553955078,1.5524492263793945,0
2387.9373254000093,32031100,12.044766870717885,,1.4985198974609375,1.5524492263793945,0
2388.9396721000085,32044600,11.886169226685487,,1.5025482177734375,1.5524492263793945,0
2389.9463838000083,32058100,11.64062163974207,,1.506819725036621,1.5524492263793945,0
2390.9467440000153,32071100,12.105014773594053,,1.5107955932617188,1.5524492263793945,0
2391.95198360004,32084700,12.0462574292766,,1.514998435974121,1.553375244140625,0
2392.953031000041,32098100,12.486921198724334,,1.519129753112793,1.5575799942016602,0
2393.953294200008,32111700,12.106188651548033,,1.5232162475585938,1.561767578125,0
2394.954164099996,32125200,12.293992955673243,,1.5273685455322266,1.5656671524047852,0
2395.9601208000095,32139100,12.231826180823743,,1.5316600799560547,1.5699329376220703,0
2396.960549900017,32152800,12.104181095797985,,1.3643531799316406,1.5699329376220703,0
2397.961832400004,32166300,12.093864618787245,,1.3684473037719727,1.5699329376220703,0
2398.9651529000257,32179800,11.679966670416254,,1.3725509643554688,1.5699329376220703,0
2399.9653453000356,32193600,12.107045604306634,,1.376551628112793,1.5699329376220703,0
2400.9701438000193,32207400,12.440305195720672,,1.380716323852539,1.5699329376220703,0
2401.970185000042,32221100,11.913571660577398,,1.3848018646240234,1.5699329376220703,0
2402.9744748999947,32234600,12.252127100530839,,1.3888940811157227,1.5699329376220703,0
2403.9809257999877,32247900,12.41988059237274,,1.3928956985473633,1.5699329376220703,0
2404.9825429000193,32261700,12.284821714417651,,1.397059440612793,1.5699329376220703,0
2405.982737399987,32275100,11.911745665853696,,1.4011211395263672,1.5699329376220703,0
2406.985506900004,32288900,12.270703785654987,,1.4053621292114258,1.5699329376220703,0
2407.9869487000396,32302500,12.286972143127405,,1.409346580505371,1.5699329376220703,0
2408.989264200034,32315700,12.081400517169689,,1.4134721755981445,1.5699329376220703,0
2409.99140410003,32329400,12.27841292423121,,1.4176950454711914,1.5699329376220703,0
2410.9956822000095,32343100,12.057790566427675,,1.4217700958251953,1.5699329376220703,0
2411.9982925000368,32356900,12.07784819253331,,1.425816535949707,1.5699329376220703,0
2413.004698100034,32370700,12.420439631926289,,1.4299812316894531,1.5699329376220703,0
2414.0088058999972,32383900,12.254349085279744,,1.4340991973876953,1.5699329376220703,0
2415.012966200011,32397300,11.864701781018958,,1.4381370544433594,1.5699329376220703,0
2416.0179162000422,32410000,12.049728841854632,,1.442300796508789,1.5699329376220703,0
2417.0193239999935,32423300,12.287389313922667,,1.4464035034179688,1.5699329376220703,0
2418.0257430000347,32437300,12.22620747372239,,1.4505176544189453,1.5699329376220703,0
2419.0291479000007,32450700,11.873633964119609,,1.4545421600341797,1.5699329376220703,0
2420.0298713000375,32464500,12.100621410026632,,1.4588098526000977,1.5699329376220703,0
2421.031055300031,32478600,12.485217502559713,,1.4629802703857422,1.5699329376220703,0
2422.0340937,32492100,11.877972468816262,,1.4670543670654297,1.5699329376220703,0
2423.0379021000117,32506000,12.258004116978444,,1.4713306427001953,1.5699329376220703,0
2424.0440175000113,32519800,12.035771443321003,,1.4754037857055664,1.5699329376220703,0
2425.047358700016,32533700,12.263711985455362,,1.4796180725097656,1.5699329376220703,0
2426.047917100019,32547400,11.907413400324229,,1.483799934387207,1.5699329376220703,0
2427.0504488000297,32561200,12.27361439031454,,1.4878501892089844,1.5699329376220703,0
2428.0561294000363,32575200,12.235184311916985,,1.4919300079345703,1.5699329376220703,0
2429.057965999993,32589200,12.087175693644038,,1.4959936141967773,1.5699329376220703,0
2430.058883599995,32602700,11.708006732996749,,1.500248908996582,1.5699329376220703,0
2431.0631231000298,32616700,12.447229968119478,,1.5044164657592773,1.5699329376220703,0
2432.0693266000017,32630500,12.03471762952356,,1.508575439453125,1.5699329376220703,0
2433.0725149000064,32644400,11.681505854828211,,1.3820562362670898,1.5699329376220703,0
2434.0727001000196,32657900,11.71658008921258,,1.386220932006836,1.5699329376220703,0
2435.0746295000426,32670500,12.086056162960324,,1.3904075622558594,1.5699329376220703,0
2436.0770869000116,32683600,11.690022937994689,,1.3945999145507812,1.5699329376220703,0
2437.0833957000286,32697400,12.42163439273202,,1.3987531661987305,1.5699329376220703,0
2438.089875800011,32711400,12.225465262763707,,1.4027175903320312,1.5699329376220703,0
2439.095239199989,32725400,12.433315157758948,,1.4068841934204102,1.5699329376220703,0
2440.0964783999952,32738800,12.094387634767537,,1.4110145568847656,1.5699329376220703,0
2441.097987700021,32752700,12.286144022511737,,1.4151182174682617,1.5699329376220703,0
2442.099368700001,32766500,12.09267501604435,,1.4194469451904297,1.5699329376220703,0
2443.1030207999866,32780200,12.06531127685917,,1.4235162734985352,1.5699329376220703,0
2444.10676460003,32794000,12.064209013768327,,1.4242477416992188,1.5699329376220703,0
2445.112758100033,32807600,12.425527600294583,,1.428365707397461,1.5699329376220703,0
2446.1148629999952,32821600,12.083939516166382,,1.432389259338379,1.5699329376220703,0
2447.1156837000162,32835600,12.099444985246581,,1.4365167617797852,1.5699329376220703,0
2448.1179930000217,32849700,12.276337753159893,,1.4406700134277344,1.5699329376220703,0
2449.1185005000443,32863600,11.908019179996437,,1.4446535110473633,1.5699329376220703,0
2450.1186723000137,32877300,11.912016016013032,,1.4488611221313477,1.5699329376220703,0
2451.119714600034,32891200,12.096766539989266,,1.452836036682129,1.5699329376220703,0
2452.1239264000324,32905300,12.05858664478995,,1.4570426940917969,1.5699329376220703,0
2453.1259047000203,32919400,12.475320074446824,,1.461115837097168,1.5699329376220703,0
2454.1268546000356,32933200,12.097883220544224,,1.4652748107910156,1.5699329376220703,0
2455.127588500036,32946800,12.295663712397275,,1.4692668914794922,1.5699329376220703,0
2456.1334091000026,32960500,11.845116813470165,,1.473414421081543,1.5699329376220703,0
2457.1396499000257,32974300,12.034271518032524,,1.4775781631469727,1.5699329376220703,0
2458.1410124000395,32988400,12.28794517453033,,1.481614112854004,1.5699329376220703,0
2459.1464950999944,33002600,12.237592452413287,,1.4857234954833984,1.5699329376220703,0
2460.151924500009,33016500,12.043983396370805,,1.4898309707641602,1.5699329376220703,0
2461.155553199991,33029900,11.87098625239873,,1.493861198425293,1.5699329376220703,0
2462.1613745000213,33043500,12.427654892200465,,1.4981508255004883,1.5699329376220703,0
2463.1632133999956,33057300,12.087147943957156,,1.50225830078125,1.5699329376220703,0
2464.165381400031,33071200,12.278068646738568,,1.5063562393188477,1.5699329376220703,0
2465.1709352000034,33085100,11.848259635960769,,1.5104827880859375,1.5699329376220703,0
2466.177867499995,33098500,12.413942824263586,,1.5146455764770508,1.5699329376220703,0
2467.182104300009,33112100,12.058286451791735,,1.5197629928588867,1.5699329376220703,0
2468.1875855000108,33125900,12.237610708165986,,1.523885726928711,1.5699329376220703,0
2469.1897496000165,33140000,12.473007165122151,,1.3975133895874023,1.5699329376220703,0
2470.192244200036,33154000,12.079242122366992,,1.4016656875610352,1.5699329376220703,0
2471.1984513000352,33167600,12.034674571475804,,1.4059410095214844,1.5699329376220703,0
2472.2021768999984,33181600,12.259015313000795,,1.409998893737793,1.5699329376220703,0
2473.2086540000164,33195200,12.419557285284599,,1.4140796661376953,1.5699329376220703,0
2474.210349000001,33209100,12.088884341229411,,1.418248176574707,1.5699329376220703,0
2475.2128557999968,33223200,12.079095124391708,,1.4223613739013672,1.5699329376220703,0
2476.2159230000107,33236700,11.877631428716718,,1.4265203475952148,1.5699329376220703,0
2477.220961600018,33250500,12.242999920508241,,1.4305896759033203,1.5699329376220703,0
2478.2230207000393,33264400,12.08449182263252,,1.4347009658813477,1.5699329376220703,0
2479.227008100017,33278400,12.255818648993145,,1.4388713836669922,1.5699329376220703,0
2480.2324241999886,33292400,11.84988235252671,,1.4428644180297852,1.5699329376220703,0
2481.2329394000117,33305700,12.103139462269773,,1.4471302032470703,1.5699329376220703,0
2482.237106800021,33319800,12.253621756575672,,1.4512052536010742,1.5699329376220703,0
2483.237717300013,33334000,12.101986737193332,,1.4553203582763672,1.5699329376220703,0
2484.2403732000384,33348100,12.272094045115406,,1.4594240188598633,1.5699329376220703,0
2485.2407958999975,33362000,12.29948850671228,,1.4635858535766602,1.5699329376220703,0
2486.2478342000395,33375400,11.636846383609024,,1.4676618576049805,1.5699329376220703,0
2487.250838900043,33389100,12.267826362084975,,1.471731185913086,1.5699329376220703,0
2488.255272700044,33402700,12.250371801497975,,1.475799560546875,1.5699329376220703,0
2489.255479000043,33415800,12.106877351211367,,1.4800081253051758,1.5699329376220703,0
2490.255543700012,33429200,12.303891438607941,,1.4841299057006836,1.5699329376220703,0
2491.264173000003,33443200,12.199415087491662,,1.4882831573486328,1.5699329376220703,0
2492.2644502000185,33456700,12.301277585665513,,1.4922666549682617,1.5699329376220703,0
2493.265457600006,33470800,12.292304232870329,,1.4964094161987305,1.5699329376220703,0
2494.268543399987,33484600,12.461546161094004,,1.5005388259887695,1.5699329376220703,0
2495.271120599995,33498400,12.078246941883657,,1.5045623779296875,1.5699329376220703,0
2496.274598899996,33512100,12.067400959231358,,1.5086708068847656,1.5699329376220703,0
2497.277015700005,33525600,11.885338014977403,,1.512740135192871,1.5699329376220703,0
2498.2822357999976,33539400,12.435087599315029,,1.516916275024414,1.5699329376220703,0
2499.2872150000185,33553100,12.243723551436815,,1.521017074584961,1.5699329376220703,0
2500.2888377000345,33567000,12.089756951201675,,1.5250787734985352,1.5699329376220703,0
2501.2890723000164,33580900,11.911268116715142,,1.5291967391967773,1.5699329376220703,0
2502.2912600000273,33594300,11.888055001943428,,1.5332698822021484,1.5717763900756836,0
2503.291838600009,33608000,12.102372567450756,,1.5373640060424805,1.575826644897461,0
2504.295065000013,33621800,12.265115331847106,,1.541426658630371,1.5799226760864258,0
2505.300225200015,33635700,12.435828637040562,,1.4149036407470703,1.5799226760864258,0
2506.3028892999864,33649700,11.687613030461005,,1.4190778732299805,1.5799226760864258,0
2507.308023600024,33663000,11.65888976185555,,1.423177719116211,1.5799226760864258,0
2508.315785599989,33677100,12.403722307883882,,1.4272212982177734,1.5799226760864258,0
2509.3220839000423,33690900,12.227673940566456,,1.4313726425170898,1.5799226760864258,0
2510.3237835000036,33704800,12.088828826993666,,1.4344463348388672,1.5799226760864258,0
2511.326634500001,33718300,11.685434825342593,,1.4385089874267578,1.5799226760864258,0
2512.3314903000137,33731900,11.856489756889198,,1.4426145553588867,1.5799226760864258,0
2513.3336755000055,33745800,12.277857924963051,,1.4467248916625977,1.5799226760864258,0
2514.338882300013,33759600,12.046650500083082,,1.4508695602416992,1.5799226760864258,0
2515.342264500039,33773600,12.068556727124301,,1.4549570083618164,1.5799226760864258,0
2516.3430900000385,33787500,12.099386956075781,,1.4591131210327148,1.5799226760864258,0
2517.349534100038,33801300,12.41996450672842,,1.4631824493408203,1.5799226760864258,0
2518.3547346999985,33815400,12.241026816421828,,1.467391014099121,1.5799226760864258,0
2519.360318800027,33829400,12.042130538516668,,1.4713764190673828,1.5799226760864258,0
2520.3621436000103,33843500,12.087318062201993,,1.475555419921875,1.5799226760864258,0
2521.3673669000273,33857600,12.240750388289358,,1.4795923233032227,1.5799226760864258,0
2522.3745944999973,33871500,12.216392303353976,,1.483790397644043,1.5799226760864258,0
2523.3796398999984,33883900,11.659921034400112,,1.487807273864746,1.5799226760864258,0
2524.3807453000336,33897900,12.291100916614646,,1.4919242858886719,1.5799226760864258,0
2525.387282300042,33912200,12.03073011712339,,1.4961042404174805,1.5799226760864258,0
2526.3881376000354,33926200,12.09902670254095,,1.5002412796020508,1.5799226760864258,0
2527.394473100023,33940600,12.227221935580316,,1.5043201446533203,1.5799226760864258,0
2528.39940699999,33954500,12.049921890780725,,1.508366584777832,1.5799226760864258,0
2529.4053872000077,33968800,11.843237570470237,,1.5124921798706055,1.5799226760864258,0
2530.40890020004,33983000,12.456241224175903,,1.5166959762573242,1.5799226760864258,0
2531.411865400034,33997100,12.073574437152324,,1.5207157135009766,1.5799226760864258,0
2532.417577199987,34011400,12.234804742843238,,1.524789810180664,1.5799226760864258,0
2533.4214897000347,34025300,12.25673303143122,,1.5289525985717773,1.5799226760864258,0
2534.424109100015,34039300,12.077738571824389,,1.5329818725585938,1.5799226760864258,0
2535.426256800012,34053400,12.278317357843775,,1.5371894836425781,1.5799226760864258,0
2536.429513500014,34066700,11.48603094300887,,1.5413036346435547,1.5799226760864258,0
2537.431589999993,34080200,12.084281988704085,,1.546438217163086,1.5849361419677734,0
2538.4325896000373,34093600,12.097282555819458,,1.5505523681640625,1.5890026092529297,0
2539.4370887000114,34107300,12.05513773015105,,1.5546751022338867,1.5929498672485352,0
2540.438704600034,34121200,12.284836432532957,,1.5587711334228516,1.5972051620483398,0
2541.443377799995,34135000,11.858644682134388,,1.4321584701538086,1.5972051620483398,0
2542.4441455000197,34148500,12.100085763858031,,1.4364042282104492,1.5972051620483398,0
2543.4508472000016,34161000,11.640737271239662,,1.440469741821289,1.5972051620483398,0
2544.4568949000095,34173800,11.64830454848994,,1.444589614868164,1.5972051620483398,0
2545.4614019999863,34187000,12.055041721736085,,1.448725700378418,1.5972051620483398,0
2546.466333499993,34201100,12.049950668196251,,1.4528284072875977,1.5972051620483398,0
2547.4701587000163,34215200,12.063230729534368,,1.456892967224121,1.5972051620483398,0
2548.470402100007,34228800,12.1064282954652,,1.4610061645507812,1.5972051620483398,0
2549.4746474000276,34242800,12.05818438956311,,1.4651575088500977,1.5972051620483398,0
2550.4761922000325,34257000,12.090697290765716,,1.4693174362182617,1.5972051620483398,0
2551.479938000033,34271200,12.064184975909813,,1.4733781814575195,1.5972051620483398,0
2552.4823736000108,34285500,12.274791019268227,,1.477431297302246,1.5972051620483398,0
2553.48268320004,34299500,12.300879147457492,,1.4815473556518555,1.5972051620483398,0
2554.483933600015,34313400,12.289320933410792,,1.4857110977172852,1.5972051620483398,0
2555.487023100024,34327600,12.072078313939443,,1.4899663925170898,1.5972051620483398,0
2556.4875435000286,34341800,12.10307655890475,,1.4940357208251953,1.5972051620483398,0
2557.4900902000372,34355800,12.273430753792793,,1.4981651306152344,1.5972051620483398,0
2558.4953851000173,34369500,11.851310993655865,,1.5023136138916016,1.5972051620483398,0
2559.4962529999902,34383100,12.098874387246639,,1.5064268112182617,1.5972051620483398,0
2560.500463800039,34396900,12.447585705502643,,1.5105886459350586,1.5972051620483398,0
2561.5051552000223,34410600,12.247230841437089,,1.5147113800048828,1.5972051620483398,0
2562.5069058000227,34424400,12.088213373663498,,1.5189313888549805,1.5972051620483398,0
2563.512241300021,34438400,12.045108324556228,,1.5229425430297852,1.5972051620483398,0
2564.516670300043,34451800,12.4448816190311,,1.5270557403564453,1.5972051620483398,0
2565.5170174000086,34465000,11.909928564206993,,1.5311470031738281,1.5972051620483398,0
2566.520723099995,34478600,12.259258366439283,,1.5353155136108398,1.5972051620483398,0
2567.5234770000097,34492500,11.686566364715304,,1.539320945739746,1.5972051620483398,0
2568.5241042000125,34506500,12.101784760564506,,1.5434942245483398,1.5972051620483398,0
2569.5280773999984,34519400,11.866912881904685,,1.547530174255371,1.5972051620483398,0
2570.5326139000244,34533000,12.24911936966098,,1.5516929626464844,1.5972051620483398,0
2571.53284,34546200,11.716100989854326,,1.5581817626953125,1.5972051620483398,0
2572.5347442000057,34559300,12.086360152926567,,1.562300682067871,1.6007061004638672,0
2573.5407327000285,34572200,12.03728969041456,,1.5663690567016602,1.6046686172485352,0
2574.546225600003,34585600,12.043222781890355,,1.5705862045288086,1.6090078353881836,0
2575.5476933000027,34599600,12.481680637329577,,1.5745906829833984,1.613053321838379,0
2576.5483026999864,34613400,12.102000041372541,,1.5787944793701172,1.6171998977661133,0
2577.5537676000386,34627600,12.043558158391834,,1.4521503448486328,1.6171998977661133,0
2578.5567657999927,34641600,12.073177200670344,,1.4564237594604492,1.6171998977661133,0
2579.557484399993,34655000,12.100679451742895,,1.460524559020996,1.6171998977661133,0
2580.5615524000023,34669000,11.865792456178111,,1.4636344909667969,1.6171998977661133,0
2581.5616907000076,34683100,12.30298599697084,,1.4678077697753906,1.6171998977661133,0
2582.5673269000254,34697200,12.23572450930334,,1.4719533920288086,1.6171998977661133,0
2583.573765999987,34711200,12.031900390658627,,1.4761295318603516,1.6171998977661133,0
2584.577607700019,34724800,12.063032447854797,,1.4802322387695312,1.6171998977661133,0
2585.57919150003,34738500,12.285230152351426,,1.4843368530273438,1.6171998977661133,0
2586.579502000008,34752400,12.105616206436814,,1.4884614944458008,1.6171998977661133,0
2587.584247999999,34766400,12.24656530118555,,1.4925270080566406,1.6171998977661133,0
2588.5897820999962,34780500,11.848491761776446,,1.4965848922729492,1.6171998977661133,0
2589.595713699993,34794300,12.426292205193153,,1.5007133483886719,1.6171998977661133,0
2590.602239900036,34808300,12.030859206136736,,1.504786491394043,1.6171998977661133,0
2591.602347200038,34822400,12.108075803440526,,1.5088434219360352,1.6171998977661133,0
2592.6026582000195,34836600,12.105610155464475,,1.5129127502441406,1.6171998977661133,0
2593.6088917999878,34850900,12.22846017106584,,1.5170259475708008,1.6171998977661133,0
2594.609878599993,34865100,12.097437248859993,,1.5212593078613281,1.6171998977661133,0
2595.615364200028,34879000,12.043310217049765,,1.5252666473388672,1.6171998977661133,0
2596.617429600039,34893200,11.889505914354823,,1.5293693542480469,1.6171998977661133,0
2597.619435200002,34907500,12.085137049580354,,1.5334815979003906,1.6171998977661133,0
2598.623601500003,34921800,12.059133034027205,,1.5376129150390625,1.6171998977661133,0
2599.6282256999984,34935400,12.053636573811966,,1.5416584014892578,1.6171998977661133,0
2600.6314152000123,34949100,12.070874944198515,,1.545771598815918,1.6171998977661133,0
2601.6340242000297,34962600,11.688255341610352,,1.549886703491211,1.6171998977661133,0
2602.63622819999,34976200,12.082744631311918,,1.5540046691894531,1.6171998977661133,0
2603.643115200044,34990300,12.414501328677513,,1.5581541061401367,1.6171998977661133,0
2604.648401800019,35003900,12.239979624024661,,1.562215805053711,1.6171998977661133,0
2605.649446800002,35016800,11.706516690261246,,1.5662899017333984,1.6171998977661133,0
2606.6523781000287,35030500,12.2687241884572,,1.5704154968261719,1.6171998977661133,0
2607.653769000026,35044500,12.092555464638039,,1.5755634307861328,1.6171998977661133,0
2608.654241800017,35058100,11.713211993471889,,1.5797252655029297,1.618180274963379,0
2609.659489300044,35072300,12.434748656096389,,1.583846092224121,1.6222972869873047,0
2610.6634082000237,35086000,12.062104817672376,,1.5879640579223633,1.6262845993041992,0
2611.6684157000273,35099700,12.243378780712026,,1.5920257568359375,1.6304311752319336,0
2612.668755299994,35113200,12.10526405273277,,1.596083641052246,1.6343135833740234,0
2613.6751956000226,35127400,12.031886043964882,,1.4695091247558594,1.6343135833740234,0
2614.6809108000016,35141500,11.846358193898741,,1.4736223220825195,1.6343135833740234,0
2615.6845388000365,35155100,12.065600999153371,,1.4777183532714844,1.6343135833740234,0
2616.6887527999934,35169000,12.25305313461948,,1.4818296432495117,1.6343135833740234,0
2617.689894100011,35183100,12.290660169333902,,1.4859018325805664,1.6343135833740234,0
2618.691367399995,35196300,12.09156050409849,,1.4900274276733398,1.6343135833740234,0
2619.6915949000395,35210600,12.106620743244891,,1.4941377639770508,1.6343135833740234,0
2620.6949160000077,35225000,12.263957670570734,,1.4982366561889648,1.6343135833740234,0
2621.700819300022,35238800,12.232475527045967,,1.5023632049560547,1.6343135833740234,0
2622.7049434999935,35252300,12.254148939293117,,1.5065383911132812,1.6343135833740234,0
2623.7087298000115,35266600,12.258273996945157,,1.5105562210083008,1.6343135833740234,0
2624.709882299998,35281100,12.095435011314601,,1.5147209167480469,1.6343135833740234,0
2625.7126210000133,35295300,11.88152257394293,,1.5187950134277344,1.6343135833740234,0
2626.718527899997,35309200,12.038266165783615,,1.5229644775390625,1.6343135833740234,0
2627.7206617000047,35323600,11.888694403787651,,1.5270414352416992,1.6343135833740234,0
2628.7262773000402,35338100,12.235975157471014,,1.5311126708984375,1.6343135833740234,0
2629.727221500012,35352700,12.097952113954506,,1.535226821899414,1.6343135833740234,0
2630.7304086000076,35366800,11.876211825344209,,1.5393409729003906,1.6343135833740234,0
2631.7330091000185,35380900,11.688354434166719,,1.543452262878418,1.6343135833740234,0
2632.738868699991,35395100,12.233006972677964,,1.5476055145263672,1.6343135833740234,0
2633.747183700034,35409400,11.622112137082905,,1.5516252517700195,1.6343135833740234,0
2634.7476763000013,35423900,12.298629195659135,,1.5557451248168945,1.6343135833740234,0
2635.7510365000344,35437700,12.26347975492211,,1.5598077774047852,1.6343135833740234,0
2636.753990199999,35451100,12.07371287470981,,1.563821792602539,1.6343135833740234,0
2637.756176099996,35465200,11.888076353932059,,1.5679702758789062,1.6343135833740234,0
2638.757961000025,35479200,11.892834978505254,,1.5720891952514648,1.6343135833740234,0
2639.758750500041,35492700,11.90466376776186,,1.576211929321289,1.6343135833740234,0
2640.7598298999947,35506100,12.096318234658824,,1.5802316665649414,1.6343135833740234,0
2641.762263700017,35519600,11.88513645463384,,1.5843524932861328,1.6343135833740234,0
2642.767558899999,35533700,12.239874914568334,,1.5885210037231445,1.6343135833740234,0
2643.7686038000393,35547800,11.901626490002839,,1.5925817489624023,1.6343135833740234,0
2644.774494800018,35562200,12.232625105760393,,1.5966415405273438,1.635091781616211,0
2645.77962809999,35576500,12.04753140736474,,1.6007604598999023,1.6390352249145508,0
2646.784248400014,35590500,12.05368336645489,,1.6048336029052734,1.643284797668457,0
2647.786999300006,35604700,11.88137801730781,,1.6088981628417969,1.6472187042236328,0
2648.791622299992,35618900,11.859237246374049,,1.6130123138427734,1.6514177322387695,0
2649.793420300004,35632900,12.087641420580034,,1.4864788055419922,1.6514177322387695,0
2650.799637100019,35647200,12.228664339352246,,1.489492416381836,1.6514177322387695,0
2651.8039728000294,35661600,12.057099035585834,,1.493551254272461,1.6514177322387695,0
2652.810342599987,35675100,12.614957742705254,,1.4977645874023438,1.6514177322387695,0
2653.814639499993,35689000,12.252041701937296,,1.5018806457519531,1.6514177322387695,0
2654.819622500043,35701200,11.466300921934597,,1.5059995651245117,1.6514177322387695,0
2655.8228443000116,35713100,11.486430518514494,,1.510056495666504,1.6514177322387695,0
2656.8244649000117,35726600,11.894785810115843,,1.5141963958740234,1.6514177322387695,0
2657.8323826999986,35739700,12.014248582729067,,1.5182743072509766,1.6514177322387695,0
2658.837681600009,35752800,12.239829865397361,,1.5224437713623047,1.6514177322387695,0
2659.8415510000195,35762400,11.479020577656925,,1.526519775390625,1.6514177322387695,0
2660.8491591000347,35776000,12.211779063521153,,1.530583381652832,1.6514177322387695,0
2661.850919599994,35787800,12.28306316779246,,1.5347013473510742,1.6514177322387695,0
2662.8536172999884,35795500,10.518499244647519,,1.5388154983520508,1.6514177322387695,0
2663.85718500003,35808500,12.066325968342499,,1.542872428894043,1.6514177322387695,0
2664.8588564000092,35822100,12.089169162910313,,1.5469446182250977,1.6514177322387695,0
2665.8601293000393,35835000,12.48410897730805,,1.5510635375976562,1.6514177322387695,0
2666.8659062000224,35847200,12.234012831479662,,1.555105209350586,1.6514177322387695,0
2667.866206000035,35860000,11.910491734426444,,1.5591955184936523,1.6514177322387695,0
2668.867374500027,35873600,12.0952417101613,,1.563253402709961,1.6514177322387695,0
2669.8708202000125,35888000,11.873151183139175,,1.5674638748168945,1.6514177322387695,0
2670.8773400000064,35900800,11.44879365519738,,1.5715675354003906,1.6514177322387695,0
2671.881800900039,35913100,11.277815791171456,,1.5756425857543945,1.6514177322387695,0
2672.885727100016,35926800,12.06201710870179,,1.5797443389892578,1.6514177322387695,0
2673.8916781000444,35940500,12.231895489595379,,1.5838136672973633,1.6514177322387695,0
2674.891749400005,35954800,12.108511663592594,,1.5879392623901367,1.6514177322387695,0
2675.8983303999994,35969100,12.224239778091466,,1.592010498046875,1.6514177322387695,0
2676.8995862000156,35983500,11.89911958543156,,1.5961074829101562,1.6514177322387695,0
2677.9052750000264,35997700,12.040876859590757,,1.6012258529663086,1.6514177322387695,0
2678.9103047000244,36011300,12.048773285032652,,1.6054372787475586,1.6514177322387695,0
2679.9133194999886,36025500,12.267702829948087,,1.6096515655517578,1.6514177322387695,0
2680.9182150000124,36039700,12.050382352903966,,1.6137142181396484,1.6519889831542969,0
2681.9250199000235,36054100,12.02752886866872,,1.6178064346313477,1.6562566757202148,0
2682.9262541999924,36068300,12.289518547638508,,1.6218976974487305,1.6603708267211914,0
2683.9317863000324,36081900,12.236991240270221,,1.626011848449707,1.6642990112304688,0
2684.9337812000304,36096000,11.890342455859141,,1.6300697326660156,1.668355941772461,0
2685.938152900024,36110500,12.445591607251492,,1.5035457611083984,1.668355941772461,0
2686.940535700007,36124900,12.275437587524825,,1.5077638626098633,1.668355941772461,0
2687.945894900011,36139200,12.239095738071295,,1.5117597579956055,1.668355941772461,0
2688.9498885000357,36152900,12.061207361979577,,1.515864372253418,1.668355941772461,0
2689.9502349999966,36167100,12.300425403079155,,1.5199527740478516,1.668355941772461,0
2690.95283210004,36181200,12.078007206960988,,1.5241079330444336,1.668355941772461,0
2691.953976000019,36195400,12.485717587912514,,1.5282182693481445,1.668355941772461,0
2692.9542600000277,36209800,12.301193960806478,,1.5322742462158203,1.668355941772461,0
2693.9575132000027,36223400,12.070108523253827,,1.5365257263183594,1.668355941772461,0
2694.9606132000335,36237400,12.266660850983808,,1.5406560897827148,1.668355941772461,0
2695.960810300021,36251600,11.911714701182277,,1.5447206497192383,1.668355941772461,0
2696.962458199996,36265900,12.089452791047037,,1.5487842559814453,1.668355941772461,0
2697.968629800016,36280200,12.229213684579362,,1.5528535842895508,1.668355941772461,0
2698.9710493999883,36294200,12.080145879366118,,1.5570297241210938,1.668355941772461,0
2699.975689599989,36308500,12.247855003205284,,1.5611047744750977,1.668355941772461,0
2700.9796821000054,36322600,11.866684760896726,,1.5651626586914062,1.668355941772461,0
2701.981078599987,36336800,12.092487840952153,,1.5692768096923828,1.668355941772461,0
2702.9869188999874,36351100,12.233241698504886,,1.5734024047851562,1.668355941772461,0
2703.9907367000123,36364900,12.257889329810325,,1.577458381652832,1.668355941772461,0
2704.9947556999978,36378900,11.866371552901908,,1.581583023071289,1.668355941772461,0
2705.9973741000285,36393100,11.68814575878556,,1.5857572555541992,1.668355941772461,0
2707.0026366999955,36407200,12.240271845788838,,1.5898942947387695,1.668355941772461,0
2708.0081947,36421600,12.236676054435792,,1.5939054489135742,1.668355941772461,0
2709.011834600009,36435400,11.481645458590245,,1.5980138778686523,1.668355941772461,0
2710.011850400013,36449000,12.109183674850787,,1.602177619934082,1.668355941772461,0
2711.0142819000175,36462900,12.27484122350852,,1.606297492980957,1.668355941772461,0
2712.0182287000353,36476600,11.867224936410576,,1.6104202270507812,1.668355941772461,0
2713.0233809000347,36490600,12.241616244790576,,1.6145515441894531,1.668355941772461,0
2714.030734800035,36504100,12.020973959593102,,1.6186695098876953,1.668355941772461,0
2715.0377749000327,36517300,12.218666863444733,,1.6227388381958008,1.668355941772461,0
2716.043373499997,36530500,12.430407123124402,,1.6268501281738281,1.668355941772461,0
2717.0495076000225,36544400,12.035547746262507,,1.6309642791748047,1.669194221496582,0
2718.0545850000344,36558500,11.853875631725918,,1.6351318359375,1.673537254333496,0
2719.0578406000277,36572700,11.875400944764017,,1.6392059326171875,1.6776561737060547,0
2720.060640699987,36586200,12.075562218724862,,1.6434211730957031,1.6816625595092773,0
2721.0643952999962,36600400,11.869497285380556,,1.649754524230957,1.6879959106445312,0
2722.067075100029,36614700,12.271801525870444,,1.5231685638427734,1.6879959106445312,0
2723.067129000032,36628900,12.10872233982995,,1.5272769927978516,1.6879959106445312,0
2724.068248800002,36643200,12.290924123532939,,1.531393051147461,1.6879959106445312,0
2725.0724725000327,36656900,11.863952722521582,,1.5354957580566406,1.6879959106445312,0
2726.073505300039,36670900,11.901770351507,,1.5396556854248047,1.6879959106445312,0
2727.0744891000213,36685000,12.292594046194315,,1.5438737869262695,1.6879959106445312,0
2728.074963400024,36699400,12.103634246244578,,1.5480470657348633,1.6879959106445312,0
2729.0811183000333,36713800,12.42353438807954,,1.5522232055664062,1.6879959106445312,0
2730.0834114000318,36727500,12.081670521345668,,1.5562829971313477,1.6879959106445312,0
2731.084933600039,36741700,12.090970125185278,,1.5603981018066406,1.6879959106445312,0
2732.0899233000237,36755800,12.049252843275456,,1.5645570755004883,1.6879959106445312,0
2733.090908300015,36770000,11.902338696485277,,1.5686655044555664,1.6879959106445312,0
2734.0960346999927,36784200,12.241930467923478,,1.5727367401123047,1.6879959106445312,0
2735.0964153000386,36798000,12.104767924772213,,1.5768404006958008,1.6879959106445312,0
2736.0966528000426,36811900,12.106499706271277,,1.5809049606323242,1.6879959106445312,0
2737.0986448000185,36826100,12.085301080539168,,1.5849294662475586,1.6879959106445312,0
2738.1043327000225,36840200,12.040887635172016,,1.5890989303588867,1.6879959106445312,0
2739.1093114000396,36854200,12.243729643017055,,1.593216896057129,1.6879959106445312,0
2740.1154153000098,36868600,12.035909015320238,,1.597264289855957,1.6879959106445312,0
2741.118058399996,36882800,12.077453083922766,,1.601449966430664,1.6879959106445312,0
2742.1250688,36897000,11.83112160505004,,1.605520248413086,1.6879959106445312,0
2743.129218999995,36911100,12.059326383703729,,1.609684944152832,1.6879959106445312,0
2744.1343475999893,36925200,11.853271810260864,,1.6138076782226562,1.6879959106445312,0
2745.1347955000238,36939100,12.299178697437254,,1.6178655624389648,1.6879959106445312,0
2746.135079700034,36953000,12.105934493291642,,1.6220359802246094,1.6879959106445312,0
2747.135320900008,36967000,12.106454923387602,,1.626145362854004,1.6879959106445312,0
2748.1355914000305,36980700,11.715580935094016,,1.6302099227905273,1.6879959106445312,0
2749.1398502000375,36994600,11.86353806401069,,1.634328842163086,1.6879959106445312,0
2750.1439619000303,37009000,12.25430148865743,,1.6384563446044922,1.6879959106445312,0
2751.1447012000135,37022700,12.29559736507393,,1.6426687240600586,1.6879959106445312,0
2752.1505304999882,37037000,11.845014358101748,,1.6467866897583008,1.6879959106445312,0
2753.1519242000068,37051500,11.897480980537022,,1.6508560180664062,1.6891422271728516,0
2754.1570651000366,37065700,11.853126760284818,,1.654958724975586,1.69342041015625,0
2755.161481500021,37080100,12.250584020918422,,1.6590766906738281,1.6975269317626953,0
2756.162691900041,37094000,11.89965915232674,,1.6631460189819336,1.701608657836914,0
2757.1695625000284,37108100,12.026744052464064,,1.667159080505371,1.7054901123046875,0
2758.1746837000246,37122400,12.436311163317544,,1.5406780242919922,1.7054901123046875,0
2759.181059100025,37136500,12.226737159907646,,1.544952392578125,1.7054901123046875,0
2760.1872863000026,37150600,12.22853794875783,,1.5489521026611328,1.7054901123046875,0
2761.1889673999976,37163900,11.8940673833808,,1.5530176162719727,1.7054901123046875,0
2762.1931922000367,37178200,12.058430542174147,,1.5571765899658203,1.7054901123046875,0
2763.1945563000045,37192500,12.092879104004114,,1.5613880157470703,1.7054901123046875,0
2764.1980336999986,37206900,11.87277610842996,,1.5654640197753906,1.7054901123046875,0
2765.199909600022,37221100,11.89175475697608,,1.5695323944091797,1.7054901123046875,0
2766.1999549000175,37234700,11.913522817467708,,1.5736427307128906,1.7054901123046875,0
2767.2007262000116,37248800,11.904880265921312,,1.577712059020996,1.7054901123046875,0
2768.2069587000296,37263300,12.22847353845044,,1.5817689895629883,1.7054901123046875,0
2769.2094888000283,37275500,10.909896869943605,,1.5858755111694336,1.7054901123046875,0
2770.21248690004,37289300,11.488992351896398,,1.5899639129638672,1.7054901123046875,0
2771.2126489999937,37303100,11.912131544027758,,1.5940818786621094,1.7054901123046875,0
2772.2190647000098,37317400,12.226247563311492,,1.598154067993164,1.7054901123046875,0
2773.223457999993,37331700,12.056407584758634,,1.602208137512207,1.7054901123046875,0
2774.2244867000263,37346000,12.292042675291798,,1.6062774658203125,1.7054901123046875,0
2775.2289405000047,37360000,12.055681406412951,,1.6104001998901367,1.7054901123046875,0
2776.2306918000104,37374100,11.503291785031216,,1.614461898803711,1.7054901123046875,0
2777.2346183999907,37386800,11.672915131673554,,1.6185426712036133,1.7054901123046875,0
2778.23701490002,37400400,12.080424262901985,,1.6227998733520508,1.7054901123046875,0
2779.2370610000216,37414600,12.108816783524698,,1.6268730163574219,1.7054901123046875,0
2780.2409090000438,37429000,12.257520560611667,,1.6309785842895508,1.7054901123046875,0
2781.242968800012,37443300,12.279394403796747,,1.6350364685058594,1.7054901123046875,0
2782.246309900016,37457100,11.874388978934556,,1.6391057968139648,1.7054901123046875,0
2783.2487690999988,37471300,11.884835313203434,,1.643174171447754,1.7054901123046875,0
2784.2546200000215,37485500,12.42728917349174,,1.6472902297973633,1.7054901123046875,0
2785.256862500042,37499600,11.887404994055276,,1.6514101028442383,1.7054901123046875,0
2786.258602200018,37513800,12.08834490666099,,1.6555242538452148,1.7054901123046875,0
2787.260624399991,37526600,11.890018504900441,,1.6596431732177734,1.7054901123046875,0
2788.2626552000293,37540200,12.279749783666768,,1.6637039184570312,1.7054901123046875,0
2789.266963300004,37553800,12.44637975170436,,1.6678228378295898,1.706228256225586,0
2790.271059199993,37567800,11.8654627512489,,1.6719369888305664,1.7103586196899414,0
2791.275133499992,37582000,12.060237972440378,,1.6760673522949219,1.7145185470581055,0
2792.2796466000145,37595800,12.054969715904516,,1.680206298828125,1.718484878540039,0
2793.28673230001,37610000,12.024175301122774,,1.6842947006225586,1.7227602005004883,0
2794.291662100004,37624500,12.049971052776467,,1.5578222274780273,1.7227602005004883,0
2795.2937158000423,37638900,11.889644736150803,,1.5620012283325195,1.7227602005004883,0
2796.2973601000267,37653100,12.260008351754418,,1.5660104751586914,1.7227602005004883,0
2797.303897500038,37667000,12.030725336050486,,1.5701093673706055,1.7227602005004883,0
2798.3040775000118,37680700,12.302473055174547,,1.574173927307129,1.7227602005004883,0
2799.306325600017,37695000,12.27708737979898,,1.5783443450927734,1.7227602005004883,0
2800.3081063000136,37709200,12.087850165250105,,1.5823612213134766,1.7227602005004883,0
2801.3124077999964,37723500,12.251985584219844,,1.5865058898925781,1.7227602005004883,0
2802.3152316000196,37737300,12.075276832999078,,1.5906763076782227,1.7227602005004883,0
2803.3189793000347,37751300,11.869578879055934,,1.5947532653808594,1.7227602005004883,0
2804.3228515000083,37765500,12.06266594524579,,1.5988197326660156,1.7227602005004883,0
2805.3269331000047,37779700,11.865631737542463,,1.6030197143554688,1.7227602005004883,0
2806.3286361999926,37794200,12.478747445376333,,1.6071357727050781,1.7227602005004883,0
2807.3351283000084,37808300,11.83721412201207,,1.6111984252929688,1.7227602005004883,0
2808.3375899000093,37822200,12.079639758758123,,1.6152687072753906,1.7227602005004883,0
2809.3386200999958,37836600,11.70668976835965,,1.619436264038086,1.7227602005004883,0
2810.338911300001,37850800,11.910594134923006,,1.6235437393188477,1.7227602005004883,0
2811.340037900023,37864800,11.315377095915233,,1.6276578903198242,1.7227602005004883,0
2812.3411868000403,37879300,12.095478504538791,,1.6317758560180664,1.7227602005004883,0
2813.346218599996,37893100,12.243082756726348,,1.635833740234375,1.7227602005004883,0
2814.3512606000295,37907500,12.048625828171609,,1.6400127410888672,1.7227602005004883,0
2815.356044300017,37922100,12.051723172013215,,1.6442203521728516,1.7227602005004883,0
2816.361782299995,37936100,12.428684210274756,,1.6482925415039062,1.7227602005004883,0
2817.362369999988,37950400,12.297460282677363,,1.6524124145507812,1.7227602005004883,0
2818.3658559999894,37964300,12.261942368884528,,1.6565303802490234,1.7227602005004883,0
2819.36723860004,37978400,12.48274136116468,,1.6606378555297852,1.7227602005004883,0
2820.3685111000086,37992600,12.093985403951246,,1.6647462844848633,1.7227602005004883,0
2821.369697600021,38006200,11.899943217225097,,1.6688575744628906,1.7227602005004883,0
2822.3759196000174,38020300,12.228601143728458,,1.6729326248168945,1.7227602005004883,0
2823.3817429000046,38032000,11.845085016574108,,1.6771087646484375,1.7227602005004883,0
2824.38672900002,38044200,11.854952521054216,,1.6811590194702148,1.7227602005004883,0
2825.3883208000334,38057900,11.895127835350426,,1.6852703094482422,1.7237663269042969,0
2826.390983999998,38071600,12.27200469752588,,1.6893844604492188,1.727834701538086,0
2827.3964279000065,38085800,12.043809704246442,,1.6935606002807617,1.7319669723510742,0
2828.4019203000353,38099300,12.043228769957727,,1.6977252960205078,1.736175537109375,0
2829.408448800037,38113200,12.224877387949817,,1.7020511627197266,1.740234375,0
2830.412793299998,38127100,12.25146102804139,,1.5347957611083984,1.740234375,0
2831.4174405999947,38141600,12.053359422795697,,1.5389623641967773,1.740234375,0
2832.42374150001,38155900,12.227642348144565,,1.5430755615234375,1.740234375,0
2833.426692000008,38170000,12.268489322274192,,1.547189712524414,1.740234375,0
2834.4299651000183,38183700,12.069869111289698,,1.551309585571289,1.740234375,0
2835.4366915000137,38198000,12.028466721499994,,1.5554571151733398,1.740234375,0
2836.437508800009,38212100,12.099486090077798,,1.559473991394043,1.740234375,0
2837.4429158000275,38226600,12.238513855354633,,1.5636711120605469,1.740234375,0
2838.4475643000333,38240800,12.053345025579713,,1.5677852630615234,1.740234375,0
2839.453542400035,38254700,12.03741413454049,,1.5720577239990234,1.740234375,0
2840.4553141000215,38268600,12.282925840455261,,1.5761213302612305,1.740234375,0
2841.4610728000407,38283100,11.845845827406107,,1.576838493347168,1.740234375,0
2842.4642825000337,38297000,12.070631892897598,,1.5809078216552734,1.740234375,0
2843.4643179000122,38311100,12.304251929746046,,1.5850706100463867,1.740234375,0
2844.4707886000397,38324500,12.225579442764465,,1.5891857147216797,1.740234375,0
2845.473991100036,38338200,12.265407532421513,,1.593369483947754,1.740234375,0
2846.478105999995,38352400,12.254262436005126,,1.5975103378295898,1.740234375,0
2847.478108900017,38366900,11.914027949055862,,1.6016693115234375,1.740234375,0
2848.4798179999925,38381200,11.893734917944155,,1.6058568954467773,1.740234375,0
2849.4832333000377,38395100,11.873510897694867,,1.6099767684936523,1.740234375,0
2850.4839225999895,38409300,12.491389685692072,,1.6140613555908203,1.740234375,0
2851.488614800037,38423700,11.858420419146839,,1.618265151977539,1.740234375,0
2852.4897050000145,38437900,12.291287538600432,,1.622446060180664,1.740234375,0
2853.4916976999957,38451400,11.890368562788453,,1.626565933227539,1.740234375,0
2854.4930913000135,38464600,11.897482168638444,,1.6307249069213867,1.740234375,0
2855.4973737000255,38478200,11.863259278323952,,1.6348094940185547,1.740234375,0
2856.503253200033,38492100,12.038594085978522,,1.6389083862304688,1.740234375,0
2857.5067090000375,38506400,11.678391813520578,,1.6429662704467773,1.740234375,0
2858.512242900033,38520400,12.042731726950441,,1.6471281051635742,1.740234375,0
2859.51953759999,38534100,12.409476591638983,,1.6512479782104492,1.740234375,0
2860.5252265000017,38548300,12.04087566230514,,1.6553621292114258,1.740234375,0
2861.527177000011,38562600,12.085801643783627,,1.6594362258911133,1.740234375,0
2862.530787000025,38576300,12.065817399016945,,1.6635551452636719,1.740234375,0
2863.536753499997,38590200,12.425861100098022,,1.6675910949707031,1.740234375,0
2864.543734600011,38603500,11.831465853564687,,1.6727371215820312,1.740234375,0
2865.5474522000295,38617400,12.259113021202918,,1.676839828491211,1.740234375,0
2866.5500427000225,38629500,11.493663165650435,,1.2335271835327148,1.740234375,0
2867.5526832999894,38643600,12.272281314366507,,1.241781234741211,1.740234375,0
2868.5572442000266,38657700,12.248821847978183,,1.249251365661621,1.740234375,0
2869.559234299988,38671300,11.695474835980317,,1.256901741027832,1.740234375,0
2870.5648483000114,38685300,11.847550352047055,,1.2644939422607422,1.740234375,0
2871.5666384000215,38699700,12.282700238179434,,1.2720527648925781,1.740234375,0
2872.5733211000334,38714100,12.223004825507381,,1.279815673828125,1.740234375,0
2873.573705399991,38728400,12.104723155403903,,1.2613983154296875,1.740234375,0
2874.5776470000274,38742500,11.672740724735178,,1.2681198120117188,1.740234375,0
2875.5836300000083,38756100,12.425657292655183,,1.2748689651489258,1.740234375,0
2876.5848183000344,38770100,12.09500250820364,,1.2815723419189453,1.740234375,0
2877.5925042000017,38781700,11.241722247346413,,1.2877569198608398,1.740234375,0
2878.5941770999925,38795200,12.47912367412027,,1.294611930847168,1.740234375,0
2879.600128500024,38809000,12.037733631687168,,1.3012847900390625,1.740234375,0
2880.604678200034,38822000,11.860102591121361,,1.3077964782714844,1.740234375,0
2881.6066189000267,38836000,12.085919855424788,,1.3151540756225586,1.740234375,0
2882.613445300027,38849800,12.027272030211325,,1.3225164413452148,1.740234375,0
2883.6150143000414,38864000,11.89539861939286,,1.3299293518066406,1.740234375,0
2884.6157437000074,38878000,12.29571900297635,,1.337397575378418,1.740234375,0
2885.6194525000174,38891000,11.675448097978427,,1.3034048080444336,1.740234375,0
2886.6210468999925,38904200,11.50509377876507,,1.3101997375488281,1.740234375,0
2887.6224461999955,38918200,12.092454029041386,,1.316995620727539,1.740234375,0
2888.625314600009,38932300,12.07473981614787,,1.3237667083740234,1.740234375,0
2889.625664899999,38946200,12.300378677474688,,1.3305091857910156,1.740234375,0
2890.631643200002,38959400,11.843259939066781,,1.3371238708496094,1.740234375,0
2891.6381114000105,38973800,12.031552511941378,,1.3440780639648438,1.740234375,0
2892.639808500011,38987900,12.088858997390018,,1.3508434295654297,1.740234375,0
2893.6421138999867,39001900,11.886658996637529,,1.3576526641845703,1.740234375,0
2894.643537600001,39016100,12.287194221413364,,1.3645362854003906,1.740234375,0
2895.649236700032,39030000,12.040753541119917,,1.3711662292480469,1.740234375,0
2896.6533721000305,39044200,12.059504126651152,,1.3443431854248047,1.740234375,0
2897.655912099988,39058400,12.273512778063354,,1.3510828018188477,1.740234375,0
2898.6616195000242,39072400,12.234858269471818,,1.358006477355957,1.740234375,0
2899.666337300034,39086500,12.052513650982535,,1.3646392822265625,1.740234375,0
2900.6697394000366,39100500,12.262967657696693,,1.371530532836914,1.740234375,0
2901.670411900035,39114300,12.101236918190999,,1.3782844543457031,1.740234375,0
2902.671319700021,39128500,12.488662792095607,,1.3851041793823242,1.740234375,0
2903.6755235000164,39142700,12.058682709678187,,1.3919992446899414,1.740234375,0
2904.6773189000087,39156800,12.08767279236214,,1.3983955383300781,1.740234375,0
2905.6774383999873,39170800,12.107928102850705,,1.4049997329711914,1.740234375,0
2906.6789346000296,39184900,12.286304730342614,,1.4118528366088867,1.740234375,0
2907.679050000035,39199300,11.912687775763994,,1.380936622619629,1.740234375,0
2908.6816913000075,39213500,12.077474766234362,,1.3874998092651367,1.740234375,0
2909.6834171999944,39227600,12.08851143826678,,1.3940353393554688,1.740234375,0
2910.6857953,39242000,12.275495144929014,,1.4005203247070312,1.740234375,0
2911.6869497000007,39256100,12.290499347543188,,1.407221794128418,1.740234375,0
2912.6881203000084,39270500,12.09521633965901,,1.4137868881225586,1.740234375,0
2913.6939120999887,39285000,12.039643791327585,,1.4202594757080078,1.740234375,0
2914.6954454000224,39299300,12.09083612056802,,1.427067756652832,1.740234375,0
2915.698770500021,39313600,12.069243558261089,,1.433588981628418,1.740234375,0
2916.6993772000424,39327500,12.10203269650516,,1.4399785995483398,1.740234375,0
2917.700848800014,39342000,11.896555529223319,,1.4468536376953125,1.740234375,0
2918.7072398000164,39356200,12.03247544937151,,1.416825294494629,1.740234375,0
2919.7106523000402,39370600,12.262840556309227,,1.4234819412231445,1.740234375,0
2920.7167505000252,39385000,11.647719874834118,,1.429910659790039,1.740234375,0
2921.717326000042,39398800,12.297610225111722,,1.4364776611328125,1.740234375,0
2922.7242094000103,39413100,12.220568439587874,,1.4434080123901367,1.740234375,0
2923.7283305000165,39427300,12.254186770823281,,1.449899673461914,1.740234375,0
2924.735104100022,39441500,12.221901229762315,,1.4563684463500977,1.740234375,0
2925.739788600011,39455800,12.247314953238748,,1.4629077911376953,1.740234375,0
2926.745258400042,39469600,12.237749457633859,,1.4694700241088867,1.740234375,0
2927.749756800011,39483700,12.249583971844165,,1.476043701171875,1.740234375,0
2928.752905900008,39497200,12.266060449073619,,1.4829368591308594,1.740234375,0
2929.7580584000098,39511400,12.047301280133468,,1.4528160095214844,1.740234375,0
2930.761310000031,39525600,11.87544829208371,,1.459341049194336,1.740234375,0
2931.767188100028,39539300,12.232781984254292,,1.465876579284668,1.740234375,0
2932.7702029999928,39553100,12.072976184524917,,1.4724206924438477,1.740234375,0
2933.7713719999883,39567100,12.290320115839021,,1.4788894653320312,1.740234375,0
2934.776415200031,39581000,12.242943884878667,,1.485198974609375,1.740234375,0
2935.7773099000333,39595000,12.098550426904122,,1.4917879104614258,1.740234375,0
2936.778136900044,39608800,12.099368821854153,,1.498307228088379,1.740234375,0
2937.7822035000427,39622700,12.449373378237203,,1.504878044128418,1.740234375,0
2938.7839340000064,39637000,11.893480831851717,,1.5102100372314453,1.740234375,0
2939.7845581999863,39651200,12.101821043547398,,1.5160045623779297,1.740234375,0
2940.7896182000404,39665400,12.048410044523223,,1.5219144821166992,1.740234375,0
2941.7936137000215,39679600,12.061184537408721,,1.4864063262939453,1.740234375,0
2942.79457540001,39693400,12.097740602998886,,1.4917631149291992,1.740234375,0
2943.8022783999913,39707800,12.210629024852098,,1.4970054626464844,1.740234375,0
2944.8072471999913,39722100,12.24385025684483,,1.5022525787353516,1.740234375,0
2945.8101687000017,39736300,12.268844071916106,,1.507563591003418,1.740234375,0
2946.81275360001,39750400,12.078154179159451,,1.5128631591796875,1.740234375,0
2947.8154079000233,39764000,11.68772726536653,,1.5181646347045898,1.740234375,0
2948.8178375000134,39778000,12.080025370479031,,1.5234432220458984,1.740234375,0
2949.819645600044,39792000,12.087519555519883,,1.5286760330200195,1.740234375,0
2950.8216720999917,39806200,12.084884981219616,,1.534043312072754,1.740234375,0
2951.827220200037,39820600,11.654091932022657,,1.5393953323364258,1.740234375,0
2952.8282150999876,39834500,12.292457734409055,,1.5448274612426758,1.740234375,0
2953.8335011000163,39848900,12.4342724355486,,1.5507469177246094,1.740234375,0
2954.8395686000003,39858700,11.453940714895,,1.5563058853149414,1.740234375,0
2955.847332400037,39869100,11.628468892784277,,1.5618066787719727,1.740234375,0
2956.8517877000268,39882800,12.055663402963912,,1.5677480697631836,1.740234375,0
2957.858214900014,39896400,11.837977451475062,,1.573542594909668,1.740234375,0
2958.8629556000233,39910200,12.44102085232992,,1.5795249938964844,1.740234375,0
2959.8635017999914,39923700,11.90755859187715,,1.5215167999267578,1.740234375,0
2960.865561100014,39935300,12.279400530209822,,1.5267314910888672,1.740234375,0
2961.868125900044,39947900,12.27320917274449,,1.5318527221679688,1.740234375,0
2962.8703909000033,39961200,11.88713813261519,,1.5371026992797852,1.740234375,0
2963.8763390000095,39974300,12.03777312162056,,1.542403221130371,1.740234375,0
2964.8787957000313,39987500,11.884864952012508,,1.5477008819580078,1.740234375,0
2965.883912599995,40001300,12.047727981133463,,1.55279541015625,1.740234375,0
2966.8859219999867,40015500,12.085091217804251,,1.558182716369629,1.740234375,0
2967.8869863,40029400,12.291605544056715,,1.5635223388671875,1.740234375,0
2968.892817199987,40043300,12.233356024516851,,1.5689191818237305,1.740234375,0
2969.897238900012,40057400,12.05606668961739,,1.574209213256836,1.740234375,0
2970.899894800037,40071600,12.077298901542145,,1.579503059387207,1.740234375,0
2971.906722399988,40085900,11.833269668589786,,1.584895133972168,1.740234375,0
2972.9105799000245,40099800,12.062842584293843,,1.5900897979736328,1.740234375,0
2973.9120404000278,40112800,11.89668738803047,,1.5952768325805664,1.740234375,0
2974.9186237000395,40126800,12.03017673734431,,1.600667953491211,1.740234375,0
2975.9191708000144,40140500,12.297959286782415,,1.6060190200805664,1.740234375,0
2976.9218054999947,40154500,12.272353530395689,,1.6115751266479492,1.740234375,0
2977.922241799999,40168400,12.299321306060456,,1.6174707412719727,1.740234375,0
2978.92443980003,40181900,12.277701112573245,,1.6232919692993164,1.740234375,0
2979.9277587000397,40196000,12.263984561520823,,1.5579938888549805,1.740234375,0
2980.9328042000416,40209600,11.659919874252653,,1.563279151916504,1.740234375,0
2981.9371296000318,40223700,12.057222689098811,,1.5685062408447266,1.740234375,0
2982.944627400022,40236500,11.631539046649635,,1.5737714767456055,1.740234375,0
2983.945090299996,40250200,12.103772164178912,,1.5791254043579102,1.740234375,0
2984.9470606000395,40263600,12.085562815060158,,1.584249496459961,1.740234375,0
2985.952306399995,40277400,12.240476409396944,,1.589691162109375,1.740234375,0
2986.9533001999953,40288800,11.511996877499831,,1.5947456359863281,1.740234375,0
2987.956378700037,40302900,11.87749762307163,,1.5999231338500977,1.740234375,0
2988.961577100039,40316300,12.046751168700858,,1.6054506301879883,1.740234375,0
2989.9674184999894,40330000,12.039050093381167,,1.6105937957763672,1.740234375,0
2990.974008899997,40343300,12.030091882367577,,1.6159334182739258,1.740234375,0
2991.976080499997,40357600,12.279249806102802,,1.6212663650512695,1.740234375,0
2992.976569999999,40371900,11.908233419717181,,1.6265554428100586,1.740234375,0
2993.9778198000276,40386000,11.70412218775331,,1.6328392028808594,1.740234375,0
2994.9802561000106,40399900,12.079944631101256,,1.6381340026855469,1.740234375,0
2995.985891100019,40414300,12.429957191120836,,1.643507957458496,1.740234375,0
2996.9900353000266,40428200,12.253904867357635,,1.6487998962402344,1.740234375,0
2997.993594200001,40442600,11.871811908900733,,1.653940200805664,1.740234375,0
2998.9990846000146,40456800,12.043252725075494,,1.6596956253051758,1.740234375,0
3000.0045155000407,40470600,12.432480441644826,,1.5944280624389648,1.740234375,0
3001.00755889999,40484800,12.267353038387473,,1.5998497009277344,1.740234375,0
3002.0132531000418,40498900,12.0408122065082,,1.605173110961914,1.740234375,0
3003.0140763000236,40512800,11.904262910988052,,1.6105117797851562,1.740234375,0
3004.018900200026,40527100,12.439990728692504,,1.6159439086914062,1.740234375,0
3005.0210797000327,40540500,12.083040014209223,,1.6211376190185547,1.740234375,0
3006.0265023999964,40554900,11.849804565214667,,1.6263751983642578,1.740234375,0
3007.028179200017,40568800,12.284089538410111,,1.6316757202148438,1.740234375,0
3008.0331896000425,40582500,11.854665881762068,,1.6369256973266602,1.740234375,0
3009.034655900032,40593600,12.09164502103551,,1.6419029235839844,1.740234375,0
3010.0379754999885,40603800,12.06930971997569,,1.6468563079833984,1.740234375,0
3011.044591700018,40613900,11.059639711416347,,1.6517982482910156,1.740234375,0
3012.0510469000437,40623200,12.031707918732439,,1.656167984008789,1.740234375,0
3013.0591599000036,40632300,11.430700229497047,,1.6602344512939453,1.740234375,0
3014.063393199991,40645000,12.058328478205262,,1.6643486022949219,1.740234375,0
3015.063763400016,40657200,12.10489376802545,,1.6686153411865234,1.740234375,0
3016.067639100016,40669100,11.868065438776467,,1.6727352142333984,1.740234375,0
3017.071385700023,40681000,12.064175360513387,,1.6768054962158203,1.740234375,0
3018.0781049000216,40693000,12.222561663684408,,1.6807851791381836,1.740234375,0
3019.079153000028,40706700,11.901588445075726,,1.6852388381958008,1.740234375,0
3020.0820382999955,40720300,12.074536340687407,,1.689955711364746,1.740234375,0
3021.0831168000004,40733700,11.901227026592897,,1.6946191787719727,1.740234375,0
3022.0898620000225,40746900,11.640234291400123,,1.6992864608764648,1.740234375,0
3023.097054200014,40760800,12.022903870881436,,1.7040481567382812,1.7419328689575195,0
3024.0973503999994,40775100,12.105789265397373,,1.6227483749389648,1.7419328689575195,0
3025.103242400044,40789300,11.844276025130538,,1.6268081665039062,1.7419328689575195,0
3026.1096749000135,40803200,12.420107657871071,,1.631007194519043,1.7419328689575195,0
3027.1127142999903,40817500,12.2674019587706,,1.635080337524414,1.7419328689575195,0
3028.1175732000265,40831400,12.050821264123543,,1.6392850875854492,1.7419328689575195,0
3029.1189260000247,40845600,12.093015568561457,,1.6433963775634766,1.7419328689575195,0
3030.1244814000092,40860000,12.23670769426389,,1.6475505828857422,1.7419328689575195,0
3031.130033400026,40874200,12.042514956756504,,1.6516647338867188,1.7419328689575195,0
3032.131958700018,40888500,12.28104280838107,,1.6558265686035156,1.7419328689575195,0
3033.1322930000024,40902900,11.91008096012097,,1.6598968505859375,1.7419328689575195,0
3034.1347090000054,40917000,12.080189262705122,,1.663954734802246,1.7419328689575195,0
3035.139746300003,40931500,11.660015006435613,,1.6680736541748047,1.7419328689575195,0
3036.1407363000326,40945400,12.292517906908792,,1.6722393035888672,1.7419328689575195,0
3037.1467815000215,40958600,12.230750169213135,,1.6762657165527344,1.7419328689575195,0
3038.14884899999,40972400,12.08439052297213,,1.6803646087646484,1.7419328689575195,0
3039.162668700039,40985400,12.136958375742818,,1.6845283508300781,1.7419328689575195,0
3040.1684072000207,40999500,11.84608374862392,,1.6888008117675781,1.7419328689575195,0
3041.1729449999984,41013100,12.249103518327718,,1.6928224563598633,1.7419328689575195,0
3042.1792085000197,41027100,12.034000040490007,,1.6968841552734375,1.7419328689575195,0
3043.183835700038,41041300,12.053600579181253,,1.7011528015136719,1.7419328689575195,0
3044.1883723000064,41055300,12.249118150981369,,1.705265998840332,1.7435932159423828,0
3045.1941753000137,41069200,12.039509724978178,,1.7093887329101562,1.7477054595947266,0
3046.1994497000123,41082600,12.045840419309286,,1.7135076522827148,1.751826286315918,0
3047.204096100002,41096900,11.858961023621704,,1.7180862426757812,1.7561349868774414,0
3048.205277400033,41111000,12.29016912283394,,1.7228069305419922,1.7608108520507812,0
3049.2093904000358,41125000,12.254285623198824,,1.7274761199951172,1.7655248641967773,0
3050.2133081000065,41139200,11.867568925567188,,1.7321949005126953,1.7700681686401367,0
3051.217735800019,41153100,11.861543145267943,,1.736821174621582,1.7749757766723633,0
3052.219928000006,41166200,12.472657440522356,,1.7416315078735352,1.77960205078125,0
3053.2203077999875,41180000,12.300015954166907,,1.746354103088379,1.784414291381836,0
3054.220947200025,41194200,12.296824909691965,,1.7509708404541016,1.7891206741333008,0
3055.221896700037,41208300,12.293015281839777,,1.6062307357788086,1.7891206741333008,0
3056.2307448000065,41222500,12.19676926622958,,1.6084709167480469,1.7891206741333008,0
3057.2329564000247,41236200,12.08265300439558,,1.6125707626342773,1.7891206741333008,0
3058.2342613000073,41250500,12.288652038168696,,1.6166419982910156,1.7891206741333008,0
3059.240261500003,41264800,12.425444845891976,,1.6207523345947266,1.7891206741333008,0
3060.2470797999995,41279100,12.027368791409623,,1.6248550415039062,1.7891206741333008,0
3061.248999500007,41293300,12.281111450257814,,1.6289052963256836,1.7891206741333008,0
3062.2506865999894,41306900,12.47894676912396,,1.6329669952392578,1.7891206741333008,0
3063.2536494000233,41321000,12.268338865194842,,1.6373519897460938,1.7891206741333008,0
3064.2595071000396,41335400,12.038854998876253,,1.6414785385131836,1.7891206741333008,0
3065.263183000032,41349700,12.065025174056416,,1.6455869674682617,1.7891206741333008,0
3066.2694127000286,41363800,12.034404271747219,,1.649637222290039,1.7891206741333008,0
3067.270593299996,41377200,12.48525990256501,,1.653813362121582,1.7891206741333008,0
3068.273526200035,41391400,12.073963272646608,,1.6579256057739258,1.7891206741333008,0
3069.277302500035,41405400,12.063818402566067,,1.6619977951049805,1.7891206741333008,0
3070.2836633000406,41419600,12.032836533312777,,1.6661128997802734,1.7891206741333008,0
3071.28482120001,41433600,12.290456380934355,,1.67022705078125,1.7891206741333008,0
3072.287490800023,41447300,12.271926365213707,,1.6743412017822266,1.7891206741333008,0
3073.2884956999915,41461500,11.902102077998007,,1.6784753799438477,1.7891206741333008,0
3074.2948062000214,41475700,12.033437989208814,,1.6830310821533203,1.7891206741333008,0
3075.2957235000213,41489500,12.293410754316842,,1.6871452331542969,1.7891206741333008,0
3076.2961035000044,41503000,12.30001349507944,,1.6913576126098633,1.7891206741333008,0
3077.2980756000034,41515900,12.475397269058591,,1.6953802108764648,1.7891206741333008,0
3078.3050810000277,41529500,12.219087901318513,,1.6994438171386719,1.7891206741333008,0
3079.3062250000075,41542600,12.095537705109306,,1.7035579681396484,1.7891206741333008,0
3080.312589100038,41555700,12.226874447951365,,1.707728385925293,1.7891206741333008,0
3081.314407000027,41570000,12.087401313285971,,1.7118425369262695,1.7891206741333008,0
3082.3212541000103,41583800,12.027024758975672,,1.7159976959228516,1.7891206741333008,0
3083.32212550001,41597900,11.903689624865699,,1.7199764251708984,1.7891206741333008,0
3084.3272502000327,41612300,11.853317801989164,,1.724186897277832,1.7891206741333008,0
3085.330819600029,41626400,12.066305529090378,,1.7282495498657227,1.7891206741333008,0
3086.3345774000045,41640600,11.869459445585303,,1.7324237823486328,1.7891206741333008,0
3087.340294900001,41654400,12.040533251178104,,1.736689567565918,1.7891206741333008,0
3088.3431484000175,41667900,12.269675979390367,,1.7408075332641602,1.7891206741333008,0
3089.3490808000206,41681800,12.232121661418182,,1.7449750900268555,1.7891206741333008,0
3090.355315099994,41696200,11.840246849379676,,1.749032974243164,1.7891206741333008,0
3091.3588750000345,41710600,12.261039425256245,,1.6226158142089844,1.7891206741333008,0
3092.363968999998,41725000,12.24232509640308,,1.626729965209961,1.7891206741333008,0
3093.365382499993,41738900,12.092282558667785,,1.6308422088623047,1.7891206741333008,0
3094.3665648000315,41753200,12.290156847084853,,1.6349372863769531,1.7891206741333008,0
3095.367604000028,41765200,11.121255291537294,,1.6384429931640625,1.7891206741333008,0
3096.3681855000323,41778300,11.711939507129223,,1.6426715850830078,1.7891206741333008,0
3097.368423100037,41792100,11.520700181581947,,1.6468372344970703,1.7891206741333008,0
3098.37393240002,41805600,11.460299273410063,,1.6509695053100586,1.7891206741333008,0
3099.3798599999864,41818700,12.232180030063256,,1.6551790237426758,1.7891206741333008,0
3100.388429200044,41829100,11.619182897248374,,1.659409523010254,1.7891206741333008,0
3101.3894046000205,41842100,11.707330669938537,,1.663447380065918,1.7891206741333008,0
3102.391636800021,41855800,12.47215964523448,,1.6675939559936523,1.7891206741333008,0
3103.3950705000316,41868600,11.48400487234756,,1.6716804504394531,1.7891206741333008,0
3104.401591300033,41882000,11.836876595081586,,1.6758861541748047,1.7891206741333008,0
3105.4078488000087,41896300,12.228169728223786,,1.679983139038086,1.7891206741333008,0
3106.4107083000126,41910400,12.074846975026869,,1.6840457916259766,1.7891206741333008,0
3107.4115089999977,41924300,12.099686780974512,,1.688150405883789,1.7891206741333008,0
3108.415152300033,41938200,12.065417065582228,,1.6923208236694336,1.7891206741333008,0
3109.4174028999987,41951900,11.887308922943157,,1.6969423294067383,1.7891206741333008,0
3110.4232675000094,41965500,12.427119912428825,,1.701101303100586,1.7891206741333008,0
3111.4261511000223,41979700,12.269307724088973,,1.7051706314086914,1.7891206741333008,0
3112.4316929000197,41994100,12.236873196152823,,1.7093400955200195,1.7891206741333008,0
3113.4422813000274,42008200,11.98249950217897,,1.7133960723876953,1.7891206741333008,0
3114.447575900005,42022400,12.23988221987055,,1.717453956604004,1.7891206741333008,0
3115.448623700009,42036600,12.096700077610093,,1.7216176986694336,1.7891206741333008,0
3116.4511308000074,42051100,11.884267453089945,,1.7257318496704102,1.7891206741333008,0
3117.4531786000007,42065400,12.279541455090461,,1.7297964096069336,1.7891206741333008,0
3118.456858600024,42079600,12.259572273745123,,1.7338542938232422,1.7891206741333008,0
3119.4603933999897,42093700,12.26134609424828,,1.7379684448242188,1.7891206741333008,0
3120.466605100024,42108100,12.22872632029643,,1.742086410522461,1.7891206741333008,0
3121.468566399999,42122500,12.280601556475073,,1.7461471557617188,1.7891206741333008,0
3122.4745151000097,42136900,12.426080971988025,,1.7502050399780273,1.7891206741333008,0
3123.477555199992,42150800,12.072672867430951,,1.754323959350586,1.7926063537597656,0
3124.4830507000443,42164700,11.654701586819534,,1.7584428787231445,1.7967643737792969,0
3125.4831413000356,42178900,12.303572796410688,,1.76251220703125,1.800851821899414,0
3126.4882325000362,42193000,12.048036038911388,,1.7665748596191406,1.8047151565551758,0
3127.4886385000427,42207200,12.299693824227683,,1.6400508880615234,1.8047151565551758,0
3128.4957087000366,42221100,12.218301663652122,,1.6441526412963867,1.8047151565551758,0
3129.4981648999965,42234800,12.274538778345429,,1.6481857299804688,1.8047151565551758,0
3130.5019557999913,42248600,12.452792708187497,,1.6518802642822266,1.8047151565551758,0
3131.502873499994,42262600,12.098272415369316,,1.6560382843017578,1.8047151565551758,0
3132.503810700029,42276700,12.29316634407246,,1.6602087020874023,1.8047151565551758,0
3133.5049224999966,42291000,12.291022341760193,,1.6642723083496094,1.8047151565551758,0
3134.5094898000243,42305100,12.248743812047918,,1.6683931350708008,1.8047151565551758,0
3135.513775200001,42319200,11.66874476147163,,1.6725521087646484,1.8047151565551758,0
3136.5189050000045,42332800,12.04757335814537,,1.6766281127929688,1.8047151565551758,0
3137.520471900003,42347000,12.285437448080058,,1.680739402770996,1.8047151565551758,0
3138.5237283000024,42361000,12.07007002398148,,1.6847972869873047,1.8047151565551758,0
3139.528735700005,42374700,12.049040633896137,,1.6889619827270508,1.8047151565551758,0
3140.5339716000017,42389000,12.04630176861215,,1.6930761337280273,1.8047151565551758,0
3141.5398773000343,42403100,12.038280526303371,,1.6971473693847656,1.8047151565551758,0
3142.5463046000223,42417100,12.032041460068204,,1.7012090682983398,1.8047151565551758,0
3143.5491864000214,42430800,11.685075948142472,,1.7052783966064453,1.8047151565551758,0
3144.553080499987,42443900,12.256957681512938,,1.7099037170410156,1.8047151565551758,0
3145.559089999995,42457000,11.066309512892895,,1.7139644622802734,1.8047151565551758,0
3146.5634573000134,42470800,12.056719687887625,,1.7181339263916016,1.8047151565551758,0
3147.5691942000412,42484800,12.040300996875805,,1.7222480773925781,1.8047151565551758,0
3148.574702200014,42498500,12.043041925401186,,1.7263622283935547,1.8047151565551758,0
3149.5806039000163,42512700,12.426661571377592,,1.7304267883300781,1.8047151565551758,0
3150.586170500028,42526400,11.65387752523214,,1.7345905303955078,1.8047151565551758,0
3151.592078900023,42540200,11.84408292053213,,1.738694190979004,1.8047151565551758,0
3152.5979758999893,42554300,12.426719634732104,,1.7428512573242188,1.8047151565551758,0
3153.602474300016,42568500,12.24958397113434,,1.7469682693481445,1.8047151565551758,0
3154.603914800042,42582300,11.701893422225277,,1.7510261535644531,1.8047151565551758,0
3155.6090683999937,42596000,12.047288096644824,,1.7551860809326172,1.8047151565551758,0
3156.612499000039,42609700,12.262619357477368,,1.7593002319335938,1.8047151565551758,0
3157.617086100043,42623300,11.66524037582718,,1.7633600234985352,1.8047151565551758,0
3158.621782800008,42637400,12.052766770726407,,1.7674779891967773,1.8057937622070312,0
3159.62713670003,42651600,12.04488787454501,,1.7715950012207031,1.809971809387207,0
3160.633399399987,42665000,11.645815750201914,,1.7757091522216797,1.814082145690918,0
3161.6371216000407,42679000,11.86988043042394,,1.7797698974609375,1.818131446838379,0
3162.642596599995,42691800,12.043437181977152,,1.7838315963745117,1.8220396041870117,0
3163.6435220999992,42705800,12.293310041506347,,1.657301902770996,1.8220396041870117,0
3164.6463695000275,42719700,12.269750611761346,,1.661478042602539,1.8220396041870117,0
3165.650728800043,42733100,11.862350953305457,,1.6651172637939453,1.8220396041870117,0
3166.6531113000237,42746400,11.885744713449125,,1.6691713333129883,1.8220396041870117,0
3167.653925099992,42760000,12.099528404166369,,1.673335075378418,1.8220396041870117,0
3168.6594669999904,42773500,12.236871979200414,,1.677506446838379,1.8220396041870117,0
3169.6632392000174,42787000,11.869289167083279,,1.6815176010131836,1.8220396041870117,0
3170.666533200012,42800600,12.069617679428664,,1.6856260299682617,1.8220396041870117,0
3171.6732591000036,42814700,12.41648794384306,,1.6897964477539062,1.8220396041870117,0
3172.6753026000224,42828600,12.279594149125753,,1.6939105987548828,1.8220396041870117,0
3173.6776546000037,42842700,12.275814783857571,,1.69793701171875,1.8220396041870117,0
3174.6813631000114,42856600,12.064633307287833,,1.7020864486694336,1.8220396041870117,0
3175.6849960000254,42870300,11.67633105673987,,1.7062005996704102,1.8220396041870117,0
3176.6881874999963,42884300,12.265542022991124,,1.7102651596069336,1.8220396041870117,0
3177.694232800044,42898400,12.03661008050444,,1.7143707275390625,1.8220396041870117,0
3178.697052100033,42912500,12.270094422929457,,1.7185859680175781,1.8220396041870117,0
3179.702569200017,42926900,11.654451227320337,,1.7230987548828125,1.8220396041870117,0
3180.7059303999995,42941300,12.458125747954437,,1.7272939682006836,1.8220396041870117,0
3181.711257399991,42955300,11.462377415602607,,1.731358528137207,1.8220396041870117,0
3182.712217900029,42969400,12.097755105764064,,1.7353229522705078,1.8220396041870117,0
3183.718289899989,42983100,12.036290643691592,,1.7395267486572266,1.8220396041870117,0
3184.721625700011,42996700,12.06911484643112,,1.7436408996582031,1.8220396041870117,0
3185.725962400029,43010900,12.251556176110173,,1.7476682662963867,1.8220396041870117,0
3186.7301740000257,43024500,12.058589046410976,,1.7519149780273438,1.8220396041870117,0
3187.734574300004,43038300,12.250780391308224,,1.7560338973999023,1.8220396041870117,0
3188.7407135000103,43051800,12.229607493600128,,1.760148048400879,1.8220396041870117,0
3189.7415084000095,43064700,12.099756903247723,,1.7643165588378906,1.8220396041870117,0
3190.7436753000366,43078500,11.693411546203901,,1.7682886123657227,1.8220396041870117,0
3191.7498204000294,43091900,12.229535779767026,,1.7724485397338867,1.8220396041870117,0
3192.7502717000316,43105900,12.103912504260576,,1.776484489440918,1.8220396041870117,0
3193.750295500038,43120300,12.30439465532597,,1.780623435974121,1.8220396041870117,0
3194.7558112000115,43134600,11.848708578410069,,1.7846412658691406,1.8230924606323242,0
3195.760243900004,43148900,12.250385217540275,,1.7888908386230469,1.8271617889404297,0
3196.761677900038,43162500,12.092035021363992,,1.792963981628418,1.8311939239501953,0
3197.7661101000267,43176900,12.250391315751035,,1.7970695495605469,1.8354425430297852,0
3198.7717032000073,43191300,12.236248936311515,,1.8011274337768555,1.8393125534057617,0
3199.7718196000205,43205700,12.107965632640388,,1.6745977401733398,1.8393125534057617,0
3200.7748579999898,43220200,12.072693328960792,,1.678248405456543,1.8393125534057617,0
3201.7814505000133,43234000,12.224100119673253,,1.6822566986083984,1.8393125534057617,0
3202.7872166000307,43248300,12.234144200910817,,1.6864023208618164,1.8393125534057617,0
3203.7908720000414,43262700,12.259872760977641,,1.690516471862793,1.8393125534057617,0
3204.798521800025,43277100,12.017443957413077,,1.6947259902954102,1.8393125534057617,0
3205.7988700999995,43291500,12.30040326985384,,1.698786735534668,1.8393125534057617,0
3206.802448000002,43305300,12.066203331069064,,1.702897071838379,1.8393125534057617,0
3207.8050296999863,43319500,11.49376404953551,,1.7069997787475586,1.8393125534057617,0
3208.811593600025,43333900,12.030408600522655,,1.7110671997070312,1.8393125534057617,0
3209.816462100018,43348200,12.245072365276823,,1.7152137756347656,1.8393125534057617,0
3210.8230014999863,43361400,11.836657859963879,,1.7193222045898438,1.8393125534057617,0
3211.824436600029,43373900,12.482086956475442,,1.7234516143798828,1.8393125534057617,0
3212.830214000016,43387700,11.84562558291149,,1.7276611328125,1.8393125534057617,0
3213.8339370000176,43402100,12.259047067746822,,1.7317781448364258,1.8393125534057617,0
3214.835460100032,43416300,11.895943787846495,,1.736405372619629,1.8393125534057617,0
3215.837684900034,43430500,11.692736000918316,,1.7404747009277344,1.8393125534057617,0
3216.8390533000347,43444900,12.092827175287272,,1.744633674621582,1.8393125534057617,0
3217.84388890001,43458600,12.051100697764818,,1.748753547668457,1.8393125534057617,0
3218.8483508999925,43473100,12.250027875831247,,1.7527666091918945,1.8393125534057617,0
3219.8530852000113,43486000,11.274746965231062,,1.7569818496704102,1.8393125534057617,0
3220.8544335000333,43500200,11.898020398833626,,1.761056900024414,1.8393125534057617,0
3221.859367900004,43514500,12.244269377540908,,1.7651681900024414,1.8393125534057617,0
3222.862392799987,43527700,12.072855818641274,,1.769181251525879,1.8393125534057617,0
3223.8676743000397,43542000,12.240041719016444,,1.7733440399169922,1.8393125534057617,0
3224.8693289000075,43556100,12.089371925600233,,1.7774162292480469,1.8393125534057617,0
3225.873066,43570400,12.064289543636031,,1.7814865112304688,1.8393125534057617,0
3226.8767806999967,43584700,12.064558783527424,,1.7855453491210938,1.8393125534057617,0
3227.88223019999,43598700,12.04374262464984,,1.7896595001220703,1.8393125534057617,0
3228.8853878999944,43612800,11.876559886791775,,1.7937793731689453,1.8393125534057617,0
3229.8857994000427,43626700,11.90916187931076,,1.797896385192871,1.8393125534057617,0
3230.8922205000417,43640100,12.226181963009688,,1.8019676208496094,1.84033203125,0
3231.9061959999963,43649600,11.749852437789814,,1.8061332702636719,1.8444938659667969,0
3232.912881200027,43659100,11.83494353511318,,1.8103036880493164,1.8484888076782227,0
3233.912982000038,43670700,12.108154497895343,,1.8143281936645508,1.8526897430419922,0
3234.913276600011,43681300,10.543768805993055,,1.818476676940918,1.85662841796875,0
3235.919412599993,43692400,11.841403647435094,,1.6930408477783203,1.85662841796875,0
3236.9217605000013,43704000,12.081009996528671,,1.6973028182983398,1.85662841796875,0
3237.9287755000405,43716200,12.025019487821002,,1.701406478881836,1.85662841796875,0
3238.934018900036,43730000,12.046211892617912,,1.705561637878418,1.85662841796875,0
3239.936307900003,43743800,12.081719943444805,,1.7096757888793945,1.85662841796875,0
3240.936691400013,43757700,12.104732834839513,,1.713841438293457,1.85662841796875,0
3241.942422299995,43771900,12.42877195104754,,1.7178964614868164,1.85662841796875,0
3242.9501265000436,43786100,12.01679520579313,,1.7219629287719727,1.85662841796875,0
3243.95611790003,43799900,12.231404264651816,,1.7261228561401367,1.85662841796875,0
3244.9608437000425,43814100,12.052417684359751,,1.7302865982055664,1.85662841796875,0
3245.9669891000376,43828500,12.035412575616201,,1.7343502044677734,1.85662841796875,0
3246.9702261000057,43842800,12.264985741546274,,1.7383155822753906,1.85662841796875,0
3247.9750959000085,43856900,12.245056523706815,,1.7425718307495117,1.85662841796875,0
3248.9768264000304,43870600,11.893480831160621,,1.7467937469482422,1.85662841796875,0
3249.981580200023,43884300,12.246470229911505,,1.750894546508789,1.85662841796875,0
3250.982834000024,43897700,11.50900750637705,,1.754913330078125,1.85662841796875,0
3251.990296300035,43912100,12.407412168042471,,1.7591161727905273,1.85662841796875,0
3252.9959421000094,43926500,12.235607706324313,,1.763326644897461,1.85662841796875,0
3253.9998042000225,43940400,11.673665137719086,,1.7674951553344727,1.85662841796875,0
3255.001634299988,43954000,12.08725411665877,,1.7715568542480469,1.85662841796875,0
3256.004310999997,43968200,12.07704836453356,,1.775674819946289,1.85662841796875,0
3257.0057913000346,43982300,12.28649979389244,,1.7797889709472656,1.85662841796875,0
3258.0070616999874,43996400,11.898946079462602,,1.7839078903198242,1.85662841796875,0
3259.0084984000423,44010200,12.09200241945999,,1.7879705429077148,1.85662841796875,0
3260.0115004000254,44024500,12.073131459562449,,1.7920761108398438,1.85662841796875,0
3261.0171813000343,44037900,11.652553011493492,,1.796290397644043,1.85662841796875,0
3262.0206566000124,44048300,10.899620548944268,,1.8034629821777344,1.85662841796875,0
3263.025150900008,44062100,11.860756701208606,,1.8075675964355469,1.85662841796875,0
3264.025226900005,44075500,11.717859442721902,,1.8116865158081055,1.85662841796875,0
3265.03011360002,44089600,11.85612517293897,,1.8158063888549805,1.85662841796875,0
3266.033103600028,44102900,12.46273641800871,,1.8199663162231445,1.8582191467285156,0
3267.033163200016,44116200,11.91335246433415,,1.8240299224853516,1.8622722625732422,0
3268.036284800037,44127900,11.87698729621057,,1.8281440734863281,1.866337776184082,0
3269.043444400013,44141500,11.829368950345257,,1.8323040008544922,1.870676040649414,0
3270.0485506000114,44155000,11.853535974625233,,1.8364238739013672,1.874795913696289,0
3271.0513260000153,44168500,11.296771939116299,,1.8408050537109375,1.878859519958496,0
3272.055664000043,44182800,12.057071423826704,,1.7145624160766602,1.878859519958496,0
3273.0601813000394,44196900,12.054919313032766,,1.7186803817749023,1.878859519958496,0
3274.0624453999917,44211000,12.276891390787736,,1.7228736877441406,1.878859519958496,0
3275.0641437000013,44224700,12.283825878392882,,1.7269725799560547,1.878859519958496,0
3276.0672903000377,44238600,11.876691302714375,,1.7310562133789062,1.878859519958496,0
3277.0684446000378,44252800,12.290500575185414,,1.7351503372192383,1.878859519958496,0
3278.072967600019,44267000,11.860417830373606,,1.7392644882202148,1.878859519958496,0
3279.077609000029,44281400,12.247840373569359,,1.7423410415649414,1.878859519958496,0
3280.0780356000178,44295300,12.10421134357744,,1.7464628219604492,1.878859519958496,0
3281.081392400025,44309600,12.263521311573403,,1.7506866455078125,1.878859519958496,0
3282.0850586000015,44324000,12.259740838425309,,1.7548398971557617,1.878859519958496,0
3283.0923444000073,44338200,12.21568645158053,,1.7590103149414062,1.878859519958496,0
3284.0934277999913,44352600,12.291371028823368,,1.7631282806396484,1.878859519958496,0
3285.0948651999934,44366500,12.28702612861775,,1.767287254333496,1.878859519958496,0
3286.097245700017,44381000,12.275465753482674,,1.7713518142700195,1.878859519958496,0
3287.1022562000435,44395200,12.049003467806449,,1.7755317687988281,1.878859519958496,0
3288.10469430004,44409500,12.079922939920618,,1.7796497344970703,1.878859519958496,0
3289.110007500043,44423900,12.433936011148242,,1.7837638854980469,1.878859519958496,0
3290.114713600022,44437700,12.247051650489132,,1.7878808975219727,1.878859519958496,0
3291.119696700014,44451900,12.049331973932428,,1.7920007705688477,1.878859519958496,0
3292.1231379000237,44465900,12.262489819914638,,1.7961196899414062,1.878859519958496,0
3293.1290622000233,44480100,12.426382382854156,,1.8002338409423828,1.878859519958496,0
3294.1344395999913,44494700,12.238874178385,,1.8042993545532227,1.878859519958496,0
3295.136007699999,44508700,11.895409308571438,,1.8083629608154297,1.878859519958496,0
3296.1406961000175,44522900,11.469663131163726,,1.8124828338623047,1.878859519958496,0
3297.1454336000024,44537200,12.246668906241451,,1.816655158996582,1.878859519958496,0
3298.1463765000226,44551400,11.902839312572173,,1.8206720352172852,1.878859519958496,0
3299.146676800039,44565600,12.1057396461841,,1.8247337341308594,1.878859519958496,0
3300.1511888999958,44579300,11.860546528523068,,1.828847885131836,1.878859519958496,0
3301.156192000024,44593800,12.04909218654099,,1.8329658508300781,1.878859519958496,0
3302.163488899998,44608200,12.21555184009706,,1.837026596069336,1.878859519958496,0
3303.167101500032,44622600,12.065786140577075,,1.841146469116211,1.8794631958007812,0
3304.1714835999883,44637000,12.251002382993173,,1.845311164855957,1.8834514617919922,0
3305.1769750000094,44650900,12.043240747504699,,1.849431037902832,1.8875837326049805,0
3306.1773070000345,44665000,11.910108343731148,,1.8545408248901367,1.8928766250610352,0
3307.178864700021,44679400,12.09054156356683,,1.8589229583740234,1.8968534469604492,0
3308.182522099989,44693600,11.870646796787918,,1.7326812744140625,1.8968534469604492,0
3309.182726100029,44707900,12.106905190857303,,1.7368898391723633,1.8968534469604492,0
3310.1888540000073,44722100,12.423867780894929,,1.740950584411621,1.8968534469604492,0
3311.1938898999942,44735700,11.660031248786067,,1.7450132369995117,1.8968534469604492,0
3312.1960775000043,44750000,12.082942355182071,,1.7491798400878906,1.8968534469604492,0
3313.2012179000303,44764300,12.047446306691926,,1.7532997131347656,1.8968534469604492,0
3314.2059458000003,44778600,12.441179348531053,,1.7573623657226562,1.8968534469604492,0
3315.2100102000404,44792600,12.254878770235095,,1.7614212036132812,1.8968534469604492,0
3316.2149498999934,44806300,11.855499887762148,,1.7655858993530273,1.8968534469604492,0
3317.2200711999903,44820600,12.436309926013562,,1.7697620391845703,1.8968534469604492,0
3318.2234612000175,44834800,12.0684629104062,,1.7738285064697266,1.8968534469604492,0
3319.2283064000076,44849100,12.245356299777715,,1.7778968811035156,1.8968534469604492,0
3320.2330752999987,44860100,10.691202225799712,,1.7820062637329102,1.8968534469604492,0
3321.2370175000397,44872900,12.450915998441573,,1.7861099243164062,1.8968534469604492,0
3322.241107400041,44886900,11.865533653892122,,1.790175437927246,1.8968534469604492,0
3323.247221800033,44901100,12.035783406039249,,1.7943305969238281,1.8968534469604492,0
3324.2484024000005,44915100,11.900013344632274,,1.7984485626220703,1.8968534469604492,0
3325.2540007000207,44929100,12.430410830794738,,1.8025140762329102,1.8968534469604492,0
3326.2593417000026,44943000,12.045042428607376,,1.8066015243530273,1.8968534469604492,0
3327.2598026000196,44957300,12.103796360051158,,1.8106880187988281,1.8968534469604492,0
3328.272205999994,44970100,11.382258791593758,,1.8148565292358398,1.8968534469604492,0
3329.2752335999976,44984400,12.26754627685042,,1.8189201354980469,1.8968534469604492,0
3330.2809150000103,44998700,11.846756338388737,,1.8230047225952148,1.8968534469604492,0
3331.284951700014,45012500,12.449744117872319,,1.8271684646606445,1.8968534469604492,0
3332.2894334000302,45026200,12.249787626595616,,1.831385612487793,1.8968534469604492,0
3333.295119800023,45040200,12.040905594516978,,1.8356027603149414,1.8968534469604492,0
3334.2967961000395,45054100,12.479081315781986,,1.8396663665771484,1.8968534469604492,0
3335.2987051000237,45067600,12.086302249197818,,1.8438749313354492,1.8968534469604492,0
3336.300876500027,45080800,12.083137674815024,,1.847935676574707,1.8968534469604492,0
3337.304120899993,45094000,12.264895274186904,,1.8520498275756836,1.8968534469604492,0
3338.310253600008,45108300,12.035564493452164,,1.8562135696411133,1.8968534469604492,0
3339.3114062999957,45122700,11.90034497249456,,1.8602256774902344,1.8985424041748047,0
3340.3130810000002,45136900,12.284115292064925,,1.8643875122070312,1.9025278091430664,0
3341.317893600033,45151200,12.245753585889759,,1.868490219116211,1.9068288803100586,0
3342.320207600016,45164900,12.276280187853802,,1.8726577758789062,1.910933494567871,0
3343.3255000000354,45179200,12.045624735418473,,1.8771419525146484,1.9149713516235352,0
3344.3280319999903,45193300,11.883972282715492,,1.7508983612060547,1.9149713516235352,0
3345.3302190999966,45207200,12.277834647764923,,1.755173683166504,1.9149713516235352,0
3346.3317638000008,45221600,12.285709764076318,,1.7592649459838867,1.9149713516235352,0
3347.335357300006,45235400,12.260628929878182,,1.763371467590332,1.9149713516235352,0
3348.337000300002,45249700,11.699527676075409,,1.7675352096557617,1.9149713516235352,0
3349.3396323000197,45264200,12.077586791348846,,1.7706108093261719,1.9149713516235352,0
3350.3406569000217,45278300,12.292093021465826,,1.7746553421020508,1.9149713516235352,0
3351.3412951999926,45292300,12.101650516827418,,1.7787694931030273,1.9149713516235352,0
3352.346444500028,45306100,11.853027704022246,,1.7828636169433594,1.9149713516235352,0
3353.3477897000266,45318300,11.898057233427819,,1.7870817184448242,1.9149713516235352,0
3354.3481820999878,45332000,11.518917477229689,,1.791132926940918,1.9149713516235352,0
3355.355103500013,45345900,12.026137293039051,,1.795135498046875,1.9149713516235352,0
3356.355811299989,45359500,11.515286980149215,,1.7993144989013672,1.9149713516235352,0
3357.3605885000434,45373200,12.246185024236302,,1.8033447265625,1.9149713516235352,0
3358.361421999987,45387400,12.099290242262601,,1.8074531555175781,1.9149713516235352,0
3359.362514300039,45401700,11.510864182456972,,1.8115158081054688,1.9149713516235352,0
3360.3648562000017,45415400,12.275938480132128,,1.8156862258911133,1.9149713516235352,0
3361.3683713999926,45429800,12.066957232047198,,1.8198461532592773,1.9149713516235352,0
3362.3715635000262,45443900,12.070843659548416,,1.8239021301269531,1.9149713516235352,0
3363.3743148000212,45457800,11.491820055538682,,1.8279638290405273,1.9149713516235352,0
3364.3801389000146,45471900,12.039257162440494,,1.8320817947387695,1.9149713516235352,0
3365.3855398999876,45486000,12.238586892523161,,1.8362407684326172,1.9149713516235352,0
3366.389713899989,45500300,12.05904056466485,,1.8403472900390625,1.9149713516235352,0
3367.3950771000236,45513500,12.044776454503895,,1.844416618347168,1.9149713516235352,0
3368.399315399991,45527600,11.669292039929273,,1.8485355377197266,1.9149713516235352,0
3369.4052939999965,45541900,12.037408151557457,,1.8526430130004883,1.9149713516235352,0
3370.411553699989,45556100,12.422240501229238,,1.8568058013916016,1.9149713516235352,0
3371.415110700007,45569900,12.26107485651235,,1.8609132766723633,1.9149713516235352,0
3372.423204199993,45584100,12.012154626697127,,1.8650341033935547,1.9149713516235352,0
3373.426745100005,45598100,12.26127156337396,,1.8691539764404297,1.9149713516235352,0
3374.431061600044,45612300,12.057329536587016,,1.873270034790039,1.9149713516235352,0
3375.434025500028,45626200,12.0735900865354,,1.8773279190063477,1.915604591369629,0
3376.438398600032,45640400,12.056650063556916,,1.8824834823608398,1.9207544326782227,0
3377.441181400034,45654500,12.465311531046181,,1.886652946472168,1.9247493743896484,0
3378.4476849000202,45668600,12.225181035306349,,1.8907232284545898,1.929051399230957,0
3379.4534021000145,45682800,12.234739049973825,,1.8951473236083984,1.9331512451171875,0
3380.4567370000295,45697100,12.069125672612959,,1.768899917602539,1.9331512451171875,0
3381.463608100021,45711600,12.220717726536028,,1.7731256484985352,1.9331512451171875,0
3382.464488300029,45725300,12.098725701535926,,1.7772436141967773,1.9331512451171875,0
3383.465315700043,45739100,12.294515018104303,,1.7813377380371094,1.9331512451171875,0
3384.470757400035,45753300,12.238091477704488,,1.785451889038086,1.9331512451171875,0
3385.471810100018,45767500,11.901533755616361,,1.7896623611450195,1.9331512451171875,0
3386.4853760999977,45781700,12.139996310301871,,1.793832778930664,1.9331512451171875,0
3387.4874458000413,45795200,11.889454894685512,,1.797891616821289,1.9331512451171875,0
3388.4934734000126,45808400,11.648537277043488,,1.8020448684692383,1.9331512451171875,0
3389.493588500016,45822400,12.107981371304046,,1.8062067031860352,1.9331512451171875,0
3390.4946014999878,45836300,12.097120617155198,,1.8102741241455078,1.9331512451171875,0
3391.496475299995,45850400,12.086726891064972,,1.8143882751464844,1.9331512451171875,0
3392.4966778000235,45864300,12.106923347676615,,1.8185081481933594,1.9331512451171875,0
3393.501278600015,45878000,12.248335358782372,,1.8227348327636719,1.9331512451171875,0
3394.506925599999,45892100,12.235593105931681,,1.8268041610717773,1.9331512451171875,0
3395.508860800008,45906200,12.085986199397796,,1.8309078216552734,1.9331512451171875,0
3396.5098271000315,45920400,12.09768500669108,,1.8350696563720703,1.9331512451171875,0
3397.5151864000363,45934700,12.04482317907874,,1.8391857147216797,1.9331512451171875,0
3398.5183914999943,45948700,12.265375744715817,,1.8432464599609375,1.9331512451171875,0
3399.521237500012,45962600,11.880251304578099,,1.847360610961914,1.9331512451171875,0
3400.5250314000295,45976700,12.258181186181675,,1.8514795303344727,1.9331512451171875,0
3401.531727100024,45990800,12.028833539337391,,1.8555974960327148,1.9331512451171875,0
3402.5361356000067,46005000,12.05622513171572,,1.859659194946289,1.9331512451171875,0
3403.5388817000203,46019300,12.076212512654642,,1.8637628555297852,1.9331512451171875,0
3404.5419235000154,46033400,11.877932205874172,,1.8678665161132812,1.9331512451171875,0
3405.544539400027,46047700,12.07778073323821,,1.8720426559448242,1.9331512451171875,0
3406.5472283000126,46061900,12.076901419946843,,1.8761091232299805,1.9331512451171875,0
3407.5500365000335,46076100,12.270230239186986,,1.880223274230957,1.9331512451171875,0
3408.55149350001,46090400,12.286785653589574,,1.8843374252319336,1.9331512451171875,0
3409.5520988000208,46104000,12.297243978089126,,1.8884515762329102,1.9331512451171875,0
3410.5581221000175,46118100,12.036873301084801,,1.8925762176513672,1.9331512451171875,0
3411.5614959000377,46131900,12.263313532556152,,1.8966903686523438,1.9347867965698242,0
3412.565427900001,46146100,12.256494962258916,,1.9008045196533203,1.9390764236450195,0
3413.571950200014,46160200,12.030905822797068,,1.9049243927001953,1.9431953430175781,0
3414.5773186000297,46173900,11.850444573165374,,1.9090909957885742,1.9473400115966797,0
3415.582904400013,46187900,12.236337764718952,,1.9134693145751953,1.951310157775879,0
3416.583916600037,46202100,12.097130284436016,,1.7871761322021484,1.951310157775879,0
3417.5867589000263,46216200,12.075054073933357,,1.791285514831543,1.951310157775879,0
3418.5920861000195,46230600,12.045207769253667,,1.795379638671875,1.951310157775879,0
3419.5970387000125,46244400,12.244047629794686,,1.7984495162963867,1.951310157775879,0
3420.598144699994,46258400,12.095996827732076,,1.8025579452514648,1.951310157775879,0
3421.5991084999987,46272500,12.097715222012367,,1.806717872619629,1.951310157775879,0
3422.600149100006,46286700,12.096787083271632,,1.8108797073364258,1.951310157775879,0
3423.606543700036,46300700,12.032432407366462,,1.8149433135986328,1.951310157775879,0
3424.6065800000215,46314300,12.108935445820498,,1.8190536499023438,1.951310157775879,0
3425.6127535999985,46328500,12.423303493835618,,1.8232145309448242,1.951310157775879,0
3426.614649299998,46342900,12.281405639338162,,1.8273696899414062,1.951310157775879,0
3427.619713700027,46357000,11.465372268347458,,1.8314275741577148,1.951310157775879,0
3428.6266619000235,46371400,12.219782010679113,,1.8355913162231445,1.951310157775879,0
3429.626691100013,46385100,12.3043282137452,,1.839853286743164,1.951310157775879,0
3430.632553500007,46399200,12.232972919630214,,1.843928337097168,1.951310157775879,0
3431.639537799987,46413100,11.831428255867941,,1.8480424880981445,1.951310157775879,0
3432.640733200009,46427300,12.094916736267738,,1.852212905883789,1.951310157775879,0
3433.640836000035,46439300,11.32696058815624,,1.8563766479492188,1.951310157775879,0
3434.648607900017,46452800,11.822181686365834,,1.8604536056518555,1.951310157775879,0
3435.654081900022,46466400,11.84919997925371,,1.8645105361938477,1.951310157775879,0
3436.6542913999874,46480200,12.302110208336737,,1.868636131286621,1.951310157775879,0
3437.657879300008,46493900,12.455311587298755,,1.8727035522460938,1.951310157775879,0
3438.6600365000195,46508000,12.083308885933217,,1.8767194747924805,1.951310157775879,0
3439.6660334999906,46521400,12.037187984007746,,1.8807811737060547,1.951310157775879,0
3440.668313800008,46534500,12.081824814664339,,1.8849964141845703,1.951310157775879,0
3441.6884183000075,46547800,11.87072010760341,,1.8891124725341797,1.951310157775879,0
3442.6889761000057,46560200,11.517013309996356,,1.8931398391723633,1.951310157775879,0
3443.6951759000076,46574100,12.228870945886179,,1.897231101989746,1.951310157775879,0
3444.6985972000402,46587900,12.26273301114868,,1.9013500213623047,1.951310157775879,0
3445.7029014000436,46600900,12.057477206566631,,1.9055652618408203,1.951310157775879,0
3446.7060588999884,46614100,12.071259997225201,,1.9106311798095703,1.951310157775879,0
3447.7137731999974,46628100,12.016674765746972,,1.9147367477416992,1.9528789520263672,0
3448.71823410003,46642100,12.055596190562591,,1.9188966751098633,1.9572124481201172,0
3449.7182505000383,46655500,12.49979500325617,,1.9230146408081055,1.9613304138183594,0
3450.7237265000003,46668500,12.043425204039453,,1.927128791809082,1.9653997421264648,0
3451.7248210000107,46682700,12.29123474344587,,1.9316139221191406,1.96966552734375,0
3452.730723400018,46697000,12.232486471757703,,1.8053722381591797,1.96966552734375,0
3453.735494500026,46711300,12.24625937181404,,1.809427261352539,1.96966552734375,0
3454.740771300043,46725400,12.24009894567693,,1.8135156631469727,1.96966552734375,0
3455.741352400044,46738900,12.102342328860598,,1.817728042602539,1.96966552734375,0
3456.7415448999964,46753100,12.10704439453046,,1.8217945098876953,1.96966552734375,0
3457.745771499991,46767100,11.863918462291567,,1.8258543014526367,1.96966552734375,0
3458.7467565000406,46781400,11.902338695793151,,1.8300590515136719,1.96966552734375,0
3459.7526823999942,46795600,12.232200702425299,,1.8341732025146484,1.96966552734375,0
3460.7528495000442,46809400,12.30263172962259,,1.8382806777954102,1.96966552734375,0
3461.754638899991,46823700,12.282708821491038,,1.8423891067504883,1.96966552734375,0
3462.762460900005,46837100,11.627797368816815,,1.8464584350585938,1.96966552734375,0
3463.7647462000023,46851300,12.27663171357797,,1.8505611419677734,1.96966552734375,0
3464.764987200033,46865500,12.301722784431837,,1.85467529296875,1.96966552734375,0
3465.76712199999,46879600,12.278475411216727,,1.8587894439697266,1.96966552734375,0
3466.7770611000014,46893000,11.990203171523003,,1.8628950119018555,1.96966552734375,0
3467.777341500041,46906400,12.105980482592942,,1.8670034408569336,1.96966552734375,0
3468.782281599997,46920800,12.244199928472074,,1.8711786270141602,1.96966552734375,0
3469.7888079000404,46934900,12.224904107791575,,1.8752975463867188,1.96966552734375,0
3470.792587700009,46949000,11.674622263137893,,1.8794145584106445,1.96966552734375,0
3471.793191900011,46962600,11.906868370103735,,1.8834772109985352,1.96966552734375,0
3472.797160200018,46976800,12.06151130460769,,1.8875970840454102,1.96966552734375,0
3473.80326830002,46990100,12.229985525385901,,1.8917112350463867,1.96966552734375,0
3474.8093933000346,47004600,12.035656603132075,,1.895782470703125,1.96966552734375,0
3475.8148871000158,47018800,12.23745735700222,,1.8998441696166992,1.96966552734375,0
3476.818769000005,47032700,12.062549389654455,,1.9039583206176758,1.96966552734375,0
3477.822421299992,47046500,12.065308872559763,,1.9080781936645508,1.96966552734375,0
3478.8261938000214,47060900,12.063864072433281,,1.9121389389038086,1.96966552734375,0
3479.829573600029,47075100,12.457894807035522,,1.9162569046020508,1.96966552734375,0
3480.833724300028,47089500,11.864815211516772,,1.9202814102172852,1.96966552734375,0
3481.837784500036,47103200,12.060407334044648,,1.9244909286499023,1.96966552734375,0
3482.838387900032,47112800,10.73570957288473,,1.9285106658935547,1.96966552734375,0
3483.8441760000424,47123100,11.845499563853048,,1.9326133728027344,1.9709300994873047,0
3484.8522673000116,47132400,11.624691136961113,,1.9366827011108398,1.9748735427856445,0
3485.866791200009,47142500,11.936017475811887,,1.9407968521118164,1.9789371490478516,0
3486.872712100041,47152500,12.038098621487727,,1.9448156356811523,1.9831771850585938,0
3487.8730951999896,47164300,11.909499971174125,,1.9492387771606445,1.9871234893798828,0
3488.8752758000046,47177000,12.277914279937235,,1.7818870544433594,1.9871234893798828,0
3489.8779657999985,47190900,12.271676689779467,,1.7841739654541016,1.9871234893798828,0
3490.8830780000426,47205200,11.853465214607201,,1.7884206771850586,1.9871234893798828,0
3491.8889949999866,47218900,12.038145294963595,,1.7926826477050781,1.9871234893798828,0
3492.8915694000316,47233300,12.273091652298309,,1.7968530654907227,1.9871234893798828,0
3493.8955207000254,47247600,11.86717174436024,,1.801065444946289,1.9871234893798828,0
3494.8968797000125,47261900,12.287988124297192,,1.805135726928711,1.9871234893798828,0
3495.900360800035,47276000,12.262002243715626,,1.8095169067382812,1.9871234893798828,0
3496.906569499988,47290300,12.034655435360776,,1.8136835098266602,1.9871234893798828,0
3497.9125449000276,47304300,12.231598804023772,,1.8177824020385742,1.9871234893798828,0
3498.91328670003,47318500,12.100398924050452,,1.8219499588012695,1.9871234893798828,0
3499.9190701000043,47332700,12.039744342874894,,1.8260040283203125,1.9871234893798828,0
3500.921503700025,47346900,11.885138825908497,,1.830122947692871,1.9871234893798828,0
3501.926634000032,47361200,12.047567365059152,,1.834233283996582,1.9871234893798828,0
3502.9275325000053,47375000,11.903367324778669,,1.8384017944335938,1.9871234893798828,0
3503.9289484000183,47389300,11.897217229970089,,1.8425636291503906,1.9871234893798828,0
3504.932961100014,47403600,12.255509815815321,,1.8466720581054688,1.9871234893798828,0
3505.9350065999897,47418000,12.279569640597408,,1.8507413864135742,1.9871234893798828,0
3506.9402014000225,47432300,12.43540058065612,,1.8553638458251953,1.9871234893798828,0
3507.9462071000016,47446400,12.037083885559573,,1.8594789505004883,1.9871234893798828,0
3508.94811560004,47460800,12.08630828018131,,1.8635540008544922,1.9871234893798828,0
3509.9492021999904,47475100,11.901130731939197,,1.867584228515625,1.9871234893798828,0
3510.9521368000424,47489500,12.073942806811791,,1.8717870712280273,1.9871234893798828,0
3511.955939300009,47503800,12.452648803340024,,1.8758010864257812,1.9871234893798828,0
3512.961967799987,47517700,12.230953198907889,,1.879918098449707,1.9871234893798828,0
3513.962909099995,47532000,12.09798716458543,,1.8840274810791016,1.9871234893798828,0
3514.9644770000014,47546200,11.895411683947064,,1.8881340026855469,1.9871234893798828,0
3515.9689293000265,47560500,12.055699409217139,,1.892197608947754,1.9871234893798828,0
3516.9758290000027,47574400,12.220370609198532,,1.8962278366088867,1.9871234893798828,0
3517.9759672000073,47587900,12.107701715567394,,1.9003868103027344,1.9871234893798828,0
3518.982999,47602100,12.024818878698397,,1.9044475555419922,1.9871234893798828,0
3519.988973300031,47616000,12.425764753248417,,1.9085617065429688,1.9871234893798828,0
3520.993903900031,47630400,12.049961460024244,,1.9126758575439453,1.9871234893798828,0
3521.9981632000417,47644600,12.058016291081838,,1.9167900085449219,1.9871234893798828,0
3522.9985683000414,47658300,12.299704889553851,,1.9209041595458984,1.9871234893798828,0
3524.0044369000243,47672600,12.23289751783562,,1.9250078201293945,1.9871234893798828,0
3525.0099046000396,47686700,11.849274223148939,,1.7984771728515625,1.9871234893798828,0
3526.01582770003,47701200,12.0380722941095,,1.8025875091552734,1.9871234893798828,0
3527.0214497999987,47715700,12.041675496568791,,1.8066482543945312,1.9871234893798828,0
3528.027234600042,47729800,11.845538428783907,,1.8101930618286133,1.9871234893798828,0
3529.0283477000194,47743900,11.51062502354673,,1.8143072128295898,1.9871234893798828,0
3530.0291377000394,47758300,12.099816145002718,,1.8184728622436523,1.9871234893798828,0
3531.033999200037,47772800,12.245157666033673,,1.8225383758544922,1.9871234893798828,0
3532.0354857000057,47787200,12.28642373151074,,1.826650619506836,1.9871234893798828,0
3533.038332300028,47801500,12.075002298190306,,1.830775260925293,1.9871234893798828,0
3534.0408494999865,47815300,12.07896981767412,,1.8349380493164062,1.9871234893798828,0
3535.046554600005,47829000,11.846477162918307,,1.8390445709228516,1.9871234893798828,0
3536.0503955000313,47843200,11.673911672351087,,1.8431072235107422,1.9871234893798828,0
3537.052676099993,47857200,12.276689282893804,,1.8472213745117188,1.9871234893798828,0
3538.058519700018,47871600,12.233201563035516,,1.8514337539672852,1.9871234893798828,0
3539.0586161999963,47885400,12.303500212498953,,1.855452537536621,1.9871234893798828,0
3540.061456300027,47899200,11.490802471545722,,1.859553337097168,1.9871234893798828,0
3541.06152019999,47913200,12.108601260831117,,1.8637237548828125,1.9871234893798828,0
3542.0678225000156,47926100,12.227625336527245,,1.8684215545654297,1.9871234893798828,0
3543.0738637000322,47939800,11.84251947117386,,1.872542381286621,1.9871234893798828,0
3544.079574100033,47953400,12.040618253516927,,1.8766565322875977,1.9871234893798828,0
3545.0846361999866,47967400,12.048384871500447,,1.8808307647705078,1.9871234893798828,0
3546.0967700000037,47977200,11.385290659994144,,1.8849906921386719,1.9871234893798828,0
3547.0971876000403,47990100,11.909089263887543,,1.889108657836914,1.9871234893798828,0
3548.101694000012,48004300,12.055050122472467,,1.8931665420532227,1.9871234893798828,0
3549.108853300044,48017500,12.02329661217882,,1.8972806930541992,1.9871234893798828,0
3550.114191600005,48029800,12.045074777779982,,1.9014511108398438,1.9871234893798828,0
3551.117089300009,48043900,11.684890692196657,,1.9056177139282227,1.9871234893798828,0
3552.1220922000357,48058300,12.04909458438162,,1.9096803665161133,1.9871234893798828,0
3553.1257774000405,48072500,12.259508758264728,,1.9137945175170898,1.9871234893798828,0
3554.127857799991,48086300,12.084234958191143,,1.9179229736328125,1.9871234893798828,0
3555.128660999995,48097600,11.904500804904018,,1.9220314025878906,1.9871234893798828,0
3556.1341772000305,48111800,12.042943713462144,,1.9260978698730469,1.9871234893798828,0
3557.1372219999903,48125900,11.877896680664765,,1.9302616119384766,1.9871234893798828,0
3558.1402086000307,48140000,12.268047748099184,,1.934330940246582,1.9871234893798828,0
3559.1444301999873,48153900,12.058468967929427,,1.9384031295776367,1.9871234893798828,0
3560.1467907000333,48167400,11.886005583273308,,1.9425106048583984,1.9871234893798828,0
3561.1498502999893,48181500,12.072438168709818,,1.8159751892089844,1.9871234893798828,0
3562.157054600015,48193900,11.828843959163622,,1.8200807571411133,1.9871234893798828,0
3563.158552900015,48207300,12.091258667137893,,1.8237190246582031,1.9871234893798828,0
3564.1588848000392,48221200,11.714861837071359,,1.8277673721313477,1.9871234893798828,0
3565.1736100999988,48234500,12.12612664776434,,1.8318815231323242,1.9871234893798828,0
3566.1795111999963,48248400,11.844168875080015,,1.8360519409179688,1.9871234893798828,0
3567.1842527000117,48262600,11.857838558293588,,1.8401126861572266,1.9871234893798828,0
3568.1847632999998,48276900,12.298407933056383,,1.8441781997680664,1.9871234893798828,0
3569.1855448000133,48291100,12.29507889567649,,1.848343849182129,1.9871234893798828,0
3570.1886094000074,48303500,12.072377990481545,,1.8524980545043945,1.9871234893798828,0
3571.192172400013,48316300,11.482525262424875,,1.856618881225586,1.9871234893798828,0
3572.1982643000083,48330200,12.230182451581593,,1.8607330322265625,1.9871234893798828,0
3573.1999588999897,48341300,11.698925001909135,,1.8648529052734375,1.9871234893798828,0
3574.2024340000353,48355100,12.07947708571483,,1.8689250946044922,1.9871234893798828,0
3575.206784400041,48367100,12.445855549941694,,1.8730945587158203,1.9871234893798828,0
3576.208914500021,48380500,12.083635647951658,,1.8771982192993164,1.9871234893798828,0
3577.2139826000202,48394600,12.24264057331851,,1.8818235397338867,1.9871234893798828,0
3578.220446399995,48408700,12.419721405093725,,1.8859376907348633,1.9871234893798828,0
3579.2211189999944,48423000,11.710873266649822,,1.8900976181030273,1.9871234893798828,0
3580.2239072000375,48436200,11.29662774204228,,1.8941898345947266,1.9871234893798828,0
3581.2267152999993,48449500,12.270231463495595,,1.8982620239257812,1.9871234893798828,0
3582.2316504000337,48462400,11.855554154286004,,1.9023761749267578,1.9871234893798828,0
3583.233027999988,48476300,11.897672267230297,,1.9064922332763672,1.9871234893798828,0
3584.2380877000396,48490600,12.437072145421716,,1.910597801208496,1.9871234893798828,0
3585.2448140000342,48504400,12.222475463356519,,1.9147014617919922,1.9871234893798828,0
3586.2454100000323,48518400,12.297358274492499,,1.9188194274902344,1.9871234893798828,0
3587.250084500003,48532700,12.247436856769909,,1.9228858947753906,1.9871234893798828,0
3588.254117500037,48546700,11.866206090436023,,1.9270038604736328,1.9871234893798828,0
3589.255319799995,48561200,12.289911340110795,,1.9311180114746094,1.9871234893798828,0
3590.259905200044,48574900,11.859681117620845,,1.935232162475586,1.9871234893798828,0
3591.2613291000016,48587400,12.092156978193339,,1.9393377304077148,1.9871234893798828,0
3592.2686380000087,48600300,12.215406316685895,,1.9434576034545898,1.9871234893798828,0
3593.2708489000215,48613000,11.887779807470675,,1.9476232528686523,1.9871234893798828,0
3594.276313200011,48626800,12.237816399975353,,1.951737403869629,1.9900083541870117,0
3595.2829948000144,48641100,12.417034343288384,,1.9557628631591797,1.9939079284667969,0
3596.287521900027,48655000,12.054801707039715,,1.9598684310913086,1.9981412887573242,0
3597.294107599999,48668100,12.030148054298474,,1.833390235900879,1.9981412887573242,0
3598.2953935000114,48681800,12.28888522233788,,1.8370027542114258,1.9981412887573242,0
3599.3007051000022,48695800,12.045394681719173,,1.841115951538086,1.9981412887573242,0
