sample_id,true_label,noise_environment,target_snr_db,input_snr_db,output_snr_db,delta_snr_db,alignment_lag_samples,filter_seconds,filtered_path
1-187207-A-20,baby_crying,traffic,20,20.006344379467322,17.168400664857963,-2.8379437146093593,384,5.833030400041025,benchmark_data/expanded_generated/dtln/outputs/traffic/20/1-187207-A-20.wav
1-187207-A-20,baby_crying,traffic,15,15.003039246921086,16.98000694815266,1.9769677012315743,384,0.20324629999231547,benchmark_data/expanded_generated/dtln/outputs/traffic/15/1-187207-A-20.wav
1-187207-A-20,baby_crying,traffic,10,10.018633268572199,15.459225590835683,5.440592322263484,384,0.19403710000915453,benchmark_data/expanded_generated/dtln/outputs/traffic/10/1-187207-A-20.wav
1-187207-A-20,baby_crying,traffic,5,4.996606156339125,7.409056361936624,2.4124502055974997,384,0.2049047999898903,benchmark_data/expanded_generated/dtln/outputs/traffic/5/1-187207-A-20.wav
1-187207-A-20,baby_crying,traffic,0,0.04962062058968871,0.5095312951987461,0.4599106746090574,384,0.20928450004430488,benchmark_data/expanded_generated/dtln/outputs/traffic/0/1-187207-A-20.wav
1-211527-A-20,baby_crying,traffic,20,19.944313051876293,0.01570028361278614,-19.928612768263505,384,0.224708300025668,benchmark_data/expanded_generated/dtln/outputs/traffic/20/1-211527-A-20.wav
1-211527-A-20,baby_crying,traffic,15,14.943795719188806,0.01705028623961926,-14.926745432949186,384,0.20025509997503832,benchmark_data/expanded_generated/dtln/outputs/traffic/15/1-211527-A-20.wav
1-211527-A-20,baby_crying,traffic,10,9.943770804819923,0.04083943748415774,-9.902931367335766,384,0.1786269000149332,benchmark_data/expanded_generated/dtln/outputs/traffic/10/1-211527-A-20.wav
1-211527-A-20,baby_crying,traffic,5,4.950236276372478,0.0073624810627739455,-4.942873795309704,384,0.21955009998055175,benchmark_data/expanded_generated/dtln/outputs/traffic/5/1-211527-A-20.wav
1-211527-A-20,baby_crying,traffic,0,-0.09795070984055444,0.0032447590570727474,0.10119546889762719,384,0.20796020003035665,benchmark_data/expanded_generated/dtln/outputs/traffic/0/1-211527-A-20.wav
1-211527-B-20,baby_crying,traffic,20,20.001064052367017,9.728059844739764,-10.273004207627253,384,0.24704170000040904,benchmark_data/expanded_generated/dtln/outputs/traffic/20/1-211527-B-20.wav
1-211527-B-20,baby_crying,traffic,15,15.01939385912529,10.051742161346544,-4.967651697778745,384,0.21947429998544976,benchmark_data/expanded_generated/dtln/outputs/traffic/15/1-211527-B-20.wav
1-211527-B-20,baby_crying,traffic,10,9.996345308795984,8.449557888785034,-1.5467874200109506,384,0.2062459000153467,benchmark_data/expanded_generated/dtln/outputs/traffic/10/1-211527-B-20.wav
1-211527-B-20,baby_crying,traffic,5,4.955874820119416,4.963493279463564,0.007618459344148398,384,0.20348619995638728,benchmark_data/expanded_generated/dtln/outputs/traffic/5/1-211527-B-20.wav
1-211527-B-20,baby_crying,traffic,0,0.0692351723422093,1.2793152830854075,1.2100801107431982,384,0.20291140000335872,benchmark_data/expanded_generated/dtln/outputs/traffic/0/1-211527-B-20.wav
1-211527-C-20,baby_crying,traffic,20,19.893985419798593,11.372882929568993,-8.5211024902296,384,0.2044272999628447,benchmark_data/expanded_generated/dtln/outputs/traffic/20/1-211527-C-20.wav
1-211527-C-20,baby_crying,traffic,15,14.896405178151424,8.96168674771783,-5.934718430433595,384,0.21937170001911,benchmark_data/expanded_generated/dtln/outputs/traffic/15/1-211527-C-20.wav
1-211527-C-20,baby_crying,traffic,10,9.885720628015914,8.638743824703948,-1.2469768033119664,384,0.19925639999564737,benchmark_data/expanded_generated/dtln/outputs/traffic/10/1-211527-C-20.wav
1-211527-C-20,baby_crying,traffic,5,4.896000786987647,0.1636802768770683,-4.732320510110579,384,0.22568009997485206,benchmark_data/expanded_generated/dtln/outputs/traffic/5/1-211527-C-20.wav
1-211527-C-20,baby_crying,traffic,0,-0.12397812269588107,0.013441846153784767,0.13741996884966584,384,0.1546682000043802,benchmark_data/expanded_generated/dtln/outputs/traffic/0/1-211527-C-20.wav
1-22694-A-20,baby_crying,traffic,20,19.97366386299697,0.11821352221768852,-19.85545034077928,384,0.2059237000066787,benchmark_data/expanded_generated/dtln/outputs/traffic/20/1-22694-A-20.wav
1-22694-A-20,baby_crying,traffic,15,14.976753539353481,0.09546932721579728,-14.881284212137684,384,0.20459179999306798,benchmark_data/expanded_generated/dtln/outputs/traffic/15/1-22694-A-20.wav
1-22694-A-20,baby_crying,traffic,10,9.964292138454285,0.055147594694065945,-9.909144543760219,384,0.1982715000049211,benchmark_data/expanded_generated/dtln/outputs/traffic/10/1-22694-A-20.wav
1-22694-A-20,baby_crying,traffic,5,4.98034748013613,0.04088624765348537,-4.939461232482644,384,0.22990500001469627,benchmark_data/expanded_generated/dtln/outputs/traffic/5/1-22694-A-20.wav
1-22694-A-20,baby_crying,traffic,0,-0.00705386705638501,0.06007760421596807,0.06713147127235308,384,0.206779700005427,benchmark_data/expanded_generated/dtln/outputs/traffic/0/1-22694-A-20.wav
1-100032-A-0,dog_barking,traffic,20,20.002224180112933,0.3204717685192249,-19.681752411593706,384,0.20076979999430478,benchmark_data/expanded_generated/dtln/outputs/traffic/20/1-100032-A-0.wav
1-100032-A-0,dog_barking,traffic,15,14.997220142541206,0.6545415243563025,-14.342678618184904,384,0.19339600001694635,benchmark_data/expanded_generated/dtln/outputs/traffic/15/1-100032-A-0.wav
1-100032-A-0,dog_barking,traffic,10,9.999339998970083,0.17209878328215952,-9.827241215687923,384,0.2039365000091493,benchmark_data/expanded_generated/dtln/outputs/traffic/10/1-100032-A-0.wav
1-100032-A-0,dog_barking,traffic,5,4.993249419384189,0.6301115527100887,-4.3631378666741005,384,0.17546040000161156,benchmark_data/expanded_generated/dtln/outputs/traffic/5/1-100032-A-0.wav
1-100032-A-0,dog_barking,traffic,0,0.009267585389127166,2.691804905412001,2.6825373200228735,384,0.22188660001847893,benchmark_data/expanded_generated/dtln/outputs/traffic/0/1-100032-A-0.wav
1-110389-A-0,dog_barking,traffic,20,20.00424403804069,15.234862280080666,-4.769381757960023,384,0.21141230000648648,benchmark_data/expanded_generated/dtln/outputs/traffic/20/1-110389-A-0.wav
1-110389-A-0,dog_barking,traffic,15,15.002548552597547,12.507087978160737,-2.4954605744368106,384,0.19873580004787073,benchmark_data/expanded_generated/dtln/outputs/traffic/15/1-110389-A-0.wav
1-110389-A-0,dog_barking,traffic,10,10.009012813342677,9.554524840320838,-0.4544879730218394,384,0.21478199999546632,benchmark_data/expanded_generated/dtln/outputs/traffic/10/1-110389-A-0.wav
1-110389-A-0,dog_barking,traffic,5,5.028202832224906,14.617680388090047,9.589477555865141,384,0.21750920003978536,benchmark_data/expanded_generated/dtln/outputs/traffic/5/1-110389-A-0.wav
1-110389-A-0,dog_barking,traffic,0,0.002910369264057305,1.6127606628561408,1.6098502935920835,384,0.20574659999692813,benchmark_data/expanded_generated/dtln/outputs/traffic/0/1-110389-A-0.wav
1-30226-A-0,dog_barking,traffic,20,20.00025319909735,0.37043303589479537,-19.629820163202556,384,0.20138520002365112,benchmark_data/expanded_generated/dtln/outputs/traffic/20/1-30226-A-0.wav
1-30226-A-0,dog_barking,traffic,15,15.016323168521764,0.31958990501175677,-14.696733263510007,384,0.20454379997681826,benchmark_data/expanded_generated/dtln/outputs/traffic/15/1-30226-A-0.wav
1-30226-A-0,dog_barking,traffic,10,10.02567655112659,0.7506600213712409,-9.27501652975535,384,0.2062467999639921,benchmark_data/expanded_generated/dtln/outputs/traffic/10/1-30226-A-0.wav
1-30226-A-0,dog_barking,traffic,5,5.023171415290136,0.6322285515151155,-4.39094286377502,384,0.20764140004757792,benchmark_data/expanded_generated/dtln/outputs/traffic/5/1-30226-A-0.wav
1-30226-A-0,dog_barking,traffic,0,0.005064521939357364,10.04019875355362,10.035134231614263,384,0.21196230000350624,benchmark_data/expanded_generated/dtln/outputs/traffic/0/1-30226-A-0.wav
1-30344-A-0,dog_barking,traffic,20,20.007656809309438,0.011725561724097725,-19.99593124758534,384,0.19472239998867735,benchmark_data/expanded_generated/dtln/outputs/traffic/20/1-30344-A-0.wav
1-30344-A-0,dog_barking,traffic,15,15.007650644833623,0.015075454070956045,-14.992575190762667,384,0.17535059998044744,benchmark_data/expanded_generated/dtln/outputs/traffic/15/1-30344-A-0.wav
1-30344-A-0,dog_barking,traffic,10,10.009359420118717,0.05106332931046894,-9.958296090808247,384,0.21330040000611916,benchmark_data/expanded_generated/dtln/outputs/traffic/10/1-30344-A-0.wav
1-30344-A-0,dog_barking,traffic,5,5.0474611646555125,0.029592293697147762,-5.017868870958365,-991,0.17778620001627132,benchmark_data/expanded_generated/dtln/outputs/traffic/5/1-30344-A-0.wav
1-30344-A-0,dog_barking,traffic,0,0.004578946762362673,9.986138933495175,9.981559986732812,384,0.20228929998120293,benchmark_data/expanded_generated/dtln/outputs/traffic/0/1-30344-A-0.wav
1-32318-A-0,dog_barking,traffic,20,20.004327633969293,0.026547337213536724,-19.977780296755757,384,0.22409860003972426,benchmark_data/expanded_generated/dtln/outputs/traffic/20/1-32318-A-0.wav
1-32318-A-0,dog_barking,traffic,15,15.006005222053453,0.02322546686538641,-14.982779755188066,-685,0.20730259997071698,benchmark_data/expanded_generated/dtln/outputs/traffic/15/1-32318-A-0.wav
1-32318-A-0,dog_barking,traffic,10,9.999139726582705,16.787844673551962,6.788704946969258,384,0.22012039995752275,benchmark_data/expanded_generated/dtln/outputs/traffic/10/1-32318-A-0.wav
1-32318-A-0,dog_barking,traffic,5,5.03416769988894,0.7928603702831436,-4.241307329605796,384,0.1730707999668084,benchmark_data/expanded_generated/dtln/outputs/traffic/5/1-32318-A-0.wav
1-32318-A-0,dog_barking,traffic,0,-0.0030359765168396858,0.6873619656077998,0.6903979421246396,384,0.21812830003909767,benchmark_data/expanded_generated/dtln/outputs/traffic/0/1-32318-A-0.wav
1-101336-A-30,door_activity,traffic,20,19.999943062027253,0.05946701501235575,-19.940476047014897,384,0.21702029998414218,benchmark_data/expanded_generated/dtln/outputs/traffic/20/1-101336-A-30.wav
1-101336-A-30,door_activity,traffic,15,15.00166177383261,0.30238716078993244,-14.699274613042679,384,0.2119418000220321,benchmark_data/expanded_generated/dtln/outputs/traffic/15/1-101336-A-30.wav
1-101336-A-30,door_activity,traffic,10,9.96985477222097,0.07332144256408873,-9.896533329656881,384,0.24083989998325706,benchmark_data/expanded_generated/dtln/outputs/traffic/10/1-101336-A-30.wav
1-101336-A-30,door_activity,traffic,5,5.051853439457785,0.0601280064033788,-4.991725433054406,384,0.2189440000220202,benchmark_data/expanded_generated/dtln/outputs/traffic/5/1-101336-A-30.wav
1-101336-A-30,door_activity,traffic,0,0.04564408666819461,0.0751221359811444,0.029478049312949783,384,0.18345670000417158,benchmark_data/expanded_generated/dtln/outputs/traffic/0/1-101336-A-30.wav
1-103995-A-30,door_activity,traffic,20,20.0020862963267,1.1046307276140326,-18.897455568712665,384,0.21560469997348264,benchmark_data/expanded_generated/dtln/outputs/traffic/20/1-103995-A-30.wav
1-103995-A-30,door_activity,traffic,15,15.052463621062834,0.8712790503411916,-14.181184570721642,384,0.20679399999789894,benchmark_data/expanded_generated/dtln/outputs/traffic/15/1-103995-A-30.wav
1-103995-A-30,door_activity,traffic,10,10.016863510281445,0.9959600938076507,-9.020903416473793,384,0.17607790004694834,benchmark_data/expanded_generated/dtln/outputs/traffic/10/1-103995-A-30.wav
1-103995-A-30,door_activity,traffic,5,5.178976885944483,0.4506258674483391,-4.728351018496143,384,0.17366609995951876,benchmark_data/expanded_generated/dtln/outputs/traffic/5/1-103995-A-30.wav
1-103995-A-30,door_activity,traffic,0,0.07609357212744669,0.29876146077059285,0.22266788864314616,384,0.1976829000050202,benchmark_data/expanded_generated/dtln/outputs/traffic/0/1-103995-A-30.wav
1-103999-A-30,door_activity,traffic,20,20.00113187481133,3.8212351735328487,-16.17989670127848,384,0.19873529998585582,benchmark_data/expanded_generated/dtln/outputs/traffic/20/1-103999-A-30.wav
1-103999-A-30,door_activity,traffic,15,15.012230644690007,3.774046396868129,-11.238184247821877,384,0.17923280003014952,benchmark_data/expanded_generated/dtln/outputs/traffic/15/1-103999-A-30.wav
1-103999-A-30,door_activity,traffic,10,10.0336684407979,3.8058356147282915,-6.2278328260696085,384,0.1968697000411339,benchmark_data/expanded_generated/dtln/outputs/traffic/10/1-103999-A-30.wav
1-103999-A-30,door_activity,traffic,5,4.879029862000532,3.8548768129175546,-1.0241530490829778,384,0.2540152000146918,benchmark_data/expanded_generated/dtln/outputs/traffic/5/1-103999-A-30.wav
1-103999-A-30,door_activity,traffic,0,-0.019959884629535907,6.144431808791796,6.164391693421332,384,0.20136940001975745,benchmark_data/expanded_generated/dtln/outputs/traffic/0/1-103999-A-30.wav
1-26188-A-30,door_activity,traffic,20,20.000346098747407,9.581114697451207,-10.4192314012962,384,0.16477529995609075,benchmark_data/expanded_generated/dtln/outputs/traffic/20/1-26188-A-30.wav
1-26188-A-30,door_activity,traffic,15,14.950088249674815,6.268824413729485,-8.68126383594533,384,0.21815109997987747,benchmark_data/expanded_generated/dtln/outputs/traffic/15/1-26188-A-30.wav
1-26188-A-30,door_activity,traffic,10,9.967175750253336,0.12168236355244026,-9.845493386700896,384,0.19170299998950213,benchmark_data/expanded_generated/dtln/outputs/traffic/10/1-26188-A-30.wav
1-26188-A-30,door_activity,traffic,5,5.045737836685192,0.16490107166469234,-4.8808367650205,384,0.19756199995754287,benchmark_data/expanded_generated/dtln/outputs/traffic/5/1-26188-A-30.wav
1-26188-A-30,door_activity,traffic,0,-0.07328859404162691,0.13764931275744355,0.21093790679907046,384,0.23206930002197623,benchmark_data/expanded_generated/dtln/outputs/traffic/0/1-26188-A-30.wav
1-52290-A-30,door_activity,traffic,20,19.992820784795263,0.9682930476778049,-19.02452773711746,384,0.21488340001087636,benchmark_data/expanded_generated/dtln/outputs/traffic/20/1-52290-A-30.wav
1-52290-A-30,door_activity,traffic,15,15.003170173239987,0.831599288641534,-14.171570884598452,384,0.2018917000386864,benchmark_data/expanded_generated/dtln/outputs/traffic/15/1-52290-A-30.wav
1-52290-A-30,door_activity,traffic,10,10.003839084355736,1.0528416048266578,-8.950997479529079,384,0.20694249996449798,benchmark_data/expanded_generated/dtln/outputs/traffic/10/1-52290-A-30.wav
1-52290-A-30,door_activity,traffic,5,5.026444637502493,0.621224405534718,-4.405220231967775,384,0.21221619995776564,benchmark_data/expanded_generated/dtln/outputs/traffic/5/1-52290-A-30.wav
1-52290-A-30,door_activity,traffic,0,-0.020318172693116192,1.1511705197912705,1.1714886924843866,384,0.2278515999787487,benchmark_data/expanded_generated/dtln/outputs/traffic/0/1-52290-A-30.wav
1-17150-A-12,fire,traffic,20,18.889071783931154,0.36478762414381627,-18.52428415978734,384,0.20008779998170212,benchmark_data/expanded_generated/dtln/outputs/traffic/20/1-17150-A-12.wav
1-17150-A-12,fire,traffic,15,13.849980750887527,0.26426778421480107,-13.585712966672725,384,0.20489039999665692,benchmark_data/expanded_generated/dtln/outputs/traffic/15/1-17150-A-12.wav
1-17150-A-12,fire,traffic,10,8.687435833895016,0.38156333638433604,-8.30587249751068,384,0.2014861000352539,benchmark_data/expanded_generated/dtln/outputs/traffic/10/1-17150-A-12.wav
1-17150-A-12,fire,traffic,5,3.665651526190932,0.20871157246585267,-3.4569399537250796,384,0.19166100001893938,benchmark_data/expanded_generated/dtln/outputs/traffic/5/1-17150-A-12.wav
1-17150-A-12,fire,traffic,0,-1.216678484147278,0.15155285643704777,1.3682313405843258,384,0.1796872999984771,benchmark_data/expanded_generated/dtln/outputs/traffic/0/1-17150-A-12.wav
1-17565-A-12,fire,traffic,20,19.729298617269485,0.37358594267056594,-19.35571267459892,384,0.21252250001998618,benchmark_data/expanded_generated/dtln/outputs/traffic/20/1-17565-A-12.wav
1-17565-A-12,fire,traffic,15,14.717344918133255,0.35492408034034517,-14.36242083779291,384,0.227287299989257,benchmark_data/expanded_generated/dtln/outputs/traffic/15/1-17565-A-12.wav
1-17565-A-12,fire,traffic,10,9.700568977995811,0.3524303457967917,-9.348138632199019,384,0.22516929998528212,benchmark_data/expanded_generated/dtln/outputs/traffic/10/1-17565-A-12.wav
1-17565-A-12,fire,traffic,5,4.790201486859988,0.18918077661489824,-4.6010207102450895,384,0.1918701000395231,benchmark_data/expanded_generated/dtln/outputs/traffic/5/1-17565-A-12.wav
1-17565-A-12,fire,traffic,0,-0.4394895345895352,0.31271889083558957,0.7522084254251248,384,0.23647050000727177,benchmark_data/expanded_generated/dtln/outputs/traffic/0/1-17565-A-12.wav
1-17742-A-12,fire,traffic,20,16.510560055012423,1.2138469618755252,-15.296713093136898,384,0.21140100003685802,benchmark_data/expanded_generated/dtln/outputs/traffic/20/1-17742-A-12.wav
1-17742-A-12,fire,traffic,15,11.50848221220609,1.562186875443325,-9.946295336762764,384,0.23351629998069257,benchmark_data/expanded_generated/dtln/outputs/traffic/15/1-17742-A-12.wav
1-17742-A-12,fire,traffic,10,6.532853666018687,1.0824613739770244,-5.450392292041663,384,0.21770449995528907,benchmark_data/expanded_generated/dtln/outputs/traffic/10/1-17742-A-12.wav
1-17742-A-12,fire,traffic,5,1.603851944206148,1.5726027661307653,-0.031249178075382744,384,0.23399440001230687,benchmark_data/expanded_generated/dtln/outputs/traffic/5/1-17742-A-12.wav
1-17742-A-12,fire,traffic,0,-3.5109777315057507,1.7850874869134234,5.296065218419174,384,0.20158019999507815,benchmark_data/expanded_generated/dtln/outputs/traffic/0/1-17742-A-12.wav
1-17808-A-12,fire,traffic,20,19.961391364908636,0.12506897897029629,-19.836322385938338,384,0.21498210000572726,benchmark_data/expanded_generated/dtln/outputs/traffic/20/1-17808-A-12.wav
1-17808-A-12,fire,traffic,15,14.980134232519573,0.11265603079156361,-14.867478201728009,384,0.19024610001360998,benchmark_data/expanded_generated/dtln/outputs/traffic/15/1-17808-A-12.wav
1-17808-A-12,fire,traffic,10,9.992685787312972,0.12650616240433984,-9.866179624908632,384,0.21076350001385435,benchmark_data/expanded_generated/dtln/outputs/traffic/10/1-17808-A-12.wav
1-17808-A-12,fire,traffic,5,5.107535384955428,0.07293435668431751,-5.03460102827111,384,0.2054344000061974,benchmark_data/expanded_generated/dtln/outputs/traffic/5/1-17808-A-12.wav
1-17808-A-12,fire,traffic,0,0.0024402871646636137,0.08418556633485921,0.0817452791701956,384,0.22804810001980513,benchmark_data/expanded_generated/dtln/outputs/traffic/0/1-17808-A-12.wav
1-17808-B-12,fire,traffic,20,19.795088278356637,0.13490186144329572,-19.66018641691334,384,0.20673490001354367,benchmark_data/expanded_generated/dtln/outputs/traffic/20/1-17808-B-12.wav
1-17808-B-12,fire,traffic,15,14.792786148553134,0.12361943491446711,-14.669166713638667,384,0.1958456999855116,benchmark_data/expanded_generated/dtln/outputs/traffic/15/1-17808-B-12.wav
1-17808-B-12,fire,traffic,10,9.725026391507715,0.3267609109725875,-9.398265480535127,384,0.19872919999761507,benchmark_data/expanded_generated/dtln/outputs/traffic/10/1-17808-B-12.wav
1-17808-B-12,fire,traffic,5,4.557145013299545,0.11677539513901034,-4.440369618160535,384,0.17915219999849796,benchmark_data/expanded_generated/dtln/outputs/traffic/5/1-17808-B-12.wav
1-17808-B-12,fire,traffic,0,-0.09173990889464785,0.1772688589703741,0.2690087678650219,384,0.1716078000026755,benchmark_data/expanded_generated/dtln/outputs/traffic/0/1-17808-B-12.wav
1-20133-A-39,glass_breaking,traffic,20,18.801085361189223,0.254501860026514,-18.546583501162708,384,0.19084970001131296,benchmark_data/expanded_generated/dtln/outputs/traffic/20/1-20133-A-39.wav
1-20133-A-39,glass_breaking,traffic,15,13.811513934140836,0.2493958992626767,-13.562118034878159,384,0.22803950001252815,benchmark_data/expanded_generated/dtln/outputs/traffic/15/1-20133-A-39.wav
1-20133-A-39,glass_breaking,traffic,10,8.830117784294204,0.24657930920576926,-8.583538475088435,384,0.1958219999796711,benchmark_data/expanded_generated/dtln/outputs/traffic/10/1-20133-A-39.wav
1-20133-A-39,glass_breaking,traffic,5,3.7894690125916948,0.23496595877433898,-3.554503053817356,384,0.22541590000037104,benchmark_data/expanded_generated/dtln/outputs/traffic/5/1-20133-A-39.wav
1-20133-A-39,glass_breaking,traffic,0,-1.212314368252604,0.2584343152131411,1.4707486834657453,384,0.203722000005655,benchmark_data/expanded_generated/dtln/outputs/traffic/0/1-20133-A-39.wav
1-84536-A-39,glass_breaking,traffic,20,17.08973329320682,1.464914286945032,-15.624819006261788,384,0.1867323000333272,benchmark_data/expanded_generated/dtln/outputs/traffic/20/1-84536-A-39.wav
1-84536-A-39,glass_breaking,traffic,15,12.06527698770046,1.3940543599597754,-10.671222627740686,384,0.18420280003920197,benchmark_data/expanded_generated/dtln/outputs/traffic/15/1-84536-A-39.wav
1-84536-A-39,glass_breaking,traffic,10,7.085653030908539,1.2458626433079152,-5.839790387600623,384,0.22533749998547137,benchmark_data/expanded_generated/dtln/outputs/traffic/10/1-84536-A-39.wav
1-84536-A-39,glass_breaking,traffic,5,2.1217931024664223,0.6928572457463933,-1.428935856720029,384,0.2099500999902375,benchmark_data/expanded_generated/dtln/outputs/traffic/5/1-84536-A-39.wav
1-84536-A-39,glass_breaking,traffic,0,-2.7646833998844214,0.7445545451998385,3.50923794508426,384,0.19218740001088008,benchmark_data/expanded_generated/dtln/outputs/traffic/0/1-84536-A-39.wav
1-84704-A-39,glass_breaking,traffic,20,18.882937296955642,0.15174848796553367,-18.731188808990108,384,0.16810259997146204,benchmark_data/expanded_generated/dtln/outputs/traffic/20/1-84704-A-39.wav
1-84704-A-39,glass_breaking,traffic,15,13.870356328713893,0.13239673656591536,-13.737959592147977,384,0.21946659998502582,benchmark_data/expanded_generated/dtln/outputs/traffic/15/1-84704-A-39.wav
1-84704-A-39,glass_breaking,traffic,10,8.861775573034118,0.16819930821842935,-8.693576264815688,384,0.24913070001639426,benchmark_data/expanded_generated/dtln/outputs/traffic/10/1-84704-A-39.wav
1-84704-A-39,glass_breaking,traffic,5,3.8737718744077956,0.12291165718050989,-3.750860217227286,384,0.16728900000452995,benchmark_data/expanded_generated/dtln/outputs/traffic/5/1-84704-A-39.wav
1-84704-A-39,glass_breaking,traffic,0,-1.1238175653314766,0.2638594383441583,1.387677003675635,384,0.17854140000417829,benchmark_data/expanded_generated/dtln/outputs/traffic/0/1-84704-A-39.wav
1-84705-A-39,glass_breaking,traffic,20,18.997052830213715,0.5212044204525527,-18.475848409761163,384,0.2075244000297971,benchmark_data/expanded_generated/dtln/outputs/traffic/20/1-84705-A-39.wav
1-84705-A-39,glass_breaking,traffic,15,13.993586628015136,0.4980476885863256,-13.49553893942881,384,0.23669440002413467,benchmark_data/expanded_generated/dtln/outputs/traffic/15/1-84705-A-39.wav
1-84705-A-39,glass_breaking,traffic,10,9.002632878576216,0.45797779487094437,-8.544655083705273,384,0.1996742999763228,benchmark_data/expanded_generated/dtln/outputs/traffic/10/1-84705-A-39.wav
1-84705-A-39,glass_breaking,traffic,5,4.037665976154532,0.4957268092755075,-3.5419391668790245,384,0.21390099998097867,benchmark_data/expanded_generated/dtln/outputs/traffic/5/1-84705-A-39.wav
1-84705-A-39,glass_breaking,traffic,0,-0.9641064090942406,0.4816490262629796,1.4457554353572202,384,0.19912110001314431,benchmark_data/expanded_generated/dtln/outputs/traffic/0/1-84705-A-39.wav
1-85168-A-39,glass_breaking,traffic,20,15.144639573661728,0.04098976135282134,-15.103649812308907,384,0.18348770000739023,benchmark_data/expanded_generated/dtln/outputs/traffic/20/1-85168-A-39.wav
1-85168-A-39,glass_breaking,traffic,15,10.142357817243404,0.024511152819101045,-10.117846664424302,384,0.18771570001263171,benchmark_data/expanded_generated/dtln/outputs/traffic/15/1-85168-A-39.wav
1-85168-A-39,glass_breaking,traffic,10,5.140321289614405,0.03930498671475321,-5.101016302899652,384,0.18033699999796227,benchmark_data/expanded_generated/dtln/outputs/traffic/10/1-85168-A-39.wav
1-85168-A-39,glass_breaking,traffic,5,0.1280918847741329,0.02728754158840775,-0.10080434318572516,384,0.194046700024046,benchmark_data/expanded_generated/dtln/outputs/traffic/5/1-85168-A-39.wav
1-85168-A-39,glass_breaking,traffic,0,-4.8812368277930025,0.8358551237075117,5.717091951500514,384,0.19180819997563958,benchmark_data/expanded_generated/dtln/outputs/traffic/0/1-85168-A-39.wav
1-31482-A-42,siren,traffic,20,20.000975434603916,0.26036751300759936,-19.740607921596318,384,0.19685319997370243,benchmark_data/expanded_generated/dtln/outputs/traffic/20/1-31482-A-42.wav
1-31482-A-42,siren,traffic,15,15.006198399150886,7.363430440695254,-7.642767958455632,384,0.19892840000102296,benchmark_data/expanded_generated/dtln/outputs/traffic/15/1-31482-A-42.wav
1-31482-A-42,siren,traffic,10,9.965201929413213,11.609301058324082,1.6440991289108684,384,0.20406809996347874,benchmark_data/expanded_generated/dtln/outputs/traffic/10/1-31482-A-42.wav
1-31482-A-42,siren,traffic,5,5.037710819586333,8.638652782134985,3.600941962548652,384,0.2149879999924451,benchmark_data/expanded_generated/dtln/outputs/traffic/5/1-31482-A-42.wav
1-31482-A-42,siren,traffic,0,-0.09601837766010535,7.5985944784933634,7.694612856153469,384,0.16302300000097603,benchmark_data/expanded_generated/dtln/outputs/traffic/0/1-31482-A-42.wav
1-31482-B-42,siren,traffic,20,20.019527514040618,0.038173171880755793,-19.98135434215986,384,0.15408290002960712,benchmark_data/expanded_generated/dtln/outputs/traffic/20/1-31482-B-42.wav
1-31482-B-42,siren,traffic,15,15.009598864963795,0.036870473449780734,-14.972728391514014,384,0.20990499999606982,benchmark_data/expanded_generated/dtln/outputs/traffic/15/1-31482-B-42.wav
1-31482-B-42,siren,traffic,10,9.958996376903764,0.03225848404614932,-9.926737892857615,384,0.2031554999994114,benchmark_data/expanded_generated/dtln/outputs/traffic/10/1-31482-B-42.wav
1-31482-B-42,siren,traffic,5,5.061338723905948,0.03631726368392784,-5.02502146022202,384,0.16035429999465123,benchmark_data/expanded_generated/dtln/outputs/traffic/5/1-31482-B-42.wav
1-31482-B-42,siren,traffic,0,0.12245833801029998,0.03723673086462735,-0.08522160714567263,384,0.19440869998652488,benchmark_data/expanded_generated/dtln/outputs/traffic/0/1-31482-B-42.wav
1-54084-A-42,siren,traffic,20,20.01021044550371,0.05519800415209954,-19.95501244135161,384,0.19404450000729412,benchmark_data/expanded_generated/dtln/outputs/traffic/20/1-54084-A-42.wav
1-54084-A-42,siren,traffic,15,15.008728697971826,0.053182143804546875,-14.95554655416728,384,0.1916575999930501,benchmark_data/expanded_generated/dtln/outputs/traffic/15/1-54084-A-42.wav
1-54084-A-42,siren,traffic,10,10.009759153071347,0.05097435300820065,-9.958784800063146,384,0.1571391000179574,benchmark_data/expanded_generated/dtln/outputs/traffic/10/1-54084-A-42.wav
1-54084-A-42,siren,traffic,5,4.983567893140311,0.0879609932889623,-4.895606899851349,384,0.1903114999877289,benchmark_data/expanded_generated/dtln/outputs/traffic/5/1-54084-A-42.wav
1-54084-A-42,siren,traffic,0,-0.00510172713615321,0.06086699390129009,0.0659687210374433,384,0.17440800002077594,benchmark_data/expanded_generated/dtln/outputs/traffic/0/1-54084-A-42.wav
1-76831-A-42,siren,traffic,20,20.009722236895616,0.003372883408814319,-20.0063493534868,384,0.1806798999896273,benchmark_data/expanded_generated/dtln/outputs/traffic/20/1-76831-A-42.wav
1-76831-A-42,siren,traffic,15,15.002317675616759,0.0024239039461749585,-14.999893771670584,384,0.19634640001459047,benchmark_data/expanded_generated/dtln/outputs/traffic/15/1-76831-A-42.wav
1-76831-A-42,siren,traffic,10,9.998216202910395,0.007302949146735344,-9.99091325376366,384,0.1796240999829024,benchmark_data/expanded_generated/dtln/outputs/traffic/10/1-76831-A-42.wav
1-76831-A-42,siren,traffic,5,5.005110908248286,0.020670081472718344,-4.984440826775567,384,0.20644910004921257,benchmark_data/expanded_generated/dtln/outputs/traffic/5/1-76831-A-42.wav
1-76831-A-42,siren,traffic,0,-0.014657848908826933,0.016615442194467957,0.03127329110329489,384,0.21033729996997863,benchmark_data/expanded_generated/dtln/outputs/traffic/0/1-76831-A-42.wav
1-76831-B-42,siren,traffic,20,20.00721335032603,0.006025521726596757,-20.001187828599434,384,0.20078290003584698,benchmark_data/expanded_generated/dtln/outputs/traffic/20/1-76831-B-42.wav
1-76831-B-42,siren,traffic,15,15.008561600339284,0.008458061771630682,-15.000103538567654,384,0.18780300003709272,benchmark_data/expanded_generated/dtln/outputs/traffic/15/1-76831-B-42.wav
1-76831-B-42,siren,traffic,10,10.013423261273735,0.004948147678808869,-10.008475113594926,384,0.1988501999876462,benchmark_data/expanded_generated/dtln/outputs/traffic/10/1-76831-B-42.wav
1-76831-B-42,siren,traffic,5,5.009856363302743,0.1165078084083223,-4.893348554894421,384,0.21515519998501986,benchmark_data/expanded_generated/dtln/outputs/traffic/5/1-76831-B-42.wav
1-76831-B-42,siren,traffic,0,0.008754336955339937,0.060845188003162326,0.05209085104782239,384,0.21578289999160916,benchmark_data/expanded_generated/dtln/outputs/traffic/0/1-76831-B-42.wav
1-17124-A-43,vehicle_horn,traffic,20,20.004125755703306,0.08923940799316418,-19.91488634771014,384,0.1920061000273563,benchmark_data/expanded_generated/dtln/outputs/traffic/20/1-17124-A-43.wav
1-17124-A-43,vehicle_horn,traffic,15,15.005345361312427,0.08357317140546973,-14.921772189906957,384,0.20428300002822652,benchmark_data/expanded_generated/dtln/outputs/traffic/15/1-17124-A-43.wav
1-17124-A-43,vehicle_horn,traffic,10,9.976977125068677,0.09528229980119658,-9.88169482526748,384,0.13807089999318123,benchmark_data/expanded_generated/dtln/outputs/traffic/10/1-17124-A-43.wav
1-17124-A-43,vehicle_horn,traffic,5,4.994620207625726,0.06999685523783256,-4.9246233523878935,384,0.14264059998095036,benchmark_data/expanded_generated/dtln/outputs/traffic/5/1-17124-A-43.wav
1-17124-A-43,vehicle_horn,traffic,0,0.02621495590695362,0.07505717871005291,0.048842222803099286,384,0.2088318999740295,benchmark_data/expanded_generated/dtln/outputs/traffic/0/1-17124-A-43.wav
1-19026-A-43,vehicle_horn,traffic,20,19.978788544319862,10.358403172031421,-9.62038537228844,384,0.1847012999933213,benchmark_data/expanded_generated/dtln/outputs/traffic/20/1-19026-A-43.wav
1-19026-A-43,vehicle_horn,traffic,15,14.978513167182875,0.42605390981301183,-14.552459257369863,384,0.1792462999583222,benchmark_data/expanded_generated/dtln/outputs/traffic/15/1-19026-A-43.wav
1-19026-A-43,vehicle_horn,traffic,10,9.979199805647736,23.655979028916484,13.676779223268747,384,0.20330150000518188,benchmark_data/expanded_generated/dtln/outputs/traffic/10/1-19026-A-43.wav
1-19026-A-43,vehicle_horn,traffic,5,4.971968563561587,0.22820145048688997,-4.743767113074697,230,0.17881710000801831,benchmark_data/expanded_generated/dtln/outputs/traffic/5/1-19026-A-43.wav
1-19026-A-43,vehicle_horn,traffic,0,-0.04285319230312325,0.8149500918330059,0.8578032841361292,230,0.18583949998719618,benchmark_data/expanded_generated/dtln/outputs/traffic/0/1-19026-A-43.wav
1-24074-A-43,vehicle_horn,traffic,20,20.009461646793014,0.03442076905984219,-19.97504087773317,384,0.20258230000035837,benchmark_data/expanded_generated/dtln/outputs/traffic/20/1-24074-A-43.wav
1-24074-A-43,vehicle_horn,traffic,15,15.007257676152054,0.027852432876358295,-14.979405243275696,384,0.1935185000183992,benchmark_data/expanded_generated/dtln/outputs/traffic/15/1-24074-A-43.wav
1-24074-A-43,vehicle_horn,traffic,10,10.003365053526734,0.02863209057608964,-9.974732962950645,384,0.1950696000130847,benchmark_data/expanded_generated/dtln/outputs/traffic/10/1-24074-A-43.wav
1-24074-A-43,vehicle_horn,traffic,5,5.0333363945803145,0.04827072935236862,-4.985065665227946,384,0.18473009997978806,benchmark_data/expanded_generated/dtln/outputs/traffic/5/1-24074-A-43.wav
1-24074-A-43,vehicle_horn,traffic,0,0.0469347921404445,0.04353096643074191,-0.0034038257097025876,384,0.21005660004448146,benchmark_data/expanded_generated/dtln/outputs/traffic/0/1-24074-A-43.wav
1-24076-A-43,vehicle_horn,traffic,20,19.98414464671367,3.2331850830541486,-16.75095956365952,384,0.1883069000323303,benchmark_data/expanded_generated/dtln/outputs/traffic/20/1-24076-A-43.wav
1-24076-A-43,vehicle_horn,traffic,15,15.005987662771252,0.6132562400228184,-14.392731422748433,384,0.1983289000345394,benchmark_data/expanded_generated/dtln/outputs/traffic/15/1-24076-A-43.wav
1-24076-A-43,vehicle_horn,traffic,10,9.98785606415783,1.9828147147600286,-8.005041349397802,384,0.2098835000069812,benchmark_data/expanded_generated/dtln/outputs/traffic/10/1-24076-A-43.wav
1-24076-A-43,vehicle_horn,traffic,5,4.954023536684966,2.1849032292777544,-2.7691203074072117,384,0.1520537000033073,benchmark_data/expanded_generated/dtln/outputs/traffic/5/1-24076-A-43.wav
1-24076-A-43,vehicle_horn,traffic,0,-0.05402440778257807,0.02925498751088531,0.08327939529346337,384,0.21848019998287782,benchmark_data/expanded_generated/dtln/outputs/traffic/0/1-24076-A-43.wav
1-254507-A-43,vehicle_horn,traffic,20,19.994782454363715,0.12551147530587375,-19.86927097905784,384,0.20212880003964528,benchmark_data/expanded_generated/dtln/outputs/traffic/20/1-254507-A-43.wav
1-254507-A-43,vehicle_horn,traffic,15,14.988461175305012,0.12991339183348774,-14.858547783471524,384,0.1987024000263773,benchmark_data/expanded_generated/dtln/outputs/traffic/15/1-254507-A-43.wav
1-254507-A-43,vehicle_horn,traffic,10,10.019224812240594,0.6480535520999446,-9.371171260140649,384,0.2081202999688685,benchmark_data/expanded_generated/dtln/outputs/traffic/10/1-254507-A-43.wav
1-254507-A-43,vehicle_horn,traffic,5,4.995390501556477,0.23179039689068062,-4.763600104665796,384,0.1876668999902904,benchmark_data/expanded_generated/dtln/outputs/traffic/5/1-254507-A-43.wav
1-254507-A-43,vehicle_horn,traffic,0,0.02751881335169227,0.15725990280897933,0.12974108945728707,384,0.19895579997682944,benchmark_data/expanded_generated/dtln/outputs/traffic/0/1-254507-A-43.wav
1-187207-A-20,baby_crying,cafeteria,20,19.99806532515509,16.622706733355564,-3.3753585917995252,384,0.1837326000095345,benchmark_data/expanded_generated/dtln/outputs/cafeteria/20/1-187207-A-20.wav
1-187207-A-20,baby_crying,cafeteria,15,15.009191485457762,14.793756434958505,-0.21543505049925749,384,0.19136659998912364,benchmark_data/expanded_generated/dtln/outputs/cafeteria/15/1-187207-A-20.wav
1-187207-A-20,baby_crying,cafeteria,10,9.987213773824713,12.810174279486098,2.822960505661385,384,0.19263010000577196,benchmark_data/expanded_generated/dtln/outputs/cafeteria/10/1-187207-A-20.wav
1-187207-A-20,baby_crying,cafeteria,5,5.063049577531805,0.0646721286924456,-4.998377448839359,384,0.2293476000195369,benchmark_data/expanded_generated/dtln/outputs/cafeteria/5/1-187207-A-20.wav
1-187207-A-20,baby_crying,cafeteria,0,0.05880260507484739,0.8513123354882901,0.7925097304134427,384,0.18867530004354194,benchmark_data/expanded_generated/dtln/outputs/cafeteria/0/1-187207-A-20.wav
1-211527-A-20,baby_crying,cafeteria,20,19.942181939073134,0.014073020296243795,-19.92810891877689,384,0.18464729998959228,benchmark_data/expanded_generated/dtln/outputs/cafeteria/20/1-211527-A-20.wav
1-211527-A-20,baby_crying,cafeteria,15,14.941323622299176,0.01106655826097859,-14.930257064038198,384,0.17215599998598918,benchmark_data/expanded_generated/dtln/outputs/cafeteria/15/1-211527-A-20.wav
1-211527-A-20,baby_crying,cafeteria,10,9.937200817479248,0.001106063530945877,-9.936094753948302,384,0.20806649996666238,benchmark_data/expanded_generated/dtln/outputs/cafeteria/10/1-211527-A-20.wav
1-211527-A-20,baby_crying,cafeteria,5,4.931503243540644,-0.013744757351182952,-4.9452480008918265,384,0.19821740000043064,benchmark_data/expanded_generated/dtln/outputs/cafeteria/5/1-211527-A-20.wav
1-211527-A-20,baby_crying,cafeteria,0,-0.06703594623689733,-0.15707673097424119,-0.09004078473734385,384,0.19611719995737076,benchmark_data/expanded_generated/dtln/outputs/cafeteria/0/1-211527-A-20.wav
1-211527-B-20,baby_crying,cafeteria,20,19.996740471885822,8.287086628845993,-11.70965384303983,384,0.18708100001094863,benchmark_data/expanded_generated/dtln/outputs/cafeteria/20/1-211527-B-20.wav
1-211527-B-20,baby_crying,cafeteria,15,15.01276057585156,9.86582589854451,-5.1469346773070495,384,0.20292209996841848,benchmark_data/expanded_generated/dtln/outputs/cafeteria/15/1-211527-B-20.wav
1-211527-B-20,baby_crying,cafeteria,10,10.01211173430992,0.17797279959521597,-9.834138934714705,384,0.1934956000186503,benchmark_data/expanded_generated/dtln/outputs/cafeteria/10/1-211527-B-20.wav
1-211527-B-20,baby_crying,cafeteria,5,4.998477371376253,0.03019449704817452,-4.968282874328078,384,0.20110700000077486,benchmark_data/expanded_generated/dtln/outputs/cafeteria/5/1-211527-B-20.wav
1-211527-B-20,baby_crying,cafeteria,0,-0.04573597373695472,-0.20301853313447152,-0.15728255939751679,384,0.2089698999770917,benchmark_data/expanded_generated/dtln/outputs/cafeteria/0/1-211527-B-20.wav
1-211527-C-20,baby_crying,cafeteria,20,19.890733927591576,0.020469322247420773,-19.870264605344154,384,0.21040020004147664,benchmark_data/expanded_generated/dtln/outputs/cafeteria/20/1-211527-C-20.wav
1-211527-C-20,baby_crying,cafeteria,15,14.887768371118877,0.028522156238939826,-14.859246214879937,384,0.2021489999606274,benchmark_data/expanded_generated/dtln/outputs/cafeteria/15/1-211527-C-20.wav
1-211527-C-20,baby_crying,cafeteria,10,9.887178661651877,0.08472704612490752,-9.80245161552697,384,0.20595039997715503,benchmark_data/expanded_generated/dtln/outputs/cafeteria/10/1-211527-C-20.wav
1-211527-C-20,baby_crying,cafeteria,5,4.878956431574645,-0.035901020704084324,-4.91485745227873,384,0.20702000003075227,benchmark_data/expanded_generated/dtln/outputs/cafeteria/5/1-211527-C-20.wav
1-211527-C-20,baby_crying,cafeteria,0,-0.08606237349262698,-0.06900095557729519,0.017061417915331792,384,0.17714189999969676,benchmark_data/expanded_generated/dtln/outputs/cafeteria/0/1-211527-C-20.wav
1-22694-A-20,baby_crying,cafeteria,20,19.974044314445962,0.06225361767870453,-19.91179069676726,384,0.17753210000228137,benchmark_data/expanded_generated/dtln/outputs/cafeteria/20/1-22694-A-20.wav
1-22694-A-20,baby_crying,cafeteria,15,14.98065286042303,0.016602652740061622,-14.964050207682968,384,0.18218840000918135,benchmark_data/expanded_generated/dtln/outputs/cafeteria/15/1-22694-A-20.wav
1-22694-A-20,baby_crying,cafeteria,10,9.977209707433634,0.013199529605621374,-9.964010177828012,384,0.18655939999734983,benchmark_data/expanded_generated/dtln/outputs/cafeteria/10/1-22694-A-20.wav
1-22694-A-20,baby_crying,cafeteria,5,4.95691472791169,-0.0453082601313409,-5.002222988043031,384,0.19684980000602081,benchmark_data/expanded_generated/dtln/outputs/cafeteria/5/1-22694-A-20.wav
1-22694-A-20,baby_crying,cafeteria,0,-0.00558907195726433,-0.12052856180669266,-0.11493948984942834,384,0.17916510003851727,benchmark_data/expanded_generated/dtln/outputs/cafeteria/0/1-22694-A-20.wav
1-100032-A-0,dog_barking,cafeteria,20,19.998763779705367,0.111489775204242,-19.887274004501126,384,0.19603799999458715,benchmark_data/expanded_generated/dtln/outputs/cafeteria/20/1-100032-A-0.wav
1-100032-A-0,dog_barking,cafeteria,15,15.000954817637567,0.009680285654164393,-14.991274531983402,384,0.1602893999661319,benchmark_data/expanded_generated/dtln/outputs/cafeteria/15/1-100032-A-0.wav
1-100032-A-0,dog_barking,cafeteria,10,10.002159205238133,-0.005257209428501431,-10.007416414666634,384,0.20189960004063323,benchmark_data/expanded_generated/dtln/outputs/cafeteria/10/1-100032-A-0.wav
1-100032-A-0,dog_barking,cafeteria,5,4.995261576800206,-0.0697024259589763,-5.064964002759182,-1940,0.17150120000587776,benchmark_data/expanded_generated/dtln/outputs/cafeteria/5/1-100032-A-0.wav
1-100032-A-0,dog_barking,cafeteria,0,-0.030680409850514317,-0.44149710613518217,-0.4108166962846679,384,0.20262489997548983,benchmark_data/expanded_generated/dtln/outputs/cafeteria/0/1-100032-A-0.wav
1-110389-A-0,dog_barking,cafeteria,20,19.998534120244248,11.252297098197104,-8.746237022047143,384,0.1678212999831885,benchmark_data/expanded_generated/dtln/outputs/cafeteria/20/1-110389-A-0.wav
1-110389-A-0,dog_barking,cafeteria,15,15.017682780865865,12.304652436757642,-2.7130303441082226,384,0.2050501000485383,benchmark_data/expanded_generated/dtln/outputs/cafeteria/15/1-110389-A-0.wav
1-110389-A-0,dog_barking,cafeteria,10,10.0024752125246,6.710361424840347,-3.2921137876842526,384,0.1826170000131242,benchmark_data/expanded_generated/dtln/outputs/cafeteria/10/1-110389-A-0.wav
1-110389-A-0,dog_barking,cafeteria,5,5.040283292786517,8.436635961511636,3.396352668725118,384,0.2068495000130497,benchmark_data/expanded_generated/dtln/outputs/cafeteria/5/1-110389-A-0.wav
1-110389-A-0,dog_barking,cafeteria,0,-0.011350408791469568,-0.06065476341579823,-0.04930435462432866,384,0.17293390003032982,benchmark_data/expanded_generated/dtln/outputs/cafeteria/0/1-110389-A-0.wav
1-30226-A-0,dog_barking,cafeteria,20,20.001219215141383,0.2736811173618543,-19.72753809777953,384,0.20586400001775473,benchmark_data/expanded_generated/dtln/outputs/cafeteria/20/1-30226-A-0.wav
1-30226-A-0,dog_barking,cafeteria,15,15.003078046318867,0.7440396065127111,-14.259038439806156,384,0.19645990000572056,benchmark_data/expanded_generated/dtln/outputs/cafeteria/15/1-30226-A-0.wav
1-30226-A-0,dog_barking,cafeteria,10,9.99813051326978,0.3387079183309211,-9.659422594938858,384,0.22853669995674863,benchmark_data/expanded_generated/dtln/outputs/cafeteria/10/1-30226-A-0.wav
1-30226-A-0,dog_barking,cafeteria,5,5.022791349310908,0.030194692752615167,-4.992596656558293,384,0.2090805000043474,benchmark_data/expanded_generated/dtln/outputs/cafeteria/5/1-30226-A-0.wav
1-30226-A-0,dog_barking,cafeteria,0,-0.011558408704329372,-0.2870560302176917,-0.2754976215133623,384,0.20648720004828647,benchmark_data/expanded_generated/dtln/outputs/cafeteria/0/1-30226-A-0.wav
1-30344-A-0,dog_barking,cafeteria,20,20.01407375054608,0.005674783379244786,-20.008398967166833,-299,0.16407359996810555,benchmark_data/expanded_generated/dtln/outputs/cafeteria/20/1-30344-A-0.wav
1-30344-A-0,dog_barking,cafeteria,15,15.012240372131378,0.01058143429462863,-15.00165893783675,384,0.20537290000356734,benchmark_data/expanded_generated/dtln/outputs/cafeteria/15/1-30344-A-0.wav
1-30344-A-0,dog_barking,cafeteria,10,9.993529099117776,0.0003684248865468531,-9.993160674231229,384,0.19147920003160834,benchmark_data/expanded_generated/dtln/outputs/cafeteria/10/1-30344-A-0.wav
1-30344-A-0,dog_barking,cafeteria,5,5.00134898096708,-0.030792671797696382,-5.032141652764777,384,0.19276669999817386,benchmark_data/expanded_generated/dtln/outputs/cafeteria/5/1-30344-A-0.wav
1-30344-A-0,dog_barking,cafeteria,0,0.017665342127097843,3.7067877827410776,3.6891224406139798,384,0.20053480000933632,benchmark_data/expanded_generated/dtln/outputs/cafeteria/0/1-30344-A-0.wav
1-32318-A-0,dog_barking,cafeteria,20,19.994904108350543,0.0434302544364312,-19.951473853914113,-686,0.19008400000166148,benchmark_data/expanded_generated/dtln/outputs/cafeteria/20/1-32318-A-0.wav
1-32318-A-0,dog_barking,cafeteria,15,15.023079584318888,0.0239892222376031,-14.999090362081285,384,0.17768829996930435,benchmark_data/expanded_generated/dtln/outputs/cafeteria/15/1-32318-A-0.wav
1-32318-A-0,dog_barking,cafeteria,10,10.002748204218513,-0.007584541089369971,-10.010332745307883,384,0.2002210000064224,benchmark_data/expanded_generated/dtln/outputs/cafeteria/10/1-32318-A-0.wav
1-32318-A-0,dog_barking,cafeteria,5,5.016549395712893,-0.00917396874532669,-5.025723364458219,384,0.192178699944634,benchmark_data/expanded_generated/dtln/outputs/cafeteria/5/1-32318-A-0.wav
1-32318-A-0,dog_barking,cafeteria,0,-0.0128329795323974,-0.12907885313498052,-0.11624587360258312,384,0.19955269998172298,benchmark_data/expanded_generated/dtln/outputs/cafeteria/0/1-32318-A-0.wav
1-101336-A-30,door_activity,cafeteria,20,20.026201324409847,0.16602028769546892,-19.860181036714376,384,0.17784240003675222,benchmark_data/expanded_generated/dtln/outputs/cafeteria/20/1-101336-A-30.wav
1-101336-A-30,door_activity,cafeteria,15,14.997544894809334,0.03574994322616866,-14.961794951583165,199,0.20432109996909276,benchmark_data/expanded_generated/dtln/outputs/cafeteria/15/1-101336-A-30.wav
1-101336-A-30,door_activity,cafeteria,10,10.006405536409613,0.05279829912973749,-9.953607237279876,201,0.18697029998293146,benchmark_data/expanded_generated/dtln/outputs/cafeteria/10/1-101336-A-30.wav
1-101336-A-30,door_activity,cafeteria,5,5.032416455615655,0.04132472480881503,-4.99109173080684,384,0.1827948999707587,benchmark_data/expanded_generated/dtln/outputs/cafeteria/5/1-101336-A-30.wav
1-101336-A-30,door_activity,cafeteria,0,0.051153221690209895,-0.1617963988900024,-0.2129496205802123,384,0.19592790002934635,benchmark_data/expanded_generated/dtln/outputs/cafeteria/0/1-101336-A-30.wav
1-103995-A-30,door_activity,cafeteria,20,20.009944716483762,1.0012080207648844,-19.008736695718877,384,0.19600910000735894,benchmark_data/expanded_generated/dtln/outputs/cafeteria/20/1-103995-A-30.wav
1-103995-A-30,door_activity,cafeteria,15,14.980363898568838,0.8819917270987636,-14.098372171470075,384,0.21622930001467466,benchmark_data/expanded_generated/dtln/outputs/cafeteria/15/1-103995-A-30.wav
1-103995-A-30,door_activity,cafeteria,10,10.009503434982424,0.8405920593911852,-9.16891137559124,384,0.13477710000006482,benchmark_data/expanded_generated/dtln/outputs/cafeteria/10/1-103995-A-30.wav
1-103995-A-30,door_activity,cafeteria,5,5.05337631607458,0.131933796050551,-4.921442520024029,384,0.1727050999761559,benchmark_data/expanded_generated/dtln/outputs/cafeteria/5/1-103995-A-30.wav
1-103995-A-30,door_activity,cafeteria,0,0.3839101440896456,0.805674348767613,0.42176420467796744,384,0.2027856000349857,benchmark_data/expanded_generated/dtln/outputs/cafeteria/0/1-103995-A-30.wav
1-103999-A-30,door_activity,cafeteria,20,20.011173368352,3.3921047422891677,-16.619068626062834,384,0.16461350000463426,benchmark_data/expanded_generated/dtln/outputs/cafeteria/20/1-103999-A-30.wav
1-103999-A-30,door_activity,cafeteria,15,14.978464454317336,4.96680976627781,-10.011654688039528,384,0.20199219998903573,benchmark_data/expanded_generated/dtln/outputs/cafeteria/15/1-103999-A-30.wav
1-103999-A-30,door_activity,cafeteria,10,9.95885257508683,2.1592902513421466,-7.799562323744683,384,0.1947707999497652,benchmark_data/expanded_generated/dtln/outputs/cafeteria/10/1-103999-A-30.wav
1-103999-A-30,door_activity,cafeteria,5,5.049374034679953,3.608429748282973,-1.4409442863969804,384,0.1980001000338234,benchmark_data/expanded_generated/dtln/outputs/cafeteria/5/1-103999-A-30.wav
1-103999-A-30,door_activity,cafeteria,0,-0.07232938294488249,1.5698941812921439,1.6422235642370264,384,0.1948708000127226,benchmark_data/expanded_generated/dtln/outputs/cafeteria/0/1-103999-A-30.wav
1-26188-A-30,door_activity,cafeteria,20,20.005175605143215,0.13883988103818523,-19.86633572410503,384,0.15950999996857718,benchmark_data/expanded_generated/dtln/outputs/cafeteria/20/1-26188-A-30.wav
1-26188-A-30,door_activity,cafeteria,15,14.997614117535164,0.06212645809690934,-14.935487659438255,384,0.19376460002968088,benchmark_data/expanded_generated/dtln/outputs/cafeteria/15/1-26188-A-30.wav
1-26188-A-30,door_activity,cafeteria,10,10.023682359403024,0.06004654080174997,-9.963635818601274,384,0.19384869997156784,benchmark_data/expanded_generated/dtln/outputs/cafeteria/10/1-26188-A-30.wav
1-26188-A-30,door_activity,cafeteria,5,4.973953559587764,-0.035993081201073286,-5.009946640788837,384,0.20412599999690428,benchmark_data/expanded_generated/dtln/outputs/cafeteria/5/1-26188-A-30.wav
1-26188-A-30,door_activity,cafeteria,0,0.02261469506664882,-0.46563736423684376,-0.4882520593034926,384,0.18246099998941645,benchmark_data/expanded_generated/dtln/outputs/cafeteria/0/1-26188-A-30.wav
1-52290-A-30,door_activity,cafeteria,20,19.99331254294725,0.9759424923266693,-19.01737005062058,384,0.17491150001296774,benchmark_data/expanded_generated/dtln/outputs/cafeteria/20/1-52290-A-30.wav
1-52290-A-30,door_activity,cafeteria,15,14.997122183536426,2.4006644344043457,-12.59645774913208,384,0.2063577999942936,benchmark_data/expanded_generated/dtln/outputs/cafeteria/15/1-52290-A-30.wav
1-52290-A-30,door_activity,cafeteria,10,10.026635664427012,3.116110085934858,-6.9105255784921535,384,0.16384629998356104,benchmark_data/expanded_generated/dtln/outputs/cafeteria/10/1-52290-A-30.wav
1-52290-A-30,door_activity,cafeteria,5,5.039793632555468,0.6410708253212294,-4.398722807234239,384,0.2033897999790497,benchmark_data/expanded_generated/dtln/outputs/cafeteria/5/1-52290-A-30.wav
1-52290-A-30,door_activity,cafeteria,0,-0.02196769212956328,0.3965483974332659,0.4185160895628292,384,0.19057350000366569,benchmark_data/expanded_generated/dtln/outputs/cafeteria/0/1-52290-A-30.wav
1-17150-A-12,fire,cafeteria,20,18.82955566416819,0.3216481299827734,-18.507907534185417,384,0.17404949996853247,benchmark_data/expanded_generated/dtln/outputs/cafeteria/20/1-17150-A-12.wav
1-17150-A-12,fire,cafeteria,15,13.941523918313203,0.2651998573119129,-13.67632406100129,384,0.20221309998305514,benchmark_data/expanded_generated/dtln/outputs/cafeteria/15/1-17150-A-12.wav
1-17150-A-12,fire,cafeteria,10,8.937249156676119,0.3674001710520294,-8.56984898562409,384,0.1896833999780938,benchmark_data/expanded_generated/dtln/outputs/cafeteria/10/1-17150-A-12.wav
1-17150-A-12,fire,cafeteria,5,4.009093872268628,0.06046374287307809,-3.94863012939555,384,0.21274039999116212,benchmark_data/expanded_generated/dtln/outputs/cafeteria/5/1-17150-A-12.wav
1-17150-A-12,fire,cafeteria,0,-1.17309071131498,-0.2486463947858472,0.9244443165291327,384,0.21354940003948286,benchmark_data/expanded_generated/dtln/outputs/cafeteria/0/1-17150-A-12.wav
1-17565-A-12,fire,cafeteria,20,19.726479519381158,0.3552430284563774,-19.37123649092478,384,0.19824289996176958,benchmark_data/expanded_generated/dtln/outputs/cafeteria/20/1-17565-A-12.wav
1-17565-A-12,fire,cafeteria,15,14.717057228747993,0.33339458516706066,-14.383662643580934,384,0.19812820001970977,benchmark_data/expanded_generated/dtln/outputs/cafeteria/15/1-17565-A-12.wav
1-17565-A-12,fire,cafeteria,10,9.730341691359929,0.42047442698654225,-9.309867264373386,384,0.19506930001080036,benchmark_data/expanded_generated/dtln/outputs/cafeteria/10/1-17565-A-12.wav
1-17565-A-12,fire,cafeteria,5,4.785974384536456,0.15533106875080926,-4.6306433157856475,384,0.18927859998075292,benchmark_data/expanded_generated/dtln/outputs/cafeteria/5/1-17565-A-12.wav
1-17565-A-12,fire,cafeteria,0,-0.1441980829539233,-0.10068212453697234,0.04351595841695097,384,0.15037139999913052,benchmark_data/expanded_generated/dtln/outputs/cafeteria/0/1-17565-A-12.wav
1-17742-A-12,fire,cafeteria,20,16.510104947653467,1.1008515247960877,-15.409253422857379,384,0.2171484000282362,benchmark_data/expanded_generated/dtln/outputs/cafeteria/20/1-17742-A-12.wav
1-17742-A-12,fire,cafeteria,15,11.489852955006846,1.2724810262368589,-10.217371928769987,384,0.16354239999782294,benchmark_data/expanded_generated/dtln/outputs/cafeteria/15/1-17742-A-12.wav
1-17742-A-12,fire,cafeteria,10,6.522669834188535,1.0178643257146767,-5.504805508473858,384,0.19149590004235506,benchmark_data/expanded_generated/dtln/outputs/cafeteria/10/1-17742-A-12.wav
1-17742-A-12,fire,cafeteria,5,1.517209184395318,1.7064651314555723,0.1892559470602544,384,0.20258390001254156,benchmark_data/expanded_generated/dtln/outputs/cafeteria/5/1-17742-A-12.wav
1-17742-A-12,fire,cafeteria,0,-3.4697508442500755,-0.13919184744838928,3.3305589968016864,384,0.19221260002814233,benchmark_data/expanded_generated/dtln/outputs/cafeteria/0/1-17742-A-12.wav
1-17808-A-12,fire,cafeteria,20,19.94693592680736,0.11497023514783032,-19.83196569165953,384,0.17933600000105798,benchmark_data/expanded_generated/dtln/outputs/cafeteria/20/1-17808-A-12.wav
1-17808-A-12,fire,cafeteria,15,14.906195008556061,0.12274532876067745,-14.783449679795384,384,0.18337739998241886,benchmark_data/expanded_generated/dtln/outputs/cafeteria/15/1-17808-A-12.wav
1-17808-A-12,fire,cafeteria,10,9.953502464058676,0.14561078567013175,-9.807891678388545,384,0.20534679997945204,benchmark_data/expanded_generated/dtln/outputs/cafeteria/10/1-17808-A-12.wav
1-17808-A-12,fire,cafeteria,5,4.981243782810233,0.07072167516268647,-4.910522107647546,384,0.17665959999430925,benchmark_data/expanded_generated/dtln/outputs/cafeteria/5/1-17808-A-12.wav
1-17808-A-12,fire,cafeteria,0,0.04697554901080642,-0.21293886734287942,-0.25991441635368584,384,0.18870579998474568,benchmark_data/expanded_generated/dtln/outputs/cafeteria/0/1-17808-A-12.wav
1-17808-B-12,fire,cafeteria,20,19.810380098917875,0.16751465377469005,-19.642865445143187,384,0.19468220003182068,benchmark_data/expanded_generated/dtln/outputs/cafeteria/20/1-17808-B-12.wav
1-17808-B-12,fire,cafeteria,15,14.829076651462254,0.13330842907804608,-14.695768222384208,384,0.18572160002076998,benchmark_data/expanded_generated/dtln/outputs/cafeteria/15/1-17808-B-12.wav
1-17808-B-12,fire,cafeteria,10,9.831524552009466,0.1400230606086063,-9.69150149140086,384,0.17717109998920932,benchmark_data/expanded_generated/dtln/outputs/cafeteria/10/1-17808-B-12.wav
1-17808-B-12,fire,cafeteria,5,4.6102781428449395,0.12321911977623509,-4.487059023068705,384,0.20976310002151877,benchmark_data/expanded_generated/dtln/outputs/cafeteria/5/1-17808-B-12.wav
1-17808-B-12,fire,cafeteria,0,-0.019348348025288876,-0.05124137128010242,-0.031893023254813545,384,0.24868610000703484,benchmark_data/expanded_generated/dtln/outputs/cafeteria/0/1-17808-B-12.wav
1-20133-A-39,glass_breaking,cafeteria,20,18.81319747445181,0.2609431727898725,-18.552254301661936,384,0.26366940001025796,benchmark_data/expanded_generated/dtln/outputs/cafeteria/20/1-20133-A-39.wav
1-20133-A-39,glass_breaking,cafeteria,15,13.800084224197084,0.2343045577972566,-13.565779666399827,384,0.23853410000447184,benchmark_data/expanded_generated/dtln/outputs/cafeteria/15/1-20133-A-39.wav
1-20133-A-39,glass_breaking,cafeteria,10,8.788381175444526,0.21429870016447072,-8.574082475280054,384,0.18923329998506233,benchmark_data/expanded_generated/dtln/outputs/cafeteria/10/1-20133-A-39.wav
1-20133-A-39,glass_breaking,cafeteria,5,3.827358953198705,0.12124040529202396,-3.706118547906681,384,0.22472399997059256,benchmark_data/expanded_generated/dtln/outputs/cafeteria/5/1-20133-A-39.wav
1-20133-A-39,glass_breaking,cafeteria,0,-1.283413334159871,-0.19861812438856347,1.0847952097713076,384,0.24438160000136122,benchmark_data/expanded_generated/dtln/outputs/cafeteria/0/1-20133-A-39.wav
1-84536-A-39,glass_breaking,cafeteria,20,17.10134084724526,0.8975685974456254,-16.203772249799634,384,0.16413119999924675,benchmark_data/expanded_generated/dtln/outputs/cafeteria/20/1-84536-A-39.wav
1-84536-A-39,glass_breaking,cafeteria,15,12.0769479210317,0.48174376665593033,-11.59520415437577,384,0.18308490002527833,benchmark_data/expanded_generated/dtln/outputs/cafeteria/15/1-84536-A-39.wav
1-84536-A-39,glass_breaking,cafeteria,10,7.108129480041371,0.032723931540147154,-7.075405548501224,384,0.18869849998736754,benchmark_data/expanded_generated/dtln/outputs/cafeteria/10/1-84536-A-39.wav
1-84536-A-39,glass_breaking,cafeteria,5,2.1485479505714973,-0.11409696328713895,-2.262644913858636,384,0.15394029999151826,benchmark_data/expanded_generated/dtln/outputs/cafeteria/5/1-84536-A-39.wav
1-84536-A-39,glass_breaking,cafeteria,0,-3.0209352248342283,-3.5661627390121775,-0.5452275141779492,384,0.1890080000157468,benchmark_data/expanded_generated/dtln/outputs/cafeteria/0/1-84536-A-39.wav
1-84704-A-39,glass_breaking,cafeteria,20,18.88660660463906,0.30050060105721726,-18.586106003581843,384,0.1858763000345789,benchmark_data/expanded_generated/dtln/outputs/cafeteria/20/1-84704-A-39.wav
1-84704-A-39,glass_breaking,cafeteria,15,13.911586013886044,0.1562789438499136,-13.75530707003613,384,0.19892809999873862,benchmark_data/expanded_generated/dtln/outputs/cafeteria/15/1-84704-A-39.wav
1-84704-A-39,glass_breaking,cafeteria,10,8.888980794872232,0.020474609961046948,-8.868506184911185,384,0.16123469994636253,benchmark_data/expanded_generated/dtln/outputs/cafeteria/10/1-84704-A-39.wav
1-84704-A-39,glass_breaking,cafeteria,5,3.854469525872391,-0.007387422264815585,-3.8618569481372065,384,0.22814159997506067,benchmark_data/expanded_generated/dtln/outputs/cafeteria/5/1-84704-A-39.wav
1-84704-A-39,glass_breaking,cafeteria,0,-1.1262749284538376,-0.08617380533265895,1.0401011231211785,384,0.19878909998806193,benchmark_data/expanded_generated/dtln/outputs/cafeteria/0/1-84704-A-39.wav
1-84705-A-39,glass_breaking,cafeteria,20,18.996929804564022,0.5046152718755849,-18.492314532688436,384,0.3516145999892615,benchmark_data/expanded_generated/dtln/outputs/cafeteria/20/1-84705-A-39.wav
1-84705-A-39,glass_breaking,cafeteria,15,13.99972315535109,0.475401483079431,-13.52432167227166,384,0.21029680001083761,benchmark_data/expanded_generated/dtln/outputs/cafeteria/15/1-84705-A-39.wav
1-84705-A-39,glass_breaking,cafeteria,10,8.998573898221668,0.4566436457972636,-8.541930252424404,384,0.24257040000520647,benchmark_data/expanded_generated/dtln/outputs/cafeteria/10/1-84705-A-39.wav
1-84705-A-39,glass_breaking,cafeteria,5,3.9971393865156206,0.3251695908337052,-3.6719697956819153,384,0.20518449996598065,benchmark_data/expanded_generated/dtln/outputs/cafeteria/5/1-84705-A-39.wav
1-84705-A-39,glass_breaking,cafeteria,0,-0.9857203080509207,0.23376898837293691,1.2194892964238577,384,0.1776137999841012,benchmark_data/expanded_generated/dtln/outputs/cafeteria/0/1-84705-A-39.wav
1-85168-A-39,glass_breaking,cafeteria,20,15.146343037332496,0.02952801594653385,-15.116815021385962,384,0.2284751000115648,benchmark_data/expanded_generated/dtln/outputs/cafeteria/20/1-85168-A-39.wav
1-85168-A-39,glass_breaking,cafeteria,15,10.146289212529895,0.03512944680373927,-10.111159765726157,384,0.1340896000037901,benchmark_data/expanded_generated/dtln/outputs/cafeteria/15/1-85168-A-39.wav
1-85168-A-39,glass_breaking,cafeteria,10,5.156392998555505,-0.20468914275952582,-5.361082141315031,384,0.17206439998699352,benchmark_data/expanded_generated/dtln/outputs/cafeteria/10/1-85168-A-39.wav
1-85168-A-39,glass_breaking,cafeteria,5,0.1447915236880685,-0.2643255909323261,-0.4091171146203946,384,0.20251879998249933,benchmark_data/expanded_generated/dtln/outputs/cafeteria/5/1-85168-A-39.wav
1-85168-A-39,glass_breaking,cafeteria,0,-4.854386505053069,-1.1987949356654752,3.6555915693875933,384,0.19243210001150146,benchmark_data/expanded_generated/dtln/outputs/cafeteria/0/1-85168-A-39.wav
1-31482-A-42,siren,cafeteria,20,20.010263775224097,0.4352565205141452,-19.575007254709952,384,0.17737029999261722,benchmark_data/expanded_generated/dtln/outputs/cafeteria/20/1-31482-A-42.wav
1-31482-A-42,siren,cafeteria,15,15.005843265938974,9.566882427712658,-5.438960838226317,384,0.19316219998290762,benchmark_data/expanded_generated/dtln/outputs/cafeteria/15/1-31482-A-42.wav
1-31482-A-42,siren,cafeteria,10,10.04789169099502,0.31196880973371804,-9.7359228812613,384,0.1760560999973677,benchmark_data/expanded_generated/dtln/outputs/cafeteria/10/1-31482-A-42.wav
1-31482-A-42,siren,cafeteria,5,5.006899191185644,0.0855384555373124,-4.9213607356483315,384,0.19060490000993013,benchmark_data/expanded_generated/dtln/outputs/cafeteria/5/1-31482-A-42.wav
1-31482-A-42,siren,cafeteria,0,-0.03941495622325482,0.22995695706115313,0.26937191328440796,384,0.18734319997020066,benchmark_data/expanded_generated/dtln/outputs/cafeteria/0/1-31482-A-42.wav
1-31482-B-42,siren,cafeteria,20,19.991834003659942,0.03915220563902895,-19.952681798020915,384,0.20146099996054545,benchmark_data/expanded_generated/dtln/outputs/cafeteria/20/1-31482-B-42.wav
1-31482-B-42,siren,cafeteria,15,15.006161448095131,0.03562905037073108,-14.9705323977244,384,0.1946468999958597,benchmark_data/expanded_generated/dtln/outputs/cafeteria/15/1-31482-B-42.wav
1-31482-B-42,siren,cafeteria,10,10.021994912866115,0.038735542692284367,-9.98325937017383,384,0.20304609998129308,benchmark_data/expanded_generated/dtln/outputs/cafeteria/10/1-31482-B-42.wav
1-31482-B-42,siren,cafeteria,5,5.027465722515874,-0.014063994709573896,-5.041529717225448,384,0.17008559999521822,benchmark_data/expanded_generated/dtln/outputs/cafeteria/5/1-31482-B-42.wav
1-31482-B-42,siren,cafeteria,0,-0.14460131640136742,-0.1192483937680479,0.025352922633319522,384,0.2086428999900818,benchmark_data/expanded_generated/dtln/outputs/cafeteria/0/1-31482-B-42.wav
1-54084-A-42,siren,cafeteria,20,20.00284474523887,0.07544166102880927,-19.927403084210063,384,0.14439909998327494,benchmark_data/expanded_generated/dtln/outputs/cafeteria/20/1-54084-A-42.wav
1-54084-A-42,siren,cafeteria,15,15.004514440034393,0.05366125726377403,-14.950853182770619,384,0.19151279999641702,benchmark_data/expanded_generated/dtln/outputs/cafeteria/15/1-54084-A-42.wav
1-54084-A-42,siren,cafeteria,10,9.958483158116127,0.09107421997232407,-9.867408938143804,384,0.20332220004638657,benchmark_data/expanded_generated/dtln/outputs/cafeteria/10/1-54084-A-42.wav
1-54084-A-42,siren,cafeteria,5,4.9702693425879,0.06409431016858609,-4.9061750324193145,384,0.15731420001247898,benchmark_data/expanded_generated/dtln/outputs/cafeteria/5/1-54084-A-42.wav
1-54084-A-42,siren,cafeteria,0,0.038821171958201,-0.08290916164917249,-0.12173033360737348,384,0.2189102999982424,benchmark_data/expanded_generated/dtln/outputs/cafeteria/0/1-54084-A-42.wav
1-76831-A-42,siren,cafeteria,20,20.002998152086263,0.004857207385614131,-19.998140944700648,384,0.200673499959521,benchmark_data/expanded_generated/dtln/outputs/cafeteria/20/1-76831-A-42.wav
1-76831-A-42,siren,cafeteria,15,14.999236614711496,-0.002207627576790234,-15.001444242288287,384,0.19483860000036657,benchmark_data/expanded_generated/dtln/outputs/cafeteria/15/1-76831-A-42.wav
1-76831-A-42,siren,cafeteria,10,9.997935203472789,-0.010194677608278541,-10.008129881081068,384,0.20192090002819896,benchmark_data/expanded_generated/dtln/outputs/cafeteria/10/1-76831-A-42.wav
1-76831-A-42,siren,cafeteria,5,5.001172241429652,-0.02639969742645827,-5.02757193885611,384,0.17723049997584894,benchmark_data/expanded_generated/dtln/outputs/cafeteria/5/1-76831-A-42.wav
1-76831-A-42,siren,cafeteria,0,-0.004047248612881246,-0.1505934703798283,-0.14654622176694704,384,0.1928932000300847,benchmark_data/expanded_generated/dtln/outputs/cafeteria/0/1-76831-A-42.wav
1-76831-B-42,siren,cafeteria,20,20.004117136639266,0.01469476297318321,-19.989422373666084,384,0.18274289998225868,benchmark_data/expanded_generated/dtln/outputs/cafeteria/20/1-76831-B-42.wav
1-76831-B-42,siren,cafeteria,15,15.003574830005151,0.025677149931665262,-14.977897680073486,384,0.1631014000158757,benchmark_data/expanded_generated/dtln/outputs/cafeteria/15/1-76831-B-42.wav
1-76831-B-42,siren,cafeteria,10,9.9920847261489,0.13849009537383608,-9.853594630775063,384,0.19249079999281093,benchmark_data/expanded_generated/dtln/outputs/cafeteria/10/1-76831-B-42.wav
1-76831-B-42,siren,cafeteria,5,5.022155968523445,0.14905499482576667,-4.873100973697678,384,0.1962570000323467,benchmark_data/expanded_generated/dtln/outputs/cafeteria/5/1-76831-B-42.wav
1-76831-B-42,siren,cafeteria,0,0.04555777165080069,-0.0011801214074353946,-0.046737893058236085,384,0.20141390000935644,benchmark_data/expanded_generated/dtln/outputs/cafeteria/0/1-76831-B-42.wav
1-17124-A-43,vehicle_horn,cafeteria,20,20.003878280400023,0.09704185705036979,-19.906836423349652,384,0.18610210000770167,benchmark_data/expanded_generated/dtln/outputs/cafeteria/20/1-17124-A-43.wav
1-17124-A-43,vehicle_horn,cafeteria,15,15.004545274885036,0.08117989845050738,-14.923365376434528,384,0.19992560002719983,benchmark_data/expanded_generated/dtln/outputs/cafeteria/15/1-17124-A-43.wav
1-17124-A-43,vehicle_horn,cafeteria,10,10.01340705888972,0.057455539312204616,-9.955951519577516,384,0.18714439996983856,benchmark_data/expanded_generated/dtln/outputs/cafeteria/10/1-17124-A-43.wav
1-17124-A-43,vehicle_horn,cafeteria,5,5.000247994139571,-0.008691471685504014,-5.008939465825075,384,0.20624840003438294,benchmark_data/expanded_generated/dtln/outputs/cafeteria/5/1-17124-A-43.wav
1-17124-A-43,vehicle_horn,cafeteria,0,-0.015144970486990891,-0.2949422160305403,-0.27979724554354946,384,0.20825989998411387,benchmark_data/expanded_generated/dtln/outputs/cafeteria/0/1-17124-A-43.wav
1-19026-A-43,vehicle_horn,cafeteria,20,19.98381166785957,14.186262275320235,-5.797549392539334,384,0.19607469998300076,benchmark_data/expanded_generated/dtln/outputs/cafeteria/20/1-19026-A-43.wav
1-19026-A-43,vehicle_horn,cafeteria,15,15.007824486078183,0.05036343891233956,-14.957461047165843,384,0.20085859997197986,benchmark_data/expanded_generated/dtln/outputs/cafeteria/15/1-19026-A-43.wav
1-19026-A-43,vehicle_horn,cafeteria,10,9.947600508058002,0.02888417744594464,-9.918716330612058,384,0.2347114000003785,benchmark_data/expanded_generated/dtln/outputs/cafeteria/10/1-19026-A-43.wav
1-19026-A-43,vehicle_horn,cafeteria,5,4.909688974847916,0.10663878570074713,-4.803050189147169,75,0.17200409999350086,benchmark_data/expanded_generated/dtln/outputs/cafeteria/5/1-19026-A-43.wav
1-19026-A-43,vehicle_horn,cafeteria,0,0.0033846202827802546,0.52427127532307,0.5208866550402897,230,0.22675889998208731,benchmark_data/expanded_generated/dtln/outputs/cafeteria/0/1-19026-A-43.wav
1-24074-A-43,vehicle_horn,cafeteria,20,19.991450660745915,0.04482416913064144,-19.946626491615273,384,0.17389610002283007,benchmark_data/expanded_generated/dtln/outputs/cafeteria/20/1-24074-A-43.wav
1-24074-A-43,vehicle_horn,cafeteria,15,15.010362809639277,0.03560440229012251,-14.974758407349155,384,0.18881019996479154,benchmark_data/expanded_generated/dtln/outputs/cafeteria/15/1-24074-A-43.wav
1-24074-A-43,vehicle_horn,cafeteria,10,9.990430765532206,0.042892136485614164,-9.947538629046592,384,0.19756590004544705,benchmark_data/expanded_generated/dtln/outputs/cafeteria/10/1-24074-A-43.wav
1-24074-A-43,vehicle_horn,cafeteria,5,4.963203017340653,0.06681463417444561,-4.896388383166208,384,0.17569890001323074,benchmark_data/expanded_generated/dtln/outputs/cafeteria/5/1-24074-A-43.wav
1-24074-A-43,vehicle_horn,cafeteria,0,-0.08450052692149977,-0.01792436720162321,0.06657615971987656,384,0.21356820000801235,benchmark_data/expanded_generated/dtln/outputs/cafeteria/0/1-24074-A-43.wav
1-24076-A-43,vehicle_horn,cafeteria,20,19.97585810593649,0.14069024958888926,-19.8351678563476,384,0.18572569999378175,benchmark_data/expanded_generated/dtln/outputs/cafeteria/20/1-24076-A-43.wav
1-24076-A-43,vehicle_horn,cafeteria,15,14.98153558205216,0.1117604101597735,-14.869775171892387,384,0.1854563999804668,benchmark_data/expanded_generated/dtln/outputs/cafeteria/15/1-24076-A-43.wav
1-24076-A-43,vehicle_horn,cafeteria,10,10.000173309055109,0.047512532273886875,-9.952660776781222,384,0.20878759998595342,benchmark_data/expanded_generated/dtln/outputs/cafeteria/10/1-24076-A-43.wav
1-24076-A-43,vehicle_horn,cafeteria,5,4.938905418076642,0.008031371668975657,-4.930874046407666,384,0.17909940000390634,benchmark_data/expanded_generated/dtln/outputs/cafeteria/5/1-24076-A-43.wav
1-24076-A-43,vehicle_horn,cafeteria,0,-0.06064406704197715,0.03592746786593648,0.09657153490791362,384,0.1379140000208281,benchmark_data/expanded_generated/dtln/outputs/cafeteria/0/1-24076-A-43.wav
1-254507-A-43,vehicle_horn,cafeteria,20,20.00408970407994,0.09879061175981031,-19.90529909232013,384,0.19837589998496696,benchmark_data/expanded_generated/dtln/outputs/cafeteria/20/1-254507-A-43.wav
1-254507-A-43,vehicle_horn,cafeteria,15,15.003259720804657,0.12071817478501601,-14.88254154601964,384,0.1870601999689825,benchmark_data/expanded_generated/dtln/outputs/cafeteria/15/1-254507-A-43.wav
1-254507-A-43,vehicle_horn,cafeteria,10,10.010156105986374,0.0655179907805418,-9.944638115205832,384,0.1995704000000842,benchmark_data/expanded_generated/dtln/outputs/cafeteria/10/1-254507-A-43.wav
1-254507-A-43,vehicle_horn,cafeteria,5,4.969613235813273,0.14760726776503966,-4.8220059680482334,384,0.19682820001617074,benchmark_data/expanded_generated/dtln/outputs/cafeteria/5/1-254507-A-43.wav
1-254507-A-43,vehicle_horn,cafeteria,0,0.035566783894716646,-0.146214731381615,-0.18178151527633166,384,0.16535980004118755,benchmark_data/expanded_generated/dtln/outputs/cafeteria/0/1-254507-A-43.wav
1-187207-A-20,baby_crying,office,20,20.001501247897252,17.16810744740751,-2.833393800489741,384,0.19563259999267757,benchmark_data/expanded_generated/dtln/outputs/office/20/1-187207-A-20.wav
1-187207-A-20,baby_crying,office,15,15.002450740976627,0.12505720647534305,-14.877393534501284,384,0.16810139996232465,benchmark_data/expanded_generated/dtln/outputs/office/15/1-187207-A-20.wav
1-187207-A-20,baby_crying,office,10,10.005644183010968,0.0854815486450797,-9.920162634365889,384,0.18548820004798472,benchmark_data/expanded_generated/dtln/outputs/office/10/1-187207-A-20.wav
1-187207-A-20,baby_crying,office,5,4.98577588130991,0.10499972532069674,-4.880776155989213,384,0.1785395999904722,benchmark_data/expanded_generated/dtln/outputs/office/5/1-187207-A-20.wav
1-187207-A-20,baby_crying,office,0,0.01223079423295841,0.09338981675796872,0.08115902252501031,384,0.2039576999959536,benchmark_data/expanded_generated/dtln/outputs/office/0/1-187207-A-20.wav
1-211527-A-20,baby_crying,office,20,19.943765030866032,0.01822305748323203,-19.9255419733828,384,0.22372220002580434,benchmark_data/expanded_generated/dtln/outputs/office/20/1-211527-A-20.wav
1-211527-A-20,baby_crying,office,15,14.938209510792683,0.013597442117558747,-14.924612068675124,384,0.2098390000173822,benchmark_data/expanded_generated/dtln/outputs/office/15/1-211527-A-20.wav
1-211527-A-20,baby_crying,office,10,9.942819674460917,0.043931025412680534,-9.898888649048237,384,0.17305719997966662,benchmark_data/expanded_generated/dtln/outputs/office/10/1-211527-A-20.wav
1-211527-A-20,baby_crying,office,5,4.938738746265742,-0.0616965078482229,-5.000435254113965,384,0.18979079998098314,benchmark_data/expanded_generated/dtln/outputs/office/5/1-211527-A-20.wav
1-211527-A-20,baby_crying,office,0,-0.04952141354365978,0.020113661136593866,0.06963507468025365,384,0.18891879997681826,benchmark_data/expanded_generated/dtln/outputs/office/0/1-211527-A-20.wav
1-211527-B-20,baby_crying,office,20,19.99598154225622,8.099690018002573,-11.896291524253648,384,0.206518099992536,benchmark_data/expanded_generated/dtln/outputs/office/20/1-211527-B-20.wav
1-211527-B-20,baby_crying,office,15,15.000051908079183,3.2069919133356373,-11.793059994743546,384,0.13581809995230287,benchmark_data/expanded_generated/dtln/outputs/office/15/1-211527-B-20.wav
1-211527-B-20,baby_crying,office,10,9.989293016854857,0.39909521192950204,-9.590197804925355,384,0.19061569997575134,benchmark_data/expanded_generated/dtln/outputs/office/10/1-211527-B-20.wav
1-211527-B-20,baby_crying,office,5,5.023480065138161,0.06464811317696331,-4.958831951961198,384,0.20215229998575523,benchmark_data/expanded_generated/dtln/outputs/office/5/1-211527-B-20.wav
1-211527-B-20,baby_crying,office,0,0.00014258920713935855,5.31995173482044,5.3198091456133,384,0.2334071000223048,benchmark_data/expanded_generated/dtln/outputs/office/0/1-211527-B-20.wav
1-211527-C-20,baby_crying,office,20,19.89200292598399,-0.003991986926950561,-19.895994912910943,384,0.15195530001074076,benchmark_data/expanded_generated/dtln/outputs/office/20/1-211527-C-20.wav
1-211527-C-20,baby_crying,office,15,14.893377007390452,-0.041167457818210976,-14.934544465208663,384,0.18123600003309548,benchmark_data/expanded_generated/dtln/outputs/office/15/1-211527-C-20.wav
1-211527-C-20,baby_crying,office,10,9.891417347571197,0.39108899086512744,-9.50032835670607,384,0.1597499000490643,benchmark_data/expanded_generated/dtln/outputs/office/10/1-211527-C-20.wav
1-211527-C-20,baby_crying,office,5,4.8855197567022275,0.01509425218749999,-4.870425504514728,384,0.16704329999629408,benchmark_data/expanded_generated/dtln/outputs/office/5/1-211527-C-20.wav
1-211527-C-20,baby_crying,office,0,-0.08280437217452252,0.03670262255844678,0.1195069947329693,384,0.20054519997211173,benchmark_data/expanded_generated/dtln/outputs/office/0/1-211527-C-20.wav
1-22694-A-20,baby_crying,office,20,19.974018239386172,0.14386804595207722,-19.830150193434093,384,0.19609559996752068,benchmark_data/expanded_generated/dtln/outputs/office/20/1-22694-A-20.wav
1-22694-A-20,baby_crying,office,15,14.975074978012595,0.12442980083968389,-14.850645177172911,384,0.1961503999773413,benchmark_data/expanded_generated/dtln/outputs/office/15/1-22694-A-20.wav
1-22694-A-20,baby_crying,office,10,9.97480489579317,0.03912656589536312,-9.935678329897806,384,0.1767711999709718,benchmark_data/expanded_generated/dtln/outputs/office/10/1-22694-A-20.wav
1-22694-A-20,baby_crying,office,5,4.967438271721687,0.03266181664160405,-4.934776455080083,384,0.18216160003794357,benchmark_data/expanded_generated/dtln/outputs/office/5/1-22694-A-20.wav
1-22694-A-20,baby_crying,office,0,-0.02341126896430153,0.0680338714870757,0.09144514045137722,384,0.19681489997310564,benchmark_data/expanded_generated/dtln/outputs/office/0/1-22694-A-20.wav
1-100032-A-0,dog_barking,office,20,19.999930454513528,0.028395561284243795,-19.971534893229283,384,0.178962700010743,benchmark_data/expanded_generated/dtln/outputs/office/20/1-100032-A-0.wav
1-100032-A-0,dog_barking,office,15,14.999723085259722,0.033617933996024904,-14.966105151263697,384,0.19462040002690628,benchmark_data/expanded_generated/dtln/outputs/office/15/1-100032-A-0.wav
1-100032-A-0,dog_barking,office,10,10.000472799777096,0.37467695363574055,-9.625795846141356,384,0.1958237000508234,benchmark_data/expanded_generated/dtln/outputs/office/10/1-100032-A-0.wav
1-100032-A-0,dog_barking,office,5,5.000612848509109,0.062395226399523905,-4.938217622109585,384,0.19489529996644706,benchmark_data/expanded_generated/dtln/outputs/office/5/1-100032-A-0.wav
1-100032-A-0,dog_barking,office,0,-0.001981294174052609,0.18020240215648634,0.18218369633053894,384,0.18942820001393557,benchmark_data/expanded_generated/dtln/outputs/office/0/1-100032-A-0.wav
1-110389-A-0,dog_barking,office,20,20.00389973283712,11.25606575878728,-8.74783397404984,384,0.208734399988316,benchmark_data/expanded_generated/dtln/outputs/office/20/1-110389-A-0.wav
1-110389-A-0,dog_barking,office,15,15.004622651914737,0.7999982861672417,-14.204624365747495,384,0.20206789998337626,benchmark_data/expanded_generated/dtln/outputs/office/15/1-110389-A-0.wav
1-110389-A-0,dog_barking,office,10,10.01410569678688,11.832310052073245,1.8182043552863654,384,0.19111999997403473,benchmark_data/expanded_generated/dtln/outputs/office/10/1-110389-A-0.wav
1-110389-A-0,dog_barking,office,5,4.967013642979415,13.192867345909383,8.225853702929967,384,0.19194119999883696,benchmark_data/expanded_generated/dtln/outputs/office/5/1-110389-A-0.wav
1-110389-A-0,dog_barking,office,0,-0.005185846004738346,0.1905557457991618,0.19574159180390013,384,0.2002020999789238,benchmark_data/expanded_generated/dtln/outputs/office/0/1-110389-A-0.wav
1-30226-A-0,dog_barking,office,20,20.002033404758237,0.27371361991862525,-19.728319784839613,384,0.15762350003933534,benchmark_data/expanded_generated/dtln/outputs/office/20/1-30226-A-0.wav
1-30226-A-0,dog_barking,office,15,15.009002009649974,0.22818227886824538,-14.780819730781728,384,0.1961744999862276,benchmark_data/expanded_generated/dtln/outputs/office/15/1-30226-A-0.wav
1-30226-A-0,dog_barking,office,10,10.000075712393869,0.2896712769664794,-9.710404435427389,384,0.20214199996553361,benchmark_data/expanded_generated/dtln/outputs/office/10/1-30226-A-0.wav
1-30226-A-0,dog_barking,office,5,5.020924220090128,0.3454460465850544,-4.675478173505073,384,0.19851129996823147,benchmark_data/expanded_generated/dtln/outputs/office/5/1-30226-A-0.wav
1-30226-A-0,dog_barking,office,0,-0.0788095096793349,0.426974979360939,0.5057844890402738,384,0.2033963999710977,benchmark_data/expanded_generated/dtln/outputs/office/0/1-30226-A-0.wav
1-30344-A-0,dog_barking,office,20,20.008348615025543,0.023307261790359905,-19.985041353235182,384,0.19320799998240545,benchmark_data/expanded_generated/dtln/outputs/office/20/1-30344-A-0.wav
1-30344-A-0,dog_barking,office,15,15.00850957434432,0.02205270745095581,-14.986456866893365,384,0.18859080004040152,benchmark_data/expanded_generated/dtln/outputs/office/15/1-30344-A-0.wav
1-30344-A-0,dog_barking,office,10,10.010994822442482,6.591340752505017,-3.419654069937465,384,0.19088349997764453,benchmark_data/expanded_generated/dtln/outputs/office/10/1-30344-A-0.wav
1-30344-A-0,dog_barking,office,5,5.003761301229318,0.03146173321492981,-4.972299568014388,384,0.1908879000111483,benchmark_data/expanded_generated/dtln/outputs/office/5/1-30344-A-0.wav
1-30344-A-0,dog_barking,office,0,0.006889417491876635,0.546828858583268,0.5399394410913914,384,0.2066674999659881,benchmark_data/expanded_generated/dtln/outputs/office/0/1-30344-A-0.wav
1-32318-A-0,dog_barking,office,20,20.000120404701267,0.042176051033010406,-19.957944353668257,384,0.1715930999489501,benchmark_data/expanded_generated/dtln/outputs/office/20/1-32318-A-0.wav
1-32318-A-0,dog_barking,office,15,15.026928977397318,0.029489713281673408,-14.997439264115645,384,0.20010829996317625,benchmark_data/expanded_generated/dtln/outputs/office/15/1-32318-A-0.wav
1-32318-A-0,dog_barking,office,10,9.982172623171719,0.029241124643947448,-9.952931498527771,-686,0.22038210002938285,benchmark_data/expanded_generated/dtln/outputs/office/10/1-32318-A-0.wav
1-32318-A-0,dog_barking,office,5,4.991908783125193,0.09028865057682149,-4.901620132548371,384,0.19441359996562824,benchmark_data/expanded_generated/dtln/outputs/office/5/1-32318-A-0.wav
1-32318-A-0,dog_barking,office,0,0.045167218118398404,15.4806872258692,15.435520007750801,384,0.2098519999999553,benchmark_data/expanded_generated/dtln/outputs/office/0/1-32318-A-0.wav
1-101336-A-30,door_activity,office,20,20.00481437769327,0.34805072997801945,-19.65676364771525,384,0.16591399995377287,benchmark_data/expanded_generated/dtln/outputs/office/20/1-101336-A-30.wav
1-101336-A-30,door_activity,office,15,14.997936766256494,0.29909528425717674,-14.698841481999317,384,0.1915756000089459,benchmark_data/expanded_generated/dtln/outputs/office/15/1-101336-A-30.wav
1-101336-A-30,door_activity,office,10,10.001447342579048,0.1947345044833179,-9.80671283809573,384,0.185417500033509,benchmark_data/expanded_generated/dtln/outputs/office/10/1-101336-A-30.wav
1-101336-A-30,door_activity,office,5,5.003788860842517,0.2682388643350524,-4.735549996507465,384,0.19424179999623448,benchmark_data/expanded_generated/dtln/outputs/office/5/1-101336-A-30.wav
1-101336-A-30,door_activity,office,0,-0.017594164886060235,0.3419509901068402,0.35954515499290046,384,0.17820010002469644,benchmark_data/expanded_generated/dtln/outputs/office/0/1-101336-A-30.wav
1-103995-A-30,door_activity,office,20,20.00173413609498,0.9364979212145403,-19.065236214880443,384,0.2003592000110075,benchmark_data/expanded_generated/dtln/outputs/office/20/1-103995-A-30.wav
1-103995-A-30,door_activity,office,15,14.988873258672085,1.1004382243966053,-13.88843503427548,384,0.17533320002257824,benchmark_data/expanded_generated/dtln/outputs/office/15/1-103995-A-30.wav
1-103995-A-30,door_activity,office,10,10.050056119830323,0.9557915574267792,-9.094264562403543,384,0.19592079997528344,benchmark_data/expanded_generated/dtln/outputs/office/10/1-103995-A-30.wav
1-103995-A-30,door_activity,office,5,4.9599633490156005,0.9504720833681866,-4.009491265647414,384,0.20226210000691935,benchmark_data/expanded_generated/dtln/outputs/office/5/1-103995-A-30.wav
1-103995-A-30,door_activity,office,0,-0.007330114405718364,0.9200115984154347,0.9273417128211531,384,0.1634904000093229,benchmark_data/expanded_generated/dtln/outputs/office/0/1-103995-A-30.wav
1-103999-A-30,door_activity,office,20,20.02568496717263,3.90451300514857,-16.12117196202406,384,0.20136269996874034,benchmark_data/expanded_generated/dtln/outputs/office/20/1-103999-A-30.wav
1-103999-A-30,door_activity,office,15,14.992414066035018,3.562317720096021,-11.430096345938995,384,0.19574439997086301,benchmark_data/expanded_generated/dtln/outputs/office/15/1-103999-A-30.wav
1-103999-A-30,door_activity,office,10,10.005286015577399,3.7686006284147195,-6.236685387162679,384,0.18979340000078082,benchmark_data/expanded_generated/dtln/outputs/office/10/1-103999-A-30.wav
1-103999-A-30,door_activity,office,5,5.023633367466903,5.710541418339428,0.6869080508725247,384,0.1687536999816075,benchmark_data/expanded_generated/dtln/outputs/office/5/1-103999-A-30.wav
1-103999-A-30,door_activity,office,0,0.09120070802799334,2.632790838892063,2.5415901308640696,384,0.18670070002553985,benchmark_data/expanded_generated/dtln/outputs/office/0/1-103999-A-30.wav
1-26188-A-30,door_activity,office,20,20.007910195885927,0.348979416822017,-19.65893077906391,384,0.2066072000307031,benchmark_data/expanded_generated/dtln/outputs/office/20/1-26188-A-30.wav
1-26188-A-30,door_activity,office,15,15.026803096608347,0.14461646227995648,-14.882186634328392,384,0.19911040004808456,benchmark_data/expanded_generated/dtln/outputs/office/15/1-26188-A-30.wav
1-26188-A-30,door_activity,office,10,9.954227237689702,0.16136726435414903,-9.792859973335553,384,0.19671030004974455,benchmark_data/expanded_generated/dtln/outputs/office/10/1-26188-A-30.wav
1-26188-A-30,door_activity,office,5,4.984897551010729,0.19456887239091322,-4.790328678619815,384,0.21279650001088157,benchmark_data/expanded_generated/dtln/outputs/office/5/1-26188-A-30.wav
1-26188-A-30,door_activity,office,0,0.004911329612500895,0.1324468516536679,0.127535522041167,384,0.19387550000101328,benchmark_data/expanded_generated/dtln/outputs/office/0/1-26188-A-30.wav
1-52290-A-30,door_activity,office,20,20.003172364240122,2.197332832931519,-17.805839531308603,384,0.20192839996889234,benchmark_data/expanded_generated/dtln/outputs/office/20/1-52290-A-30.wav
1-52290-A-30,door_activity,office,15,14.998290215202541,1.161307858044968,-13.836982357157574,384,0.20250700000906363,benchmark_data/expanded_generated/dtln/outputs/office/15/1-52290-A-30.wav
1-52290-A-30,door_activity,office,10,10.001696179150708,1.1022683543685363,-8.89942782478217,384,0.19514610001351684,benchmark_data/expanded_generated/dtln/outputs/office/10/1-52290-A-30.wav
1-52290-A-30,door_activity,office,5,4.991194826218994,0.739141323868462,-4.252053502350532,384,0.19031619996530935,benchmark_data/expanded_generated/dtln/outputs/office/5/1-52290-A-30.wav
1-52290-A-30,door_activity,office,0,-0.003530671217970359,1.7530093066473662,1.7565399778653366,384,0.18999189999885857,benchmark_data/expanded_generated/dtln/outputs/office/0/1-52290-A-30.wav
1-17150-A-12,fire,office,20,18.910701381957622,0.340965697034867,-18.569735684922755,384,0.1984956999658607,benchmark_data/expanded_generated/dtln/outputs/office/20/1-17150-A-12.wav
1-17150-A-12,fire,office,15,13.84579719671974,0.29075414576639735,-13.555043050953342,384,0.20452590001514181,benchmark_data/expanded_generated/dtln/outputs/office/15/1-17150-A-12.wav
1-17150-A-12,fire,office,10,8.807318604756237,0.33517164343911804,-8.472146961317119,384,0.16967050003586337,benchmark_data/expanded_generated/dtln/outputs/office/10/1-17150-A-12.wav
1-17150-A-12,fire,office,5,3.7738866846182457,0.3565994963251544,-3.4172871882930913,384,0.20951549999881536,benchmark_data/expanded_generated/dtln/outputs/office/5/1-17150-A-12.wav
1-17150-A-12,fire,office,0,-1.0426394250261999,0.14875163125172208,1.191391056277922,384,0.17415760003495961,benchmark_data/expanded_generated/dtln/outputs/office/0/1-17150-A-12.wav
1-17565-A-12,fire,office,20,19.69500481342176,0.38368933446621367,-19.311315478955546,384,0.16812609997577965,benchmark_data/expanded_generated/dtln/outputs/office/20/1-17565-A-12.wav
1-17565-A-12,fire,office,15,14.690715904348291,0.3696760241415192,-14.321039880206772,384,0.2109624999575317,benchmark_data/expanded_generated/dtln/outputs/office/15/1-17565-A-12.wav
1-17565-A-12,fire,office,10,9.73523469255371,0.35471447226748504,-9.380520220286225,384,0.20668340002885088,benchmark_data/expanded_generated/dtln/outputs/office/10/1-17565-A-12.wav
1-17565-A-12,fire,office,5,4.630556767240853,0.36069074166892356,-4.26986602557193,384,0.1901112999767065,benchmark_data/expanded_generated/dtln/outputs/office/5/1-17565-A-12.wav
1-17565-A-12,fire,office,0,0.10211379503598879,0.46048091433555305,0.3583671192995643,384,0.19850219995714724,benchmark_data/expanded_generated/dtln/outputs/office/0/1-17565-A-12.wav
1-17742-A-12,fire,office,20,16.51694083162165,1.200682537799846,-15.316258293821804,384,0.19498670002212748,benchmark_data/expanded_generated/dtln/outputs/office/20/1-17742-A-12.wav
1-17742-A-12,fire,office,15,11.52246600181876,1.256282650388394,-10.266183351430366,384,0.169170800014399,benchmark_data/expanded_generated/dtln/outputs/office/15/1-17742-A-12.wav
1-17742-A-12,fire,office,10,6.523736245755808,1.0322345349403015,-5.491501710815506,384,0.1757037999923341,benchmark_data/expanded_generated/dtln/outputs/office/10/1-17742-A-12.wav
1-17742-A-12,fire,office,5,1.531302481603444,1.5348429656583424,0.003540484054898485,384,0.23722300003282726,benchmark_data/expanded_generated/dtln/outputs/office/5/1-17742-A-12.wav
1-17742-A-12,fire,office,0,-3.4814408064639375,1.6094878433656044,5.090928649829542,384,0.2142083999933675,benchmark_data/expanded_generated/dtln/outputs/office/0/1-17742-A-12.wav
1-17808-A-12,fire,office,20,19.959924322865287,0.12242728079405674,-19.83749704207123,384,0.1930411999928765,benchmark_data/expanded_generated/dtln/outputs/office/20/1-17808-A-12.wav
1-17808-A-12,fire,office,15,14.934534120586838,0.1173716314947271,-14.81716248909211,384,0.19929420005064458,benchmark_data/expanded_generated/dtln/outputs/office/15/1-17808-A-12.wav
1-17808-A-12,fire,office,10,10.341723495581544,0.08815158904147694,-10.253571906540067,384,0.2325637000030838,benchmark_data/expanded_generated/dtln/outputs/office/10/1-17808-A-12.wav
1-17808-A-12,fire,office,5,5.189531745545645,0.10072765971316167,-5.088804085832484,384,0.23881869995966554,benchmark_data/expanded_generated/dtln/outputs/office/5/1-17808-A-12.wav
1-17808-A-12,fire,office,0,-0.379646212414756,0.0727370403140624,0.4523832527288184,384,0.23762369999894872,benchmark_data/expanded_generated/dtln/outputs/office/0/1-17808-A-12.wav
1-17808-B-12,fire,office,20,19.78172165287817,0.1318587386189602,-19.64986291425921,384,0.24986039998475462,benchmark_data/expanded_generated/dtln/outputs/office/20/1-17808-B-12.wav
1-17808-B-12,fire,office,15,14.749345392313014,0.11487987025922053,-14.634465522053793,384,0.20276230003219098,benchmark_data/expanded_generated/dtln/outputs/office/15/1-17808-B-12.wav
1-17808-B-12,fire,office,10,9.707641903433018,0.18545549060311295,-9.522186412829905,384,0.21453370002564043,benchmark_data/expanded_generated/dtln/outputs/office/10/1-17808-B-12.wav
1-17808-B-12,fire,office,5,4.787045858974979,0.1604603990685487,-4.626585459906431,384,0.20569630002137274,benchmark_data/expanded_generated/dtln/outputs/office/5/1-17808-B-12.wav
1-17808-B-12,fire,office,0,0.10316873333781401,0.12000467099960381,0.0168359376617898,384,0.1890696999616921,benchmark_data/expanded_generated/dtln/outputs/office/0/1-17808-B-12.wav
1-20133-A-39,glass_breaking,office,20,18.808716349741573,0.20893220193895395,-18.59978414780262,384,0.1999548000167124,benchmark_data/expanded_generated/dtln/outputs/office/20/1-20133-A-39.wav
1-20133-A-39,glass_breaking,office,15,13.818110626173887,0.207074014145469,-13.611036612028418,384,0.21465929999249056,benchmark_data/expanded_generated/dtln/outputs/office/15/1-20133-A-39.wav
1-20133-A-39,glass_breaking,office,10,8.798946893647914,0.19026402684310767,-8.608682866804806,384,0.19492470001569018,benchmark_data/expanded_generated/dtln/outputs/office/10/1-20133-A-39.wav
1-20133-A-39,glass_breaking,office,5,3.846381255374065,0.19701948791989973,-3.6493617674541654,384,0.16487340000458062,benchmark_data/expanded_generated/dtln/outputs/office/5/1-20133-A-39.wav
1-20133-A-39,glass_breaking,office,0,-1.360557631966757,0.22043831523098223,1.580995947197739,384,0.19973960000788793,benchmark_data/expanded_generated/dtln/outputs/office/0/1-20133-A-39.wav
1-84536-A-39,glass_breaking,office,20,17.099899491362798,0.38116262684700886,-16.71873686451579,384,0.19978460000129417,benchmark_data/expanded_generated/dtln/outputs/office/20/1-84536-A-39.wav
1-84536-A-39,glass_breaking,office,15,12.053642366822805,1.1771797766506582,-10.876462590172146,384,0.2000469999620691,benchmark_data/expanded_generated/dtln/outputs/office/15/1-84536-A-39.wav
1-84536-A-39,glass_breaking,office,10,7.016047135987918,0.4633950938468433,-6.552652042141075,384,0.25881610001670197,benchmark_data/expanded_generated/dtln/outputs/office/10/1-84536-A-39.wav
1-84536-A-39,glass_breaking,office,5,2.0257784046669283,0.507307914376181,-1.5184704902907473,384,0.2032852999982424,benchmark_data/expanded_generated/dtln/outputs/office/5/1-84536-A-39.wav
1-84536-A-39,glass_breaking,office,0,-3.369243417677116,0.4458176748384898,3.815061092515606,384,0.18771149998065084,benchmark_data/expanded_generated/dtln/outputs/office/0/1-84536-A-39.wav
1-84704-A-39,glass_breaking,office,20,18.87444677124356,0.28420242591190925,-18.590244345331648,384,0.15495920000830665,benchmark_data/expanded_generated/dtln/outputs/office/20/1-84704-A-39.wav
1-84704-A-39,glass_breaking,office,15,13.87382101934151,0.20649370918539833,-13.66732731015611,384,0.15049679996445775,benchmark_data/expanded_generated/dtln/outputs/office/15/1-84704-A-39.wav
1-84704-A-39,glass_breaking,office,10,8.861806040969608,0.2737695624712767,-8.588036478498331,384,0.20067810005275533,benchmark_data/expanded_generated/dtln/outputs/office/10/1-84704-A-39.wav
1-84704-A-39,glass_breaking,office,5,3.9390232640888234,0.20912632359464467,-3.7298969404941786,384,0.17965450003976002,benchmark_data/expanded_generated/dtln/outputs/office/5/1-84704-A-39.wav
1-84704-A-39,glass_breaking,office,0,-1.1080104874555883,0.18212414069982413,1.2901346281554125,384,0.20909540000138804,benchmark_data/expanded_generated/dtln/outputs/office/0/1-84704-A-39.wav
1-84705-A-39,glass_breaking,office,20,18.996046229161664,0.5149963788036301,-18.481049850358033,384,0.18829769996227697,benchmark_data/expanded_generated/dtln/outputs/office/20/1-84705-A-39.wav
1-84705-A-39,glass_breaking,office,15,13.999975310648667,0.5000690072687443,-13.499906303379923,384,0.2085228000069037,benchmark_data/expanded_generated/dtln/outputs/office/15/1-84705-A-39.wav
1-84705-A-39,glass_breaking,office,10,8.977042796822879,0.4861514928401247,-8.490891303982753,384,0.1703912999946624,benchmark_data/expanded_generated/dtln/outputs/office/10/1-84705-A-39.wav
1-84705-A-39,glass_breaking,office,5,3.994641187692352,0.4450553894416579,-3.549585798250694,384,0.1754679000005126,benchmark_data/expanded_generated/dtln/outputs/office/5/1-84705-A-39.wav
1-84705-A-39,glass_breaking,office,0,-0.9853488902847065,0.47771755457459,1.4630664448592965,384,0.20530760003020987,benchmark_data/expanded_generated/dtln/outputs/office/0/1-84705-A-39.wav
1-85168-A-39,glass_breaking,office,20,15.151383010211214,0.032540550451660835,-15.118842459759554,384,0.19246130000101402,benchmark_data/expanded_generated/dtln/outputs/office/20/1-85168-A-39.wav
1-85168-A-39,glass_breaking,office,15,10.14873661876312,0.030202621803351808,-10.11853399695977,384,0.19227229995885864,benchmark_data/expanded_generated/dtln/outputs/office/15/1-85168-A-39.wav
1-85168-A-39,glass_breaking,office,10,5.149540348669847,0.03301204373521557,-5.116528304934631,384,0.1966693999711424,benchmark_data/expanded_generated/dtln/outputs/office/10/1-85168-A-39.wav
1-85168-A-39,glass_breaking,office,5,0.1756203625930226,0.0336768391521597,-0.14194352344086292,384,0.19477550004376099,benchmark_data/expanded_generated/dtln/outputs/office/5/1-85168-A-39.wav
1-85168-A-39,glass_breaking,office,0,-4.81166195105852,-0.06462469071243913,4.74703726034608,384,0.20013850001851097,benchmark_data/expanded_generated/dtln/outputs/office/0/1-85168-A-39.wav
1-31482-A-42,siren,office,20,20.014859104621404,7.26658745697214,-12.748271647649265,384,0.18095680000260472,benchmark_data/expanded_generated/dtln/outputs/office/20/1-31482-A-42.wav
1-31482-A-42,siren,office,15,15.016079205819327,5.784784795860682,-9.231294409958645,384,0.19339309999486431,benchmark_data/expanded_generated/dtln/outputs/office/15/1-31482-A-42.wav
1-31482-A-42,siren,office,10,9.988526566409142,11.788009933797499,1.7994833673883566,384,0.19503750000149012,benchmark_data/expanded_generated/dtln/outputs/office/10/1-31482-A-42.wav
1-31482-A-42,siren,office,5,4.995298700741606,10.099860301952422,5.104561601210816,384,0.22460039996076375,benchmark_data/expanded_generated/dtln/outputs/office/5/1-31482-A-42.wav
1-31482-A-42,siren,office,0,0.014508700586175802,6.953493101953182,6.938984401367006,384,0.20284759998321533,benchmark_data/expanded_generated/dtln/outputs/office/0/1-31482-A-42.wav
1-31482-B-42,siren,office,20,20.009845184912244,0.03969175086612789,-19.970153434046114,384,0.22457919997395948,benchmark_data/expanded_generated/dtln/outputs/office/20/1-31482-B-42.wav
1-31482-B-42,siren,office,15,15.00976396593537,0.03601801450306966,-14.973745951432301,384,0.22706119995564222,benchmark_data/expanded_generated/dtln/outputs/office/15/1-31482-B-42.wav
1-31482-B-42,siren,office,10,9.984674659886032,0.031044532803265672,-9.953630127082766,384,0.1998495999723673,benchmark_data/expanded_generated/dtln/outputs/office/10/1-31482-B-42.wav
1-31482-B-42,siren,office,5,5.023863906287922,0.03632032173975502,-4.987543584548167,384,0.26029030000790954,benchmark_data/expanded_generated/dtln/outputs/office/5/1-31482-B-42.wav
1-31482-B-42,siren,office,0,0.005997805566312597,0.022401057301087206,0.01640325173477461,384,0.21676290000323206,benchmark_data/expanded_generated/dtln/outputs/office/0/1-31482-B-42.wav
1-54084-A-42,siren,office,20,20.009714700230617,0.053757732597150776,-19.955956967633465,384,0.1836411000113003,benchmark_data/expanded_generated/dtln/outputs/office/20/1-54084-A-42.wav
1-54084-A-42,siren,office,15,15.010081294955214,0.021474558179990104,-14.988606736775223,384,0.18653969996375963,benchmark_data/expanded_generated/dtln/outputs/office/15/1-54084-A-42.wav
1-54084-A-42,siren,office,10,10.008847080696942,-0.017803909539264612,-10.026650990236206,384,0.25418539997190237,benchmark_data/expanded_generated/dtln/outputs/office/10/1-54084-A-42.wav
1-54084-A-42,siren,office,5,5.010622783840684,0.025801893789832303,-4.984820890050852,384,0.22978940000757575,benchmark_data/expanded_generated/dtln/outputs/office/5/1-54084-A-42.wav
1-54084-A-42,siren,office,0,0.013122397684226208,0.05706463894602777,0.04394224126180156,384,0.24186240002745762,benchmark_data/expanded_generated/dtln/outputs/office/0/1-54084-A-42.wav
1-76831-A-42,siren,office,20,20.003613174254244,0.003254515234085238,-20.000358659020158,384,0.1821376000298187,benchmark_data/expanded_generated/dtln/outputs/office/20/1-76831-A-42.wav
1-76831-A-42,siren,office,15,15.003059004850117,-0.014919901488445634,-15.017978906338563,384,0.1893992999684997,benchmark_data/expanded_generated/dtln/outputs/office/15/1-76831-A-42.wav
1-76831-A-42,siren,office,10,10.00249682399702,0.014751715518332603,-9.987745108478688,384,0.1971927999984473,benchmark_data/expanded_generated/dtln/outputs/office/10/1-76831-A-42.wav
1-76831-A-42,siren,office,5,4.999360259497554,0.004018116638012817,-4.995342142859542,384,0.1945166999939829,benchmark_data/expanded_generated/dtln/outputs/office/5/1-76831-A-42.wav
1-76831-A-42,siren,office,0,0.009461979192456041,-0.05052890234577474,-0.05999088153823078,384,0.21246820001397282,benchmark_data/expanded_generated/dtln/outputs/office/0/1-76831-A-42.wav
1-76831-B-42,siren,office,20,20.005471101198474,-0.00036134722078210097,-20.005832448419255,384,0.19543369999155402,benchmark_data/expanded_generated/dtln/outputs/office/20/1-76831-B-42.wav
1-76831-B-42,siren,office,15,15.00723575309844,0.004713399291305603,-15.002522353807134,384,0.22449290001532063,benchmark_data/expanded_generated/dtln/outputs/office/15/1-76831-B-42.wav
1-76831-B-42,siren,office,10,10.006306844917122,0.006851317959257673,-9.999455526957863,384,0.20753370004240423,benchmark_data/expanded_generated/dtln/outputs/office/10/1-76831-B-42.wav
1-76831-B-42,siren,office,5,5.0056924070820905,0.03422668506996805,-4.971465722012122,384,0.2114453000249341,benchmark_data/expanded_generated/dtln/outputs/office/5/1-76831-B-42.wav
1-76831-B-42,siren,office,0,0.0016257028819314393,0.03798784060937647,0.03636213772744503,384,0.1921405000030063,benchmark_data/expanded_generated/dtln/outputs/office/0/1-76831-B-42.wav
1-17124-A-43,vehicle_horn,office,20,20.00603014500314,0.060144023049629236,-19.94588612195351,384,0.20590529998298734,benchmark_data/expanded_generated/dtln/outputs/office/20/1-17124-A-43.wav
1-17124-A-43,vehicle_horn,office,15,15.014724167809085,0.018589857208364195,-14.996134310600722,384,0.18341510003665462,benchmark_data/expanded_generated/dtln/outputs/office/15/1-17124-A-43.wav
1-17124-A-43,vehicle_horn,office,10,10.008321966283606,0.05431544097170688,-9.9540065253119,384,0.19231810001656413,benchmark_data/expanded_generated/dtln/outputs/office/10/1-17124-A-43.wav
1-17124-A-43,vehicle_horn,office,5,5.018088727633556,0.02754584413412313,-4.990542883499432,384,0.20867909997468814,benchmark_data/expanded_generated/dtln/outputs/office/5/1-17124-A-43.wav
1-17124-A-43,vehicle_horn,office,0,0.02170424750017961,0.06382846208227226,0.04212421458209265,384,0.20436119998339564,benchmark_data/expanded_generated/dtln/outputs/office/0/1-17124-A-43.wav
1-19026-A-43,vehicle_horn,office,20,19.978885356250863,22.13511283043897,2.156227474188107,384,0.20014750002883375,benchmark_data/expanded_generated/dtln/outputs/office/20/1-19026-A-43.wav
1-19026-A-43,vehicle_horn,office,15,14.978725495129739,23.991093810642305,9.012368315512566,384,0.17431220004800707,benchmark_data/expanded_generated/dtln/outputs/office/15/1-19026-A-43.wav
1-19026-A-43,vehicle_horn,office,10,9.981115206301913,19.009487260699967,9.028372054398053,384,0.20701529999496415,benchmark_data/expanded_generated/dtln/outputs/office/10/1-19026-A-43.wav
1-19026-A-43,vehicle_horn,office,5,4.978229580428618,19.230069119327716,14.251839538899098,384,0.2036822999943979,benchmark_data/expanded_generated/dtln/outputs/office/5/1-19026-A-43.wav
1-19026-A-43,vehicle_horn,office,0,-0.011528019528318596,16.68912560692686,16.70065362645518,384,0.19362119998550043,benchmark_data/expanded_generated/dtln/outputs/office/0/1-19026-A-43.wav
1-24074-A-43,vehicle_horn,office,20,19.997658559389965,0.033665888890261536,-19.963992670499703,384,0.19503489998169243,benchmark_data/expanded_generated/dtln/outputs/office/20/1-24074-A-43.wav
1-24074-A-43,vehicle_horn,office,15,14.993896193366393,0.030646175151595387,-14.963250018214797,384,0.19005610002204776,benchmark_data/expanded_generated/dtln/outputs/office/15/1-24074-A-43.wav
1-24074-A-43,vehicle_horn,office,10,9.991480340445257,0.03418778202047352,-9.957292558424783,384,0.1965467000263743,benchmark_data/expanded_generated/dtln/outputs/office/10/1-24074-A-43.wav
1-24074-A-43,vehicle_horn,office,5,5.023197138565035,0.030984127900200005,-4.992213010664835,384,0.20911160000832751,benchmark_data/expanded_generated/dtln/outputs/office/5/1-24074-A-43.wav
1-24074-A-43,vehicle_horn,office,0,-0.027251508064269646,0.009346725273381979,0.03659823333765162,384,0.20952450000913814,benchmark_data/expanded_generated/dtln/outputs/office/0/1-24074-A-43.wav
1-24076-A-43,vehicle_horn,office,20,19.9717738498558,3.16553841840756,-16.80623543144824,384,0.18232960003660992,benchmark_data/expanded_generated/dtln/outputs/office/20/1-24076-A-43.wav
1-24076-A-43,vehicle_horn,office,15,14.984646517844347,2.9588918070456423,-12.025754710798704,384,0.1970067999791354,benchmark_data/expanded_generated/dtln/outputs/office/15/1-24076-A-43.wav
1-24076-A-43,vehicle_horn,office,10,9.979572908538362,2.9026324438686153,-7.076940464669747,384,0.2129772999905981,benchmark_data/expanded_generated/dtln/outputs/office/10/1-24076-A-43.wav
1-24076-A-43,vehicle_horn,office,5,4.938818242582746,1.442699746500067,-3.496118496082679,384,0.19317809998756275,benchmark_data/expanded_generated/dtln/outputs/office/5/1-24076-A-43.wav
1-24076-A-43,vehicle_horn,office,0,0.03334350360847601,4.596513142441633,4.563169638833156,384,0.19910610001534224,benchmark_data/expanded_generated/dtln/outputs/office/0/1-24076-A-43.wav
1-254507-A-43,vehicle_horn,office,20,19.994750148706256,0.08046308647993322,-19.91428706222632,384,0.20333230000687763,benchmark_data/expanded_generated/dtln/outputs/office/20/1-254507-A-43.wav
1-254507-A-43,vehicle_horn,office,15,14.986453286487976,0.0911443879505403,-14.895308898537435,384,0.1998796999687329,benchmark_data/expanded_generated/dtln/outputs/office/15/1-254507-A-43.wav
1-254507-A-43,vehicle_horn,office,10,9.996039955430145,0.1116848255066679,-9.884355129923478,384,0.20962830004282296,benchmark_data/expanded_generated/dtln/outputs/office/10/1-254507-A-43.wav
1-254507-A-43,vehicle_horn,office,5,4.9996829136504255,0.1410357964794987,-4.858647117170927,384,0.23465180001221597,benchmark_data/expanded_generated/dtln/outputs/office/5/1-254507-A-43.wav
1-254507-A-43,vehicle_horn,office,0,-0.014397086420860176,0.15722176312115724,0.17161884954201742,384,0.1946754000382498,benchmark_data/expanded_generated/dtln/outputs/office/0/1-254507-A-43.wav
1-187207-A-20,baby_crying,home,20,20.01279351391021,16.96209801313661,-3.0506955007735996,384,0.20170400000642985,benchmark_data/expanded_generated/dtln/outputs/home/20/1-187207-A-20.wav
1-187207-A-20,baby_crying,home,15,15.005716127395312,16.65415544462237,1.6484393172270568,384,0.1883665999630466,benchmark_data/expanded_generated/dtln/outputs/home/15/1-187207-A-20.wav
1-187207-A-20,baby_crying,home,10,10.009551778556048,14.992450817883306,4.982899039327258,384,0.1973086999496445,benchmark_data/expanded_generated/dtln/outputs/home/10/1-187207-A-20.wav
1-187207-A-20,baby_crying,home,5,5.007267983935922,3.090421497991497,-1.9168464859444247,384,0.20767430000705644,benchmark_data/expanded_generated/dtln/outputs/home/5/1-187207-A-20.wav
1-187207-A-20,baby_crying,home,0,0.004806188209372359,1.7123079081277692,1.7075017199183968,384,0.20467950002057478,benchmark_data/expanded_generated/dtln/outputs/home/0/1-187207-A-20.wav
1-211527-A-20,baby_crying,home,20,19.951170800119623,0.017878813594106733,-19.933291986525518,384,0.20246469997800887,benchmark_data/expanded_generated/dtln/outputs/home/20/1-211527-A-20.wav
1-211527-A-20,baby_crying,home,15,14.948030575149186,0.008841144550070614,-14.939189430599116,384,0.20854379999218509,benchmark_data/expanded_generated/dtln/outputs/home/15/1-211527-A-20.wav
1-211527-A-20,baby_crying,home,10,9.948980744841217,0.011622909543744354,-9.937357835297473,384,0.20051480003166944,benchmark_data/expanded_generated/dtln/outputs/home/10/1-211527-A-20.wav
1-211527-A-20,baby_crying,home,5,4.921816606176911,-0.0007204179169435883,-4.922537024093855,384,0.1651846999884583,benchmark_data/expanded_generated/dtln/outputs/home/5/1-211527-A-20.wav
1-211527-A-20,baby_crying,home,0,-0.05059523028303558,-0.3162943104483001,-0.2656990801652645,384,0.210385300044436,benchmark_data/expanded_generated/dtln/outputs/home/0/1-211527-A-20.wav
1-211527-B-20,baby_crying,home,20,19.99340476522587,7.13278427912419,-12.860620486101677,384,0.16040029999567196,benchmark_data/expanded_generated/dtln/outputs/home/20/1-211527-B-20.wav
1-211527-B-20,baby_crying,home,15,14.992117785857623,0.39344412345101365,-14.59867366240661,384,0.20726819999981672,benchmark_data/expanded_generated/dtln/outputs/home/15/1-211527-B-20.wav
1-211527-B-20,baby_crying,home,10,10.004362596826535,2.319316567294418,-7.685046029532117,384,0.21475119999377057,benchmark_data/expanded_generated/dtln/outputs/home/10/1-211527-B-20.wav
1-211527-B-20,baby_crying,home,5,4.994881532648949,0.3566889904002607,-4.638192542248689,384,0.18308629997773096,benchmark_data/expanded_generated/dtln/outputs/home/5/1-211527-B-20.wav
1-211527-B-20,baby_crying,home,0,0.10240964269904551,0.5072407067359259,0.4048310640368804,384,0.1880513999494724,benchmark_data/expanded_generated/dtln/outputs/home/0/1-211527-B-20.wav
1-211527-C-20,baby_crying,home,20,19.89076975724864,10.982240940534759,-8.908528816713883,384,0.21360049996292219,benchmark_data/expanded_generated/dtln/outputs/home/20/1-211527-C-20.wav
1-211527-C-20,baby_crying,home,15,14.89198324538393,8.575528696673265,-6.316454548710665,384,0.2137545000296086,benchmark_data/expanded_generated/dtln/outputs/home/15/1-211527-C-20.wav
1-211527-C-20,baby_crying,home,10,9.886246326108337,0.06047094923901021,-9.825775376869327,384,0.17268940003123134,benchmark_data/expanded_generated/dtln/outputs/home/10/1-211527-C-20.wav
1-211527-C-20,baby_crying,home,5,4.888129464701999,-0.20445801507244957,-5.092587479774449,384,0.19686080003157258,benchmark_data/expanded_generated/dtln/outputs/home/5/1-211527-C-20.wav
1-211527-C-20,baby_crying,home,0,-0.07549394639322687,0.025773597713438116,0.101267544106665,384,0.2139902000199072,benchmark_data/expanded_generated/dtln/outputs/home/0/1-211527-C-20.wav
1-22694-A-20,baby_crying,home,20,19.97912067469993,0.13120770978436533,-19.847912964915565,384,0.19419160002144054,benchmark_data/expanded_generated/dtln/outputs/home/20/1-22694-A-20.wav
1-22694-A-20,baby_crying,home,15,14.983707294059016,0.0653332632867827,-14.918374030772233,384,0.1894249999895692,benchmark_data/expanded_generated/dtln/outputs/home/15/1-22694-A-20.wav
1-22694-A-20,baby_crying,home,10,9.98011009168469,0.03911844270290035,-9.94099164898179,384,0.2578460000222549,benchmark_data/expanded_generated/dtln/outputs/home/10/1-22694-A-20.wav
1-22694-A-20,baby_crying,home,5,4.990474344708081,0.048249816452579156,-4.942224528255501,384,0.2239623999921605,benchmark_data/expanded_generated/dtln/outputs/home/5/1-22694-A-20.wav
1-22694-A-20,baby_crying,home,0,-0.023188387093074223,-0.10990256165909959,-0.08671417456602537,384,0.2139794999966398,benchmark_data/expanded_generated/dtln/outputs/home/0/1-22694-A-20.wav
1-100032-A-0,dog_barking,home,20,20.004472054698432,0.11208400772367591,-19.892388046974755,384,0.220481300028041,benchmark_data/expanded_generated/dtln/outputs/home/20/1-100032-A-0.wav
1-100032-A-0,dog_barking,home,15,14.998439620292977,0.1457195251188858,-14.852720095174092,384,0.24184430000605062,benchmark_data/expanded_generated/dtln/outputs/home/15/1-100032-A-0.wav
1-100032-A-0,dog_barking,home,10,10.010847454601786,0.17313503330691624,-9.837712421294869,384,0.27403799997409806,benchmark_data/expanded_generated/dtln/outputs/home/10/1-100032-A-0.wav
1-100032-A-0,dog_barking,home,5,4.998390481418143,-0.007607311965074133,-5.005997793383218,244,0.22455590002937242,benchmark_data/expanded_generated/dtln/outputs/home/5/1-100032-A-0.wav
1-100032-A-0,dog_barking,home,0,-0.0014793689805733215,0.8345540123197731,0.8360333813003464,384,0.2144127000356093,benchmark_data/expanded_generated/dtln/outputs/home/0/1-100032-A-0.wav
1-110389-A-0,dog_barking,home,20,20.006722295213887,18.665603745326145,-1.3411185498877423,384,0.25632250000489876,benchmark_data/expanded_generated/dtln/outputs/home/20/1-110389-A-0.wav
1-110389-A-0,dog_barking,home,15,15.013998874562848,9.525618963600449,-5.488379910962399,384,0.2194712000200525,benchmark_data/expanded_generated/dtln/outputs/home/15/1-110389-A-0.wav
1-110389-A-0,dog_barking,home,10,9.99354887841768,0.06966162311916799,-9.923887255298512,384,0.21725229994626716,benchmark_data/expanded_generated/dtln/outputs/home/10/1-110389-A-0.wav
1-110389-A-0,dog_barking,home,5,4.988837671880643,0.057922019571178,-4.930915652309465,384,0.21223069995176047,benchmark_data/expanded_generated/dtln/outputs/home/5/1-110389-A-0.wav
1-110389-A-0,dog_barking,home,0,-0.04711097356182774,0.19914449831768022,0.24625547187950797,384,0.22398479998810217,benchmark_data/expanded_generated/dtln/outputs/home/0/1-110389-A-0.wav
1-30226-A-0,dog_barking,home,20,20.002813281504107,0.46100659327443755,-19.54180668822967,384,0.2103787999949418,benchmark_data/expanded_generated/dtln/outputs/home/20/1-30226-A-0.wav
1-30226-A-0,dog_barking,home,15,15.005815730363574,0.5120438242595174,-14.493771906104056,384,0.2549818999832496,benchmark_data/expanded_generated/dtln/outputs/home/15/1-30226-A-0.wav
1-30226-A-0,dog_barking,home,10,9.986772382993124,0.35516803375031647,-9.631604349242807,384,0.2305486000259407,benchmark_data/expanded_generated/dtln/outputs/home/10/1-30226-A-0.wav
1-30226-A-0,dog_barking,home,5,5.02281798980831,0.7095318501417887,-4.313286139666522,384,0.212905399966985,benchmark_data/expanded_generated/dtln/outputs/home/5/1-30226-A-0.wav
1-30226-A-0,dog_barking,home,0,-0.003181220954284323,0.17835893373413655,0.18154015468842088,384,0.19490100000984967,benchmark_data/expanded_generated/dtln/outputs/home/0/1-30226-A-0.wav
1-30344-A-0,dog_barking,home,20,20.011371990342482,0.02468308813094263,-19.98668890221154,384,0.2232250000233762,benchmark_data/expanded_generated/dtln/outputs/home/20/1-30344-A-0.wav
1-30344-A-0,dog_barking,home,15,15.024462286525054,0.13457641365077772,-14.889885872874276,384,0.2210087000275962,benchmark_data/expanded_generated/dtln/outputs/home/15/1-30344-A-0.wav
1-30344-A-0,dog_barking,home,10,10.008275347348714,0.030394209172436258,-9.977881138176278,384,0.2076731999986805,benchmark_data/expanded_generated/dtln/outputs/home/10/1-30344-A-0.wav
1-30344-A-0,dog_barking,home,5,5.010229541110372,0.05611186237988457,-4.954117678730488,384,0.22037180000916123,benchmark_data/expanded_generated/dtln/outputs/home/5/1-30344-A-0.wav
1-30344-A-0,dog_barking,home,0,0.011753007064102903,1.618136871378012,1.606383864313909,384,0.2209162999643013,benchmark_data/expanded_generated/dtln/outputs/home/0/1-30344-A-0.wav
1-32318-A-0,dog_barking,home,20,20.009982030963368,0.03807458326901847,-19.97190744769435,-686,0.19676459999755025,benchmark_data/expanded_generated/dtln/outputs/home/20/1-32318-A-0.wav
1-32318-A-0,dog_barking,home,15,14.994646516014072,0.03799074549336882,-14.956655770520703,-686,0.20235800003865734,benchmark_data/expanded_generated/dtln/outputs/home/15/1-32318-A-0.wav
1-32318-A-0,dog_barking,home,10,9.979328286753548,0.04196490159835482,-9.937363385155193,384,0.2055328999995254,benchmark_data/expanded_generated/dtln/outputs/home/10/1-32318-A-0.wav
1-32318-A-0,dog_barking,home,5,5.058759593032755,0.3069716756736338,-4.75178791735912,384,0.23216289997799322,benchmark_data/expanded_generated/dtln/outputs/home/5/1-32318-A-0.wav
1-32318-A-0,dog_barking,home,0,-0.0477563576271422,0.23291502581328244,0.28067138344042464,384,0.24016099999425933,benchmark_data/expanded_generated/dtln/outputs/home/0/1-32318-A-0.wav
1-101336-A-30,door_activity,home,20,19.98697830151962,0.12014812385801624,-19.866830177661605,384,0.20832599996356294,benchmark_data/expanded_generated/dtln/outputs/home/20/1-101336-A-30.wav
1-101336-A-30,door_activity,home,15,15.003068474491844,0.06213108073093576,-14.940937393760908,325,0.20811090001370758,benchmark_data/expanded_generated/dtln/outputs/home/15/1-101336-A-30.wav
1-101336-A-30,door_activity,home,10,9.982828017498521,0.5438664432451228,-9.438961574253398,384,0.17723339999793097,benchmark_data/expanded_generated/dtln/outputs/home/10/1-101336-A-30.wav
1-101336-A-30,door_activity,home,5,5.022087601644758,0.21481307397277574,-4.807274527671982,384,0.20463490003021434,benchmark_data/expanded_generated/dtln/outputs/home/5/1-101336-A-30.wav
1-101336-A-30,door_activity,home,0,-0.026216799029024837,0.40893592448664245,0.4351527235156673,384,0.20740019995719194,benchmark_data/expanded_generated/dtln/outputs/home/0/1-101336-A-30.wav
1-103995-A-30,door_activity,home,20,20.010900353711207,0.8991631580763005,-19.111737195634905,384,0.19195899995975196,benchmark_data/expanded_generated/dtln/outputs/home/20/1-103995-A-30.wav
1-103995-A-30,door_activity,home,15,14.958107260646102,1.0232621148631629,-13.934845145782939,384,0.1949453999986872,benchmark_data/expanded_generated/dtln/outputs/home/15/1-103995-A-30.wav
1-103995-A-30,door_activity,home,10,10.046519357517475,0.6200267364167457,-9.42649262110073,384,0.18948990001808852,benchmark_data/expanded_generated/dtln/outputs/home/10/1-103995-A-30.wav
1-103995-A-30,door_activity,home,5,4.9611413601961365,0.39132735353116155,-4.569814006664975,384,0.18960040004458278,benchmark_data/expanded_generated/dtln/outputs/home/5/1-103995-A-30.wav
1-103995-A-30,door_activity,home,0,0.2160301711176811,0.5816430805310153,0.36561290941333424,384,0.19445139996241778,benchmark_data/expanded_generated/dtln/outputs/home/0/1-103995-A-30.wav
1-103999-A-30,door_activity,home,20,20.011708403158174,3.408898663618352,-16.602809739539822,384,0.1915028000366874,benchmark_data/expanded_generated/dtln/outputs/home/20/1-103999-A-30.wav
1-103999-A-30,door_activity,home,15,15.023646870358998,3.6651531198802445,-11.358493750478754,384,0.17698500002734363,benchmark_data/expanded_generated/dtln/outputs/home/15/1-103999-A-30.wav
1-103999-A-30,door_activity,home,10,10.004123187127217,3.0229990324179234,-6.981124154709294,384,0.24421089998213574,benchmark_data/expanded_generated/dtln/outputs/home/10/1-103999-A-30.wav
1-103999-A-30,door_activity,home,5,5.004287303827535,1.8313524249642423,-3.172934878863293,384,0.1971168000018224,benchmark_data/expanded_generated/dtln/outputs/home/5/1-103999-A-30.wav
1-103999-A-30,door_activity,home,0,0.21192934429264443,1.3716818302281288,1.1597524859354844,384,0.2461648000171408,benchmark_data/expanded_generated/dtln/outputs/home/0/1-103999-A-30.wav
1-26188-A-30,door_activity,home,20,20.038414382509053,0.10922511272822036,-19.92918926978083,384,0.21868270001141354,benchmark_data/expanded_generated/dtln/outputs/home/20/1-26188-A-30.wav
1-26188-A-30,door_activity,home,15,15.060547117734677,0.08061578178126569,-14.979931335953411,384,0.2199274000013247,benchmark_data/expanded_generated/dtln/outputs/home/15/1-26188-A-30.wav
1-26188-A-30,door_activity,home,10,9.920233955975592,0.09671389491096359,-9.823520061064627,384,0.24723509995965287,benchmark_data/expanded_generated/dtln/outputs/home/10/1-26188-A-30.wav
1-26188-A-30,door_activity,home,5,5.087535402021647,0.08721248257517583,-5.000322919446472,384,0.2902159999939613,benchmark_data/expanded_generated/dtln/outputs/home/5/1-26188-A-30.wav
1-26188-A-30,door_activity,home,0,-0.12944337413863766,-0.2641956696643996,-0.13475229552576196,384,0.20495929999742657,benchmark_data/expanded_generated/dtln/outputs/home/0/1-26188-A-30.wav
1-52290-A-30,door_activity,home,20,19.99833838322195,1.409073743444957,-18.589264639776992,384,0.2092922999872826,benchmark_data/expanded_generated/dtln/outputs/home/20/1-52290-A-30.wav
1-52290-A-30,door_activity,home,15,15.01241796679668,0.5475648678522473,-14.464853098944431,384,0.19175730005372316,benchmark_data/expanded_generated/dtln/outputs/home/15/1-52290-A-30.wav
1-52290-A-30,door_activity,home,10,9.960487146251179,1.8131944548962864,-8.147292691354892,384,0.20271410001441836,benchmark_data/expanded_generated/dtln/outputs/home/10/1-52290-A-30.wav
1-52290-A-30,door_activity,home,5,4.968279460094315,1.1319514200978655,-3.8363280399964497,384,0.20639470004243776,benchmark_data/expanded_generated/dtln/outputs/home/5/1-52290-A-30.wav
1-52290-A-30,door_activity,home,0,0.09860891720365098,1.5266948889156562,1.4280859717120051,384,0.19701460003852844,benchmark_data/expanded_generated/dtln/outputs/home/0/1-52290-A-30.wav
1-17150-A-12,fire,home,20,18.834587062424447,0.2821626083895789,-18.552424454034867,384,0.19524730002740398,benchmark_data/expanded_generated/dtln/outputs/home/20/1-17150-A-12.wav
1-17150-A-12,fire,home,15,13.865097643254034,0.4584289600158632,-13.40666868323817,384,0.19052709999959916,benchmark_data/expanded_generated/dtln/outputs/home/15/1-17150-A-12.wav
1-17150-A-12,fire,home,10,8.965072795170183,0.8203477230572654,-8.144725072112918,384,0.16877250000834465,benchmark_data/expanded_generated/dtln/outputs/home/10/1-17150-A-12.wav
1-17150-A-12,fire,home,5,3.789370853864427,0.6057885045017353,-3.183582349362692,384,0.2133767000050284,benchmark_data/expanded_generated/dtln/outputs/home/5/1-17150-A-12.wav
1-17150-A-12,fire,home,0,-1.2830336201583283,-0.23623307046150607,1.0468005496968222,384,0.2089088999782689,benchmark_data/expanded_generated/dtln/outputs/home/0/1-17150-A-12.wav
1-17565-A-12,fire,home,20,19.72808138423828,0.4318353116250557,-19.296246072613226,384,0.1996991999913007,benchmark_data/expanded_generated/dtln/outputs/home/20/1-17565-A-12.wav
1-17565-A-12,fire,home,15,14.729813439050506,0.4415914771159296,-14.288221961934576,384,0.20203019998734817,benchmark_data/expanded_generated/dtln/outputs/home/15/1-17565-A-12.wav
1-17565-A-12,fire,home,10,9.718556051789518,0.2962246242347268,-9.422331427554791,384,0.19471740000881255,benchmark_data/expanded_generated/dtln/outputs/home/10/1-17565-A-12.wav
1-17565-A-12,fire,home,5,4.764344639463847,0.5512740669076124,-4.2130705725562345,384,0.25655779999215156,benchmark_data/expanded_generated/dtln/outputs/home/5/1-17565-A-12.wav
1-17565-A-12,fire,home,0,-0.2809441644634263,0.3819718070024825,0.6629159714659087,384,0.2704477999941446,benchmark_data/expanded_generated/dtln/outputs/home/0/1-17565-A-12.wav
1-17742-A-12,fire,home,20,16.533917031766986,1.3195070104193065,-15.21441002134768,384,0.2202157999854535,benchmark_data/expanded_generated/dtln/outputs/home/20/1-17742-A-12.wav
1-17742-A-12,fire,home,15,11.517652503589764,1.1300083303621697,-10.387644173227594,384,0.3330652000149712,benchmark_data/expanded_generated/dtln/outputs/home/15/1-17742-A-12.wav
1-17742-A-12,fire,home,10,6.495133417140833,0.8740805147262575,-5.621052902414576,384,0.22172030003275722,benchmark_data/expanded_generated/dtln/outputs/home/10/1-17742-A-12.wav
1-17742-A-12,fire,home,5,1.585552071591096,2.1120569795765314,0.5265049079854354,384,0.21034979994874448,benchmark_data/expanded_generated/dtln/outputs/home/5/1-17742-A-12.wav
1-17742-A-12,fire,home,0,-3.451009030107813,1.6319620093300615,5.082971039437875,384,0.16348550003021955,benchmark_data/expanded_generated/dtln/outputs/home/0/1-17742-A-12.wav
1-17808-A-12,fire,home,20,20.047079628021063,0.11373506624198568,-19.933344561779077,384,0.1729423999786377,benchmark_data/expanded_generated/dtln/outputs/home/20/1-17808-A-12.wav
1-17808-A-12,fire,home,15,15.09049764642808,0.11626432116108644,-14.974233325266994,384,0.22170910000568256,benchmark_data/expanded_generated/dtln/outputs/home/15/1-17808-A-12.wav
1-17808-A-12,fire,home,10,10.158721486030608,0.14977233030307324,-10.008949155727535,384,0.20500789996003732,benchmark_data/expanded_generated/dtln/outputs/home/10/1-17808-A-12.wav
1-17808-A-12,fire,home,5,4.816433733503146,0.1483157419160414,-4.6681179915871045,384,0.20235179999144748,benchmark_data/expanded_generated/dtln/outputs/home/5/1-17808-A-12.wav
1-17808-A-12,fire,home,0,0.4040547957221726,-0.0361096819164253,-0.4401644776385979,384,0.20367529999930412,benchmark_data/expanded_generated/dtln/outputs/home/0/1-17808-A-12.wav
1-17808-B-12,fire,home,20,19.799279236007926,0.13842030929855328,-19.660858926709373,384,0.2659741000388749,benchmark_data/expanded_generated/dtln/outputs/home/20/1-17808-B-12.wav
1-17808-B-12,fire,home,15,14.720255250558125,0.13751395536070385,-14.58274129519742,384,0.21530039998469874,benchmark_data/expanded_generated/dtln/outputs/home/15/1-17808-B-12.wav
1-17808-B-12,fire,home,10,9.783466646731338,0.1873082961503431,-9.596158350580994,384,0.20740749995457008,benchmark_data/expanded_generated/dtln/outputs/home/10/1-17808-B-12.wav
1-17808-B-12,fire,home,5,4.729368219315059,0.20521435290568793,-4.524153866409371,384,0.21756699995603412,benchmark_data/expanded_generated/dtln/outputs/home/5/1-17808-B-12.wav
1-17808-B-12,fire,home,0,0.4619076280520046,0.13670253983682762,-0.32520508821517696,384,0.17191319999983534,benchmark_data/expanded_generated/dtln/outputs/home/0/1-17808-B-12.wav
1-20133-A-39,glass_breaking,home,20,18.822548287789285,0.25690012697013914,-18.565648160819148,384,0.21087279997300357,benchmark_data/expanded_generated/dtln/outputs/home/20/1-20133-A-39.wav
1-20133-A-39,glass_breaking,home,15,13.809635025090385,0.24072000518464612,-13.568915019905738,384,0.18800750002264977,benchmark_data/expanded_generated/dtln/outputs/home/15/1-20133-A-39.wav
1-20133-A-39,glass_breaking,home,10,8.763461222002245,0.19015205837325827,-8.573309163628988,384,0.21197619999293238,benchmark_data/expanded_generated/dtln/outputs/home/10/1-20133-A-39.wav
1-20133-A-39,glass_breaking,home,5,3.788156235469735,0.29932901157463826,-3.488827223895097,384,0.2014426999958232,benchmark_data/expanded_generated/dtln/outputs/home/5/1-20133-A-39.wav
1-20133-A-39,glass_breaking,home,0,-1.251715733352396,0.14134741869128334,1.3930631520436794,384,0.16476730001159012,benchmark_data/expanded_generated/dtln/outputs/home/0/1-20133-A-39.wav
1-84536-A-39,glass_breaking,home,20,17.06084213842496,1.2048109107190916,-15.856031227705868,384,0.22355019999668002,benchmark_data/expanded_generated/dtln/outputs/home/20/1-84536-A-39.wav
1-84536-A-39,glass_breaking,home,15,12.085933499568483,0.8371291697781695,-11.248804329790314,384,0.21948700002394617,benchmark_data/expanded_generated/dtln/outputs/home/15/1-84536-A-39.wav
1-84536-A-39,glass_breaking,home,10,7.072496413590494,0.37672599871707785,-6.695770414873417,384,0.19732529995962977,benchmark_data/expanded_generated/dtln/outputs/home/10/1-84536-A-39.wav
1-84536-A-39,glass_breaking,home,5,1.9662816243591854,-0.030175545711267075,-1.9964571700704525,384,0.20646670000860468,benchmark_data/expanded_generated/dtln/outputs/home/5/1-84536-A-39.wav
1-84536-A-39,glass_breaking,home,0,-2.8202327185018476,0.5654468057870373,3.385679524288885,384,0.19729550002375618,benchmark_data/expanded_generated/dtln/outputs/home/0/1-84536-A-39.wav
1-84704-A-39,glass_breaking,home,20,18.891554505977904,0.11357535221901228,-18.777979153758892,384,0.18618080002488568,benchmark_data/expanded_generated/dtln/outputs/home/20/1-84704-A-39.wav
1-84704-A-39,glass_breaking,home,15,13.879158293009466,0.12272354349922047,-13.756434749510245,384,0.2502823999966495,benchmark_data/expanded_generated/dtln/outputs/home/15/1-84704-A-39.wav
1-84704-A-39,glass_breaking,home,10,8.92766077027843,0.07044468214583736,-8.857216088132594,384,0.2133208999875933,benchmark_data/expanded_generated/dtln/outputs/home/10/1-84704-A-39.wav
1-84704-A-39,glass_breaking,home,5,3.8725512896447336,0.10486661687897207,-3.7676846727657614,384,0.21369980002054945,benchmark_data/expanded_generated/dtln/outputs/home/5/1-84704-A-39.wav
1-84704-A-39,glass_breaking,home,0,-1.1857423085026628,-0.052755852228390444,1.1329864562742724,384,0.17601419996935874,benchmark_data/expanded_generated/dtln/outputs/home/0/1-84704-A-39.wav
1-84705-A-39,glass_breaking,home,20,18.99605968142907,0.5137253811126232,-18.482334300316445,384,0.19590019999304786,benchmark_data/expanded_generated/dtln/outputs/home/20/1-84705-A-39.wav
1-84705-A-39,glass_breaking,home,15,13.98254210539961,0.45833214030200675,-13.524209965097603,384,0.20137210004031658,benchmark_data/expanded_generated/dtln/outputs/home/15/1-84705-A-39.wav
1-84705-A-39,glass_breaking,home,10,9.004353247992059,0.4881712042335365,-8.516182043758523,384,0.21398230001796037,benchmark_data/expanded_generated/dtln/outputs/home/10/1-84705-A-39.wav
1-84705-A-39,glass_breaking,home,5,3.9760191853286484,0.29248176589603536,-3.683537419432613,384,0.18939449999015778,benchmark_data/expanded_generated/dtln/outputs/home/5/1-84705-A-39.wav
1-84705-A-39,glass_breaking,home,0,-1.024289183628361,0.004903933406509532,1.0291931170348705,384,0.20570629998110235,benchmark_data/expanded_generated/dtln/outputs/home/0/1-84705-A-39.wav
1-85168-A-39,glass_breaking,home,20,15.159188515909605,0.05359557982586644,-15.105592936083738,384,0.1962486999691464,benchmark_data/expanded_generated/dtln/outputs/home/20/1-85168-A-39.wav
1-85168-A-39,glass_breaking,home,15,10.141499113578398,0.03494218541788985,-10.106556928160508,384,0.21365729998797178,benchmark_data/expanded_generated/dtln/outputs/home/15/1-85168-A-39.wav
1-85168-A-39,glass_breaking,home,10,5.146573563739535,0.005648362799153269,-5.140925200940382,384,0.2013091000262648,benchmark_data/expanded_generated/dtln/outputs/home/10/1-85168-A-39.wav
1-85168-A-39,glass_breaking,home,5,0.15129681878293882,0.050099374219758915,-0.10119744456317992,384,0.20387839997420087,benchmark_data/expanded_generated/dtln/outputs/home/5/1-85168-A-39.wav
1-85168-A-39,glass_breaking,home,0,-4.80285234249763,-0.39060768819682434,4.412244654300806,384,0.21108499995898455,benchmark_data/expanded_generated/dtln/outputs/home/0/1-85168-A-39.wav
1-31482-A-42,siren,home,20,20.01040851828412,6.93791054925447,-13.07249796902965,384,0.206976699992083,benchmark_data/expanded_generated/dtln/outputs/home/20/1-31482-A-42.wav
1-31482-A-42,siren,home,15,15.001583774024379,6.376861701928062,-8.624722072096317,384,0.2053963000071235,benchmark_data/expanded_generated/dtln/outputs/home/15/1-31482-A-42.wav
1-31482-A-42,siren,home,10,10.029467682606342,9.185917264882397,-0.8435504177239448,384,0.20255280000856146,benchmark_data/expanded_generated/dtln/outputs/home/10/1-31482-A-42.wav
1-31482-A-42,siren,home,5,5.014167051086,9.79551620154356,4.78134915045756,384,0.21437150001293048,benchmark_data/expanded_generated/dtln/outputs/home/5/1-31482-A-42.wav
1-31482-A-42,siren,home,0,0.02678969383758073,1.3505424521688685,1.3237527583312878,384,0.256367499998305,benchmark_data/expanded_generated/dtln/outputs/home/0/1-31482-A-42.wav
1-31482-B-42,siren,home,20,20.020989245522372,0.039844229712372926,-19.98114501581,384,0.25941519998013973,benchmark_data/expanded_generated/dtln/outputs/home/20/1-31482-B-42.wav
1-31482-B-42,siren,home,15,14.974194661162127,0.03734545486268166,-14.936849206299446,384,0.24635899998247623,benchmark_data/expanded_generated/dtln/outputs/home/15/1-31482-B-42.wav
1-31482-B-42,siren,home,10,10.086892831414238,0.038753943089346585,-10.04813888832489,384,0.2687535000150092,benchmark_data/expanded_generated/dtln/outputs/home/10/1-31482-B-42.wav
1-31482-B-42,siren,home,5,5.106488095815262,0.025495582326350415,-5.080992513488912,384,0.23416910000378266,benchmark_data/expanded_generated/dtln/outputs/home/5/1-31482-B-42.wav
1-31482-B-42,siren,home,0,-0.2746273960511175,0.04471614074564555,0.3193435367967631,384,0.20924739999463782,benchmark_data/expanded_generated/dtln/outputs/home/0/1-31482-B-42.wav
1-54084-A-42,siren,home,20,20.01220629816114,0.08675106935855638,-19.925455228802583,384,0.1957706999965012,benchmark_data/expanded_generated/dtln/outputs/home/20/1-54084-A-42.wav
1-54084-A-42,siren,home,15,15.00983832608888,0.09383027897608409,-14.916008047112797,384,0.24733839998953044,benchmark_data/expanded_generated/dtln/outputs/home/15/1-54084-A-42.wav
1-54084-A-42,siren,home,10,10.011395137929282,0.024582404531923133,-9.98681273339736,384,0.20179479999933392,benchmark_data/expanded_generated/dtln/outputs/home/10/1-54084-A-42.wav
1-54084-A-42,siren,home,5,5.004575362303391,0.04604310283429025,-4.9585322594691,384,0.2095215999870561,benchmark_data/expanded_generated/dtln/outputs/home/5/1-54084-A-42.wav
1-54084-A-42,siren,home,0,0.061147352489041774,-0.3663840341077481,-0.4275313865967899,384,0.1984779000049457,benchmark_data/expanded_generated/dtln/outputs/home/0/1-54084-A-42.wav
1-76831-A-42,siren,home,20,20.00977487343315,0.002196974293024418,-20.007577899140127,384,0.19467090000398457,benchmark_data/expanded_generated/dtln/outputs/home/20/1-76831-A-42.wav
1-76831-A-42,siren,home,15,15.011311469280864,0.00835997750234037,-15.002951491778523,384,0.19884489994728938,benchmark_data/expanded_generated/dtln/outputs/home/15/1-76831-A-42.wav
1-76831-A-42,siren,home,10,10.00311298483094,-0.007349526237533056,-10.010462511068473,384,0.2291939999558963,benchmark_data/expanded_generated/dtln/outputs/home/10/1-76831-A-42.wav
1-76831-A-42,siren,home,5,5.017284829056984,-0.0056085282954775875,-5.022893357352461,384,0.21453210001345724,benchmark_data/expanded_generated/dtln/outputs/home/5/1-76831-A-42.wav
1-76831-A-42,siren,home,0,0.02771246101309001,-0.2043240368064664,-0.23203649781955643,384,0.2027515000081621,benchmark_data/expanded_generated/dtln/outputs/home/0/1-76831-A-42.wav
1-76831-B-42,siren,home,20,20.007138177487988,0.002970214666300263,-20.004167962821686,384,0.19959089998155832,benchmark_data/expanded_generated/dtln/outputs/home/20/1-76831-B-42.wav
1-76831-B-42,siren,home,15,15.004884910311988,0.01759856809262341,-14.987286342219365,384,0.19695459998911247,benchmark_data/expanded_generated/dtln/outputs/home/15/1-76831-B-42.wav
1-76831-B-42,siren,home,10,9.996154932312203,-0.014170258029843343,-10.010325190342046,384,0.18575069995131344,benchmark_data/expanded_generated/dtln/outputs/home/10/1-76831-B-42.wav
1-76831-B-42,siren,home,5,5.005206411062163,0.034112505003696725,-4.971093906058466,384,0.21057709999149665,benchmark_data/expanded_generated/dtln/outputs/home/5/1-76831-B-42.wav
1-76831-B-42,siren,home,0,0.015760269750625902,-0.09642214933684236,-0.11218241908746826,384,0.25600069999927655,benchmark_data/expanded_generated/dtln/outputs/home/0/1-76831-B-42.wav
1-17124-A-43,vehicle_horn,home,20,20.00274908727917,0.07948927954331231,-19.923259807735857,384,0.24141270003747195,benchmark_data/expanded_generated/dtln/outputs/home/20/1-17124-A-43.wav
1-17124-A-43,vehicle_horn,home,15,15.00065636346947,0.07844814605074313,-14.922208217418728,384,0.28725950000807643,benchmark_data/expanded_generated/dtln/outputs/home/15/1-17124-A-43.wav
1-17124-A-43,vehicle_horn,home,10,9.996390715882145,0.08142917687822682,-9.914961539003917,384,0.2253643999574706,benchmark_data/expanded_generated/dtln/outputs/home/10/1-17124-A-43.wav
1-17124-A-43,vehicle_horn,home,5,5.002297003041798,0.05207978980225299,-4.950217213239545,384,0.24752619996434078,benchmark_data/expanded_generated/dtln/outputs/home/5/1-17124-A-43.wav
1-17124-A-43,vehicle_horn,home,0,-0.029692244858985792,-0.1141800352651267,-0.0844877904061409,384,0.21660599997267127,benchmark_data/expanded_generated/dtln/outputs/home/0/1-17124-A-43.wav
1-19026-A-43,vehicle_horn,home,20,19.984011243645455,24.253900787331837,4.269889543686382,384,0.21130649995757267,benchmark_data/expanded_generated/dtln/outputs/home/20/1-19026-A-43.wav
1-19026-A-43,vehicle_horn,home,15,14.982979968202851,14.000579484850824,-0.982400483352027,384,0.2050122999935411,benchmark_data/expanded_generated/dtln/outputs/home/15/1-19026-A-43.wav
1-19026-A-43,vehicle_horn,home,10,9.975061625991298,0.03145617378785013,-9.943605452203448,384,0.23097690002759919,benchmark_data/expanded_generated/dtln/outputs/home/10/1-19026-A-43.wav
1-19026-A-43,vehicle_horn,home,5,4.98503379275721,10.154712808539365,5.1696790157821555,384,0.20631400001002476,benchmark_data/expanded_generated/dtln/outputs/home/5/1-19026-A-43.wav
1-19026-A-43,vehicle_horn,home,0,-0.025099569597499368,0.6929741794257753,0.7180737490232747,230,0.22665010002674535,benchmark_data/expanded_generated/dtln/outputs/home/0/1-19026-A-43.wav
1-24074-A-43,vehicle_horn,home,20,20.000381408731187,0.034946434628446835,-19.965434974102738,384,0.22186300001339987,benchmark_data/expanded_generated/dtln/outputs/home/20/1-24074-A-43.wav
1-24074-A-43,vehicle_horn,home,15,15.007721643678423,0.042486307601414974,-14.965235336077008,384,0.20510789996478707,benchmark_data/expanded_generated/dtln/outputs/home/15/1-24074-A-43.wav
1-24074-A-43,vehicle_horn,home,10,10.001707054648906,0.04228559393031546,-9.95942146071859,384,0.15712789999088272,benchmark_data/expanded_generated/dtln/outputs/home/10/1-24074-A-43.wav
1-24074-A-43,vehicle_horn,home,5,5.036676363183367,0.07609613903226968,-4.960580224151097,384,0.21415149996755645,benchmark_data/expanded_generated/dtln/outputs/home/5/1-24074-A-43.wav
1-24074-A-43,vehicle_horn,home,0,0.05775832648228368,-0.06090450664572745,-0.11866283312801112,384,0.2223297000164166,benchmark_data/expanded_generated/dtln/outputs/home/0/1-24074-A-43.wav
1-24076-A-43,vehicle_horn,home,20,19.98656133528693,3.2088083270186503,-16.777753008268277,384,0.1723888000124134,benchmark_data/expanded_generated/dtln/outputs/home/20/1-24076-A-43.wav
1-24076-A-43,vehicle_horn,home,15,14.963538532165853,0.45651888367141813,-14.507019648494435,384,0.20902239996939898,benchmark_data/expanded_generated/dtln/outputs/home/15/1-24076-A-43.wav
1-24076-A-43,vehicle_horn,home,10,10.021484687461374,0.39581481619114933,-9.625669871270224,384,0.2158443999942392,benchmark_data/expanded_generated/dtln/outputs/home/10/1-24076-A-43.wav
1-24076-A-43,vehicle_horn,home,5,4.997184810351173,0.12892056950930766,-4.868264240841865,384,0.17333590000635013,benchmark_data/expanded_generated/dtln/outputs/home/5/1-24076-A-43.wav
1-24076-A-43,vehicle_horn,home,0,0.1002142716577681,0.0016166114967027146,-0.09859766016106539,384,0.19495070003904402,benchmark_data/expanded_generated/dtln/outputs/home/0/1-24076-A-43.wav
1-254507-A-43,vehicle_horn,home,20,20.000264920996145,0.0761566665240085,-19.924108254472138,384,0.20807449996937066,benchmark_data/expanded_generated/dtln/outputs/home/20/1-254507-A-43.wav
1-254507-A-43,vehicle_horn,home,15,14.990672872688606,0.11093345873141588,-14.87973941395719,384,0.21442309999838471,benchmark_data/expanded_generated/dtln/outputs/home/15/1-254507-A-43.wav
1-254507-A-43,vehicle_horn,home,10,10.013364282303838,0.16216182328285594,-9.851202459020982,384,0.170548600028269,benchmark_data/expanded_generated/dtln/outputs/home/10/1-254507-A-43.wav
1-254507-A-43,vehicle_horn,home,5,4.99066495270611,0.07016646037844879,-4.920498492327662,384,0.17108310002367944,benchmark_data/expanded_generated/dtln/outputs/home/5/1-254507-A-43.wav
1-254507-A-43,vehicle_horn,home,0,-0.0144302836842675,0.12793958577764153,0.14236986946190902,384,0.18997980002313852,benchmark_data/expanded_generated/dtln/outputs/home/0/1-254507-A-43.wav
