sample_id,class,noise_environment,snr_db,rms_input,rms_output,gain_ratio_output_input,peak_input,peak_output,clipping_rate_input,clipping_rate_output,alignment_lag_samples,correlation_clean_input,correlation_clean_output,input_error_power,output_error_power,output_error_power_gain_corrected,input_snr_db,output_snr_db,output_scale_to_reference,output_snr_gain_corrected_db,delta_snr_db,delta_snr_gain_corrected_db
1-187207-A-20,baby_crying,traffic,20,0.16037775720200706,0.15749018436958903,0.981995178865228,0.956634521484375,0.847747802734375,0.0,0.0,384,0.9949712195454464,0.99027105081242,0.0002580412561306796,0.0004956993418503417,0.0004954199198870679,19.942201288842774,17.127736457421566,1.0033483504973322,17.130185221876165,-2.8144648314212084,-2.81201606696661
1-187207-A-20,baby_crying,traffic,15,0.16203158237124501,0.15764188273204519,0.9729083702389439,0.931854248046875,0.85546875,0.0,0.0,384,0.9844920231077113,0.9898360037921607,0.0008079869372687068,0.0005171854778956276,0.0005171204889409245,14.982194433549871,16.940601731014613,1.0016132379097777,16.94114747704213,1.958407297464742,1.958953043492258
1-187207-A-20,baby_crying,traffic,10,0.1675789266759002,0.156660406820637,0.934845507893843,0.946502685546875,0.852447509765625,0.0,0.0,384,0.9535789989417186,0.9855913653610328,0.0025467390406685303,0.0007347885673980597,0.0007340869876213175,10.011676631179904,15.43072430118804,1.005333763113703,15.434872940921844,5.419047670008135,5.42319630974194
1-187207-A-20,baby_crying,traffic,5,0.1739455536286966,0.12568801455134776,0.7225710110397006,0.992645263671875,0.783203125,0.0,0.0,384,0.8714873010491305,0.907996894828649,0.007277121838118171,0.004196948588709258,0.004053327421671656,4.99389140990087,7.404978495416002,1.0951197573097113,7.55619812002986,2.411087085515132,2.56230671012899
1-187207-A-20,baby_crying,traffic,0,0.20919997517216993,0.03691768115982397,0.17647077218551774,0.998809814453125,0.254669189453125,0.0,0.0,384,0.7090736636405894,0.346802527226398,0.021760410927325745,0.019662855169716054,0.019450781428976105,0.048388341472269,0.5094205813071011,1.3935367431726866,0.5565158482301686,0.4610322398348321,0.5081275067578996
1-211527-A-20,baby_crying,traffic,20,0.07599090751696633,0.0016383933318222074,0.02156038643776437,0.758697509765625,0.026702880859375,0.0,0.0,384,0.9947922507810948,0.09362977339677045,5.9989827264202966e-05,0.00572157980907044,0.0056918554038982005,19.789103935247105,0.015611845888386862,4.319754338581921,0.038232862031509725,-19.77349208935872,-19.750871073215595
1-211527-A-20,baby_crying,traffic,15,0.07681605335786683,0.0017805431953354244,0.02317931106197708,0.745361328125,0.0302734375,0.0,0.0,384,0.9841782574392586,0.09444351427015167,0.0001852426882504722,0.005720667567392067,0.00569181326976036,14.893103514047052,0.01693855032101156,4.010174238791554,0.038899221803356324,-14.87616496372604,-14.854204292243695
1-211527-A-20,baby_crying,traffic,10,0.07934899193762911,0.0024325409815646255,0.0306562304342402,0.7623291015625,0.07086181640625,0.0,0.0,384,0.9527244709631917,0.16089396697494304,0.0005812471214966548,0.005689066865137571,0.005593937858468622,9.926565731967784,0.040654899190539696,5.000261666017631,0.11388890852306545,-9.885910832777245,-9.812676823444718
1-211527-A-20,baby_crying,traffic,5,0.08692331121913989,0.0035221217281377584,0.04051987526405014,0.80523681640625,0.081390380859375,0.0,0.0,384,0.8702721446868266,0.04110892097867063,0.001833203690560714,0.00574050525527801,0.005740336966129418,4.943718951130188,0.007216389983223859,0.8836909574682994,0.007343711759787429,-4.936502561146964,-4.936375239370401
1-211527-A-20,baby_crying,traffic,0,0.10701634404352742,0.004945039785552592,0.04620826687502299,0.83489990234375,0.098480224609375,0.0,0.0,384,0.7029800848699785,0.03832190012105712,0.005792891396371455,0.005682792391169005,0.005678545641091704,-0.10109176100073862,0.0031355984365563387,0.583735091329369,0.006382294670262468,0.10422735943729496,0.10747405567100109
1-211527-B-20,baby_crying,traffic,20,0.08602744767016854,0.07806690973486523,0.9074651387331144,0.737518310546875,0.770721435546875,0.0,0.0,384,0.9950138382293506,0.9458215326613449,7.361933004764397e-05,0.0007843958873988909,0.0007760213443969039,19.979403732995387,9.72408671525277,1.0369802505083943,9.770703129328295,-10.255317017742616,-10.208700603667092
1-211527-B-20,baby_crying,traffic,15,0.08711424215279054,0.07859326171164895,0.9021861382184033,0.748748779296875,0.770782470703125,0.0,0.0,384,0.9845982209426407,0.9498448984659765,0.00023196558850997254,0.0007310863319705266,0.0007228086383828333,15.012728104270497,10.047394541926383,1.0365195473792421,10.09684784119161,-4.965333562344114,-4.915880263078888
1-211527-B-20,baby_crying,traffic,10,0.08973494046696179,0.07502049640655009,0.8360232482036448,0.744964599609375,0.771881103515625,0.0,0.0,384,0.9534028734706398,0.927099702595348,0.0007329505398435235,0.0010515367872000819,0.0010330497917240174,9.994012974339599,8.446632407521024,1.0571754992058684,8.523664572021737,-1.5473805668185747,-1.4703484023178621
1-211527-B-20,baby_crying,traffic,5,0.09781611196520205,0.061414495401614436,0.6278566400539674,0.7689208984375,0.6015625,0.0,0.0,384,0.8705427187707299,0.8326533276647382,0.0023169415520023343,0.0023245300621217426,0.0022341393592767967,4.9548582720966134,4.960774835679807,1.1544412139432496,5.133023910876667,0.005916563583193479,0.17816563878005365
1-211527-B-20,baby_crying,traffic,0,0.12151521838227508,0.02956804088367077,0.24332788334916688,0.8077392578125,0.341400146484375,0.0,0.0,384,0.7099039629902673,0.5434615483091413,0.007324448243662897,0.005569300293227016,0.005268050953258527,0.06885580142149655,1.278716043638069,1.5857199817487484,1.5202227313073227,1.2098602422165723,1.451366929885826
1-211527-C-20,baby_crying,traffic,20,0.09182230946521051,0.08567948710935754,0.9331009817589008,0.755035400390625,0.758636474609375,0.0,0.0,384,0.9944947952216601,0.962797763900252,9.257785520838808e-05,0.0006168349112420446,0.0006118033663274355,19.545943248609376,11.329982726388044,1.0261173466754083,11.365553564770895,-8.215960522221332,-8.18038968383848
1-211527-C-20,baby_crying,traffic,15,0.09286984637673257,0.08275304464919066,0.8910647306715417,0.76397705078125,0.75201416015625,0.0,0.0,384,0.9837749161518602,0.9344098657463724,0.00027760686992305824,0.0010710012277720525,0.001064129424787059,14.781107123366798,8.938167314423694,1.031601419044886,8.966122479877424,-5.842939808943104,-5.814984643489375
1-211527-C-20,baby_crying,traffic,10,0.09586683504851189,0.08148265617221663,0.8499566730348783,0.75665283203125,0.768707275390625,0.0,0.0,384,0.9519062383978111,0.9295178932721886,0.0008627498545527917,0.001149147805479864,0.0011379429892328092,9.846401964162602,8.622149777476597,1.0409819426635858,8.664703654000142,-1.2242521866860052,-1.18169831016246
1-211527-C-20,baby_crying,traffic,5,0.1051572684115537,0.011642774201092158,0.1107177314222909,0.73321533203125,0.153045654296875,0.0,0.0,384,0.8687426647188452,0.20773310597293085,0.002712387815733519,0.008077648649038762,0.008023597800127133,4.881090969989305,0.16241701392566815,1.6299512941291738,0.1915750986440172,-4.718673956063637,-4.6895158713452885
1-211527-C-20,baby_crying,traffic,0,0.12989209600767213,0.005687269626125058,0.043784570431361254,0.8563232421875,0.12957763671875,0.0,0.0,384,0.7017430545576986,0.05455324126287336,0.008563474778235922,0.008323742402531689,0.008323251492658052,-0.13128372990012477,0.012687968948875885,0.8767556942287829,0.012944112424362803,0.14397169884900066,0.14422784232448757
1-22694-A-20,baby_crying,traffic,20,0.0938358001278747,0.009665925038715448,0.10300892650292547,0.811981201171875,0.1219482421875,0.0,0.0,384,0.9946823172287886,0.18096332335675772,9.339799690366478e-05,0.008519451688713042,0.008467005965686369,19.69768300460052,0.11778461005573229,1.7474260764496625,0.1446023987430303,-19.579898394544788,-19.55308060585749
1-22694-A-20,baby_crying,traffic,15,0.09488273276427625,0.009361046483332575,0.09865911542186366,0.81005859375,0.13690185546875,0.0,0.0,384,0.9841520357749712,0.15800253180377535,0.0002830897517601515,0.008572084543148006,0.008542859487344151,14.885745722501715,0.09496517391423304,1.576117136427973,0.10979700260836249,-14.790780548587483,-14.775948719893353
1-22694-A-20,baby_crying,traffic,10,0.09786805259039214,0.00620994164209957,0.06345218360571742,0.843231201171875,0.118560791015625,0.0,0.0,384,0.9527931159027662,0.12714631700657808,0.0008829657330252573,0.008627812427390384,0.008595775465317626,9.93335227389384,0.054626251077474736,1.9093285322443696,0.07078257441582467,-9.878726022816366,-9.862569699478016
1-22694-A-20,baby_crying,traffic,5,0.10185251711488295,0.004914015313457916,0.04824638067525841,0.871978759765625,0.078582763671875,0.0,0.0,384,0.8708802647978128,0.11058796854430393,0.002506006833642269,0.007833198830018146,0.007809118094876314,4.968781586910433,0.0400550239752929,1.9965097663943567,0.05342662043628695,-4.92872656293514,-4.915354966474146
1-22694-A-20,baby_crying,traffic,0,0.1323933400642774,0.006996789410510293,0.05284849983476004,0.939300537109375,0.083709716796875,0.0,0.0,384,0.7065903709023411,0.12855720877617857,0.008776794710559413,0.008673455166199846,0.008647974743001148,-0.012682917908823739,0.059597538547213266,1.7203668459520076,0.07237478713816624,0.072280456456037,0.08505770504698998
1-100032-A-0,dog_barking,traffic,20,0.04168358067052919,0.004427425314630029,0.10621509101208941,0.990234375,0.1397705078125,0.0,0.0,384,0.9949991896948083,0.3862295739890849,1.733549714070308e-05,0.0016056505197941768,0.0014706413494718557,19.966389789128755,0.32013887990892803,3.6181023520331035,0.7015814079209771,-19.646250909219827,-19.26480838120778
1-100032-A-0,dog_barking,traffic,15,0.04216506912631727,0.01030497163056589,0.24439593825150538,0.980133056640625,0.355133056640625,0.0,0.0,384,0.9845046694003099,0.4056510606158116,5.4672101469692126e-05,0.001489507679375415,0.0014466052986329657,14.985751699785808,0.6538782345072371,1.6340877747799583,0.7808052036794695,-14.331873465278571,-14.20494649610634
1-100032-A-0,dog_barking,traffic,10,0.04333901395111868,0.0029553954880761455,0.06819249490561748,0.990325927734375,0.090484619140625,0.0,0.0,384,0.9534176962778796,0.3069756679205123,0.00017091346340143533,0.0016490334513994433,0.0015539267670462752,9.995479988558284,0.17184440745512344,4.291923614890158,0.4298335808283052,-9.82363558110316,-9.565646407729979
1-100032-A-0,dog_barking,traffic,5,0.046876308790452806,0.0098264597522843,0.209625288463106,0.990386962890625,0.33514404296875,0.0,0.0,384,0.8714364363352824,0.40078460650339764,0.000528689121229657,0.0014504783879908801,0.0014074150248106487,4.991776732347769,0.6295641776994418,1.6662819304907766,0.7604549544165612,-4.362212554648327,-4.231321777931208
1-100032-A-0,dog_barking,traffic,0,0.05450758637942675,0.017111433509687846,0.3139275584608596,0.98443603515625,0.456024169921875,0.0,0.0,384,0.7074553319173752,0.7421899030621761,0.0014840740668924128,0.0008042145929365956,0.0006711157192276895,0.008562257822533127,2.6902948512320437,1.6726178397337108,3.4760402193003586,2.6817325934095106,3.4674779614778255
1-110389-A-0,dog_barking,traffic,20,0.03480745423580249,0.032507833673271855,0.9339331010262372,0.6822509765625,0.681427001953125,0.0,0.0,384,0.9950331467957718,0.9860444434469156,1.2006302167155175e-05,3.6122647490875224e-05,3.34089899530939e-05,19.996099749443076,15.233293037690448,1.050552744846575,15.572455318442254,-4.762806711752628,-4.423644431000822
1-110389-A-0,dog_barking,traffic,15,0.035170475976802645,0.031699959725130046,0.9013230229252045,0.679046630859375,0.6741943359375,0.0,0.0,384,0.9845541380575442,0.9732311949218467,3.791770546416298e-05,6.766139544111445e-05,6.364077030044281e-05,14.999932896014547,12.505840206460253,1.0631020305476353,12.771895430880276,-2.4940926895542948,-2.228037465134271
1-110389-A-0,dog_barking,traffic,10,0.03634159811388078,0.02994858816651336,0.8240856132046215,0.6973876953125,0.672821044921875,0.0,0.0,384,0.953544097778241,0.9465444656056399,0.00011986028174289425,0.00013373083164077803,0.00012555592118880654,10.008140440660192,9.55347425527517,1.0952402279241815,9.82741768039419,-0.45466618538502246,-0.18072276026600242
1-110389-A-0,dog_barking,traffic,5,0.03981329911206087,0.03306909112886434,0.8306041414901617,0.717437744140625,0.700103759765625,0.0,0.0,384,0.8723050076029472,0.9830589368142018,0.00037897248151390854,4.187067439223007e-05,4.071620580881622e-05,5.027850853147,14.615724374850965,1.0324133628862546,14.737150922093065,9.587873521703965,9.709300068946064
1-110389-A-0,dog_barking,traffic,0,0.048965813214586144,0.008507732830082892,0.17374842306404445,0.71575927734375,0.240264892578125,0.0,0.0,384,0.7072200632153071,0.7541273972823938,0.0011984418700044627,0.000831223166500595,0.0005197065559835404,0.002778789691542081,1.6126684648133947,3.0695991010628454,3.6522628969308784,1.6098896751218525,3.6494841072393363
1-30226-A-0,dog_barking,traffic,20,0.03674272876209171,0.006830133163097038,0.18589074337189235,0.440521240234375,0.213165283203125,0.0,0.0,384,0.9950140680675049,0.3119630772717053,1.342965826390648e-05,0.0012311715271927535,0.0012102362502344494,19.97936045556093,0.37012795256463454,1.66829589327664,0.44461200984936855,-19.609232502996296,-19.53474844571156
1-30226-A-0,dog_barking,traffic,15,0.03719838045269349,0.006585842988203205,0.17704649794037824,0.45001220703125,0.23138427734375,0.0,0.0,384,0.9845880082675866,0.2869541861354156,4.232397689733417e-05,0.0012501333828348494,0.0012347435890996635,15.009703433583217,0.3193081076216988,1.594245983031641,0.37310382791115004,-14.690395325961518,-14.636599605672068
1-30226-A-0,dog_barking,traffic,10,0.03844495234592546,0.011092649037611233,0.28853330179213693,0.453643798828125,0.285491943359375,0.0,0.0,384,0.9536968110144611,0.41338979871352,0.00013370556686464113,0.0011344924182777232,0.0011180044006110948,10.023495646570513,0.750278076526538,1.3651787082272273,0.8138589273714767,-9.273217570043975,-9.209636719199036
1-30226-A-0,dog_barking,traffic,5,0.04202554019417567,0.00997997343885808,0.23747400729999912,0.461578369140625,0.256103515625,0.0,0.0,384,0.8721725254414956,0.3846982262240622,0.00042266611735076385,0.0011651347091019796,0.0011481753442508474,5.022337071802543,0.6318535296003562,1.4116669121287408,0.6955327683100507,-4.390483542202187,-4.326804303492493
1-30226-A-0,dog_barking,traffic,0,0.051717988870209265,0.03367242200352784,0.6510775600348976,0.456878662109375,0.433837890625,0.0,0.0,384,0.7072971514228329,0.9495596260560776,0.0013366554906956733,0.00013305936468213945,0.00013198820467810377,0.00467427172769836,10.0377181950426,1.030662888631259,10.072821430698033,10.033043923314903,10.068147158970335
1-30344-A-0,dog_barking,traffic,20,0.08926428417866743,0.0008886780974411315,0.009955584202774682,0.90924072265625,0.01092529296875,0.0,0.0,384,0.9950403323146322,0.13962705292125288,7.884330092563847e-05,0.007905951385730187,0.007772798602227124,20.002719513974473,0.01171195699690038,13.955118643612444,0.08547920846137662,-19.99100755697757,-19.917240305513097
1-30344-A-0,dog_barking,traffic,15,0.0902178476911104,0.0009388195067694459,0.010406139481223207,0.899444580078125,0.012451171875,0.0,0.0,384,0.984575028527501,0.1691625610297934,0.00024916004352551946,0.007900684695883831,0.007701350534863987,15.006040764614848,0.015063297588165114,16.00692970473179,0.1260416885559542,-14.990977467026683,-14.879999076058894
1-30344-A-0,dog_barking,traffic,10,0.09317254010145504,0.003470234278281892,0.0372452470921494,0.908935546875,0.073760986328125,0.0,0.0,384,0.9535502887993482,0.16914761135716166,0.000787741919370443,0.007838735949127212,0.007704521877728125,10.008791167209946,0.05105623390933144,4.330491954438934,0.1260596582829168,-9.957734933300614,-9.882731508927028
1-30344-A-0,dog_barking,traffic,5,0.10223604590951312,0.0034700924260124564,0.033941966310823087,0.983184814453125,0.069305419921875,0.0,0.0,-991,0.8727693876238779,0.1068011647378205,0.002490486171778253,0.008006835204513538,0.00796970665757199,5.047229105458969,0.02959164645530122,2.745122593201737,0.049777181548860135,-5.017637459003668,-4.997451923910109
1-30344-A-0,dog_barking,traffic,0,0.125541721942425,0.08008768974270458,0.6379368428563836,0.9710693359375,0.8580322265625,0.0,0.0,384,0.7072879332726225,0.9497157289231138,0.007876324266397538,0.00079479493948702,0.000776715168724041,0.004450765492907912,9.986021564907166,1.0529648971872316,10.085954620289817,9.981570799414257,10.081503854796908
1-32318-A-0,dog_barking,traffic,20,0.13321908149215825,0.004785866218807678,0.035924780183155605,0.98590087890625,0.061370849609375,0.0,0.0,384,0.9950297316997515,0.10240321150149435,0.00017598041724044362,0.017548553657600115,0.017470949697319466,19.993405898759573,0.026531151005359434,2.836351787534703,0.04577929728875099,-19.966874747754215,-19.947626601470823
1-32318-A-0,dog_barking,traffic,15,0.13420030618506038,0.0036870486630566773,0.027474219455001003,0.999969482421875,0.092529296875,3.75e-05,0.0,-685,0.9845628610877292,0.10951848596122235,0.0005517462501683918,0.01751452407750586,0.01739722420671877,15.002544863641754,0.02322162963672173,3.925400162432644,0.05240543550706144,-14.979323234005033,-14.950139428134692
1-32318-A-0,dog_barking,traffic,10,0.12953816393688208,0.11999334782492131,0.9263165709480681,1.0,0.999969482421875,1.25e-05,0.0004875,384,0.953441808325496,0.9896243644585777,0.0015261326859113637,0.0003214256182698934,0.00031641834481437687,9.997915509540785,16.7839286718165,1.0186036719119718,16.852117004482437,6.786013162275715,6.854201494941652
1-32318-A-0,dog_barking,traffic,5,0.1326357999799691,0.02529076043820743,0.1906782365095011,1.0,0.464630126953125,1.25e-05,0.0,384,0.8724466235416851,0.4910497740275955,0.004201680236282069,0.011210077290533969,0.010210715593165293,5.033762125682123,0.7928011357178433,2.2471813605898396,1.1983254186280965,-4.24096098996428,-3.8354367070540265
1-32318-A-0,dog_barking,traffic,0,0.1484425097920823,0.027182877022466,0.1831205701152588,0.997833251953125,0.542388916015625,0.0,0.0,384,0.7069727630915034,0.41207445868239684,0.011021765683198438,0.009446655890886384,0.009187373757769093,-0.003292573290427148,0.6873333098859857,1.5909732889296535,0.808200420553178,0.6906258831764129,0.8114929938436052
1-101336-A-30,door_activity,traffic,20,0.10236947749150703,0.004051205184274243,0.03957434660746751,1.0,0.203033447265625,6.25e-05,0.0,384,0.9950352788985768,0.19001175225579645,0.00010376442587198831,0.010284065249763847,0.010046314403174474,19.99970820165332,0.05944116879184926,4.7969443820518265,0.1610217425067083,-19.94026703286147,-19.83868645914661
1-101336-A-30,door_activity,traffic,15,0.10073829145141452,0.011915861689622609,0.11828532644282097,1.0,0.45947265625,1.25e-05,0.0,384,0.9845546257241267,0.3396835669191896,0.00031096605483930403,0.0092198699144424,0.008742127386291458,15.001601712842689,0.302379941305157,2.8299217816123354,0.5334565652856912,-14.699221771537532,-14.468145147556998
1-101336-A-30,door_activity,traffic,10,0.10155598534129932,0.003471649294866378,0.03418458580456092,1.0,0.202789306640625,2.5e-05,0.0,384,0.9531448224633987,0.2506726350725516,0.0009435662682290253,0.009257686366074387,0.008820859223346,9.969695911273478,0.07329166940135233,7.006520279885463,0.28320739521922433,-9.896404241872126,-9.686488516054254
1-101336-A-30,door_activity,traffic,5,0.10921284482877525,0.0033087853440406313,0.03029666839306467,0.999969482421875,0.163482666015625,2.5e-05,0.0,384,0.8728471970230851,0.21464840314739844,0.00283966854762027,0.009006105442502957,0.008708113278828408,5.051900172932154,0.060102737317776565,6.204927698894361,0.20623230752388697,-4.9917974356143775,-4.8456678654082666
1-101336-A-30,door_activity,traffic,0,0.12381365597806278,0.0039780224253651115,0.032129108812277825,0.999420166015625,0.145294189453125,1.25e-05,0.0,384,0.7089056903266354,0.21153912082352816,0.007624603454522954,0.007609665453190037,0.007395049910898481,0.045676445039921826,0.07508974495263379,4.674328979211503,0.1993342966128844,0.029413299912711965,0.15365785157296258
1-103995-A-30,door_activity,traffic,20,0.04546948493328438,0.013454081545292462,0.2958925434284799,1.0,0.618133544921875,2.5e-05,0.0,384,0.995023499354389,0.5262907431005255,2.052689555646092e-05,0.001594892208743717,0.0014870993063234418,19.987833614728384,1.104649302047787,1.769832630977102,1.4085629512159816,-18.883184312680598,-18.579270663512403
1-103995-A-30,door_activity,traffic,15,0.046446867751767644,0.011902557769008656,0.2562617964384838,1.0,0.62603759765625,2.5e-05,0.0,384,0.9847205627762436,0.47928913326318556,6.542103798582501e-05,0.0017199723933545232,0.0016191074197832692,15.048215089351729,0.8710709580757328,1.8417553108679334,1.1335290936089235,-14.177144131275996,-13.914685995742804
1-103995-A-30,door_activity,traffic,10,0.04806809579667238,0.0144190591748861,0.2999715078350221,1.0,0.706451416015625,1.25e-05,0.0,384,0.9536087679874277,0.48291984393063947,0.0002094024190800268,0.0016787366442149762,0.0016188925480555673,10.014731679546294,0.9956192458723421,1.5352168486448878,1.1532647201045176,-9.019112433673952,-8.861466959441776
1-103995-A-30,door_activity,traffic,5,0.05030918809669677,0.006257632311597291,0.12438348835146791,0.999969482421875,0.282684326171875,2.5e-05,0.0,384,0.8758815054409496,0.41797394239987906,0.0005892923901159318,0.0017588411485050296,0.0016102908841253388,5.178562158836325,0.4505006386507012,2.9430885514414924,0.833723467852207,-4.728061520185624,-4.344838690984118
1-103995-A-30,door_activity,traffic,0,0.062109820822586696,0.005208012512379444,0.08385167503953758,0.999969482421875,0.195709228515625,3.75e-05,0.0,384,0.7101709431595885,0.34162048249490246,0.0019120445765558112,0.0018250460847340597,0.0017268061291172095,0.07552273970482819,0.29866084147323774,2.908478348923427,0.5389633814524585,0.22313810176840954,0.4634406417476303
1-103999-A-30,door_activity,traffic,20,0.027880837192042224,0.018368440692478463,0.658819552869137,0.8482666015625,0.852386474609375,0.0,0.0,384,0.995034021695348,0.7728971695574052,7.702209197719333e-06,0.00032086586128918677,0.00031137343630191895,19.996716670230295,3.820530971905253,1.167329102699087,3.950950497073932,-16.176185698325042,-16.045766173156363
1-103999-A-30,door_activity,traffic,15,0.028213126377199832,0.017922616179513302,0.6352580688823375,0.84783935546875,0.8375244140625,0.0,0.0,384,0.9845927545116318,0.7725142067631734,2.4339486485321362e-05,0.000325210120692068,0.0003126419556109381,15.011038720777087,3.7734086343404885,1.1973284761990555,3.944576570825067,-11.2376300864366,-11.06646214995202
1-103999-A-30,door_activity,traffic,10,0.029195748774843745,0.0176261245834635,0.6037222994140466,0.859161376953125,0.7628173828125,0.0,0.0,384,0.953794392892275,0.7774822640063733,7.695099485762717e-05,0.0003244543734298033,0.0003081816466195343,10.03334364064415,3.8048460329483547,1.2283120553534121,4.028314671862512,-6.228497607695795,-6.005028968781637
1-103999-A-30,door_activity,traffic,5,0.031478931103740386,0.017996982190712656,0.5717151618459567,0.839263916015625,0.8232421875,0.0,0.0,384,0.8686804648924553,0.7760026202317174,0.00024316602106718728,0.00030934908539140233,0.0002989123934216211,4.878576668573383,3.8540135191020246,1.1790759776780178,4.003062678194288,-1.0245631494713585,-0.8755139903790949
1-103999-A-30,door_activity,traffic,0,0.03916024490400515,0.020554554803717442,0.5248832037211086,0.83746337890625,0.795684814453125,0.0,0.0,384,0.706285819828183,0.8808086913197313,0.0007685390857367951,0.0001868829959831135,0.00017231792279234372,-0.020126543283660654,6.1417314984308735,1.1852271386487172,6.494124866913042,6.1618580417145346,6.514251410196703
1-26188-A-30,door_activity,traffic,20,0.1566195115225155,0.13702952250169914,0.8749198689845223,0.86553955078125,0.82281494140625,0.0,0.0,384,0.9950353951582718,0.9456585722876957,0.0002429565642446303,0.0026875588090652987,0.0025801126292199963,19.99840145521707,9.580825582936267,1.0754634275608292,9.758018695881555,-10.417575872280803,-10.240382759335516
1-26188-A-30,door_activity,traffic,15,0.15732039208937357,0.12147424007059555,0.7721455461513607,0.869354248046875,0.8050537109375,0.0,0.0,384,0.9843772564626508,0.879110982585629,0.0007672768214718083,0.00569007689591142,0.005473995881787108,14.9494106447349,6.26846759438589,1.1207200291919217,6.436604288412635,-8.680943050349011,-8.512806356322265
1-26188-A-30,door_activity,traffic,10,0.16289340388076876,0.018735918913078378,0.11501950641778164,0.89642333984375,0.286956787109375,0.0,0.0,384,0.9531317829854538,0.1746976587821323,0.0024289417991276204,0.02355214533493495,0.023481393552377328,9.96695785111472,0.12154172793137444,1.447970928647393,0.1346077821478051,-9.845416123183346,-9.832350068966916
1-26188-A-30,door_activity,traffic,5,0.17951289684928584,0.02511737517119719,0.13991961364360944,0.83160400390625,0.33294677734375,0.0,0.0,384,0.8727317640470084,0.19620839560532505,0.007680454734700237,0.02374413229363645,0.023712370237020816,5.045659574291977,0.16468339730485054,1.2238472356371106,0.17049675693805633,-4.880976176987127,-4.875162817353921
1-26188-A-30,door_activity,traffic,0,0.21947914303504093,0.026453379969811914,0.12052799005866585,0.9605712890625,0.32330322265625,0.0,0.0,384,0.7041151354427373,0.17658568958296586,0.02428891932407913,0.02324881911701989,0.023248116837079662,-0.0733429810076883,0.13744747283145187,1.031603553886467,0.13757865902318134,0.21079045383914016,0.21092164003086963
1-52290-A-30,door_activity,traffic,20,0.013384463703533946,0.003414213588770906,0.25508781408024883,0.2298583984375,0.11785888671875,0.0,0.0,384,0.9950272468137271,0.5177643096922433,1.778161931657869e-06,0.0001426227296576655,0.00013044590244388603,19.988983389896852,0.9677053578083995,2.019605026449163,1.3552883759722527,-19.021278032088453,-18.633695013924598
1-52290-A-30,door_activity,traffic,15,0.013542340505102614,0.00300922573858675,0.2222086896613554,0.227081298828125,0.109405517578125,0.0,0.0,384,0.9845623028189285,0.498774230049886,5.6195818071047595e-06,0.00014751666625329704,0.00013419778105889198,15.001677284535939,0.8312026979423652,2.2098636111931573,1.2421602381762409,-14.170474586593574,-13.759517046359697
1-52290-A-30,door_activity,traffic,10,0.013984829257018539,0.0035596143558901372,0.25453398754251366,0.228912353515625,0.12261962890625,0.0,0.0,384,0.9534995609769229,0.5364893593771427,1.7766623315667587e-05,0.00014022342296653604,0.00012724292886869947,10.003483892021398,1.052223520267209,2.0097174833359355,1.4740925902409605,-8.95126037175419,-8.529391301780437
1-52290-A-30,door_activity,traffic,5,0.015325691446543622,0.0023813823508135965,0.15538498599687428,0.230804443359375,0.078094482421875,0.0,0.0,384,0.8722687690484323,0.4630331624346923,5.617078453786353e-05,0.00015564455124015723,0.00014107187397502963,5.026287304370048,0.620949311344021,2.5991836667517667,1.047884172075148,-4.405337993026027,-3.9784031322949005
1-52290-A-30,door_activity,traffic,0,0.018827607937136896,0.0037893911316268505,0.20126779484038382,0.22412109375,0.097869873046875,0.0,0.0,384,0.7062802083767441,0.5508332042726026,0.0001776538880122242,0.0001363302994642936,0.0001237694531399863,-0.02031213939518537,1.1504074665958146,1.9331316815284607,1.570196627965539,1.170719605991,1.5905087673607243
1-17150-A-12,fire,traffic,20,0.02774559289223948,0.003242304678459724,0.1168583670585971,0.74530029296875,0.159149169921875,0.0,0.0,384,0.9867978815569637,0.39589885609103925,2.0193171481719495e-05,0.0006930813018544394,0.0006350974474554256,15.696394012909728,0.360925732907782,3.342909999231261,0.7403638909204695,-15.335468280001946,-14.956030121989258
1-17150-A-12,fire,traffic,15,0.028014033886970977,0.002350471241993158,0.08390334828167452,0.744476318359375,0.11224365234375,0.0,0.0,384,0.9732590748342433,0.3830494311891128,4.141149109164648e-05,0.0007030900848179848,0.0006373009929113785,12.540868730063554,0.2622958886959976,4.442561533603472,0.6889596708163885,-12.278572841367556,-11.851909059247166
1-17150-A-12,fire,traffic,10,0.028662171170632716,0.0037265830374297744,0.13001747199277194,0.74700927734375,0.190643310546875,0.0,0.0,384,0.9318951236271846,0.3659446282242559,0.00010808937534228327,0.0006575379500848008,0.0006207924475740634,8.195687642297457,0.37463769031295086,2.622796339804614,0.6243816931890498,-7.821049951984507,-7.571305949108408
1-17150-A-12,fire,traffic,5,0.03212230885593701,0.003400279645776746,0.10585414831251423,0.74053955078125,0.18743896484375,0.0,0.0,384,0.8303312142528935,0.24406625809501867,0.0003204393633366326,0.000681889977367232,0.000672176648752173,3.463700744523322,0.20434448824524484,1.914629769832672,0.2666533490695304,-3.259356256278077,-3.1970473954537915
1-17150-A-12,fire,traffic,0,0.04152610045832081,0.0031033168840722504,0.07473171932401908,0.780364990234375,0.139892578125,0.0,0.0,384,0.6515060518239736,0.20452884970473686,0.0009924708999415127,0.0007105709049137012,0.0007046331068608423,-1.3223869456041455,0.14904487474374742,1.783967018505909,0.18548864008664756,1.4714318203478929,1.507875585690793
1-17565-A-12,fire,traffic,20,0.027940937971829553,0.003971674257743243,0.14214534464617978,0.78558349609375,0.227691650390625,0.0,0.0,384,0.9924409365562734,0.35732753493071523,1.1758433431553132e-05,0.0007087633503542598,0.0006734004398258325,18.155416210186747,0.3709557775036013,2.4936783961807136,0.5932343356994667,-17.784460432683147,-17.56218187448728
1-17565-A-12,fire,traffic,15,0.02822557530416795,0.004221929731879422,0.14957816400135474,0.784027099609375,0.20648193359375,0.0,0.0,384,0.9812810203354905,0.33168506264959396,2.9546598425409125e-05,0.0007101571559379066,0.0006854318989338778,14.143651464936752,0.3522391261942571,2.174939877308524,0.5061406812749984,-13.791412338742495,-13.637510783661753
1-17565-A-12,fire,traffic,10,0.02914939955343707,0.0030188343641423918,0.10356420407934044,0.77166748046875,0.182281494140625,0.0,0.0,384,0.9481954600492333,0.4082674357710059,8.575225175681307e-05,0.0007076735675169016,0.0006391169966613615,9.498110189478686,0.34929321374146977,3.736190389605011,0.7918192867179618,-9.148816975737216,-8.706290902760724
1-17565-A-12,fire,traffic,5,0.032305391274897864,0.0019595652050317515,0.060657528904606864,0.772369384765625,0.082794189453125,0.0,0.0,384,0.8645333170885106,0.3328811206454906,0.00026359590765846264,0.0007504021424480303,0.0006963260147892707,4.711795013164428,0.1852984356244082,4.747548745937604,0.5101128801794781,-4.52649657754002,-4.20168213298495
1-17565-A-12,fire,traffic,0,0.03956507508307179,0.0037277678534901066,0.09421864727068494,0.781982421875,0.207183837890625,0.0,0.0,384,0.6873561847062747,0.31952998697700713,0.0008257924719674692,0.0006914073705952004,0.0006666901072434758,-0.47872422435149437,0.3097023619117321,2.330738288683372,0.467802305612364,0.7884265862632265,0.9465265299638583
1-17742-A-12,fire,traffic,20,0.0071988285713352465,0.001606364519905163,0.223142488251698,0.42254638671875,0.1033935546875,0.0,0.0,384,0.9716717201179216,0.6455051715490069,2.89540706594339e-06,3.715414515672252e-05,2.8665281170792792e-05,12.27845416866839,1.2133847714797976,2.8094246478084,2.3398954589010685,-11.065069397188593,-9.938558709767321
1-17742-A-12,fire,traffic,15,0.007365128500615467,0.002012538939467291,0.2732523864721591,0.417938232421875,0.143707275390625,0.0,0.0,384,0.9494952880022262,0.6700768631787971,5.341726574320513e-06,3.423133543253145e-05,2.7060678307775432e-05,9.616573106731467,1.5670582490225362,2.327371017706528,2.587909890858584,-8.049514857708932,-7.028663215872883
1-17742-A-12,fire,traffic,10,0.007890947849920579,0.001547373937147001,0.19609481225535852,0.420867919921875,0.09136962890625,0.0,0.0,384,0.8886942811838257,0.6069813881467092,1.3090624699387665e-05,3.855394580274163e-05,3.1187044148809444e-05,5.747966409282506,1.0747888301088728,2.749889440755513,1.9957350047203808,-4.6731775791736325,-3.752231404562125
1-17742-A-12,fire,traffic,5,0.009356903256625578,0.0025004578009179576,0.2672313405770649,0.421661376953125,0.15875244140625,0.0,0.0,384,0.7555364655378072,0.6051903541693398,3.757449904385526e-05,3.497555699532642e-05,3.1805294069501095e-05,1.2387818798999994,1.567974499221302,1.7103699532236913,1.9806267394714996,0.3291926193213026,0.7418448595715001
1-17742-A-12,fire,traffic,0,0.01279186950985955,0.0030143671887749818,0.23564711838653507,0.418853759765625,0.225128173828125,0.0,0.0,384,0.5454549458199665,0.6034036102423763,0.00011494808579282858,3.252862338316278e-05,3.109771422882106e-05,-3.7311691931729745,1.7690984230553264,1.3959256115736838,1.9644705872385984,5.500267616228301,5.695639780411573
1-17808-A-12,fire,traffic,20,0.05235369668449668,0.0033993703679222028,0.06493085652400257,0.424102783203125,0.062103271484375,0.0,0.0,384,0.9949591425732234,0.2500022905247479,2.7564233288736144e-05,0.002647043408315479,0.0025540301293387156,19.931591513079162,0.12495187181159349,3.8326314502879493,0.280302339389955,-19.80663964126757,-19.651289173689207
1-17808-A-12,fire,traffic,15,0.05306503712626184,0.003023997062444773,0.056986619179207165,0.404693603515625,0.063232421875,0.0,0.0,384,0.9844506101693026,0.24997467896963377,8.689077313961613e-05,0.002669952555831751,0.0025688127875600516,14.970310849972698,0.1125238469427676,4.32092621851245,0.28023474300518764,-14.85778700302993,-14.69007610696751
1-17808-A-12,fire,traffic,10,0.054877341234241164,0.004948952941100001,0.09018208298349668,0.425201416015625,0.0919189453125,0.0,0.0,384,0.9533563391195443,0.19901659365933572,0.00027438488893421765,0.0026693776534985674,0.002639365722200077,9.989364066413648,0.12637758422114775,2.1058626120334805,0.1754820657822244,-9.8629864821925,-9.813882000631423
1-17808-A-12,fire,traffic,5,0.06062303931469407,0.0029631521067002287,0.04887831656407908,0.371246337890625,0.10302734375,0.0,0.0,384,0.8741769057334234,0.17712853504404424,0.0008666537410985392,0.0027729514512761146,0.002731372431896819,5.106287141599037,0.07283246448269141,3.179984581797276,0.1384459059562761,-5.033454677116346,-4.967841235642761
1-17808-A-12,fire,traffic,0,0.07405879005087966,0.005064658277227753,0.06838699732669472,0.4842529296875,0.112579345703125,0.0,0.0,384,0.707180719278282,0.14756329899506643,0.0027417742672202652,0.002701170871628399,0.0026940406295548015,0.0018302849166627194,0.08413848948462088,1.5262719673044618,0.09561765436944904,0.08230820456795816,0.09378736945278632
1-17808-B-12,fire,traffic,20,0.0300100162107639,0.0010234243807515995,0.034102760010656735,0.3580322265625,0.027069091796875,0.0,0.0,384,0.9946224473163143,0.46396777905473713,9.660864552244103e-06,0.0008665007346227438,0.0007017259342828301,19.648325810993132,0.13472975737308537,13.551163211319537,1.0507438331336822,-19.513596053620045,-18.59758197785945
1-17808-B-12,fire,traffic,15,0.03034229559794682,0.0009604601595187091,0.03165416922454941,0.3492431640625,0.03704833984375,0.0,0.0,384,0.9836425834858151,0.4533590920553008,2.987339338781599e-05,0.0008686081361528561,0.0007102284831334134,14.744866228505938,0.12340624607977012,14.133912793162725,0.9976643410504358,-14.621459982426167,-13.747201887455502
1-17808-B-12,fire,traffic,10,0.031136765359413957,0.00393891136143292,0.12650355025532609,0.358245849609375,0.063995361328125,0.0,0.0,384,0.9504710504611871,0.33857574393172685,9.365828596993366e-05,0.0008150078581105248,0.0007779547187372596,9.70878513916978,0.3265625972527687,2.5419076644199126,0.5286373627529116,-9.382222541917011,-9.180147776416868
1-17808-B-12,fire,traffic,5,0.03371429856562109,0.0014234591993471715,0.04222123134421938,0.3707275390625,0.059967041015625,0.0,0.0,384,0.8604441101815321,0.294202555132519,0.0002951149739602139,0.0008219083844544674,0.000771195995873185,4.550829576303587,0.11644129303620773,5.995628185925987,0.3930277413444402,-4.4343882832673795,-4.157801834959147
1-17808-B-12,fire,traffic,0,0.04300857462619709,0.0021472668140434803,0.049926481700594466,0.4151611328125,0.106231689453125,0.0,0.0,384,0.7032378734283828,0.31630728783650114,0.0009349582795523947,0.0008811416106285153,0.0008259014491222193,-0.09475978705670207,0.17663879367996022,4.457303013439343,0.4578136253005188,0.2713985807366623,0.5525734123572208
1-20133-A-39,glass_breaking,traffic,20,0.14563610429952062,0.01300304624751997,0.08928449652002104,0.967071533203125,0.191680908203125,0.0,0.0,384,0.9889303272339433,0.3615260530191156,0.0004669744119042564,0.019652219808596758,0.018118736490036244,16.475764166388608,0.2554752004480461,4.00436845993574,0.6083122424577679,-16.22028896594056,-15.86745192393084
1-20133-A-39,glass_breaking,traffic,15,0.1388643082981334,0.0121153883471845,0.08724623696085737,0.89764404296875,0.200592041015625,0.0,0.0,384,0.9753636909721317,0.3578881409646597,0.0009384349999660872,0.017400681361199363,0.01607231939698357,12.91110236063277,0.25037811327917653,4.001297489877915,0.5952551170646672,-12.660724247353594,-12.315847243568102
1-20133-A-39,glass_breaking,traffic,10,0.1445693786931911,0.014101523385016778,0.09754156455872581,0.962738037109375,0.23077392578125,0.0,0.0,384,0.9360613369278874,0.3178739191765947,0.0025872313392391356,0.017382186794539314,0.016542082128448318,8.499259709295975,0.24746453948301259,3.05051628849294,0.4626069431394757,-8.251795169812963,-8.0366527661565
1-20133-A-39,glass_breaking,traffic,5,0.14693420190912213,0.012518280100401815,0.08519650250078802,0.89410400390625,0.17388916015625,0.0,0.0,384,0.835958408410349,0.30995098836066726,0.006502232977816307,0.014359999662127636,0.013703939823052467,3.655526640565716,0.23550393358089827,3.0413746857273147,0.438593797089031,-3.4200227069848177,-3.216932843476685
1-20133-A-39,glass_breaking,traffic,0,0.17619267006754116,0.013382951317680022,0.07595634547424612,0.90374755859375,0.201934814453125,0.0,0.0,384,0.6532430418883425,0.3073702637233066,0.017796618895758468,0.012539769295925965,0.012053559761398039,-1.2821218580659073,0.25925400695992035,2.6440513490215984,0.43099621930012244,1.5413758650258276,1.7131180773660297
1-84536-A-39,glass_breaking,traffic,20,0.09044157782927938,0.04233125943064686,0.468050872692124,0.999969482421875,0.800811767578125,2.5e-05,0.0,384,0.9780979027165897,0.5422285422413426,0.0003543799988039114,0.005583102749536847,0.005551198067077706,13.440317489048972,1.487149633668937,1.1331132631798984,1.5120386112546678,-11.953167855380036,-11.928278877794305
1-84536-A-39,glass_breaking,traffic,15,0.09059585491452253,0.03861729571593362,0.42625896904851945,0.999969482421875,0.6678466796875,1.25e-05,0.0,384,0.9582187611211735,0.5351164291664415,0.0006715186570251512,0.005465772033389487,0.005404062398959692,10.500880081341181,1.4158420993028757,1.2029318530090145,1.4651536813166357,-9.085037982038305,-9.035726400024545
1-84536-A-39,glass_breaking,traffic,10,0.09313552917680662,0.03001340080984888,0.32225511655033434,0.999969482421875,0.67938232421875,1.25e-05,0.0,384,0.9031750141686558,0.5326941717861673,0.0015984374298681375,0.005312356303657352,0.005092388137782188,6.460792430484937,1.2657732068565852,1.49297110518983,1.4494301833268008,-5.195019223628352,-5.011362247158136
1-84536-A-39,glass_breaking,traffic,5,0.10161420301724497,0.016644551141125393,0.1638014238846182,0.95465087890625,0.582122802734375,0.0,0.0,384,0.7775474692215053,0.4577590297902692,0.004082877100695633,0.005341418735280087,0.0049582944444971164,1.8439707677681014,0.6979639144432612,2.1734135524555662,1.021207027899203,-1.1460068533248402,-0.8227637398688985
1-84536-A-39,glass_breaking,traffic,0,0.12294009693619234,0.011559528133221602,0.09402569561354064,0.899078369140625,0.3695068359375,0.0,0.0,384,0.5811249218509431,0.564731949181987,0.010010071345250495,0.004325890531268592,0.003493112448541784,-2.925098068386453,0.7394147348537399,3.4907728508415574,1.6680443274265975,3.664512803240193,4.59314239581305
1-84704-A-39,glass_breaking,traffic,20,0.05876577661447212,0.0031581343309804682,0.053741046454625116,1.0,0.06915283203125,0.0002625,0.0,384,0.9899171906604669,0.34444874115616514,6.928992376575822e-05,0.003283319211661979,0.0029971404426486145,16.88776513057778,0.152231212328687,6.343755479254085,0.5482913603892388,-16.735533918249093,-16.33947377018854
1-84704-A-39,glass_breaking,traffic,15,0.06009605033548661,0.002994338722201583,0.04982588215840586,1.0,0.068756103515625,0.0003,0.0,384,0.9762762730652383,0.3206686774430362,0.00016932624139097264,0.003354618830573613,0.003103208745562066,13.081129745357307,0.13283695019231154,6.282643106077066,0.4711588539804782,-12.948292795164996,-12.609970891376829
1-84704-A-39,glass_breaking,traffic,10,0.06021182196402804,0.003545291785441929,0.05888032731445944,1.0,0.07550048828125,0.0001875,0.0,384,0.9370690322445642,0.3345277871012232,0.00044195074385736186,0.003077056559003617,0.0028408897480282722,8.57532733875551,0.16860756878425892,5.325794540879734,0.5154185418179313,-8.406719769971252,-8.05990879693758
1-84704-A-39,glass_breaking,traffic,5,0.06680483616075429,0.0037133883959556777,0.05558562237949436,1.0,0.054718017578125,0.0001375,0.0,384,0.838733761819756,0.2440068729648181,0.001323361071820221,0.0030665061197509683,0.002966850410373148,3.7518557690557834,0.12309729098745353,3.682199596912446,0.2665791561290457,-3.6287584780683297,-3.4852766129267376
1-84704-A-39,glass_breaking,traffic,0,0.08315980436863925,0.007814889108166445,0.09397435657164137,1.0,0.162139892578125,7.5e-05,0.0,384,0.6572685911129693,0.2784669328364131,0.0039280210467220415,0.00282430629842712,0.0027691828683954482,-1.1886120986423006,0.2649043439490178,1.9479821642349302,0.3505059270574718,1.4535164425913183,1.5391180256997723
1-84705-A-39,glass_breaking,traffic,20,0.06452979381404586,0.015134697454224282,0.23453813439785068,1.0,0.456390380859375,0.0006375,0.0,384,0.9869297723656068,0.35938217817821355,0.00010814003260040899,0.0036102965468332096,0.003549135573447798,15.741065369628107,0.5263978934820417,1.5171483974761018,0.600600771396051,-15.214667476146065,-15.140464598232056
1-84705-A-39,glass_breaking,traffic,15,0.06605649489589042,0.014166973975313118,0.21446754021146963,1.0,0.4571533203125,0.000675,0.0,384,0.9733377845337495,0.35926771935359936,0.00022957625475971644,0.0036987089502039565,0.0036176791988737334,12.554313542519576,0.5039779602374362,1.6360189020552285,0.600178994432973,-12.05033558228214,-11.954134548086603
1-84705-A-39,glass_breaking,traffic,10,0.06561461835326979,0.012445355452724134,0.18967351735124346,1.0,0.394744873046875,0.000475,0.0,384,0.9356912990531233,0.3507197753955255,0.0005359259558638681,0.003405594030189394,0.0033216398086954304,8.47161909550204,0.4616345792383687,1.7376216719134356,0.5700379575824559,-8.009984516263671,-7.901581137919584
1-84705-A-39,glass_breaking,traffic,5,0.0735889444007662,0.014164790701472259,0.19248530899330005,1.0,0.405426025390625,0.0005,0.0,384,0.8392546336810623,0.35194237978148485,0.0016010443795620379,0.0034164333175810664,0.003357969672603557,3.7701013312220106,0.49930187108984503,1.5406770030943555,0.5742636671604793,-3.2707994601321655,-3.195837664061531
1-84705-A-39,glass_breaking,traffic,0,0.08125397690102158,0.012661887212886882,0.1558309844736681,1.0,0.36572265625,6.25e-05,0.0,384,0.662402116811231,0.3417837443815575,0.003705302009117771,0.002604409503490668,0.0025709185942627594,-1.0688910835286611,0.48314864317851897,1.4574489394659553,0.5393580751292477,1.5520397267071802,1.6082491586579089
1-85168-A-39,glass_breaking,traffic,20,0.04881086583440377,0.0018176207532706501,0.037238035470157985,1.0,0.058197021484375,0.00015,0.0,384,0.9698610489897901,0.1370182840497667,0.0001414481810162656,0.0022318932756383303,0.002209591006708893,11.998546724278627,0.03868248554942306,3.6545265939000227,0.08229778496236491,-11.959864238729205,-11.916248939316263
1-85168-A-39,glass_breaking,traffic,15,0.04991656604051527,0.0009229647791508097,0.018490149711053366,1.0,0.0343017578125,0.0001375,0.0,384,0.9397728648569373,0.15015252630976778,0.0002910927256004016,0.0021997486200010527,0.0021613229350543298,8.785040110176004,0.022519418387219305,8.187634693754651,0.09905333957890027,-8.762520691788785,-8.685986770597104
1-85168-A-39,glass_breaking,traffic,10,0.05326824027042853,0.004256519184909916,0.07990726112409031,1.0,0.081451416015625,0.0001125,0.0,384,0.8605071641614169,0.08977192906243672,0.0007364072895912962,0.002094227172816402,0.002094211709915969,4.553282374832198,0.035121589919880784,0.9707430555519941,0.03515365087245954,-4.518160784912317,-4.518128723959739
1-85168-A-39,glass_breaking,traffic,5,0.06274107864697459,0.004661436958997665,0.07429641089255391,1.0,0.086822509765625,0.0001125,0.0,384,0.6999882656743516,0.07654628999920172,0.0020076438466292957,0.0019283899553432617,0.0019267415087795494,-0.17399657804702887,0.02181786173601655,0.7241528921991643,0.025531945097646034,0.1958144397830454,0.1995285231446749
1-85168-A-39,glass_breaking,traffic,0,0.08437470238520532,0.010097760656737516,0.11967758547623757,1.0,0.4569091796875,5e-05,0.0,384,0.4867754928687429,0.4568473307950038,0.005432209065878612,0.0014167802678043317,0.0013412543406342437,-5.078919399651445,0.7787166888019937,1.8589190741426598,1.016630273455324,5.857636088453439,6.0955496731067695
1-31482-A-42,siren,traffic,20,0.22695951041785908,0.026961801108877363,0.11879564358963202,0.999969482421875,0.334808349609375,1.25e-05,0.0,384,0.9950366332440479,0.3026362854011913,0.0005100639848755154,0.047853511756927786,0.04615680103545981,19.999502453503204,0.2603910942995636,2.524107327393435,0.417172218369278,-19.73911135920364,-19.582330235133927
1-31482-A-42,siren,traffic,15,0.22020071537797453,0.18746752846631182,0.8513484079491922,0.9993896484375,0.957122802734375,1.25e-05,0.0,384,0.9845752765523347,0.9042900874509378,0.001484302918974402,0.008595355535385133,0.008534997458747058,15.00612782042029,7.362494970042811,1.0413425150964077,7.393099466747882,-7.643632850377478,-7.613028353672407
1-31482-A-42,siren,traffic,10,0.2043184938679164,0.18487927575398777,0.9048582546497466,0.998382568359375,0.896453857421875,0.0,0.0,384,0.9531076399249804,0.964889917881138,0.0038233459729550396,0.002611390029917116,0.0026064377970138187,9.96455680197439,11.604055563101154,1.0120079265884987,11.612299330399116,1.639498761126763,1.6477425284247254
1-31482-A-42,siren,traffic,5,0.21010400805962348,0.16139223691141794,0.7681540128716532,0.989898681640625,0.878204345703125,0.0,0.0,384,0.8725435946028125,0.9301823572793302,0.010535671253300877,0.004583170869396242,0.0045121646301174625,5.037807730044141,8.636549536564853,1.052085991993364,8.70436065776383,3.598741806520713,3.6665529277196898
1-31482-A-42,siren,traffic,0,0.2029686677830559,0.1267203476274806,0.6243345291250879,0.9993896484375,0.68450927734375,1.25e-05,0.0,384,0.7031760471665616,0.9090743584698227,0.020826507377454645,0.0035288339873825025,0.003522682409524593,-0.09630259946902199,7.597329758852602,1.0195258532396358,7.60490712728838,7.693632358321624,7.701209726757401
1-31482-B-42,siren,traffic,20,0.2305513399178053,0.005363296314065189,0.02326291539219541,0.999969482421875,0.052886962890625,1.25e-05,0.0,384,0.9950597254460016,0.19856848321053142,0.000523893567482931,0.0520773259042968,0.05046594336406717,20.01990521459505,0.0381886636905666,8.475441858424384,0.17469145868983513,-19.981716550904483,-19.845213755905213
1-31482-B-42,siren,traffic,15,0.2319280185935383,0.005756611851018586,0.024820683097833227,0.999969482421875,0.054046630859375,1.25e-05,0.0,384,0.9845869647965646,0.18012924484532986,0.0016453753489425722,0.05161310617889549,0.050364484816716,15.009496028071997,0.03688547291576731,7.134946644357898,0.14324148200929437,-14.97261055515623,-14.866254546062702
1-31482-B-42,siren,traffic,10,0.2215697598412583,0.005566656070465581,0.025123717579753495,0.997406005859375,0.0650634765625,0.0,0.0,384,0.9530442447778303,0.15364907777492173,0.004502170851312044,0.04418286288316647,0.04346164642690053,9.958251045958356,0.032271778559096444,5.830218979785525,0.10374856527388607,-9.92597926739926,-9.85450248068447
1-31482-B-42,siren,traffic,5,0.21172557239170697,0.005609274461794588,0.026493136367188756,0.998626708984375,0.053802490234375,0.0,0.0,384,0.8731109600176153,0.15226774291071693,0.010654529721543455,0.03382878275053083,0.0333221399483709,5.061511937489214,0.03633062600466457,5.010223653151027,0.10186549195758915,-5.025181311484549,-4.959646445531624
1-31482-B-42,siren,traffic,0,0.22541320968166242,0.005675135619208999,0.02517658848487031,0.9923095703125,0.132232666015625,0.0,0.0,384,0.7120822613265051,0.14098345764144946,0.025046773759907392,0.025499301560339693,0.025207867619697535,0.1226722107123201,0.03724683453935506,4.084077057370208,0.08716858970289448,-0.08542537617296503,-0.03550362100942561
1-54084-A-42,siren,traffic,20,0.08781519970673854,0.0036074200289013636,0.0410796768776755,0.33966064453125,0.0435791015625,0.0,0.0,384,0.995048749034203,0.17308383413416253,7.617511481585589e-05,0.007488367470924758,0.007356970989475291,20.01014966174511,0.055213366297909516,4.174825975599754,0.13209441138320502,-19.9549362954472,-19.878055250361907
1-54084-A-42,siren,traffic,15,0.0887303720139573,0.0029385966458351735,0.03311827257269847,0.3084716796875,0.05413818359375,0.0,0.0,384,0.984584148871,0.19730403309899577,0.00024087029989165346,0.007488783471746505,0.00728594939655833,15.008669348262533,0.05319315321169245,5.848939493699913,0.17244438478221108,-14.95547619505084,-14.836224963480321
1-54084-A-42,siren,traffic,10,0.09162450175568444,0.003867544897619844,0.042210815049587964,0.366455078125,0.06695556640625,0.0,0.0,384,0.9535599273634229,0.1535445290232889,0.0007616288135460133,0.0074937764770701765,0.007403516691238322,10.009758134394136,0.05098845048095077,3.4551868950547897,0.10361520395555923,-9.958769683913186,-9.906142930438577
1-54084-A-42,siren,traffic,5,0.09997589443110286,0.0058239744734499225,0.05825378714129376,0.439056396484375,0.091796875,0.0,0.0,384,0.8712382348287508,0.18277185022491643,0.0024082786141545447,0.007384928579617864,0.007284326584026445,4.983576898938945,0.087985204632463,2.718560187594219,0.14755411563276077,-4.895591694306482,-4.836022783306184
1-54084-A-42,siren,traffic,0,0.12338225948725329,0.0065034953641263694,0.05271013345965066,0.502655029296875,0.144378662109375,0.0,0.0,384,0.7068992414892314,0.13066296007787054,0.0076160588814721646,0.007450966286092625,0.007427189585252066,-0.0050986761950056565,0.06088228096298394,1.7524744856391896,0.07476316488236741,0.0659809571579896,0.07986184107737307
1-76831-A-42,siren,traffic,20,0.3942593567823223,0.007144645682082512,0.01812168959131945,0.99053955078125,0.08087158203125,0.0,0.0,384,0.9950427584955677,0.030396448376647688,0.0015372926836063846,0.1536092637838467,0.15358651289629252,20.004909614717437,0.003371010875090757,1.667307012445104,0.004014286582428544,-20.001538603842345,-20.00089532813501
1-76831-A-42,siren,traffic,15,0.32283302403692715,0.005003851305103827,0.01549981238763065,1.0,0.04095458984375,1.25e-05,0.0,384,0.9845567958828294,0.025559640998227984,0.003194162246608854,0.10085611584491619,0.10084646419547787,15.0008051464167,0.0024223525871917887,1.6197926576381037,0.0028379802947872644,-14.998382793829508,-14.997967166121914
1-76831-A-42,siren,traffic,10,0.3163977555405001,0.006596231441812585,0.020847908451639578,0.98663330078125,0.073760986328125,0.0,0.0,384,0.9534397607827308,0.04940071314091142,0.00910504404140281,0.09074664103047919,0.09067741274867586,9.997712407731928,0.007297201391914797,2.2657036378496125,0.01061158829519267,-9.990415206340014,-9.987100819436735
1-76831-A-42,siren,traffic,5,0.2843546090922469,0.01211578795712891,0.042608023818592126,0.997711181640625,0.2991943359375,0.0,0.0,384,0.8717538741323495,0.07289750116580616,0.019409464432177947,0.06108719450222447,0.06105219651282553,5.004947568056609,0.020651159649391734,1.4871409690776174,0.023140028344068517,-4.984296408407218,-4.981807539712541
1-76831-A-42,siren,traffic,0,0.24762894284119968,0.011290249834270166,0.04559341773514098,0.985748291015625,0.215911865234375,0.0,0.0,384,0.7065058699667497,0.061819249666665105,0.03071213565001943,0.030456638638252195,0.030456392981081097,-0.014756628480937877,0.016593709850285285,0.9561565606344666,0.01662873980594804,0.031350338331223165,0.031385368286885915
1-76831-B-42,siren,traffic,20,0.3900517297722546,0.009920754130595611,0.025434457466419112,0.998199462890625,0.1533203125,0.0,0.0,384,0.9950421631323818,0.03990209893805097,0.001504835330578041,0.15054932400741497,0.15051841901461005,20.00438421713492,0.006026965506672144,1.5597320490782027,0.006918583748085054,-19.99835725162825,-19.997465633386835
1-76831-B-42,siren,traffic,15,0.3212243505765432,0.012282726178460681,0.038237220050146487,0.99896240234375,0.360015869140625,0.0,0.0,384,0.9845804934709405,0.044470511895124056,0.003157593519697127,0.099914235606796,0.0999111208439124,15.007631598277866,0.00846117256887501,1.143425682721162,0.008596562400325032,-14.999170425708991,-14.999035035877542
1-76831-B-42,siren,traffic,10,0.31321686745253946,0.010580813645441377,0.03378111061354206,0.996337890625,0.220977783203125,0.0,0.0,384,0.9535930142680009,0.03379203574070026,0.008894217869341449,0.08918167387625033,0.0891814184383631,10.013086599041701,0.004949093864758878,0.9523301990665606,0.004961532563439291,-10.008137505176942,-10.008125066478263
1-76831-B-42,siren,traffic,5,0.2584299754241791,0.03975757339735674,0.15384273179649485,0.994110107421875,0.647430419921875,0.0,0.0,384,0.8718693452355004,0.16320654352695746,0.01601822372521956,0.049465238552371726,0.049455868137198336,5.009742418456364,0.11642594485984563,0.9231827837539008,0.11724872608471276,-4.893316473596518,-4.8924936923716515
1-76831-B-42,siren,traffic,0,0.18435043026112158,0.017529585663932305,0.0950883902961478,0.997802734375,0.3524169921875,0.0,0.0,384,0.7074615087170423,0.11896669363433536,0.016975487255950494,0.01678672883847788,0.016782536782967157,0.008717039985778491,0.060819832630457656,0.8834651533764358,0.06190450777521553,0.052102792644679166,0.05318746778943704
1-17124-A-43,vehicle_horn,traffic,20,0.04698576886743161,0.0027543938383525215,0.05862187434080155,1.0,0.04229736328125,0.0001,0.0,384,0.9950195153515022,0.20173831952149027,2.193311218915526e-05,0.00215159224056074,0.0021065163427424504,19.984961472238115,0.08926070647334784,3.4325001354296023,0.1812120699273903,-19.89570076576477,-19.803749402310725
1-17124-A-43,vehicle_horn,traffic,15,0.047352128896058096,0.002324255213731948,0.04908449245933342,1.0,0.04425048828125,7.5e-05,0.0,384,0.9845448563936482,0.215813596192707,6.876235880705013e-05,0.002142316433073372,0.002081872398228006,14.998012424811392,0.0835802216283456,4.338865432077771,0.20787535062030515,-14.914432203183047,-14.790137074191087
1-17124-A-43,vehicle_horn,traffic,10,0.04648736342285125,0.002572122116093664,0.05532949013901949,1.0,0.0684814453125,1.25e-05,0.0,384,0.9532024462313626,0.21562486193417035,0.00019750493694075497,0.0019302339707234623,0.0018809822977784733,9.974684245048579,0.09526058600130352,3.723572292564356,0.2075130603640007,-9.879423659047275,-9.767171184684578
1-17124-A-43,vehicle_horn,traffic,5,0.05288527141481172,0.0023705516287546315,0.044824420208812714,0.999969482421875,0.034576416015625,3.75e-05,0.0,384,0.8714642022580411,0.1807429394705432,0.0006727012469841009,0.0021002779376119163,0.002064300991583284,4.993630678511416,0.0699816263695249,3.5263806518323593,0.14501911788860733,-4.923649052141892,-4.848611560622809
1-17124-A-43,vehicle_horn,traffic,0,0.06511262209739457,0.0023872045707924038,0.036662700623876825,1.0,0.0487060546875,3.75e-05,0.0,384,0.7080809972303587,0.1910013288840287,0.002113811671544314,0.0020994999431900767,0.0020578454577586942,0.0246466857518096,0.07504725682659354,3.6983340637556537,0.16207835966426942,0.050400571074783934,0.13743167391245983
1-19026-A-43,vehicle_horn,traffic,20,0.10576439363102234,0.08467168516460867,0.8005689084740627,1.0,0.884033203125,6.25e-05,0.0,384,0.9948688326847094,0.9663369050788718,0.00011450196363681366,0.001027062230774646,0.0007363973106485621,19.85397668057203,10.347034765090037,1.200869189676303,11.7918804149427,-9.506941915481992,-8.062096265629329
1-19026-A-43,vehicle_horn,traffic,15,0.10478101744292766,0.012610789005609689,0.12035375598904219,1.0,0.277008056640625,1.25e-05,0.0,384,0.9843360026820209,0.4432715223456912,0.00034125900148264165,0.009690253793329044,0.00858881066573589,14.937678020238682,0.42606398654803646,3.625419292847741,0.9500852094214195,-14.511614033690645,-13.987592810817262
1-19026-A-43,vehicle_horn,traffic,10,0.10863759416560231,0.10105696076108032,0.9302209013118754,0.999969482421875,0.96209716796875,1.25e-05,0.0,384,0.953116097657395,0.9979269289693957,0.0010807179856992118,4.9810718053074844e-05,4.4620945057501e-05,9.96539498580508,23.350187079652144,1.0224886388576846,23.82802746042381,13.384792093847064,13.862632474618731
1-19026-A-43,vehicle_horn,traffic,5,0.10574934223247995,0.01094019017440035,0.10345397846872063,0.977813720703125,0.263031005859375,0.0,0.0,230,0.8708310188080463,0.27485577471183004,0.0027023911589040247,0.008069612713028532,0.007862480581875468,4.966748966236171,0.22820811029251414,2.3136779366790523,0.34113917167481494,-4.738540855943657,-4.625609794561356
1-19026-A-43,vehicle_horn,traffic,0,0.10497117414614127,0.018966263232135034,0.18068068101943996,0.97760009765625,0.316253662109375,0.0,0.0,230,0.7052566343375345,0.46194111582032465,0.005538267083629649,0.004556299752419322,0.004323594013700428,-0.045394618303496025,0.8147254075971264,1.803184788037495,1.0423992259184873,0.8601200259006224,1.0877938442219834
1-24074-A-43,vehicle_horn,traffic,20,0.11550740833983983,0.0023654935221924913,0.020479149832821637,0.832977294921875,0.04376220703125,0.0,0.0,384,0.9950408253589182,0.20186603617458787,0.00013200293217294882,0.013113445449418308,0.012679172112512299,20.003179155201153,0.03441368960845019,9.798561859971084,0.1806728570338262,-19.968765465592703,-19.822506298167326
1-24074-A-43,vehicle_horn,traffic,15,0.11673719691127286,0.0020729298539402157,0.017757235129739875,0.86376953125,0.04541015625,0.0,0.0,384,0.9845727683978037,0.1862938812667044,0.00041722870310719146,0.013133679969580194,0.012759485758872318,15.005399351545138,0.02784372577973831,10.333986701543795,0.15337632820850583,-14.977555625765401,-14.852023023336633
1-24074-A-43,vehicle_horn,traffic,10,0.12048383590083529,0.00226254868629123,0.01877885667711833,0.898895263671875,0.034576416015625,0.0,0.0,384,0.9534883846641178,0.1767136171827123,0.001318954514034295,0.013118460449347351,0.012792838832788285,10.002585278603819,0.028621652271955265,8.978406620083069,0.13778106863970963,-9.973963626331864,-9.86480420996411
1-24074-A-43,vehicle_horn,traffic,5,0.13213714926749306,0.004160699468896198,0.03148773446348118,0.91143798828125,0.079315185546875,0.0,0.0,384,0.8724316537004658,0.17116011944288448,0.004170600561928066,0.013150516310558137,0.012908039779343615,5.033141150640448,0.04826597052762797,4.74082637783255,0.1290910570697005,-4.98487518011282,-4.904050093570747
1-24074-A-43,vehicle_horn,traffic,0,0.16166820072254773,0.004381620284155976,0.0271025487051448,0.987823486328125,0.04254150390625,0.0,0.0,384,0.7090109207227901,0.14952795362384558,0.012997822249735839,0.013015447971050186,0.012852615980130802,0.04684589498270577,0.043527515888179644,3.910708577384442,0.09820340393482532,-0.0033183790945261263,0.05135750895211955
1-24076-A-43,vehicle_horn,traffic,20,0.1575886508030838,0.08345680585584037,0.5295863974374938,1.0,0.84423828125,2.5e-05,0.0,384,0.9948408822416084,0.758950863297744,0.00025558452804719955,0.011721247826272506,0.010458240362463853,19.83022556104385,3.2312536519109747,1.4248127339841825,3.72640595289433,-16.598971909132874,-16.10381960814952
1-24076-A-43,vehicle_horn,traffic,15,0.1560685254567487,0.03133449291253084,0.20077394093926115,1.0,0.455169677734375,1.25e-05,0.0,384,0.9843999169809885,0.42449162194227325,0.0007540267060571887,0.02056979901992696,0.019419018274198074,14.955870902824632,0.6128586739170293,2.0800431928848195,0.8628864564983206,-14.343012228907602,-14.09298444632631
1-24076-A-43,vehicle_horn,traffic,10,0.15050241006934856,0.05749116697854182,0.3819949923197311,0.999298095703125,0.6129150390625,1.25e-05,0.0,384,0.9531710278460402,0.657315755936113,0.0020717696539089914,0.013085943389970336,0.011729245371955658,9.970871211215442,1.9816564898350097,1.6391454359246853,2.4570061449988536,-7.989214721380432,-7.513865066216589
1-24076-A-43,vehicle_horn,traffic,5,0.1609459874875927,0.06099817619853641,0.37899780634940494,0.937896728515625,0.6849365234375,0.0,0.0,384,0.8703630763270581,0.6713329475998618,0.006280794149692596,0.011910605651395683,0.010817403881364025,4.947467668777692,2.1836957831594215,1.540743146831138,2.60180379145371,-2.763771885618271,-2.3456638773239824
1-24076-A-43,vehicle_horn,traffic,0,0.1727389654556568,0.026034928024245705,0.1507183278281763,0.9990234375,0.25860595703125,1.25e-05,0.0,384,0.7047749318070191,0.12251725183977827,0.015017603249867013,0.014775034853312332,0.014650617905600044,-0.05718823400784861,0.028953862434742194,0.572565329020668,0.06567958299150485,0.0861420964425908,0.12286781699935345
1-254507-A-43,vehicle_horn,traffic,20,0.2098905037715842,0.012125124883703733,0.05776881119356902,1.0,0.166839599609375,0.0008125,0.0,384,0.9949072308654968,0.2741116601626355,0.0004475707545859606,0.042566465715051086,0.04052107761521976,19.88689060288998,0.1253809209921843,4.721788110093518,0.3392469794425129,-19.761509681897795,-19.547643623447467
1-254507-A-43,vehicle_horn,traffic,15,0.21280405778445696,0.013082594639818776,0.06147718598989196,1.0,0.197845458984375,0.00105,0.0,384,0.9843758957520602,0.26718137319206964,0.0014040342667806837,0.04279051211808062,0.04094208186072829,14.949041052735714,0.12989251667699933,4.279460114408081,0.3216681321554174,-14.819148536058714,-14.627372920580296
1-254507-A-43,vehicle_horn,traffic,10,0.1995195620119995,0.04192705020620326,0.21014004733872504,1.0,0.41656494140625,8.75e-05,0.0,384,0.9535540851093555,0.4248276042685883,0.003611956377899409,0.031324608265752826,0.029804395501889024,10.009192991622513,0.6483107035975919,1.9277838167663475,0.8643640097036334,-9.360882288024921,-9.144828981918879
1-254507-A-43,vehicle_horn,traffic,5,0.18076958483579775,0.010520528001773874,0.05819855155019694,1.0,0.162841796875,1.25e-05,0.0,384,0.8714295267721424,0.4225262225303309,0.007862564500895102,0.023637401159937465,0.020481598252834632,4.9915143118841705,0.23170849873599286,6.329544419823889,0.8540673261085651,-4.759805813148177,-4.137446985775606
1-254507-A-43,vehicle_horn,traffic,0,0.2086368625221176,0.011128323339531366,0.05333824140665292,1.0,0.1644287109375,1.25e-05,0.0,384,0.7081491843372709,0.27388568075994935,0.021700412395105104,0.021153217185773822,0.020287421180352466,0.02564419843035503,0.15710901677619094,3.642597082933316,0.33860484006406233,0.1314648183458359,0.3129606416337073
1-187207-A-20,baby_crying,cafeteria,20,0.1602347084307532,0.15709066224054682,0.9803784946407844,0.95513916015625,0.856109619140625,0.0,0.0,384,0.9949609319699658,0.9889737124914405,0.00025810675655209796,0.0005604363937855484,0.0005601013138621717,19.933258902343745,16.5868164547616,1.0036760263041131,16.58941383939703,-3.3464424475821453,-3.3438450629467162
1-187207-A-20,baby_crying,cafeteria,15,0.1621701290429679,0.15673013066653274,0.9664549913813425,0.9527587890625,0.865966796875,0.0,0.0,384,0.9845129989460965,0.9831859951987649,0.000808283085469984,0.0008541544723348907,0.0008540952864756517,14.98821122800192,14.769309059725641,1.0015484950412117,14.769610006725173,-0.21890216827627818,-0.21860122127674586
1-187207-A-20,baby_crying,cafeteria,10,0.1670589955416064,0.1542951280749243,0.9235966466498763,0.939117431640625,0.850189208984375,0.0,0.0,384,0.9532642766034343,0.9733809687664561,0.0025477092542277994,0.0013391200364350937,0.0013386049954985494,9.980165047234498,12.794295728512479,1.0046400782310017,12.79596640705753,2.8141306812779803,2.8158013598230323
1-187207-A-20,baby_crying,cafeteria,5,0.1650306277555015,0.01829655118691048,0.11086760945984793,0.99224853515625,0.233856201171875,0.0,0.0,384,0.8730823547763396,0.1215584050498075,0.006474526910936826,0.020552751551153936,0.02055213854575303,5.060314555626999,0.0645223537082287,0.9573083335306166,0.06465189064104451,-4.9957922019187695,-4.995662664985954
1-187207-A-20,baby_crying,cafeteria,0,0.1993976478118711,0.05927457159491278,0.29726815860354333,0.967559814453125,0.62957763671875,0.0,0.0,384,0.709447495211372,0.4217051814451547,0.019747879509211533,0.01653203144235837,0.016531885857568564,0.05760069633889485,0.8503702752077464,1.0064220764526828,0.8504085245345934,0.7927695788688516,0.7928078281956985
1-211527-A-20,baby_crying,cafeteria,20,0.07598527024503977,0.0015068598754313944,0.0198309471108285,0.76513671875,0.013153076171875,0.0,0.0,384,0.9947896250358124,0.090787296231461,6.0011092716657674e-05,0.005722812122233469,0.005694023582833668,19.78689733151359,0.01400919221399366,4.552248267613839,0.03591145464471967,-19.772888139299596,-19.75098587686887
1-211527-A-20,baby_crying,cafeteria,15,0.07681134397483202,0.0018850909394591442,0.024541829916122967,0.748748779296875,0.027435302734375,0.0,0.0,384,0.984169268995426,0.06321708354282343,0.0001853243583074074,0.005727685136007319,0.005719269463438763,14.890577763323982,0.01100285469625734,2.5356128231013537,0.017388623280260904,-14.879574908627724,-14.87318914004372
1-211527-A-20,baby_crying,cafeteria,10,0.07931217779780457,0.005089945144953487,0.0641760860221188,0.74420166015625,0.057861328125,0.0,0.0,384,0.9526574657054855,0.03548766190667229,0.0005815110098479587,0.005735043160848496,0.005729214704040974,9.919953008203002,0.0010569164612291716,0.5268120253623775,0.0054728453116294415,-9.918896091741773,-9.914480162891373
1-211527-A-20,baby_crying,cafeteria,5,0.08679919770351793,0.00790272798519801,0.09104609482902762,0.800323486328125,0.066558837890625,0.0,0.0,384,0.8698128812827465,0.037119205632024956,0.0018339932871996435,0.0057458259415588304,0.0057197037627809,4.924852862888443,-0.013802977787952309,0.35465784777969356,0.0059863205399317285,-4.938655840676395,-4.918866542348511
1-211527-A-20,baby_crying,cafeteria,0,0.10722684749222752,0.01607663050144099,0.14993101893260757,0.85833740234375,0.16839599609375,0.0,0.0,384,0.7042411566981907,0.019838117450542498,0.005795299573220727,0.00594107182001582,0.00572753885582504,-0.07026037443365223,-0.1572580918513847,0.09318665076305453,0.0017094929654092106,-0.08699771741773248,0.07196986739906143
1-211527-B-20,baby_crying,cafeteria,20,0.08599129337104636,0.07359983954180292,0.8558987387737595,0.756805419921875,0.771575927734375,0.0,0.0,384,0.9950084186342902,0.9250716985839685,7.363721325928611e-05,0.0010917691858625227,0.0010608816066270837,19.974650505429643,8.284433078292784,1.0753306094206332,8.409072207847533,-11.69021742713686,-11.56557829758211
1-211527-B-20,baby_crying,cafeteria,15,0.08705553051048336,0.07779121085837198,0.8935814922063366,0.752227783203125,0.77166748046875,0.0,0.0,384,0.9845743764246233,0.9478292544399896,0.00023200887234382382,0.0007619401239565977,0.0007500314464018693,15.005851901885766,9.861806844427477,1.04425448003435,9.9302205635505,-5.144045057458289,-5.075631338335265
1-211527-B-20,baby_crying,cafeteria,10,0.08988603323561753,0.010104024023974237,0.11240927717311366,0.7252197265625,0.1446533203125,0.0,0.0,384,0.9535598982366743,0.22921063362696806,0.0007330015226650076,0.00708435340059125,0.006992850347594103,10.009755042087601,0.1779190877667912,1.944684886305573,0.23437892322217352,-9.83183595432081,-9.775376118865427
1-211527-B-20,baby_crying,cafeteria,5,0.0981913204506046,0.01131791594529873,0.11526391429874128,0.788177490234375,0.169952392578125,0.0,0.0,384,0.8715763408982673,0.09231103371228438,0.0023173891186301617,0.007307191388841976,0.007295462920175681,4.997580980531542,0.03018324280270769,0.6980630207783105,0.03715952305341343,-4.9673977377288345,-4.9604214574781285
1-211527-B-20,baby_crying,cafeteria,0,0.12074649071215905,0.0270707568143616,0.22419497788050913,0.730072021484375,0.281829833984375,0.0,0.0,384,0.7052245227136752,0.08367209159370294,0.007328616750369815,0.007633487837479635,0.007233764057811733,-0.04618246387472487,-0.20307508133223268,0.26318669318689697,0.030511699820719905,-0.15689261745750782,0.07669416369544477
1-211527-C-20,baby_crying,cafeteria,20,0.09183016536870954,0.004890199383273682,0.05325264703203924,0.749786376953125,0.031768798828125,0.0,0.0,384,0.9944911835843907,0.06908376412414881,9.265427212706151e-05,0.008341918485582054,0.008339895985255164,19.543070639884593,0.019723493823470224,1.2901220348978013,0.020776571234828855,-19.523347146061123,-19.522294068649764
1-211527-C-20,baby_crying,cafeteria,15,0.09280708905102523,0.006112087899953114,0.06585798522990732,0.77581787109375,0.07269287109375,0.0,0.0,384,0.9837438637597492,0.08123537118731354,0.0002777580415303271,0.008321586893886311,0.008319878074198178,14.772597299392059,0.027859974676728124,1.2133638525103072,0.028751881831655075,-14.74473732471533,-14.743845417560404
1-211527-C-20,baby_crying,cafeteria,10,0.09589758288983309,0.00933137903717733,0.09730567503351148,0.74237060546875,0.1463623046875,0.0,0.0,384,0.9519203876858209,0.14452460695381963,0.0008630556491936253,0.008213126856284132,0.008198142717329809,9.847777740210681,0.08373821382607549,1.4138556023229327,0.09166877467536252,-9.764039526384606,-9.756108965535319
1-211527-C-20,baby_crying,cafeteria,5,0.10504040519532072,0.012427420605969021,0.1183108593579819,0.740478515625,0.12103271484375,0.0,0.0,384,0.8683230535395756,0.03738504589083878,0.0027144047221128727,0.008428752133248226,0.008347064693610816,4.864008085067414,-0.03622093530067788,0.2744013397968159,0.006074094979589053,-4.900229020368092,-4.857933990087824
1-211527-C-20,baby_crying,cafeteria,0,0.13017692579866585,0.018064905730966845,0.13877194917712513,0.836273193359375,0.217132568359375,0.0,0.0,384,0.7032999810727699,0.05764441551318008,0.008564001985452435,0.008558250414181621,0.008394012514297963,-0.09327502971294546,-0.06969955137376425,0.2921738672523807,0.014454221872646595,0.023575478339181208,0.10772925158559206
1-22694-A-20,baby_crying,cafeteria,20,0.09387311383487101,0.006793676896884191,0.07237084847142405,0.817413330078125,0.123199462890625,0.0,0.0,384,0.9946843795257507,0.13349605572089665,9.343612940290106e-05,0.008636861709316788,0.008604542448414762,19.699381160859744,0.061812326536429166,1.8348023931805342,0.07809417123924078,-19.637568834323314,-19.621286989620504
1-22694-A-20,baby_crying,cafeteria,15,0.09492699682133665,0.005391414404639937,0.056795375237533204,0.823516845703125,0.068511962890625,0.0,0.0,384,0.984165405720852,0.06150733060977931,0.00028311681171580495,0.008736954751946557,0.008736828206304005,14.8895000821331,0.016398236064534874,1.0658185137477203,0.016461130107045724,-14.873101846068565,-14.873038952026054
1-22694-A-20,baby_crying,cafeteria,10,0.09801257587110923,0.005265718162517937,0.05372492372246785,0.81146240234375,0.071014404296875,0.0,0.0,384,0.9529250756903551,0.054792871892043266,0.0008831596292680412,0.008738983376397436,0.008738961252635864,9.946418202535286,0.01304358812927997,0.9718150061920787,0.01305458535826293,-9.933374614406006,-9.933363617177022
1-22694-A-20,baby_crying,cafeteria,5,0.1070800668916031,0.012704592565564577,0.11864572869967858,0.89935302734375,0.110382080078125,0.0,0.0,384,0.8703054698310589,0.029179376334837796,0.002781323861321123,0.008819314657519454,0.008719166578231559,4.945091036245131,-0.04589929224780739,0.2140726220033096,0.003699341702360669,-4.990990328492939,-4.94139169454277
1-22694-A-20,baby_crying,cafeteria,0,0.13155350143109204,0.019059088505034388,0.14487709029179716,0.88751220703125,0.162353515625,0.0,0.0,384,0.7066485384769355,0.03347534856316832,0.008664373830409322,0.008929242321588659,0.008673792797054347,-0.011254395808893173,-0.12118623423663868,0.16330128130572658,0.004869427069349905,-0.10993183842774551,0.01612382287824308
1-100032-A-0,dog_barking,cafeteria,20,0.04167727690659209,0.0023431259034636283,0.05622070531899401,0.990234375,0.078094482421875,0.0,0.0,384,0.9949955300153641,0.25228082257580525,1.7342902381373517e-05,0.0016842012430459418,0.0016179726056327816,19.9631889383847,0.11136322516685465,4.464865341062742,0.2855914164805396,-19.851825713217846,-19.67759752190416
1-100032-A-0,dog_barking,cafeteria,15,0.04219165612139511,0.0019123818691152846,0.04532606787495901,0.986236572265625,0.03021240234375,0.0,0.0,384,0.984517404522253,0.047012591495940566,5.4696435331835216e-05,0.001729931168820677,0.0017299295190857612,14.98940653962756,0.009604865324639916,1.0211699105720147,0.009608999606087534,-14.97980167430292,-14.979797540021472
1-100032-A-0,dog_barking,cafeteria,10,0.04316575932997328,0.002235838464785249,0.05179657440272887,0.990447998046875,0.029876708984375,0.0,0.0,384,0.9534457509666936,0.015909428712961866,0.00016945002207604157,0.001704083277638852,0.0017015717164614095,9.998289045477517,-0.00530647725522845,0.29283702469288325,0.001099098074212843,-10.003595522732745,-9.997189947403303
1-100032-A-0,dog_barking,cafeteria,5,0.046130144556679936,0.0053581181053186985,0.11615220712640947,0.990753173828125,0.055023193359375,0.0,0.0,-1940,0.8714843258714886,0.005911923546213736,0.0005118144276599325,0.00168314292494174,0.0016562841187227058,4.993760523699326,-0.06970979342271214,0.04436610224905417,0.00015179171316566872,-5.063470317122038,-4.99360873198616
1-100032-A-0,dog_barking,cafeteria,0,0.05863470856437227,0.013668548638714756,0.23311361092054722,0.977325439453125,0.102752685546875,0.0,0.0,384,0.705829715569532,0.0031142142692374628,0.0017252186069923806,0.0019052574330189222,0.0017210549943253027,-0.03134808114164646,-0.4415470666466288,0.009429411805733921,4.2119305368442536e-05,-0.41019898550498235,0.031390200447014904
1-110389-A-0,dog_barking,cafeteria,20,0.034787383624845424,0.03134884620796604,0.9011556185437426,0.682708740234375,0.680908203125,0.0,0.0,384,0.995026532759044,0.9635281209957066,1.2008397676865865e-05,9.02512818423129e-05,8.621977477075411e-05,19.990274927461,11.251488083500567,1.0638950758899879,11.44995303619776,-8.738786843960435,-8.540321891263241
1-110389-A-0,dog_barking,cafeteria,15,0.03523017005324431,0.03184717426269573,0.9039744688874404,0.683807373046875,0.680877685546875,0.0,0.0,384,0.9846077659688267,0.9716129034543654,3.7915457098681475e-05,7.113016229309956e-05,6.766870746047004e-05,15.015393155791092,12.303914446207585,1.058279222782951,12.520573653758529,-2.7114787095835062,-2.4948195020325628
1-110389-A-0,dog_barking,cafeteria,10,0.03632639550154262,0.025418841202416186,0.6997347480108992,0.6884765625,0.63433837890625,0.0,0.0,384,0.9534783470279077,0.9029149679687535,0.00011992548839724802,0.0002571512344222618,0.00022270651483884287,10.00154521387175,6.709670363170227,1.2303354840232554,7.3342273119647095,-3.2918748507015234,-2.667317901907041
1-110389-A-0,dog_barking,cafeteria,5,0.03986217286388045,0.030400166468394343,0.762631946136089,0.664581298828125,0.65875244140625,0.0,0.0,384,0.8725959585745646,0.9270758365523986,0.00037909678442240956,0.0001742777022527378,0.00017085054817473147,5.039979474156465,8.435958553119061,1.0607500242910368,8.522213043570483,3.395979078962596,3.482233569414018
1-110389-A-0,dog_barking,cafeteria,0,0.04893039590724311,0.006900374864656885,0.14102430067677893,0.720489501953125,0.09100341796875,0.0,0.0,384,0.7066373531288795,0.0645322516266585,0.0011986813097095894,0.0012181679664172874,0.0011962670492388148,-0.01153302650376081,-0.06067111065989297,0.3233524872053215,0.018119222873959128,-0.04913808415613216,0.029652249377719937
1-30226-A-0,dog_barking,cafeteria,20,0.03675740990009065,0.005693968104222104,0.1549066737754028,0.4368896484375,0.19488525390625,0.0,0.0,384,0.9950151649198656,0.27375822707284536,1.3437443585424842e-05,0.0012598862634306787,0.0012412265652432166,19.980322252617043,0.27347889621798,1.7568273554149871,0.3382816781567771,-19.706843356399062,-19.642040574460268
1-30226-A-0,dog_barking,cafeteria,15,0.037151696959849066,0.011687003098423514,0.3145752160676268,0.440185546875,0.284820556640625,0.0,0.0,384,0.9845414210981726,0.40595980590977193,4.2344432212045755e-05,0.001130807522211369,0.001120844080040442,14.996287245586064,0.7436670087898373,1.2694374821107395,0.782101872659835,-14.252620236796227,-14.214185372926229
1-30226-A-0,dog_barking,cafeteria,10,0.03833416929825744,0.007088204821991078,0.18490565862642255,0.442047119140625,0.240447998046875,0.0,0.0,384,0.9534201740087945,0.29020924792851854,0.00013371139273359324,0.0012394362843173576,0.001227068399533648,9.995720904343203,0.3384664825258272,1.4949615861096617,0.3820208262562822,-9.657254421817376,-9.613700078086922
1-30226-A-0,dog_barking,cafeteria,5,0.042017143811927796,0.005198825512494936,0.12373105453729336,0.449188232421875,0.041748046875,0.0,0.0,384,0.8721633889790024,0.09535158632037283,0.0004225253802686116,0.0013377127758722666,0.0013347875566115783,5.021957605470372,0.03016038000840761,0.6717207497588743,0.03966763337249276,-4.991797225461965,-4.982289972097879
1-30226-A-0,dog_barking,cafeteria,0,0.05166908542062447,0.011609616846295306,0.22469174268877534,0.490753173828125,0.08929443359375,0.0,0.0,384,0.7066201437135308,0.0517346615257744,0.0013366843774624388,0.0014284942963174578,0.001333520034828849,-0.011954617343152483,-0.2871474891654027,0.1625765308255463,0.011642169085843286,-0.2751928718222502,0.02359678642899577
1-30344-A-0,dog_barking,cafeteria,20,0.089326467715293,0.002298667096374118,0.0257333258010445,0.89996337890625,0.0264892578125,0.0,0.0,-299,0.9950476438118457,0.03818139829515412,7.883708667870798e-05,0.007919662829919042,0.007918459862745364,20.009174724954875,0.005674983942715795,1.4762531035215982,0.00633471148716319,-20.00349974101216,-20.00284001346771
1-30344-A-0,dog_barking,cafeteria,15,0.09026582746623246,0.0013439925641597194,0.014889273182173991,0.911468505859375,0.026092529296875,0.0,0.0,384,0.9845909343549369,0.08796803382627476,0.0002491699291015831,0.007917531383889525,0.00787544155888605,15.01062674205571,0.010570937322857802,5.815711844480687,0.03371974552436464,-15.000055804732852,-14.976906996531344
1-30344-A-0,dog_barking,cafeteria,10,0.09303819768331825,0.005657892167109371,0.06081257277110637,0.909881591796875,0.069305419921875,0.0,0.0,384,0.9533921200521213,0.032546619984106254,0.0007880827728314595,0.007905292549370295,0.007897578923151767,9.99293827193508,0.00036299945451130085,0.5102725542968709,0.00460271322783745,-9.992575272480568,-9.988335558707242
1-30344-A-0,dog_barking,cafeteria,5,0.10186093810600262,0.011686326735595864,0.1147282457131346,0.931793212890625,0.104766845703125,0.0,0.0,384,0.8716612779821313,0.03877548387373616,0.0024923006781723675,0.007977728358456516,0.007909445292037243,5.001103801405976,-0.03079843472851522,0.2945864519661221,0.006533751052989666,-5.031902236134491,-4.994570050352986
1-30344-A-0,dog_barking,cafeteria,0,0.12565802773202772,0.07115836458190085,0.5662858622423214,0.88494873046875,0.932586669921875,0.0,0.0,384,0.7078197769806216,0.7588157144337918,0.007879041012441542,0.0033854932970259206,0.003371982649500417,0.017524787245961765,3.706924667765859,0.9484690334689828,3.7242909377881444,3.6893998805198973,3.7067661505421827
1-32318-A-0,dog_barking,cafeteria,20,0.1331059790438021,0.0067475002454891455,0.050692690846507356,0.996978759765625,0.177703857421875,0.0,0.0,-686,0.9950194714134093,0.12312967848567064,0.00017604349181098752,0.017516523789207,0.017424365815845954,19.98438310750236,0.04342433945153198,2.41667776840836,0.06633376851508033,-19.940958768050827,-19.91804933898728
1-32318-A-0,dog_barking,cafeteria,15,0.13467013711744832,0.0053982734248533065,0.04008515577692902,1.0,0.0732421875,2.5e-05,0.0,384,0.9846216503385395,0.08798884720247926,0.0005535167454983051,0.017570042421885743,0.017530547653485447,15.019505955049643,0.023980597637207987,2.1614657510163293,0.03375386058760604,-14.995525357412436,-14.985752094462038
1-32318-A-0,dog_barking,cafeteria,10,0.1298252099789909,0.011292157411995442,0.08697969688493326,0.99066162109375,0.0994873046875,0.0,0.0,384,0.9534787955336094,0.036010526536059705,0.0015317149548863406,0.015423732546148603,0.015376805180626334,10.001621881424745,-0.007598347911120036,0.39477387833487815,0.005635392143669539,-10.009220229335865,-9.995986489281075
1-32318-A-0,dog_barking,cafeteria,5,0.13169220579400365,0.01744142457791804,0.13244082649204286,0.99884033203125,0.176544189453125,0.0,0.0,384,0.8720227844434278,0.06897192234788625,0.0041549327667887905,0.013279544605694988,0.01318846880304325,5.016117588886988,-0.009179123896068437,0.45413534687908164,0.02070893700693742,-5.025296712783057,-4.995408651880051
1-32318-A-0,dog_barking,cafeteria,0,0.13271611397113778,0.024997537090895076,0.1883534436242714,0.999847412109375,0.232818603515625,1.25e-05,0.0,384,0.7065760200638861,0.07665420105019004,0.008819999797443544,0.009102559263438283,0.008784059795901173,-0.013034595475344229,-0.12908889684479755,0.2876190737527769,0.025593414230905727,-0.11605430136945331,0.03862800970624995
1-101336-A-30,door_activity,cafeteria,20,0.10106207294251456,0.00889865419054485,0.08805137210678948,0.999969482421875,0.37127685546875,3.75e-05,0.0,384,0.9950649983112642,0.25555485975308423,0.00010052693112370011,0.009780719655164189,0.009495097842075507,20.025982410599813,0.1659948752435373,2.8946430118527333,0.29470854038423816,-19.859987535356275,-19.731273870215574
1-101336-A-30,door_activity,cafeteria,15,0.10033815736928282,0.0049913099479613745,0.04974488349025031,0.992431640625,0.09765625,0.0,0.0,199,0.9845398043039134,0.10537070231288476,0.0003087943230709383,0.00970307413601044,0.00967253070879995,14.997338403590375,0.03575451596984148,2.105879300000603,0.049446830188888236,-14.961583887620533,-14.947891573401487
1-101336-A-30,door_activity,cafeteria,10,0.09854529174253855,0.00496102038496343,0.05034254094984764,0.98974609375,0.132568359375,0.0,0.0,201,0.9535136659727433,0.1401818415961346,0.0008816242986679212,0.008744815557771204,0.00867618184268232,10.006550546051836,0.05280490059919068,2.667847867682679,0.08702498678172457,-9.953745645452646,-9.919525559270111
1-101336-A-30,door_activity,cafeteria,5,0.10358514032519546,0.007218060837681676,0.06968239667409125,1.0,0.092681884765625,1.25e-05,0.0,384,0.8723796163545877,0.09859659713047886,0.0025633049381186507,0.008128285127759845,0.008125217444362315,5.032397358215705,0.041307129614940416,1.2421022844054717,0.042946503395151464,-4.991090228600764,-4.989450854820554
1-101336-A-30,door_activity,cafeteria,0,0.11040107644582824,0.02828803834739301,0.2562297330612843,0.99462890625,0.427642822265625,0.0,0.0,384,0.7091276782764173,0.12804556878457216,0.006058312373320448,0.0063934945490918185,0.006058565412133947,0.05114858860474677,-0.161821454771731,0.35457882242919403,0.07186351460037922,-0.21297004337647776,0.020714925995632454
1-103995-A-30,door_activity,cafeteria,20,0.04581657722598819,0.01357899059024322,0.29637723750653533,1.0,0.702972412109375,5e-05,0.0,384,0.9950324759847381,0.4944750549480544,2.0803971761762655e-05,0.0016584847246029787,0.001577745354610314,19.99573420788501,1.0009783322368773,1.6601315471764422,1.217723992991147,-18.994755875648135,-18.778010214893865
1-103995-A-30,door_activity,cafeteria,15,0.04607679152693581,0.011702640355301755,0.25398123366425296,1.0,0.61798095703125,3.75e-05,0.0,384,0.9844654428223704,0.4851368287457586,6.544932022310459e-05,0.0016876008292480264,0.0015809149174594685,14.974603228827778,0.8818536554143521,1.8804915258693269,1.1654659902127316,-14.092749573413426,-13.809137238615047
1-103995-A-30,door_activity,cafeteria,10,0.04731311903380221,0.01184205321844243,0.25029111291483525,1.0,0.575958251953125,1.25e-05,0.0,384,0.9535340218771795,0.46637914983271783,0.00020319527377094665,0.001685328363318853,0.00160030342969596,10.007225233634404,0.8404122845524766,1.776787267894405,1.065234221541925,-9.166812949081928,-8.94199101209248
1-103995-A-30,door_activity,cafeteria,5,0.052249783156716044,0.006729807625843865,0.12880068048624685,0.999969482421875,0.107818603515625,3.75e-05,0.0,384,0.8728915882553647,0.17516104848512534,0.0006499055214465556,0.0020276428823238503,0.002026051562726385,5.052411336283054,0.13189525385513007,1.1870029164128981,0.13530497809122372,-4.920516082427924,-4.91710635819183
1-103995-A-30,door_activity,cafeteria,0,0.06482886153971343,0.018861264161361625,0.2909393087183465,1.0,0.758819580078125,1.25e-05,0.0,384,0.7225372007311709,0.41146151534339437,0.002008659331020784,0.0018316156075710124,0.0018314446002220617,0.3835444938155574,0.8051603299040543,1.021872523874854,0.805565825406208,0.4216158360884969,0.42202133159065064
1-103999-A-30,door_activity,cafeteria,20,0.027918219068895706,0.018042175853720966,0.646250959246256,0.8497314453125,0.855224609375,0.0,0.0,384,0.9950453921911063,0.7420271188889662,7.705230347195433e-06,0.0003551232552647384,0.0003484798715729324,20.006751499762032,3.3917129605817093,1.1425151392888286,3.4737271222324746,-16.615038539180322,-16.533024377529557
1-103999-A-30,door_activity,cafeteria,15,0.028107836739260244,0.019872889698541108,0.7070230940534534,0.853759765625,0.8480224609375,0.0,0.0,384,0.984474163970191,0.8333837099294131,2.434265919989644e-05,0.0002452418631582127,0.00023502919848986998,14.976950437428505,4.965580883478121,1.1604219353283582,5.150308774988729,-10.011369553950384,-9.826641662439776
1-103999-A-30,door_activity,cafeteria,10,0.028973272771786334,0.015299140202879662,0.5280432184305287,0.838836669921875,0.827789306640625,0.0,0.0,384,0.9530422600610375,0.630566160749761,7.698666300252319e-05,0.0004659959394547492,0.0004615113933637139,9.958037477480795,2.159267434554005,1.1380854442545631,2.201264497611998,-7.79877004292679,-7.756772979868797
1-103999-A-30,door_activity,cafeteria,5,0.0319669316058097,0.01850894789004155,0.5790029558757437,0.85089111328125,0.836517333984375,0.0,0.0,384,0.8728172492202624,0.7569795031318158,0.00024340194489315352,0.00034085486481448096,0.00033400051226056024,5.049249583828493,3.60769138219755,1.1411096748256455,3.6959150324998573,-1.4415582016309427,-1.3533345513286354
1-103999-A-30,door_activity,cafeteria,0,0.03907934659601686,0.01596677428136038,0.4085732150646496,0.838348388671875,0.800384521484375,0.0,0.0,384,0.7041458366875891,0.5515099771556841,0.0007699765466203407,0.0005300733039072865,0.0005294451993297126,-0.07256119554964545,1.5697507754835114,0.9504829325309799,1.5748999612061603,1.6423119710331568,1.6474611567558057
1-26188-A-30,door_activity,cafeteria,20,0.15673569434391577,0.019351276505223853,0.12346438752338382,0.88360595703125,0.379180908203125,0.0,0.0,384,0.9950408291787532,0.18870511258989214,0.00024305150210899312,0.023671121537967604,0.023569059853544527,20.003193198889406,0.13870545803618736,1.5208077601705716,0.15747121841198888,-19.864487740853217,-19.845721980477418
1-26188-A-30,door_activity,cafeteria,15,0.15828789984016708,0.010655908720537866,0.06731979343523911,0.878753662109375,0.16400146484375,0.0,0.0,384,0.9845436780242908,0.13795887972907292,0.0007685333841504483,0.024056368025876546,0.023938229231766264,14.997026802207941,0.0620710997191191,2.017570411260134,0.08345147709668758,-14.934955702488821,-14.913575325111253
1-26188-A-30,door_activity,cafeteria,10,0.16386675048832086,0.017620611408527675,0.1075301203936642,0.907073974609375,0.278045654296875,0.0,0.0,384,0.9536971455582411,0.11718591559418604,0.0024291079788243243,0.024203480079804614,0.02420299766172684,10.02355804921736,0.05996561795533098,1.0393240089277829,0.060052183420419125,-9.963592431262029,-9.963505865796941
1-26188-A-30,door_activity,cafeteria,5,0.1715815746184123,0.024636332910793677,0.14358379077464165,0.994415283203125,0.20648193359375,0.0,0.0,384,0.8710046434564015,0.057139989844089495,0.007105428354871722,0.02262859992330932,0.022368338047833575,4.973919814889497,-0.036036860800524595,0.34665851835122813,0.014202803842258622,-5.009956675690021,-4.959717011047238
1-26188-A-30,door_activity,cafeteria,0,0.1985907985024905,0.051179177363235025,0.25771172556412875,0.987335205078125,0.464385986328125,0.0,0.0,384,0.708024602069417,0.026510568839533403,0.019667928583960156,0.022113293231436466,0.019850953573977814,0.022563314447520237,-0.46566719175171134,0.07283485091751951,0.0030533201287273218,-0.4882305061992316,-0.019509994318792915
1-52290-A-30,door_activity,cafeteria,20,0.013388207135909692,0.0031781771170594107,0.23738631205779162,0.2274169921875,0.10211181640625,0.0,0.0,384,0.9950273345523317,0.5408887289371853,1.7791345922613132e-06,0.0001424504826622721,0.0001261549796793103,19.989038057419222,0.9753831718833156,2.2671016036600307,1.5029784414899146,-19.013654885535907,-18.486059615929307
1-52290-A-30,door_activity,cafeteria,15,0.013536389184730048,0.005941242081688026,0.4389089291544709,0.228118896484375,0.108154296875,0.0,0.0,384,0.984541731884067,0.699108892788102,5.62206944130977e-06,0.00010269512144741395,9.12450425757095e-05,14.995755424715863,2.4001156781120243,1.5681753984773483,2.9135210233883138,-12.595639746603839,-12.08223440132755
1-52290-A-30,door_activity,cafeteria,10,0.01402008896702458,0.006653408152456602,0.4745624773213279,0.230438232421875,0.143646240234375,0.0,0.0,384,0.9537263581846631,0.7631788064518373,1.777129672881518e-05,8.768851103609496e-05,7.501600234799433e-05,10.026279903085673,3.114940455702189,1.533756416357442,3.7928282492503747,-6.911339447383483,-6.2334516538352975
1-52290-A-30,door_activity,cafeteria,5,0.015347324730846603,0.002494818012568638,0.16255719197459223,0.229034423828125,0.072906494140625,0.0,0.0,384,0.8725891040969798,0.4612729420182972,5.619781939379528e-05,0.00015549078219704893,0.00014186438934301067,5.039638961263234,0.6406834493963226,2.4760905030312776,1.0389959987233026,-4.3989555118669115,-4.000642962539931
1-52290-A-30,door_activity,cafeteria,0,0.018830969527165807,0.005045656844435767,0.2679446131096349,0.249908447265625,0.08984375,0.0,0.0,384,0.7062128012001706,0.30458517065243695,0.00017775109476056262,0.00016221559780570086,0.0001612210742644789,-0.02196604056171194,0.3961270152653646,0.8028192594149952,0.42283502610275886,0.4180930558270765,0.4448010666644708
1-17150-A-12,fire,cafeteria,20,0.027562601315478115,0.0028701024915001594,0.10413031987254477,0.7430419921875,0.132720947265625,0.0,0.0,384,0.9866523601568566,0.38850802406407187,2.014587816690292e-05,0.0006903628155787496,0.0006308704199499425,15.647819680507615,0.31923601204212104,3.6809838493654654,0.7106082810834237,-15.328583668465495,-14.937211399424191
1-17150-A-12,fire,cafeteria,15,0.028275448951252936,0.002801562805409795,0.09908110779212412,0.739349365234375,0.137725830078125,0.0,0.0,384,0.9737480690707341,0.3401181955018973,4.142676286491459e-05,0.0007167984764742045,0.0006735251172783777,12.62430717927446,0.26347463975638685,3.342499700784996,0.5339073958502398,-12.360832539518073,-12.090399783424221
1-17150-A-12,fire,cafeteria,10,0.029446074459046154,0.003148793773040203,0.10693424610535342,0.738250732421875,0.118804931640625,0.0,0.0,384,0.9352725701752823,0.4122076148585832,0.00010861463403766391,0.0007001499613441007,0.0006325478426286826,8.440424470994541,0.36772542048721624,3.604948549357549,0.8087023213026565,-8.072699050507325,-7.631722149691885
1-17150-A-12,fire,cafeteria,5,0.033047033843530665,0.004404105723646075,0.13326780686273992,0.737823486328125,0.108673095703125,0.0,0.0,384,0.8402832633276126,0.12200292972599074,0.00032099686650328946,0.0007642350617533486,0.0007631967373754227,3.8061530987033274,0.05921965331490073,0.7691825686950121,0.06512418789664985,-3.746933445388427,-3.7410289108066777
1-17150-A-12,fire,cafeteria,0,0.04162056030347112,0.008998807481103594,0.21621062800428234,0.7177734375,0.082672119140625,0.0,0.0,384,0.6533640956224572,0.07447051170034763,0.0009927913035365516,0.0007876938432880276,0.0007388289256043382,-1.2793167409414783,-0.253983397562771,0.22503328296247913,0.024152207149656546,1.0253333433787073,1.3034689480911348
1-17565-A-12,fire,cafeteria,20,0.027941165564591156,0.0038123719780662245,0.13644283983977776,0.779815673828125,0.22052001953125,0.0,0.0,384,0.9924394046508508,0.3525618284481644,1.1760996661127693e-05,0.0007117117667722153,0.0006760260722024164,18.15452708742373,0.35298433459341694,2.5631779388378164,0.576391348504381,-17.801542752830315,-17.57813573891935
1-17565-A-12,fire,cafeteria,15,0.028233913497601376,0.003351564399845412,0.11870704357474728,0.779632568359375,0.15313720703125,0.0,0.0,384,0.9812835008983578,0.36331521120387206,2.9560182078724573e-05,0.0007141382181772712,0.0006689079964790863,14.14424299461557,0.33054872601732005,3.0018161462601087,0.6147075952288804,-13.813694268598251,-13.52953539938669
1-17565-A-12,fire,cafeteria,10,0.029250412512758235,0.004068981507039686,0.13910851702569688,0.7789306640625,0.1968994140625,0.0,0.0,384,0.948530427638187,0.3844882355664193,8.580402414051966e-05,0.0007022577890857736,0.0006585702572075578,9.528604242309346,0.4157725970985568,2.6205154261466834,0.6947171042612017,-9.11283164521079,-8.833887138048144
1-17565-A-12,fire,cafeteria,5,0.03230250003241469,0.0034314657616178325,0.10622910790726567,0.777130126953125,0.05694580078125,0.0,0.0,384,0.864435685586737,0.20248688251727068,0.00026372485505271826,0.0007556563914160256,0.0007507049728094155,4.707913184065263,0.15323764928774142,1.6469219077610766,0.18178833311496462,-4.554675534777521,-4.526124850950298
1-17565-A-12,fire,cafeteria,0,0.040224148185794575,0.007634110334550141,0.18978923554299595,0.732391357421875,0.0662841796875,0.0,0.0,384,0.6996392942454376,0.09133884788748736,0.0008259696098104896,0.000814269573189127,0.0007884959945757556,-0.18232009459365608,-0.10330403712862085,0.33657003758190746,0.036383112292027356,0.07901605746503523,0.21870320688568345
1-17742-A-12,fire,cafeteria,20,0.007200482828894765,0.0015155974722358193,0.2104855338525202,0.4232177734375,0.088775634765625,0.0,0.0,384,0.9716669999225026,0.6245930671838215,2.897214563211287e-06,3.815688978746846e-05,2.998295339808613e-05,12.277697215900785,1.0996811686561854,2.881873442170608,2.14666673213821,-11.1780160472446,-10.131030483762576
1-17742-A-12,fire,cafeteria,15,0.007351638232441793,0.001694124009980177,0.2304416997158858,0.4241943359375,0.108856201171875,0.0,0.0,384,0.9493408223829558,0.6448325830332754,5.338028965217931e-06,3.6479311735914095e-05,2.8578622315478622e-05,9.60224323681355,1.2734931584505602,2.6551788495854143,2.3335466165492353,-8.32875007836299,-7.268696620264315
1-17742-A-12,fire,cafeteria,10,0.007884449429145124,0.0019506383115981659,0.24740323710969186,0.4219970703125,0.083648681640625,0.0,0.0,384,0.8884872272935922,0.5096366823363787,1.3091951353121482e-05,3.91096877974581e-05,3.647927331550225e-05,5.7383458884907625,1.0034532500244373,1.8294643467280773,1.305834968408136,-4.7348926384663255,-4.432510920082627
1-17742-A-12,fire,cafeteria,5,0.009303931342142234,0.002567530682354856,0.27596191200650894,0.4249267578125,0.187408447265625,0.0,0.0,384,0.7523703433969577,0.6243304528471049,3.7563538655845174e-05,3.328446578972169e-05,3.0024381145097375e-05,1.1542603299544154,1.6974164198582906,1.701557068921597,2.145091683301097,0.5431560899038752,0.9908313533466815
1-17742-A-12,fire,cafeteria,0,0.012812905396940289,0.004679719940536409,0.3652348780826808,0.426513671875,0.157684326171875,0.0,0.0,384,0.5472430756543555,0.29945214969373624,0.00011500568494288839,5.163335512714311e-05,4.494107965606454e-05,-3.690644932823188,-0.19484828989706046,0.4485267268449673,0.40802014638347867,3.4957966429261274,4.098665079206667
1-17808-A-12,fire,cafeteria,20,0.052295176511878316,0.0033607468240238933,0.0642649484749427,0.405517578125,0.0587158203125,0.0,0.0,384,0.994942587675461,0.23438117375660925,2.759272682599646e-05,0.002647187533383327,0.002568816586966565,19.917245752084934,0.1148566993718862,3.6295076966166078,0.24537282130209592,-19.80238905271305,-19.67187293078284
1-17808-A-12,fire,cafeteria,15,0.052595450967146136,0.003448116507153396,0.06555921555473057,0.41253662109375,0.083770751953125,0.0,0.0,384,0.9841900012688936,0.24232590098736323,8.677889432748171e-05,0.002615441067375739,0.002532342636084973,14.89640075870357,0.12260431847750908,3.6396524687538387,0.2628290802331023,-14.77379644022606,-14.633571678470467
1-17808-A-12,fire,cafeteria,10,0.05466642560368223,0.0048138790097812904,0.08805915068749322,0.42022705078125,0.08892822265625,0.0,0.0,384,0.9529635954361725,0.2244489374668307,0.0002745171715463109,0.002635105309827165,0.0025875909256503275,9.950244621894424,0.14547183901188077,2.4290951102499956,0.22449540756546868,-9.804772782882543,-9.725749214328955
1-17808-A-12,fire,cafeteria,5,0.05998911023755602,0.007758048303075466,0.12932427689548495,0.42718505859375,0.087127685546875,0.0,0.0,384,0.8711515775502484,0.12859548228848644,0.0008676250498715695,0.002697836821645306,0.0026967517735591888,4.98000458152973,0.07068044815392321,0.8660415821887222,0.07242749709059997,-4.909324133375807,-4.90757708443913
1-17808-A-12,fire,cafeteria,0,0.0742669089736739,0.014575377333764857,0.19625668464176327,0.451416015625,0.161468505859375,0.0,0.0,384,0.7089928427256514,0.047645552370169444,0.0027430512371505603,0.002923656858622493,0.0027774036902839,0.04641161853591216,-0.2130013529598683,0.1721109953821097,0.009872562128903934,-0.25941297149578046,-0.03653905640700822
1-17808-B-12,fire,cafeteria,20,0.030073378350949434,0.0014400668495438153,0.047885103985942826,0.355987548828125,0.046051025390625,0.0,0.0,384,0.9946408552329492,0.41674221273309464,9.66857351409407e-06,0.0008637006928202027,0.0007419381601231168,19.66334191580754,0.16726664011847509,8.649998971034561,0.8272222266076333,-19.496075275689066,-18.836119689199904
1-17808-B-12,fire,cafeteria,15,0.030473769485710837,0.0010633175155626967,0.03489287782600334,0.35675048828125,0.024200439453125,0.0,0.0,384,0.9837751905659706,0.44398908696343725,2.9890540579991154e-05,0.0008744270318810535,0.0007239597118042571,14.781099761709742,0.1331350758739336,12.534428248811912,0.9532268642479851,-14.647964685835808,-13.827872897461756
1-17808-B-12,fire,cafeteria,10,0.03151585584317128,0.0016760516737664272,0.05318122033895478,0.358489990234375,0.024658203125,0.0,0.0,384,0.9515847111491645,0.3119715633745705,9.38487684959093e-05,0.0008736822130727582,0.0008144986993900781,9.815244594457427,0.1399288010433319,5.588380672212878,0.4445598426938525,-9.675315793414095,-9.370684751763575
1-17808-B-12,fire,cafeteria,5,0.03389047074416793,0.0027300063874684736,0.08055380546575232,0.354278564453125,0.060333251953125,0.0,0.0,384,0.8618061978227575,0.19633727664936948,0.0002955128876861448,0.0008318610680030919,0.0008228053741720126,4.603986527508648,0.12317615785398878,2.100617366402439,0.17071295198718445,-4.48081036965466,-4.433273575521464
1-17808-B-12,fire,cafeteria,0,0.043192130157454336,0.008907717923130012,0.2062347444003678,0.388885498046875,0.076171875,0.0,0.0,384,0.7061966669072983,0.1257898840184135,0.0009351761145928268,0.0009444713439304157,0.0009186057826646149,-0.022311338913483452,-0.05133176680989561,0.430398846621446,0.06926434153067715,-0.029020427896412158,0.0915756804441606
1-20133-A-39,glass_breaking,cafeteria,20,0.1457870948417079,0.015197284592425564,0.10424300318849489,0.98651123046875,0.213409423828125,0.0,0.0,384,0.9889597898444674,0.3303058477408694,0.0004667046579540757,0.01966505749620818,0.018608555328392024,16.487532558073838,0.26189803301527437,3.1336840274332345,0.5017236609276616,-16.225634525058563,-15.985808897146176
1-20133-A-39,glass_breaking,cafeteria,15,0.14680071875995754,0.015895072767459568,0.10827653230670167,0.9825439453125,0.2459716796875,0.0,0.0,384,0.9753046765894325,0.293067356489908,0.0010512483857970474,0.019511621115287807,0.018828921170395148,12.900316128400114,0.23533233159779274,2.639925197978919,0.3900115040621333,-12.664983796802321,-12.51030462433798
1-20133-A-39,glass_breaking,cafeteria,10,0.14499527849871513,0.01766011575593432,0.1217978677567133,0.9185791015625,0.269317626953125,0.0,0.0,384,0.93550260070844,0.2506114206958773,0.0026244822772428854,0.017594838033142435,0.01732675666936258,8.457540753347779,0.21502078944263744,1.924923120157153,0.28170076381205744,-8.242519963905142,-8.17583998953572
1-20133-A-39,glass_breaking,cafeteria,5,0.14838695177952085,0.01933938811229338,0.13033078636879475,0.965728759765625,0.17645263671875,0.0,0.0,384,0.8370590466435152,0.1661337785226909,0.006590899911782321,0.015076017300678075,0.015074327389085736,3.693589612413284,0.12106683077963352,1.0670600361094682,0.1215536699737342,-3.5725227816336504,-3.5720359424395496
1-20133-A-39,glass_breaking,cafeteria,0,0.1529536864527757,0.03431535945892503,0.22435130695277394,0.882232666015625,0.287078857421875,0.0,0.0,384,0.6501521223031096,0.10307103719789992,0.013505885956580095,0.010412911647636363,0.009831086391316626,-1.3537318897395088,-0.2033266158914553,0.29870350879228225,0.04638009302157264,1.1504052738480535,1.4001119827610813
1-84536-A-39,glass_breaking,cafeteria,20,0.09146890008393714,0.0348339001450297,0.38082780172347214,1.0,0.382537841796875,5e-05,0.0,384,0.9781528614166735,0.4374885758088695,0.0003615769692065874,0.006522731170789409,0.00650407872419286,13.4515963034581,0.9102054338630143,1.1236862369272853,0.9226423454971228,-12.541390869595086,-12.528953957960978
1-84536-A-39,glass_breaking,cafeteria,15,0.09137359635728869,0.015924753596701167,0.1742817863317129,0.999969482421875,0.207550048828125,2.5e-05,0.0,384,0.9583280489009084,0.38456999280328524,0.0006813489970754108,0.006881905588045228,0.006565326582139912,10.513003006866843,0.4905084407411487,2.114623245191717,0.6950322000911774,-10.022494566125694,-9.817970806775666
1-84536-A-39,glass_breaking,cafeteria,10,0.0933366754080285,0.008286768277612008,0.08878362381545903,0.99151611328125,0.065216064453125,0.0,0.0,384,0.9036274148241594,0.08700035685970209,0.0015982282890436644,0.007094608837032085,0.007093705320900866,6.484449269973767,0.03244917607090742,0.8855686121072115,0.03300228858479164,-6.452000093902859,-6.451446981388975
1-84536-A-39,glass_breaking,cafeteria,5,0.10477855643035254,0.019229473279181678,0.18352489225181987,0.96026611328125,0.168060302734375,0.0,0.0,384,0.7785234414156571,0.05942751775766443,0.004324452296652328,0.006870403546053052,0.006662575211002065,1.8715778661116116,-0.1180371688483863,0.25209320760923876,0.015364055039817706,-1.989615034959998,-1.8562138110717938
1-84536-A-39,glass_breaking,cafeteria,0,0.12285559826477738,0.08301420947943597,0.6757055490505562,0.9979248046875,0.93841552734375,0.0,0.0,384,0.569586038227568,0.04226084619649084,0.010196725848522301,0.01135205980397584,0.004911618097830404,-3.18550851216554,-3.630751459353786,0.03559174278442352,0.007749336483342688,-0.445242947188246,3.1932578486488827
1-84704-A-39,glass_breaking,cafeteria,20,0.05921465195945549,0.005519742354520615,0.09321582027198277,1.0,0.06915283203125,0.0002875,0.0,384,0.989876373671003,0.40421799865665115,7.063578700885562e-05,0.0032201024862212003,0.002888232925799099,16.869953945656107,0.302401212329653,4.292464731857622,0.7747760062827465,-16.567552733326455,-16.09517793937336
1-84704-A-39,glass_breaking,cafeteria,15,0.059419906118380855,0.0032829371883729497,0.055249787534709875,1.0,0.05377197265625,0.0002625,0.0,384,0.9765863762274075,0.34191981497877766,0.00016339928929941103,0.003263504502035574,0.0029880418196128523,13.140350090458421,0.1569058881296673,6.043550320167258,0.5398813492835477,-12.983444202328753,-12.600468741174874
1-84704-A-39,glass_breaking,cafeteria,10,0.06091473777495958,0.005141689089449414,0.08440796558042518,1.0,0.05609130859375,0.000175,0.0,384,0.9374036562371865,0.07041932615082928,0.00045000225171161815,0.003261344484610435,0.003260082716961501,8.600832506402735,0.019908959739956114,0.7820565556136246,0.021589503639217085,-8.58092354666278,-8.579243002763517
1-84704-A-39,glass_breaking,cafeteria,5,0.0667455339270044,0.009334745120223425,0.13985572623379233,1.0,0.0855712890625,0.000125,0.0,384,0.8382629566848537,0.07500279391856718,0.0013245300036383437,0.0031543656252673658,0.0031278399616439445,3.7354309033422477,-0.012175080656834801,0.44956858161225616,0.02449998927488823,-3.7476059839990823,-3.7109309140673594
1-84704-A-39,glass_breaking,cafeteria,0,0.07629757871162354,0.013785754678656574,0.1806840388836138,1.0,0.11749267578125,2.5e-05,0.0,384,0.6576401733534945,0.1001155751510644,0.0033036548470985905,0.0025815837243142706,0.0025044519282071964,-1.1799663027512477,-0.08798544384488954,0.364418796750213,0.043749715969160156,1.0919808589063582,1.223716018720408
1-84705-A-39,glass_breaking,cafeteria,20,0.06474075818211002,0.014451686881822651,0.2232239363210937,1.0,0.455810546875,0.000625,0.0,384,0.9868624823489762,0.3584686207845842,0.00010940481525275013,0.0036471556129025018,0.0035745815661388353,15.718324191271778,0.5100419497311925,1.5900059002899753,0.597332782148803,-15.208282241540585,-15.120991409122976
1-84705-A-39,glass_breaking,cafeteria,15,0.06497357865999358,0.013599405329675499,0.20930669989475448,1.0,0.433258056640625,0.0005875,0.0,384,0.9737145286725712,0.35148789707867684,0.00021901398679161104,0.0036008753843781273,0.0035250454775136095,12.618651101493493,0.4801850136680501,1.6411820316366952,0.5726187078815482,-12.138466087825442,-12.046032393611945
1-84705-A-39,glass_breaking,cafeteria,10,0.06639392319011106,0.017109230912308926,0.25769272382532193,1.0,0.439117431640625,0.0005,0.0,384,0.9353517824388937,0.31956847742588124,0.0005515320506075895,0.0034872196113204744,0.003479474907076545,8.446362182376555,0.4581730776118085,1.1626449800857606,0.46782897702420545,-7.988189104764746,-7.97853320535235
1-84705-A-39,glass_breaking,cafeteria,5,0.07241098779797187,0.018878443554154772,0.26071241572930914,1.0,0.44488525390625,0.000375,0.0,384,0.8388712805070677,0.27081533719382994,0.001553570314050955,0.003441460603592744,0.0034356942945696725,3.756696501001608,0.3234739470126917,0.8728803468580096,0.3307568304774477,-3.4332225539889163,-3.4259396705241603
1-84705-A-39,glass_breaking,cafeteria,0,0.07728730590989501,0.019498691761897374,0.2522884131144359,1.0,0.31695556640625,7.5e-05,0.0,384,0.6619493739785388,0.2583243477313934,0.003355943370284051,0.002493992378374662,0.0024545133327237988,-1.0794712550905596,0.23062008633686,0.678289112682279,0.29991735447484,1.3100913414274196,1.3793886095653995
1-85168-A-39,glass_breaking,cafeteria,20,0.048976396570371096,0.0021857091531940725,0.04462780658135118,1.0,0.0477294921875,0.0001625,0.0,384,0.9698032236998826,0.09104452501749637,0.00014267828850009258,0.0022528393656570107,0.0022480899561683498,11.989829448505368,0.02700241916539662,2.010531678253656,0.03616782487367334,-11.962827029339971,-11.953661623631694
1-85168-A-39,glass_breaking,cafeteria,15,0.04994214113792792,0.004063338910367863,0.08136092722067961,1.0,0.080474853515625,0.0001375,0.0,384,0.9398087220871576,0.0850936839236525,0.00029122295493097636,0.0021975846086994626,0.0021975824356091885,8.787877865341521,0.031574185755187126,0.9884906081334676,0.031578481977628206,-8.756303679586335,-8.756299383363892
1-85168-A-39,glass_breaking,cafeteria,10,0.05276929867816419,0.012025174929509972,0.22788203047477606,1.0,0.105804443359375,0.0001,0.0,384,0.8610855465641118,0.03452400908232399,0.0007199039316343325,0.0021818949696417187,0.0020721781876065232,4.57581326677501,-0.21888336122439578,0.13058078014997976,0.005184072902101231,-4.794696627999406,-4.570629193872909
1-85168-A-39,glass_breaking,cafeteria,5,0.062436480396937145,0.012781156256924785,0.20470654616770761,1.0,0.12628173828125,7.5e-05,0.0,384,0.7010188333588372,0.030737915697032957,0.001982568770284021,0.0020544945629898514,0.0019231662061635992,-0.14890470995836946,-0.2827757377873424,0.10530024912779105,0.004106056133827145,-0.13387102782897292,0.1530107660921966
1-85168-A-39,glass_breaking,cafeteria,0,0.08729639383313248,0.025612898472674193,0.29340156389086797,1.0,0.15399169921875,6.25e-05,0.0,384,0.48761537757703177,0.023757802424461478,0.005808694775071094,0.0024277241026564042,0.0018196766994653824,-5.059285820605069,-1.2495972296793723,0.03950097578105398,0.002453729127477561,3.8096885909256972,5.061739549732547
1-31482-A-42,siren,cafeteria,20,0.22418048593096668,0.04268735323101686,0.1904151159890065,0.997894287109375,0.505584716796875,0.0,0.0,384,0.9950487280956016,0.3442174180942437,0.0004964397821414593,0.04484699275523806,0.04370105583147119,20.010177187621217,0.4352898751194351,1.7911183552955716,0.5477038428472957,-19.574887312501783,-19.462473344773922
1-31482-A-42,siren,cafeteria,15,0.21939311143453824,0.19055553302971817,0.8685575029395373,0.999969482421875,0.9456787109375,1.25e-05,0.0,384,0.9845742587476858,0.9449470015396779,0.0014735317544281891,0.005139328531853142,0.004977487113555338,15.00583433139186,9.564145702852112,1.0666007014640422,9.70310806703524,-5.441688628539747,-5.30272626435662
1-31482-A-42,siren,cafeteria,10,0.21490686916341925,0.0347297486649422,0.16160371606611162,0.9969482421875,0.41961669921875,0.0,0.0,384,0.9539396958343426,0.28880934731721547,0.00415660274805967,0.03896909491390347,0.038379265928195586,10.04803934193194,0.3120015420181324,1.6976778848601675,0.3782380939314831,-9.736037799913808,-9.669801248000457
1-31482-A-42,siren,cafeteria,5,0.18952778925064892,0.026315141769350188,0.13884582241683108,0.999847412109375,0.39971923828125,1.25e-05,0.0,384,0.8718053955859947,0.1409581553230593,0.008619383086221578,0.0266689947895055,0.026659194158932423,5.007087402190855,0.08556296014673032,0.8813170435061753,0.08715924829465523,-4.921524442044125,-4.9199281538962
1-31482-A-42,siren,cafeteria,0,0.1321780047306471,0.0269842707572285,0.20415099177973797,0.9962158203125,0.38690185546875,0.0,0.0,384,0.7055066148168226,0.2340473418479616,0.008775004448375619,0.008216739672689662,0.008189028540334542,-0.03926782590665235,0.2299905399031827,0.8053843486918039,0.24466196719449354,0.26925836580983503,0.2839297931011459
1-31482-B-42,siren,cafeteria,20,0.231536895274121,0.006478545945202682,0.027980620270184615,1.0,0.059112548828125,3.75e-05,0.0,384,0.9950253281780965,0.17357678606473878,0.0005320519213533407,0.05250802924174052,0.051387498161379164,19.98954636867935,0.03916888964428153,6.166864508649561,0.13285133102301,-19.95037747903507,-19.85669503765634
1-31482-B-42,siren,cafeteria,15,0.22457177035489634,0.008557446826247709,0.03810562125740098,0.996185302734375,0.07177734375,0.0,0.0,384,0.9845741313778986,0.12471598307516651,0.0015439297718085054,0.048403433705592525,0.04804331314029554,15.00579611573617,0.03564936691336531,3.213161395243972,0.06808158556407153,-14.970146748822804,-14.937714530172098
1-31482-B-42,siren,cafeteria,10,0.2099114302660866,0.009825705993720457,0.046808818277619554,0.996124267578125,0.1136474609375,0.0,0.0,384,0.9536841071719119,0.1148876230654995,0.0039870957062705,0.03964963857049366,0.03947713887376352,10.02224615681222,0.03875998091319302,2.3343090305310925,0.057695611945445896,-9.983486175899026,-9.964550544866773
1-31482-B-42,siren,cafeteria,5,0.2095472325297322,0.03254255859310188,0.15529939575071453,0.998870849609375,0.336822509765625,0.0,0.0,384,0.8722975715605549,0.08023411019654234,0.01049875804890371,0.033460508081256966,0.03313772324960456,5.027552301428592,-0.014054191479729902,0.4491953260981841,0.02804445644545188,-5.041606492908322,-4.999507844983141
1-31482-B-42,siren,cafeteria,0,0.22923544376233848,0.038360857501384675,0.16734261016440186,0.998931884765625,0.36859130859375,0.0,0.0,384,0.7011835694397297,0.06157326578496678,0.026712787115701825,0.026508565274508348,0.02569279535254894,-0.14492221790197143,-0.11925287141676981,0.2571690307727793,0.01649578273682726,0.025669346485201625,0.1614180006387987
1-54084-A-42,siren,cafeteria,20,0.08775456836668692,0.0038839145079734537,0.04425882982803037,0.343536376953125,0.053466796875,0.0,0.0,384,0.9950404517834815,0.21505278159240138,7.619712289354277e-05,0.007443121088623896,0.007223323742406471,20.0028234316936,0.07546232994720208,4.811574088413672,0.2056423742709343,-19.927361101746396,-19.797181057422666
1-54084-A-42,siren,cafeteria,15,0.0887129772192775,0.004014554824319943,0.04525329833533726,0.3392333984375,0.111602783203125,0.0,0.0,384,0.984569609118226,0.15603634278407533,0.00024100119697016717,0.0074847975007234354,0.007393374774821256,15.004478832483464,0.05367428660136013,3.3775462698148475,0.10704762071638699,-14.950804545882104,-14.897431211767078
1-54084-A-42,siren,cafeteria,10,0.09114310156186937,0.007354281597404742,0.08068939361705328,0.3477783203125,0.078277587890625,0.0,0.0,384,0.9530463561416829,0.16448939941603832,0.0007617806623289225,0.007339150210202477,0.007291954686110915,9.958456415187678,0.09110209979126527,1.9321417446155915,0.11912025453991255,-9.867354315396412,-9.839336160647765
1-54084-A-42,siren,cafeteria,5,0.0998753748255531,0.007581057587895397,0.07590517283301133,0.375640869140625,0.0789794921875,0.0,0.0,384,0.8709166018746602,0.12746281724943287,0.0024090276765328716,0.007405243312292773,0.007393272991509898,4.970281509299967,0.06411008685520075,1.4558436455709978,0.0711359876143107,-4.906171422444766,-4.899145521685656
1-54084-A-42,siren,cafeteria,0,0.12373665985356841,0.019534354226665118,0.15787038578366613,0.652099609375,0.1444091796875,0.0,0.0,384,0.7086853361379937,0.06899149634715,0.007621162852287893,0.007785249581026107,0.007601721213284471,0.03882393861578354,-0.08288503172863776,0.30799558862523296,0.020720984060821557,-0.1217089703444213,-0.01810295455496198
1-76831-A-42,siren,cafeteria,20,0.38132022851230196,0.00815139627691407,0.021376773817419165,0.999969482421875,0.07122802734375,2.5e-05,0.0,384,0.9950353470190804,0.03676495007623401,0.0014401889020929752,0.14364095839905516,0.14360721747666427,19.99837224797911,0.004853776919573825,1.7142243661846983,0.005874044141423953,-19.993518471059534,-19.992498203837684
1-76831-A-42,siren,cafeteria,15,0.3574754820956114,0.014958228674201513,0.04184406881980438,0.994354248046875,0.192169189453125,0.0,0.0,384,0.9845458500235618,0.015324421643960546,0.003919213091731473,0.1237919941681339,0.12369992207616501,14.997655566705959,-0.002211383150294751,0.3596924826179121,0.001019946401345592,-14.999866949856253,-14.996635620304613
1-76831-A-42,siren,cafeteria,10,0.30361857846316254,0.019324650677189324,0.06364778721712494,1.0,0.235107421875,2.5e-05,0.0,384,0.9534368580936213,0.01586984049262938,0.008384909545908899,0.08390109209025098,0.08368317714169722,9.997421783148106,-0.010200665080797571,0.23723715377281598,0.0010938676124612535,-10.007622448228902,-9.996327915535645
1-76831-A-42,siren,cafeteria,5,0.27765229026427224,0.02314869093107478,0.08337295150362932,0.993408203125,0.28826904296875,0.0,0.0,384,0.8716585100321592,0.016171705437163064,0.01851809146514339,0.058863067417104946,0.058490951061518505,5.00099064549063,-0.02640613625878381,0.1685902686402811,0.0011359321362933445,-5.027396781749413,-4.9998547133543365
1-76831-A-42,siren,cafeteria,0,0.2177623805286969,0.0330604746780654,0.15181903595009913,1.0,0.3961181640625,1.25e-05,0.0,384,0.7069379139930895,0.025772960390342405,0.023721550815055326,0.024507374136144677,0.023656291823643653,-0.004148220712389074,-0.1506153784973084,0.11965945469625772,0.0028857423060078425,-0.14646715778491934,0.007033963018396917
1-76831-B-42,siren,cafeteria,20,0.38579502177421604,0.009697853870788,0.025137322472926063,0.999969482421875,0.172882080078125,5e-05,0.0,384,0.9950389593144108,0.07943777947657145,0.0014731184625428736,0.14698672980647784,0.14655426438727448,20.00155762250518,0.014694125009982795,3.1415971720488614,0.027490804713383214,-19.9868634974952,-19.974066817791797
1-76831-B-42,siren,cafeteria,15,0.3445656250498251,0.016021995688254367,0.04649911228358181,1.0,0.229522705078125,1.25e-05,0.0,384,0.9845631120124978,0.08594401198306406,0.003637212355667979,0.11450328673000697,0.11433135743529367,15.002623646465379,0.025671748684287943,1.8166568014465945,0.03219768017677048,-14.97695189778109,-14.970425966288609
1-76831-B-42,siren,cafeteria,10,0.2423801469492747,0.04023863595108339,0.1660145703249554,0.999969482421875,0.743621826171875,1.25e-05,0.0,384,0.9533813846511621,0.1771099815969487,0.00534983706940067,0.05176589810424445,0.051765528376146126,9.991868907351932,0.13837798990157948,1.0150751015697352,0.1384090087575892,-9.853490917450353,-9.853459898594343
1-76831-B-42,siren,cafeteria,5,0.2545898092824172,0.03766048147887002,0.14792611528725072,0.99853515625,0.4859619140625,0.0,0.0,384,0.8721641670359348,0.18420441201899346,0.015512384897115677,0.04767958363767662,0.047669507138518544,5.02199952509884,0.1490017592729865,1.0841024982191791,0.14991968457764643,-4.872997765825853,-4.872079840521193
1-76831-B-42,siren,cafeteria,0,0.23685198355488837,0.03695182091116078,0.15601229238849723,0.99603271484375,0.417572021484375,0.0,0.0,384,0.7089557974817129,0.10961131138905407,0.0279025458435647,0.028227219805687345,0.027880276273903683,0.045485570786239694,-0.0012161201853725283,0.4971196850243675,0.052494199139255175,-0.046701690971612225,0.007008628353015481
1-17124-A-43,vehicle_horn,cafeteria,20,0.04671925347238902,0.0027578443559658702,0.059030146053077465,1.0,0.048614501953125,7.5e-05,0.0,384,0.9950231412423602,0.21561502965861246,2.1669279006681533e-05,0.0021234559280720834,0.002070147495745998,19.98814184114626,0.0970502652630076,3.6422584606846047,0.2074698866979285,-19.89109157588325,-19.78067195444833
1-17124-A-43,vehicle_horn,cafeteria,15,0.04725722717020551,0.00302381304808417,0.06398625626495937,1.0,0.043548583984375,5e-05,0.0,384,0.9845449676800726,0.17449992435909004,6.84865385856737e-05,0.0021349193579635814,0.002108590860780681,14.998043540417198,0.08117728267472679,2.6932663140006703,0.13506883110153528,-14.916866257742472,-14.862974709315663
1-17124-A-43,vehicle_horn,cafeteria,10,0.04808153229913788,0.002391719807695889,0.049743003047737176,1.0,0.034576416015625,5e-05,0.0,384,0.9535574901346745,0.15159439851717685,0.0002097185414431745,0.0020844982422741323,0.0020633719722480603,10.0101968605642,0.057446137813837964,2.9189465849068617,0.1016862216351477,-9.952750722750363,-9.908510638929052
1-17124-A-43,vehicle_horn,cafeteria,5,0.05149248404476984,0.007066203237650524,0.13722785701126508,1.0,0.056610107421875,2.5e-05,0.0,384,0.8715837686613055,0.07193982743369289,0.0006371831629134901,0.002028078776567316,0.0020134244162573413,4.998583123302323,-0.008725839702456889,0.45941093336420896,0.022769062256385364,-5.00730896300478,-4.975814061045938
1-17124-A-43,vehicle_horn,cafeteria,0,0.0628111913099554,0.013446550731608378,0.21407889981346584,0.999969482421875,0.09210205078125,2.5e-05,0.0,384,0.7064323996389239,0.03544549829922528,0.0019762250040095053,0.0021175867245665034,0.001976021188766652,-0.015861092981770138,-0.2950129252477408,0.11722668949713708,0.00548315690775297,-0.2791518322659707,0.021344249889523107
1-19026-A-43,vehicle_horn,cafeteria,20,0.10521582276545563,0.09055380213463167,0.8606481397431244,0.999969482421875,0.921661376953125,2.5e-05,0.0,384,0.9948742949047091,0.988310630002813,0.00011319695121717663,0.0004230854821999609,0.0002558959617584884,19.8586374107484,14.153599805067522,1.1424469103978458,16.337246710491637,-5.705037605680879,-3.521390700256763
1-19026-A-43,vehicle_horn,cafeteria,15,0.10592262940627933,0.0068643092519721635,0.06480493630537869,1.0,0.0699462890625,2.5e-05,0.0,384,0.9844374666259237,0.12050525207508125,0.0003464944434130556,0.01079955841001648,0.010766896194393732,14.96657461137727,0.05037370432686436,1.830589875170799,0.06352842497842068,-14.916200907050406,-14.90304618639885
1-19026-A-43,vehicle_horn,cafeteria,10,0.10584331715521983,0.006448664501618494,0.06092651548478484,0.997528076171875,0.06561279296875,0.0,0.0,384,0.9527993996555056,0.08383676402680254,0.0010326005493415994,0.010151478776208362,0.0101474345592417,9.933974534014364,0.028901269184114665,1.31111385364657,0.03063178763086481,-9.90507326483025,-9.9033427463835
1-19026-A-43,vehicle_horn,cafeteria,5,0.11349143030135743,0.013078580176318856,0.11523848225007724,1.0,0.241485595703125,3.75e-05,0.0,75,0.8693138639672704,0.15775689681723476,0.003146573896691901,0.009506587870585606,0.009500405684808708,4.9044138992468485,0.10662000609289238,1.1900234395709017,0.10944516154198905,-4.797793893153956,-4.79496873770486
1-19026-A-43,vehicle_horn,cafeteria,0,0.12592038482120518,0.02616810937491662,0.20781471889617248,0.9844970703125,0.566986083984375,0.0,0.0,230,0.7071425132680673,0.34035364441845284,0.007927170281945655,0.007047694075423049,0.007030511752989492,0.0008778689245348808,0.524093249711963,1.1581828880140428,0.534694305130463,0.5232153807874281,0.5338164362059281
1-24074-A-43,vehicle_horn,cafeteria,20,0.11530667282394617,0.0038338862812607793,0.03324947453053716,0.831085205078125,0.063201904296875,0.0,0.0,384,0.9950197456838739,0.17007385410967427,0.00013210228435254733,0.013036081604798652,0.012790355838975252,19.984619119324748,0.04481858217556229,5.079679365683249,0.12746302043055746,-19.939800537149186,-19.85715609889419
1-24074-A-43,vehicle_horn,cafeteria,15,0.11677452187221851,0.0031397104386960556,0.02688694749811701,0.85809326171875,0.04998779296875,0.0,0.0,384,0.9845834056879176,0.16293574766861918,0.00041720991312399117,0.013118913192664765,0.01287581829362355,15.008466013496326,0.03560050842652614,5.956696258911786,0.11683069683287434,-14.9728655050698,-14.891635316663452
1-24074-A-43,vehicle_horn,cafeteria,10,0.12034454640512778,0.004049982761221548,0.03365323051355971,0.84967041015625,0.0699462890625,0.0,0.0,384,0.9533589115214676,0.15667973975688787,0.0013194822214917072,0.01304167408346607,0.012847781582644298,9.989621688378435,0.04289057967694686,4.432369576356247,0.10794255862456595,-9.946731108701488,-9.881679129753868
1-24074-A-43,vehicle_horn,cafeteria,5,0.1313381311477144,0.012409292600389242,0.09448354786191272,0.916259765625,0.15277099609375,0.0,0.0,384,0.8707357242980894,0.12456021283889329,0.004171309870773304,0.01288636761880567,0.012883087384023746,4.962819958770103,0.06680621538965062,1.1456130840636227,0.06791185898408568,-4.896013743380452,-4.894908099786018
1-24074-A-43,vehicle_horn,cafeteria,0,0.1550772214882424,0.02447099243681406,0.15779875472342916,0.97509765625,0.2021484375,0.0,0.0,384,0.7036501254890618,0.10303164624457246,0.0121417429194682,0.011963529587710766,0.011787760535123802,-0.08471327016414765,-0.017929325315249253,0.45895757037815527,0.04635090558492271,0.0667839448488984,0.13106417574907037
1-24076-A-43,vehicle_horn,cafeteria,20,0.15679565646260896,0.012483122255588926,0.07961395447561888,1.0,0.16888427734375,1.25e-05,0.0,384,0.9948308577365553,0.23890060937956847,0.0002535091352346393,0.02364035736174263,0.023024287584379636,19.82172937462165,0.1405461134437402,2.983974636315658,0.25522447412927385,-19.68118326117791,-19.566504900492376
1-24076-A-43,vehicle_horn,cafeteria,15,0.1602576540009155,0.014498696343223507,0.09047116303812036,1.0,0.185791015625,1.25e-05,0.0,384,0.9843116372133924,0.18401366862451496,0.0007995120457669684,0.02433753424090423,0.024125935425616803,14.930777744706742,0.11168308021140064,2.000965431125053,0.1496072258174348,-14.81909466449534,-14.781170518889306
1-24076-A-43,vehicle_horn,cafeteria,10,0.1502880066087493,0.006290248254093716,0.04185462563536003,1.0,0.089599609375,1.25e-05,0.0,384,0.953295554702665,0.1456615991918882,0.0020605088587491585,0.020375242750744,0.020161931886246744,9.983293082252846,0.04743100165804356,3.3180118650400185,0.09313748634150071,-9.935862080594802,-9.890155595911345
1-24076-A-43,vehicle_horn,cafeteria,5,0.16988257184730976,0.01984167796308986,0.11679643030671524,0.99957275390625,0.168182373046875,1.25e-05,0.0,384,0.8699918883898213,0.07382792764316538,0.0070162885822397155,0.021881544812428294,0.021802019162769935,4.9322074572860455,0.007923072504845927,0.550710594594825,0.02373569455743265,-4.9242843847812,-4.908471762728613
1-24076-A-43,vehicle_horn,cafeteria,0,0.1694704897720741,0.025443826180340495,0.15013720804466107,0.956512451171875,0.346466064453125,0.0,0.0,384,0.7044998750687955,0.1258594458860526,0.014465802276681192,0.01418773477420601,0.01407853739627418,-0.06392199676035856,0.03579361454560281,0.5902606285127282,0.06934884246543324,0.09971561130596138,0.1332708392257918
1-254507-A-43,vehicle_horn,cafeteria,20,0.20126838032778277,0.011966239762058633,0.059454146461409334,1.0,0.151153564453125,0.0002,0.0,384,0.994935228155446,0.21790567267867605,0.0004092975935281103,0.03938461628111868,0.03837658923837862,19.91101561898918,0.09869057951283375,3.6476793590016947,0.2112930266646518,-19.812325039476345,-19.699722592324527
1-254507-A-43,vehicle_horn,cafeteria,15,0.2022807122696495,0.014391240080692008,0.07114489522613418,1.0,0.150726318359375,0.00015,0.0,384,0.9844605455189779,0.225388818932418,0.0012617863776172547,0.03875396850898557,0.037819548750901,14.97319786591746,0.12044362237127995,3.119384425833373,0.22644201708463463,-14.85275424354618,-14.746755848832825
1-254507-A-43,vehicle_horn,cafeteria,10,0.19638914671771804,0.017364413126766908,0.08841839489086342,1.0,0.1922607421875,0.000175,0.0,384,0.9534590166754121,0.12696838598854118,0.003506496477031301,0.03470181450108198,0.03466044556119907,9.999657443812547,0.06541890531719495,1.369607635816643,0.07059933569816873,-9.934238538495352,-9.929058108114377
1-254507-A-43,vehicle_horn,cafeteria,5,0.19877101737565622,0.025003053145546527,0.12578822343246046,1.0,0.287841796875,5e-05,0.0,384,0.8708060456361515,0.18762267492321313,0.009549394278460898,0.029099106010629906,0.029042977544580028,4.965735535973127,0.14724655072040413,1.298955242302907,0.15563163329470345,-4.818488985252722,-4.810103902678423
1-254507-A-43,vehicle_horn,cafeteria,0,0.1619266792431295,0.03458594693439611,0.2135901699216967,0.96478271484375,0.330322265625,0.0,0.0,384,0.7084769386211357,0.09369125486615801,0.013059246467151831,0.013676933031648193,0.013107365605946152,0.033708264761187455,-0.14644852336488973,0.3110105470726091,0.03828454511750839,-0.1801567881260772,0.004576280356320933
1-187207-A-20,baby_crying,office,20,0.1602911074913803,0.15783246419409788,0.9846613867995475,0.9561767578125,0.854522705078125,0.0,0.0,384,0.9949649573154331,0.9902642900708962,0.0002580826726952285,0.0004952343111821972,0.0004952247444318254,19.93675554469069,17.12706387757689,1.0006183367970518,17.127147798196795,-2.8096916671137997,-2.8096077464938958
1-187207-A-20,baby_crying,office,15,0.16201462973299854,0.014263790329610808,0.08804013781420636,0.971038818359375,0.176727294921875,0.0,0.0,384,0.9844896285933413,0.2027770087181872,0.0008079416469976281,0.02484052600432678,0.024512228268697932,14.981507059520807,0.1245262489533589,2.267233337732023,0.1823062009860414,-14.856980810567448,-14.799200858534766
1-187207-A-20,baby_crying,office,10,0.16735148491672627,0.013311637119124442,0.07954298777658461,0.974639892578125,0.171295166015625,0.0,0.0,384,0.9534486368171553,0.1581255934652055,0.0025467932965494997,0.025085276060605295,0.024942563249358805,9.998600584141508,0.08517583463670918,1.8953100580904036,0.10995385884622888,-9.913424749504799,-9.88864672529528
1-187207-A-20,baby_crying,office,5,0.17028161459282498,0.011461864877273346,0.06731122972189803,0.997802734375,0.1827392578125,0.0,0.0,384,0.8712237462492425,0.1927558277938336,0.0069871019028649485,0.021587953340278725,0.02129294325844235,4.982978159537153,0.1046613424832232,2.4951935973497266,0.16441908143027872,-4.87831681705393,-4.818559078106874
1-187207-A-20,baby_crying,office,0,0.20928992391120843,0.010161286198353336,0.048551244171048946,0.99151611328125,0.138702392578125,0.0,0.0,384,0.7075526786237352,0.18896448049062212,0.02187350677682481,0.0215669157923073,0.021248022147857804,0.010957413201419587,0.09308825576453672,2.754030557143826,0.15778357837140927,0.08213084256311713,0.1468261651699897
1-211527-A-20,baby_crying,office,20,0.07599206203474491,0.002555960861637955,0.03363457699659899,0.746826171875,0.018218994140625,0.0,0.0,384,0.9947914051616956,0.07841025207681711,6.000137059274577e-05,0.005718466285682033,0.005707043949015842,19.788392500928286,0.01809995874078285,2.319118271858715,0.026783433331642313,-19.7702925421875,-19.761609067596645
1-211527-A-20,baby_crying,office,15,0.0767619162042952,0.001734860555773891,0.022600537370076973,0.762725830078125,0.02215576171875,0.0,0.0,384,0.9841573397158759,0.07892906144050015,0.00018522428871222744,0.005716929148893297,0.0056989751434261115,14.887226934676791,0.013469592331670725,3.436891189226382,0.027130053998040943,-14.87375734234512,-14.86009688067875
1-211527-A-20,baby_crying,office,10,0.07934009768485731,0.004018769317876878,0.050652437230914726,0.743438720703125,0.086334228515625,0.0,0.0,384,0.9527147243936178,0.12069026875352132,0.0005812337232613215,0.005683719083664954,0.00565754150894879,9.925603237069417,0.04367663018276788,2.270096009535828,0.06372518661944009,-9.88192660688665,-9.861878050449977
1-211527-A-20,baby_crying,office,5,0.08684289282093079,0.011140098171472582,0.1282787549977562,0.864593505859375,0.098876953125,0.0,0.0,384,0.8699916855016709,0.02496283303342861,0.001833494131834761,0.005818172079720083,0.005732144320296105,4.932191643081057,-0.061987335484499334,0.16931821869279784,0.0027071261342237105,-4.994178978565556,-4.929484516946833
1-211527-A-20,baby_crying,office,0,0.10731770456617677,0.001721625300428485,0.01604232318784694,0.734771728515625,0.027618408203125,0.0,0.0,384,0.7049601096283802,0.11188424814861656,0.005793456316841567,0.005724972322993225,0.005679241120099471,-0.052658949612542694,0.019875903616319093,4.926351812788285,0.05470674229807382,0.07253485322886179,0.10736569191061651
1-211527-B-20,baby_crying,office,20,0.08597542638212999,0.07396966046761211,0.860358169540718,0.753265380859375,0.7696533203125,0.0,0.0,384,0.9950076843447141,0.920968797397038,7.362084244349913e-05,0.0011394125216965562,0.0011161760876724305,19.97400754465935,8.097322945764503,1.0650110747522306,8.186805680110975,-11.876684598894848,-11.787201864548376
1-211527-B-20,baby_crying,office,15,0.08693174241504202,0.04941377231593739,0.5684203599649372,0.752410888671875,0.57177734375,0.0,0.0,384,0.9845297258174217,0.7407103352121432,0.00023201396419151945,0.003517798533754833,0.003321527226034131,14.993002627817768,3.205551689783303,1.2828388205940415,3.4548831574836782,-11.787450938034464,-11.53811947033409
1-211527-B-20,baby_crying,office,10,0.08966532673370453,0.017301109913699125,0.19295206457097275,0.765533447265625,0.32843017578125,0.0,0.0,384,0.9533310082171077,0.3180275436470559,0.0007329154665088691,0.006696543192758633,0.006598413305047884,9.986825801440467,0.398975374830356,1.5712103350111504,0.46308696800345894,-9.587850426610112,-9.523738833437008
1-211527-B-20,baby_crying,office,5,0.09839361783876503,0.013276693824388586,0.1349345020135833,0.75616455078125,0.17132568359375,0.0,0.0,384,0.8721793878773885,0.12509935567029754,0.0023167671532922972,0.007289412237860948,0.007282941750052951,5.022631044301953,0.06464725196285984,0.8088043488479801,0.06850400551146124,-4.957983792339093,-4.954127038790491
1-211527-B-20,baby_crying,office,0,0.1210419872819944,0.06839958875547181,0.5650897700160825,0.74420166015625,0.621368408203125,0.0,0.0,384,0.7070945810307461,0.8413590211529318,0.00732583507075343,0.0021632741519134694,0.0021502417417143724,-0.00030125908998751674,5.317271952500061,1.0526521427284536,5.34351467828216,5.317573211590048,5.343815937372147
1-211527-C-20,baby_crying,office,20,0.0918225097693651,0.009853270753198671,0.10730779171629694,0.756561279296875,0.042083740234375,0.0,0.0,384,0.9944931801592645,0.04883796893305903,9.260534902042619e-05,0.008387777381690002,0.008358543780883182,19.544657808433808,-0.004792633222571809,0.4525846567040631,0.010370101537596729,-19.54945044165638,-19.53428770689621
1-211527-C-20,baby_crying,office,15,0.09283780674957132,0.012322235252442252,0.13272863377396785,0.76190185546875,0.055419921875,0.0,0.0,384,0.9837638631597673,0.031110660420058597,0.0002776027802975206,0.008463241138681426,0.008372917361595903,14.778076652413336,-0.04239459982965961,0.23055937221835368,0.004204503187048219,-14.820471252242996,-14.773872149226287
1-211527-C-20,baby_crying,office,10,0.09591839128586212,0.032549243938867066,0.33934309679842034,0.712890625,0.333404541015625,0.0,0.0,384,0.9519650177391192,0.2986969505712122,0.0008626484689359458,0.007657977923045055,0.0076300104430181365,9.852118178860266,0.3899734234244009,0.8379156460668258,0.4058631976306593,-9.462144755435865,-9.446254981229607
1-211527-C-20,baby_crying,office,5,0.10506730734653404,0.006601434700585181,0.06283053089780119,0.782073974609375,0.087066650390625,0.0,0.0,384,0.8684827792732303,0.057787207511231696,0.002712732904092191,0.008340010208460244,0.00833822431395074,4.8705055459291895,0.013567859476432655,0.7980300087617084,0.014497939061939073,-4.856937686452757,-4.856007606867251
1-211527-C-20,baby_crying,office,0,0.1301926593645832,0.006278661655730177,0.048225926764026025,0.881622314453125,0.125885009765625,0.0,0.0,384,0.7034337201859443,0.0915350348011212,0.008562883322120256,0.008361148282839017,0.008356695408664053,-0.0900065925907769,0.03419219845500719,1.3355544614622326,0.036505726066614744,0.12419879104578409,0.12651231865739165
1-22694-A-20,baby_crying,office,20,0.09385082997819105,0.011981535644060145,0.1276657398431575,0.816162109375,0.13848876953125,0.0,0.0,384,0.9946834369768384,0.19015313900063568,9.340829245562314e-05,0.008473322117490242,0.008439874717641072,19.698605155247723,0.14276475219161058,1.4815308470160602,0.15994192298870802,-19.555840403056113,-19.538663232259015
1-22694-A-20,baby_crying,office,15,0.09486662818528935,0.010718666814422724,0.11298669531594917,0.844451904296875,0.12762451171875,0.0,0.0,384,0.9841463422865334,0.1786704459222391,0.00028309452652350926,0.008514637873258096,0.008478916005366615,14.884147752459814,0.1226430873302767,1.556266862744551,0.1409015832591061,-14.761504665129538,-14.743246169200708
1-22694-A-20,baby_crying,office,10,0.09797526195879343,0.005263828443788953,0.05372609716524995,0.81365966796875,0.110076904296875,0.0,0.0,384,0.9529000780121787,0.10652842506608388,0.0008829446230189104,0.00868078757057515,0.008658768283937815,9.943940896034082,0.03852670056792506,1.8894041847236243,0.049556832494031214,-9.905414195466157,-9.89438406354005
1-22694-A-20,baby_crying,office,5,0.10715006967862742,0.004076259696057352,0.03804252958755116,0.849029541015625,0.058349609375,0.0,0.0,384,0.8705628557542605,0.10468374110216451,0.0027798171816972336,0.008679902490899151,0.008647388959350867,4.955689109628239,0.031545425449804654,2.3957875764155743,0.04784394943080263,-4.924143684178435,-4.907845160197437
1-22694-A-20,baby_crying,office,0,0.13203187682458675,0.008025074130947725,0.06078133799165467,0.9044189453125,0.10150146484375,0.0,0.0,384,0.7059237125440131,0.13137645559139524,0.008745350409444066,0.00859611501475496,0.008578219065644923,-0.029040993413059435,0.06655141687947817,1.525962392023789,0.0756022703522997,0.09559241029253761,0.10464326376535914
1-100032-A-0,dog_barking,office,20,0.04173168808360842,0.0019183728769301433,0.04596921344487024,0.98968505859375,0.03057861328125,0.0,0.0,384,0.9949970677658309,0.093289506600394,1.7382883287766643e-05,0.0017212321881015396,0.0017173919544930499,19.964534840251922,0.02825471849838653,2.019066481503098,0.037955074463353625,-19.936280121753537,-19.926579765788567
1-100032-A-0,dog_barking,office,15,0.04217473614652206,0.0023016268351404526,0.05457359180966106,0.98199462890625,0.033935546875,0.0,0.0,384,0.9845134224112505,0.09709292651328207,5.4666518355826444e-05,0.0017190377988015328,0.0017160315443622396,14.988263630309604,0.03351984520041194,1.7516839688572916,0.041121444537227755,-14.954743785109192,-14.947142185772377
1-100032-A-0,dog_barking,office,10,0.043553001317043726,0.0059442787958083766,0.136483792529866,0.989990234375,0.1761474609375,0.0,0.0,384,0.9534288393742878,0.3600358446794962,0.0001725650969096202,0.0015895308706251276,0.001508034002238121,9.996595808721347,0.3743320622783663,2.5150782190583763,0.6029103919687525,-9.62226374644298,-9.393685416752595
1-100032-A-0,dog_barking,office,5,0.045844583341627915,0.001994421982041461,0.043503983168072136,0.990570068359375,0.053131103515625,0.0,0.0,384,0.871614238681512,0.1676996347163356,0.0005050214994417225,0.0015815580339242888,0.0015592902272627553,4.9991463056777965,0.06228997644180858,3.36190771735477,0.12387173271316809,-4.9368563292359875,-4.875274572964629
1-100032-A-0,dog_barking,office,0,0.058717798325615536,0.006163938193524325,0.10497563548521739,0.95745849609375,0.1021728515625,0.0,0.0,384,0.7069966291541034,0.2109437325316734,0.0017244274335522242,0.0016613691134336058,0.0016546118105237096,-0.002708722196087983,0.17997551568835912,1.420732193769768,0.19767563367380753,0.1826842378844471,0.2003843558698955
1-110389-A-0,dog_barking,office,20,0.03480532947239491,0.03141772771630314,0.9026700276238278,0.682708740234375,0.679962158203125,0.0,0.0,384,0.9950329760054996,0.9634682317069306,1.2005250955861472e-05,9.026938199839284e-05,8.645058970851664e-05,19.9959491514528,11.255153216028383,1.0620502408300503,11.442878306948304,-8.740795935424416,-8.553070844504495
1-110389-A-0,dog_barking,office,15,0.03517773241019444,0.008570774507137308,0.24364204057261843,0.694915771484375,0.135711669921875,0.0,0.0,384,0.9845611155665772,0.46366093830181265,3.791634694486115e-05,0.0010025625978017194,0.0009462285109440384,15.001942061956788,0.7999882874658295,1.873618019275283,1.051142968029331,-14.201953774490958,-13.950799093927458
1-110389-A-0,dog_barking,office,10,0.036359760173432926,0.03160559985244639,0.869246653489748,0.688873291015625,0.686004638671875,0.0,0.0,384,0.9535954268953356,0.9683120838757323,0.00011985070498764605,7.923782108305478e-05,7.53454244635776e-05,10.01329436175011,11.831271371687812,1.0622730090755526,12.05002777096645,1.817977009937703,2.0367334092163407
1-110389-A-0,dog_barking,office,5,0.03959911876311638,0.0347067701399198,0.8764530935028425,0.67474365234375,0.67108154296875,0.0,0.0,384,0.8708264185974965,0.9762029112996663,0.0003789475588192574,5.7306578859259005e-05,5.621195986801149e-05,4.966548208075841,13.191190848402625,0.9699272987150109,13.274948394923953,8.224642640326785,8.308400186848111
1-110389-A-0,dog_barking,office,0,0.04894060569494805,0.005027201916408223,0.10272046790232435,0.68341064453125,0.135406494140625,0.0,0.0,384,0.7068885698661727,0.22037767317666038,0.0011983310618528407,0.001151000394406824,0.0011442245627535476,-0.005364369632604265,0.19054540486882057,1.516585680068786,0.21618745910266102,0.19590977450142483,0.22155182873526527
1-30226-A-0,dog_barking,office,20,0.036749023997873304,0.005708325549950298,0.15533271170087792,0.440185546875,0.1927490234375,0.0,0.0,384,0.9950161663921503,0.2734289044611013,1.3428623527089001e-05,0.0012593135198297166,0.0012408988919616617,19.9812012159738,0.27348105220893815,1.7499479501465234,0.3374557399903156,-19.70772016376486,-19.643745475983486
1-30226-A-0,dog_barking,office,15,0.03716785344881725,0.004924107301505969,0.1324829616078532,0.44073486328125,0.157501220703125,0.0,0.0,384,0.9845622524194161,0.25722299388835107,4.232460512863476e-05,0.0012745362492001951,0.00125436844301884,15.002281278724045,0.22799202350557107,1.9098267328998657,0.2972627443261488,-14.774289255218473,-14.705018534397896
1-30226-A-0,dog_barking,office,10,0.03834255443758985,0.005986944285718659,0.15614359485264875,0.44781494140625,0.20550537109375,0.0,0.0,384,0.953440801535878,0.2786432877007806,0.00013371207271884667,0.00125411324085035,0.001236473104352275,9.997786221675772,0.2894284136589907,1.6998540832014186,0.35094920741212476,-9.708357808016782,-9.646837014263648
1-30226-A-0,dog_barking,office,5,0.04201812198138926,0.006688669720080275,0.15918535633369887,0.47357177734375,0.195526123046875,0.0,0.0,384,0.8721187485283661,0.30047550038988013,0.00042268252389742855,0.0012440449380942055,0.0012253613881656024,5.020099992629965,0.3451857384973702,1.644687193189852,0.41090452030629654,-4.674914254132595,-4.609195472323669
1-30226-A-0,dog_barking,office,0,0.05146506115912258,0.006762628005825535,0.1314023116559885,0.449951171875,0.199951171875,0.0,0.0,384,0.7038722934844507,0.3438607735788256,0.0013364146598025919,0.001193083793078355,0.0011606359255365989,-0.07928687542013062,0.4267194847334835,1.8403135763375307,0.5464688422170432,0.5060063601536141,0.6257557176371737
1-30344-A-0,dog_barking,office,20,0.08927386560368035,0.0022859903284651387,0.025606489794152004,0.936767578125,0.035186767578125,0.0,0.0,384,0.9950410309394456,0.11682810779080051,7.8849146199233e-05,0.007886599592158127,0.007820809685896626,20.00333581518563,0.023293697586108997,4.540399186573966,0.059674443686970786,-19.98004211759952,-19.94366137149866
1-30344-A-0,dog_barking,office,15,0.09022490103336475,0.0027379260378659225,0.030345569864947262,0.91943359375,0.061676025390625,0.0,0.0,384,0.984578001958384,0.09754986045001679,0.0002491513380975231,0.00788928550300576,0.00785399879281834,15.006897983886446,0.02203934494340986,3.1644460692868592,0.041507768267450784,-14.984858638943036,-14.965390215618996
1-30344-A-0,dog_barking,office,10,0.09318545571309989,0.06870487206686415,0.7372917966768683,0.910125732421875,0.72235107421875,0.0,0.0,384,0.9535664622804446,0.8915016500910837,0.0007876924790113617,0.0017392833250857531,0.001628236759677142,10.010414374900623,6.591163878307963,1.153010178306039,6.87769166116392,-3.4192504965926602,-3.1327227137367037
1-30344-A-0,dog_barking,office,5,0.10184990410323005,0.002936025786579178,0.028826986264055457,0.981781005859375,0.038055419921875,0.0,0.0,384,0.8717198099454321,0.1256828126961557,0.0024907022255687664,0.007863552817340204,0.0077956475286364395,5.003531973412446,0.03144783473459357,3.8007441335667185,0.0691139689566189,-4.972084138677853,-4.934418004455828
1-30344-A-0,dog_barking,office,0,0.1255560437297248,0.014412980677501847,0.11479320508479549,0.972442626953125,0.3331298828125,0.0,0.0,384,0.7073819495861764,0.44574081759471573,0.007876024753768144,0.0069885640026052884,0.006351486851779672,0.006760883352826766,0.5468379912885203,2.7474877710236765,0.9619634266794244,0.5400771079356935,0.9552025433265976
1-32318-A-0,dog_barking,office,20,0.13314987390984637,0.007647492449941146,0.05743522111871574,0.98992919921875,0.12677001953125,0.0,0.0,384,0.9950244641937465,0.11254093683328718,0.0001759834676301003,0.017467183442175523,0.01741418774416696,19.988771584127278,0.042156581620597176,1.9496388847902593,0.05535317198856918,-19.946615002506682,-19.93341841213871
1-32318-A-0,dog_barking,office,15,0.13496210729353222,0.004935824794505581,0.03657193039947532,0.977691650390625,0.10821533203125,0.0,0.0,384,0.9846372926181167,0.10962187056307461,0.0005553583533044243,0.01762456788036746,0.017531356921457273,15.024029102759176,0.029472510299063052,2.9513731927470945,0.0525019722950445,-14.994556592460112,-14.971527130464132
1-32318-A-0,dog_barking,office,10,0.13675749084862976,0.006150094931647138,0.0449708084981932,0.999969482421875,0.162872314453125,2.5e-05,0.0,-686,0.9532696432355112,0.0947219846001163,0.0017071188508009096,0.01702714666436301,0.016988414772681693,9.980699924010953,0.02923945592746743,2.007632444692463,0.039129661501263256,-9.951460468083486,-9.94157026250969
1-32318-A-0,dog_barking,office,5,0.14296402695346844,0.006898818502449946,0.048255625204901065,0.9974365234375,0.153106689453125,0.0,0.0,384,0.8714264873002165,0.21355848711217396,0.004917879509265211,0.015274861403378557,0.014884583417866751,4.991371437847322,0.0902725988662597,3.8585151611322415,0.20267853799270388,-4.901098838981063,-4.788692899854618
1-32318-A-0,dog_barking,office,0,0.16275664026323053,0.10986213404289612,0.6750086132597308,0.999969482421875,0.97418212890625,1.25e-05,0.0,384,0.7089362246873638,0.9863142806992491,0.01317623885641668,0.00037929299094322525,0.0003636627886907757,0.04500318574767584,15.47406470289478,1.0358999797167439,15.656824229061252,15.429061517147105,15.611821043313576
1-101336-A-30,door_activity,office,20,0.10210606043902003,0.01824080857355912,0.17864569933586782,1.0,0.684356689453125,0.0001375,0.0,384,0.9950409001163147,0.3037998369237236,0.00010311447928997173,0.009573583904209693,0.009412312484385184,20.004666510451067,0.3480138882463019,1.6945285452803651,0.42179598894344966,-19.656652622204764,-19.582870521507616
1-101336-A-30,door_activity,office,15,0.10170608781711221,0.01468342877021888,0.14437118844471344,1.0,0.5225830078125,5e-05,0.0,384,0.9845414896161713,0.29976358360805827,0.0003172371363860151,0.009404776812083258,0.009167098802625034,14.997822651621664,0.29907425034446106,2.0474250179511935,0.4102400662014447,-14.698748401277204,-14.58758258542022
1-101336-A-30,door_activity,office,10,0.10121433689082415,0.009313415454895226,0.09201676107349528,1.0,0.34234619140625,3.75e-05,0.0,384,0.9534625255021131,0.27515710160734974,0.0009310262431584896,0.00894794949738562,0.008648435209546277,10.001424232745268,0.1947045451379939,2.853815604941009,0.3425644212969381,-9.806719687607275,-9.65885981144833
1-101336-A-30,door_activity,office,5,0.10531095580494511,0.01659999263647848,0.15762835414032952,0.999969482421875,0.557891845703125,5e-05,0.0,384,0.8716898844950781,0.25615923437753196,0.0026627651125918756,0.007961084384003938,0.007913153996528765,5.0037269812191285,0.2682296149534813,1.4161081901715376,0.29445571071764476,-4.735497366265648,-4.709271270501484
1-101336-A-30,door_activity,office,0,0.12053573001914372,0.013377872803898,0.11098678210828689,1.0,0.531524658203125,1.25e-05,0.0,384,0.7063291360166477,0.31921927550407214,0.007279190592599343,0.006733178411291167,0.00654117570193518,-0.01764764032940993,0.34187837227651563,2.0332966320426107,0.4675214416952652,0.35952601260592554,0.4851690820246751
1-103995-A-30,door_activity,office,20,0.045554541661112974,0.01241587433328431,0.27254964885055477,0.999969482421875,0.649169921875,2.5e-05,0.0,384,0.9950233715501972,0.49095815205548843,2.060430631540228e-05,0.0016641407249325941,0.0015668793206724816,19.987717893680824,0.9362937100322165,1.792406989304239,1.197838728262983,-19.051424183648606,-18.78987916541784
1-103995-A-30,door_activity,office,15,0.045649438995328404,0.014266487433359376,0.3125227329698259,0.999969482421875,0.724853515625,3.75e-05,0.0,384,0.9844976732403239,0.5112446533909646,6.410866005250627e-05,0.0015753002482678507,0.0014990891646476886,14.983836197809781,1.100266106471909,1.6104461572417639,1.315624864471511,-13.883570091337873,-13.66821133333827
1-103995-A-30,door_activity,office,10,0.04671414010918771,0.014267483230091818,0.30542108228351394,1.0,0.751373291015625,1.25e-05,0.0,384,0.953941383181242,0.46851257558628406,0.00019638735178737168,0.001601342257273446,0.001557432962039669,10.048271650318979,0.9554614731314204,1.4633433968399814,1.0762094869489514,-9.092810177187559,-8.972062163370028
1-103995-A-30,door_activity,office,5,0.05069714490491953,0.013883120839285732,0.27384423452884715,0.999969482421875,0.7060546875,2.5e-05,0.0,384,0.8706369912471965,0.46973325681086503,0.0006219577678863334,0.0015729157071271349,0.0015257868956706656,4.958821667065388,0.9502724627457346,1.4933194683547628,1.0823881515942493,-4.008549204319653,-3.876433515471139
1-103995-A-30,door_activity,office,0,0.06064573737907315,0.012127717849369734,0.19997642659638284,1.0,0.588958740234375,1.25e-05,0.0,384,0.7067636602943178,0.47889711045460304,0.0018407200056113832,0.0014936627688495615,0.0014228461986640557,-0.008347093913668892,0.919900997991445,1.6922391573758613,1.130846982106362,0.9282480919051139,1.139194076020031
1-103999-A-30,door_activity,office,20,0.027953475538473573,0.018325097705782882,0.6555570408610285,0.8477783203125,0.851470947265625,0.0,0.0,384,0.9950634601257925,0.7794392580141926,7.69659959241997e-06,0.0003164357104573296,0.00030512304511140287,20.02273795604995,3.9037683317826715,1.1831012727564647,4.0618731069090614,-16.11896962426728,-15.96086484914089
1-103999-A-30,door_activity,office,15,0.02815006710657259,0.018036399285112765,0.6407231363544975,0.84747314453125,0.85394287109375,0.0,0.0,384,0.9845225978304942,0.7553415517724664,2.434028353307948e-05,0.00033988797622992793,0.00033145243182187094,14.990842026110014,3.5616366672178095,1.160643100911046,3.670782565149184,-11.429205358892204,-11.320059460960831
1-103999-A-30,door_activity,office,10,0.02910956151089436,0.018076335379686947,0.6209758732683697,0.85076904296875,0.837646484375,0.0,0.0,384,0.9535109871405711,0.7709466595379058,7.695538807651161e-05,0.00032510771623014213,0.0003140166422606289,10.004835718005886,3.7678495963543828,1.1837943062034022,3.918595730111689,-6.236986121651503,-6.086239987894197
1-103999-A-30,door_activity,office,5,0.031890596926134246,0.02037597325474904,0.638933579761594,0.83221435546875,0.848968505859375,0.0,0.0,384,0.8722000919122379,0.8654962157235813,0.00024333614936927522,0.00020882117765865863,0.0001950845291433059,5.0235139755001725,5.708731208417434,1.1814586360529913,6.004248304990536,0.6852172329172612,0.9807343294903639
1-103999-A-30,door_activity,office,0,0.03943548007896919,0.01566200591036041,0.3971551982883786,0.85406494140625,0.81695556640625,0.0,0.0,384,0.710808780715336,0.6861437731847921,0.0007694126194186666,0.00043064933112065364,0.00041783273428221677,0.09122064345371933,2.632472250382408,1.22803396288339,2.763685405834129,2.5412516069286886,2.6724647623804096
1-26188-A-30,door_activity,office,20,0.1567626299682327,0.04027247893895145,0.2569010161867819,0.88055419921875,0.49530029296875,0.0,0.0,384,0.9950440692400719,0.2785166208283241,0.00024297658180860547,0.022561542499008137,0.022551436934915462,20.006052998018266,0.3487268127778353,1.0787459501300374,0.3506725050831423,-19.657326185240432,-19.655380492935123
1-26188-A-30,door_activity,office,15,0.15874769461969895,0.020265599200214188,0.12765917167340984,0.847320556640625,0.33978271484375,0.0,0.0,384,0.9846448260525346,0.19099819560054992,0.0007679852439363239,0.02374648386909784,0.023654096374266305,15.026211407417522,0.14446455177502227,1.4731541112579036,0.16139406100689835,-14.8817468556425,-14.864817346410623
1-26188-A-30,door_activity,office,10,0.16265272166106245,0.02512954121071266,0.15449812922945044,0.93365478515625,0.32476806640625,0.0,0.0,384,0.9530015303114372,0.19341397095000906,0.0024283377973794997,0.023262978488997506,0.023239338540363128,9.954007643389973,0.16116296615106482,1.1930170406890206,0.16557853306777454,-9.792844677238909,-9.788429110322198
1-26188-A-30,door_activity,office,5,0.17856502556187526,0.028429851858947953,0.15921287928299607,0.8211669921875,0.370330810546875,0.0,0.0,384,0.8712681359350195,0.2110974239027605,0.007680949370433757,0.02325605731590816,0.02323649606544903,4.98481530433362,0.19432095446465694,1.155198673536884,0.1979754517538978,-4.790494349868963,-4.786839852579722
1-26188-A-30,door_activity,office,0,0.19812563598400573,0.028432022149629907,0.1435050139191738,0.9931640625,0.339202880859375,0.0,0.0,384,0.7073049332822461,0.17533986855696077,0.019615882107019925,0.019140148452971077,0.01912518286230783,0.004868929573957946,0.1322118552488656,0.8642519812351858,0.13560891102831146,0.12734292567490765,0.1307399814543535
1-52290-A-30,door_activity,office,20,0.013400443946213548,0.005551419089467969,0.414271281738885,0.228240966796875,0.137939453125,0.0,0.0,384,0.9950381064605243,0.6849206711383944,1.7785280804784836e-06,0.00010773127195049447,9.484473820738735e-05,19.99854884772843,2.196634563640388,1.6450885242074078,2.74992001666059,-17.801914284088042,-17.24862883106784
1-52290-A-30,door_activity,office,15,0.01353513485509797,0.004045452779281758,0.29888529538795466,0.226318359375,0.12384033203125,0.0,0.0,384,0.9845470085717728,0.5380640575675637,5.6191201978095446e-06,0.0001365897170362268,0.00012677933486406856,14.997275711882331,1.1606752057044614,1.7723810636820052,1.4843705704412613,-13.83660050617787,-13.51290514144107
1-52290-A-30,door_activity,office,10,0.013981340149111397,0.004440365944967577,0.31759229784920084,0.22930908203125,0.134674072265625,0.0,0.0,384,0.9534784038789155,0.5028733941488188,1.7765649468556992e-05,0.00013856181657836527,0.00013341472442302379,10.001361967821069,1.101633497718765,1.5097104071962826,1.2660315496811936,-8.899728470102303,-8.735330418139876
1-52290-A-30,door_activity,office,5,0.015279132918024673,0.004125835640605564,0.27003074472494104,0.229888916015625,0.08575439453125,0.0,0.0,384,0.8714208682511995,0.40732175875036264,5.6175168542371814e-05,0.00015026951448189488,0.0001485778612243337,4.991073681445684,0.7387050163777055,1.3144887172484956,0.7878728255110443,-4.252368665067978,-4.203200855934639
1-52290-A-30,door_activity,office,0,0.01884521649436385,0.005598343268791731,0.2970697243232021,0.25067138671875,0.14471435546875,0.0,0.0,384,0.7069600013881051,0.6050894273032795,0.0001776451505233498,0.0001191505912625594,0.00011305262088719771,-0.0036227762559042083,1.7518450957949612,1.440064516421913,1.9800007600920033,1.7554678720508654,1.9836235363479076
1-17150-A-12,fire,office,20,0.02779629416645267,0.0034579130859053397,0.12440194600036622,0.7398681640625,0.17626953125,0.0,0.0,384,0.9868466870486883,0.3573344500366123,2.01926191737542e-05,0.0006998761149157892,0.0006594439687117741,15.712800467587352,0.33484350177941713,2.834453962330517,0.5932762236075138,-15.377956965807934,-15.119524243979837
1-17150-A-12,fire,office,15,0.02800032105763045,0.003435778142590119,0.1227049552581407,0.742431640625,0.167877197265625,0.0,0.0,384,0.9732398170984827,0.31512027107934454,4.14003515742593e-05,0.0006986822112010887,0.0006720274290166223,12.537612415642949,0.28518405892863147,2.4991567820499516,0.45411091580026053,-12.252428356714317,-12.083501499842688
1-17150-A-12,fire,office,10,0.02905730864453658,0.0038449902120704822,0.1323243752236987,0.74627685546875,0.194976806640625,0.0,0.0,384,0.9335376942862091,0.3283148705031931,0.00010850303349334975,0.0006853199489158927,0.0006595896099351275,8.31332131689399,0.32913459412188373,2.316086288106136,0.49533027108213173,-7.984186722772106,-7.817991045811858
1-17150-A-12,fire,office,5,0.03241908131532346,0.0031717344512624344,0.09783542045539882,0.7413330078125,0.14215087890625,0.0,0.0,384,0.8335186527241832,0.3902217978618385,0.0003208137938348288,0.0006765103988278682,0.0006219005802113908,3.57178717606112,0.35190095256997567,3.324312482190452,0.7174361078351223,-3.2198862234911445,-2.8543510682259976
1-17150-A-12,fire,office,0,0.0418882406792792,0.002993087497263977,0.07145412289288539,0.753875732421875,0.133392333984375,0.0,0.0,384,0.6590251350011629,0.2061120357286185,0.0009925665766657573,0.0007404528302881737,0.0007331816986854556,-1.1477149783544551,0.14523572580666658,1.8987889446262747,0.18809352461552684,1.2929507041611217,1.335808502969982
1-17565-A-12,fire,office,20,0.027813636222980605,0.004112374305418901,0.14785460888501564,0.7781982421875,0.247833251953125,0.0,0.0,384,0.9923828296602252,0.3559829619885317,1.1740794974829517e-05,0.000700685792531755,0.0006679425160559787,18.12176287253852,0.3805622407566882,2.3881098875259927,0.5884044952016071,-17.74120063178183,-17.53335837733691
1-17565-A-12,fire,office,15,0.02813430292508903,0.0040293103793154145,0.14321699706027688,0.77935791015625,0.236602783203125,0.0,0.0,384,0.9811717956424418,0.3502534594476413,2.952551374211893e-05,0.0007030645810503721,0.0006711515543319101,14.117651969995496,0.36673184567363915,2.3986491304674074,0.5684780401062743,-13.750920124321857,-13.549173929889221
1-17565-A-12,fire,office,10,0.029258559176717498,0.004213304397809696,0.14400245659268257,0.7874755859375,0.215423583984375,0.0,0.0,384,0.9485742215199716,0.33257890841143045,8.578070079709544e-05,0.0007130395546320086,0.0006877984672390875,9.532604639107378,0.35242175459581115,2.1895740894634783,0.5089459242064502,-9.180182884511566,-9.023658714900927
1-17565-A-12,fire,office,5,0.03186053307945605,0.0036900955776638144,0.11582027106894895,0.74188232421875,0.22259521484375,0.0,0.0,384,0.860469067248722,0.36000277100465883,0.00026350259610776296,0.0006950943657442557,0.000656800791251967,4.551966518620479,0.3564352603307211,2.673125295748727,0.6025362825042168,-4.195531258289758,-3.9494302361162625
1-17565-A-12,fire,office,0,0.04076226808706625,0.006200150334328307,0.15210513608038403,0.7735595703125,0.43896484375,0.0,0.0,384,0.7097288075846292,0.33974036568625676,0.0008245907342108275,0.0007564891958074572,0.0007432932796553021,0.06472385064916283,0.4561384964012679,1.5845077526329467,0.5325637333630261,0.39141464575210505,0.46783988271386323
1-17742-A-12,fire,office,20,0.007204404016248605,0.0017868386744977422,0.24802033179535152,0.422332763671875,0.096649169921875,0.0,0.0,384,0.971691316450835,0.5986122570522354,2.8979138994512847e-06,3.737592588044889e-05,3.1580215416992505e-05,12.281595733146577,1.194437920261398,2.344092598459913,1.9262066641240865,-11.087157812885179,-10.355389069022491
1-17742-A-12,fire,office,15,0.007376081374325367,0.0021548995862417063,0.29214693776867373,0.42132568359375,0.111328125,0.0,0.0,384,0.949598189930144,0.558383756152535,5.3469892803993395e-06,3.699729008519582e-05,3.390330529418645e-05,9.626145637017324,1.2434466432294176,1.814308591436085,1.6227253853086716,-8.382698993787907,-8.003420251708652
1-17742-A-12,fire,office,10,0.007884072747832887,0.00232004033735811,0.2942692706629102,0.426239013671875,0.102874755859375,0.0,0.0,384,0.8885247898318441,0.4775648087379981,1.3086548099437279e-05,3.9093006525187034e-05,3.8039733274241206e-05,5.7400912653269796,1.005258630212671,1.4413044031034425,1.1238747227125454,-4.734832635114309,-4.616216542614434
1-17742-A-12,fire,office,5,0.009312520982036419,0.002743205463926072,0.2945717351099273,0.41412353515625,0.172271728515625,0.0,0.0,384,0.7528894952709736,0.5685115805357955,3.756515680195914e-05,3.495595679157243e-05,3.340726262463209e-05,1.1680801952167716,1.4986273393392804,1.4525744599649522,1.6954303617022664,0.33054714412250874,0.5273501664854947
1-17742-A-12,fire,office,0,0.01280526256031855,0.002427462500930087,0.189567569543822,0.43402099609375,0.170654296875,0.0,0.0,384,0.5467289154265392,0.6113642430303673,0.0001149607575017992,3.4268916941583586e-05,3.082855012474209e-05,-3.702295496381462,1.5721039079049444,1.7622677669857296,2.0315766803645205,5.274399404286406,5.733872176745983
1-17808-A-12,fire,office,20,0.05238089644598224,0.0034420454776457874,0.06571184747086935,0.416229248046875,0.065643310546875,0.0,0.0,384,0.9949573809319685,0.24326174645791274,2.760250265457223e-05,0.0026514031135653204,0.0025657431738902643,19.93006194216773,0.12230074702475052,3.6838177014608506,0.2649265535476037,-19.80776119514298,-19.665135388620126
1-17808-A-12,fire,office,15,0.05278440481947655,0.003596818476608469,0.06814168860877833,0.410919189453125,0.06475830078125,0.0,0.0,384,0.9842909272203023,0.2270733143968569,8.685003101503066e-05,0.0026380586248588873,0.0025704971299387747,14.924881318400958,0.1172484937328207,3.281875624830123,0.2299216865846496,-14.807632824668138,-14.694959631816308
1-17808-A-12,fire,office,10,0.05653822166162774,0.0029827240776436397,0.05275588778675723,0.4351806640625,0.049713134765625,0.0,0.0,384,0.9567286129376893,0.20961229048718957,0.0002706551273569379,0.0028787692547736056,0.0028087302851164146,10.338455043162192,0.08806089650881146,3.7997283934602253,0.195029083139737,-10.250394146653381,-10.143425960022455
1-17808-A-12,fire,office,5,0.061024514171940845,0.006058641943948955,0.0992821004175192,0.414031982421875,0.079803466796875,0.0,0.0,384,0.8761115527790395,0.1576856954962519,0.0008655605286311177,0.0028042660810923157,0.0027986122022605354,5.18830243048054,0.10059649644325136,1.3917176834726472,0.1093614483912767,-5.087705934037289,-5.0789409820892635
1-17808-A-12,fire,office,0,0.07242918749599997,0.004941014290330767,0.06821855195605561,0.4527587890625,0.08746337890625,0.0,0.0,384,0.6914635146020631,0.13343556365887044,0.0027377614220298824,0.0024766037440190156,0.002473569503986155,-0.38028954011688926,0.07261302513457596,1.3518526210244464,0.07793709301544775,0.4529025652514652,0.458226633132337
1-17808-B-12,fire,office,20,0.029937270202346145,0.0009834338736281645,0.03284981786853412,0.348602294921875,0.028961181640625,0.0,0.0,384,0.994605424880564,0.46936557287779435,9.644442295372019e-06,0.0008628836134016548,0.000693740237174407,19.63448502820732,0.13166736870368415,14.217947925924229,1.079220740004317,-19.502817659503634,-18.555264288203002
1-17808-B-12,fire,office,15,0.03016386817111946,0.000899670334246354,0.029826092898381902,0.34967041015625,0.033294677734375,0.0,0.0,384,0.9834819969232725,0.44546656726589556,2.9810533399249666e-05,0.0008598706753708769,0.0007079158718021536,14.701368013539337,0.11466746540855936,14.69258539530948,0.959182348060098,-14.586700548130779,-13.742185665479239
1-17808-B-12,fire,office,10,0.031078257017916954,0.0016854852354872942,0.05423358312905365,0.353515625,0.0264892578125,0.0,0.0,384,0.9502858588775848,0.3944970961578719,9.364662697008482e-05,0.0008384623577808006,0.0007388921552633712,9.691296519634763,0.18531557922086145,6.909148640647044,0.7343407367143301,-9.505980940413902,-8.956955782920433
1-17808-B-12,fire,office,5,0.03443318245284285,0.0014240549198626532,0.04135705207652339,0.367889404296875,0.0384521484375,0.0,0.0,384,0.8662645416533706,0.40400987547266465,0.00029591860661609324,0.0008602454896808071,0.0007471053177647189,4.78083761901316,0.1602696777771431,8.465734345076452,0.772675444005642,-4.6205679412360166,-4.008162175007518
1-17808-B-12,fire,office,0,0.04347504162634559,0.001894109312736032,0.04356774006141984,0.394561767578125,0.033721923828125,0.0,0.0,384,0.7111733146356609,0.2532080504154645,0.0009341350874756471,0.0009328909662240095,0.0008976327223513855,0.10022886793636238,0.1199502115892432,4.130314918823952,0.2872723262242162,0.01972134365288082,0.18704345828785385
1-20133-A-39,glass_breaking,office,20,0.14831714069933652,0.010825505093059594,0.0729889009592269,1.0,0.1546630859375,1.25e-05,0.0,384,0.9889480876849283,0.35632368918615154,0.0004835530901772228,0.020598908957348453,0.01887339697646848,16.482855274534565,0.20975104834999597,4.8279807190944535,0.5896924810074523,-16.273104226184568,-15.893162793527113
1-20133-A-39,glass_breaking,office,15,0.14369722404604043,0.011340218961765899,0.0789174532566649,0.955322265625,0.17645263671875,0.0,0.0,384,0.9753997817068567,0.32943715075420305,0.0010034388460938642,0.018817173154675293,0.01759792591818993,12.917711622940507,0.20797323704869958,4.071833209867052,0.4989021958544401,-12.709738385891807,-12.418809427086067
1-20133-A-39,glass_breaking,office,10,0.14379428160572655,0.012126361108424143,0.08433131674647357,0.94024658203125,0.177734375,0.0,0.0,384,0.9356513449092991,0.28387037240458196,0.002575430331850751,0.017405822908566366,0.016722988875957558,8.468615164147836,0.19106394773772817,3.1501536175293006,0.3648705414256798,-8.277551216410108,-8.103744622722157
1-20133-A-39,glass_breaking,office,5,0.14250514198588124,0.01104002845597886,0.07747108842621732,0.88720703125,0.165740966796875,0.0,0.0,384,0.8376027221620592,0.28708631257036354,0.006060261674984483,0.013678937314391421,0.013136493607990947,3.7124590738045353,0.19774557518068464,3.1065808172024427,0.37347458151929575,-3.5147134986238506,-3.3389844922852396
1-20133-A-39,glass_breaking,office,0,0.16901289532043673,0.013141091672197581,0.07775200612523075,0.834442138671875,0.187255859375,0.0,0.0,384,0.6467995967718715,0.26662712992822785,0.0166150467028244,0.011412107712267444,0.011155126002110277,-1.4312232755285683,0.22103009355144795,2.216978346261776,0.3199439133485446,1.6522533690800163,1.751167188877113
1-84536-A-39,glass_breaking,office,20,0.09166822243234085,0.010660442064789808,0.1162937578794892,0.999969482421875,0.388458251953125,3.75e-05,0.0,384,0.9781394595357001,0.41540473913922277,0.0003633748417841005,0.0073946913621300205,0.006684441193831881,13.44884339592859,0.384087759359322,3.4939415546118977,0.8226372187555608,-13.064755636569268,-12.626206177173028
1-84536-A-39,glass_breaking,office,15,0.09078684164927517,0.042840597021997565,0.471881125543479,0.999969482421875,0.682037353515625,1.25e-05,0.0,384,0.9581141687191912,0.4899510261309618,0.0006760049617911243,0.005777721449718629,0.005777671771699853,10.489305696680706,1.1921348563507705,0.9948103069576202,1.1921721905958216,-9.297170840329935,-9.297133506084885
1-84536-A-39,glass_breaking,office,10,0.09618208140345481,0.014590682292638674,0.1516985500806035,0.999969482421875,0.479217529296875,2.5e-05,0.0,384,0.9018469887500284,0.3872647632855558,0.0017268962314768964,0.006789313218997325,0.0064265153678793275,6.39188121906971,0.46718151368194905,2.3023095265831115,0.7056844533515872,-5.924699705387761,-5.6861967657181225
1-84536-A-39,glass_breaking,office,5,0.09963843005381978,0.015337364280648351,0.15393020817734543,0.9781494140625,0.582763671875,0.0,0.0,384,0.7740993379541573,0.37967391006194173,0.003978763296745932,0.0053114918107472694,0.005116026140009742,1.7469979161382077,0.5132101100171043,1.9093757208541124,0.6760477283166483,-1.2337878061211034,-1.0709501878215595
1-84536-A-39,glass_breaking,office,0,0.1301853947130745,0.01749361445742824,0.13437463162425975,0.999969482421875,0.579315185546875,1.25e-05,0.0,384,0.5538668809158729,0.3238730957844525,0.011749034328182646,0.0047108230257830435,0.004676274566694823,-3.540653975379902,0.4492961869362666,1.335266355237156,0.48126404804902684,3.989950162316169,4.0219180234289285
1-84704-A-39,glass_breaking,office,20,0.05941655364281156,0.005086692840216949,0.08561070153607532,1.0,0.077728271484375,0.000325,0.0,384,0.989808817159136,0.41186104601919854,7.159045178301407e-05,0.0032538244267774795,0.002885950986341159,16.840623412744083,0.2861296189540072,4.761586450022546,0.8071812689964813,-16.554493793790076,-16.033442143747603
1-84704-A-39,glass_breaking,office,15,0.05964361694126183,0.0046701195582082725,0.07830040828690009,1.0,0.081451416015625,0.0002875,0.0,384,0.9763747036562783,0.3307111631847276,0.00016610262247933227,0.0032487828329765007,0.003034932384456113,13.099843875418522,0.20729827882022153,4.123798244370672,0.5030148884770046,-12.8925455965983,-12.596828986941517
1-84704-A-39,glass_breaking,office,10,0.06140844757701021,0.005997172678532068,0.09766038574759964,1.0,0.077667236328125,0.0002375,0.0,384,0.9369302327643523,0.3466157901523993,0.00046067214075148433,0.003122092356348739,0.0029266785802556637,8.564787436318138,0.2751457933108773,3.3254707584990424,0.5558529676376406,-8.289641643007261,-8.008934468680497
1-84704-A-39,glass_breaking,office,5,0.0666792992823305,0.007073031912321599,0.10607537854249613,1.0,0.1051025390625,0.00015,0.0,384,0.840481202472665,0.2497525532254076,0.0013053456217271366,0.003007266808039986,0.002959113368859828,3.813124869888628,0.20955675686796044,1.9787486884588508,0.2796603239225076,-3.6035681130206676,-3.5334645459661203
1-84704-A-39,glass_breaking,office,0,0.08213102923539857,0.006962966279017434,0.08477875346065172,1.0,0.0999755859375,0.0001,0.0,384,0.6578776699157175,0.2241026330139948,0.0038260311607325645,0.0028129153308997117,0.002786363613519883,-1.1744378407383578,0.18237691343835827,1.7382878061006637,0.22356562682650769,1.3568147541767162,1.3980034675648654
1-84705-A-39,glass_breaking,office,20,0.06510929189546294,0.01480052950116848,0.22731823784739758,1.0,0.46575927734375,0.00065,0.0,384,0.986782899314974,0.36086254400923734,0.0001113199649076262,0.0036790662799175643,0.003607645814064829,15.691561047959496,0.5208118645340747,1.571390026521795,0.6059490507058842,-15.170749183425421,-15.085611997253611
1-84705-A-39,glass_breaking,office,15,0.0657382040663386,0.014390821366631657,0.21891108178296753,1.0,0.440185546875,0.00065,0.0,384,0.9735187164791659,0.35720262504408523,0.00022584666057196055,0.0036632419372797562,0.0035903159018386304,12.585107464539808,0.5054844971299384,1.5940456764852562,0.5928139106216487,-12.07962296740987,-11.99229355391816
1-84705-A-39,glass_breaking,office,10,0.06698510502215034,0.013772287569738037,0.2056022389631826,1.0,0.437469482421875,0.0005875,0.0,384,0.9348352586961265,0.35326952179760657,0.0005657327516988143,0.0035192651770134635,0.003448415927346913,8.408156228383456,0.49064584900996033,1.611774744331133,0.5789693605117756,-7.917510379373496,-7.82918686787168
1-84705-A-39,glass_breaking,office,5,0.07290442109998954,0.01300112064820495,0.17833103194624797,1.0,0.42657470703125,0.0004875,0.0,384,0.8379836456142008,0.3374236026976685,0.0015827301111211202,0.0033824464760695877,0.0033233000003368724,3.7257250666910977,0.448380712934805,1.5927790521002911,0.5249945540337769,-3.2773443537562925,-3.2007305126573207
1-84705-A-39,glass_breaking,office,0,0.09138478451613281,0.013935826615962245,0.15249613696361075,1.0,0.43048095703125,0.0003375,0.0,384,0.6593692583734844,0.34234705182422825,0.00472033867322545,0.0032664173257765062,0.003220786182446226,-1.139660251487282,0.4802509615357139,1.485188674889501,0.5413487215233913,1.6199112130229958,1.6810089730106732
1-85168-A-39,glass_breaking,office,20,0.0492829943205651,0.0012978589773145687,0.026334823912535495,1.0,0.04742431640625,0.0001625,0.0,384,0.9698002448289017,0.14490945071768083,0.00014448413059028233,0.002279547124894067,0.0022471620914186773,11.98938585113612,0.029997921521560222,5.549872974728205,0.09213966091421155,-11.95938792961456,-11.897246190221908
1-85168-A-39,glass_breaking,office,15,0.050099790813352585,0.0032167198727667103,0.06420625357001272,1.0,0.0428466796875,0.00015,0.0,384,0.9397681650123983,0.08006069392012859,0.00029325588552474085,0.0022134694308072154,0.002213138339242642,8.784666766042553,0.027295179683839946,1.1795715609354898,0.027944850847840975,-8.757371586358714,-8.756721915194712
1-85168-A-39,glass_breaking,office,10,0.05503618247574408,0.003985001477375259,0.07240693845601584,1.0,0.06463623046875,0.0001625,0.0,384,0.8602227050981468,0.08239190032639393,0.0007875829561859717,0.0022369184163409405,0.0022369142442352605,4.542227670405,0.029585636976106756,0.9837596847881215,0.029593729094239567,-4.512642033428894,-4.512633941310761
1-85168-A-39,glass_breaking,office,5,0.0637201456659421,0.005793362050859303,0.09091884505775397,1.0,0.115570068359375,0.0001125,0.0,384,0.7017243155192159,0.08827643599292245,0.0020609106439894824,0.0019967124664361474,0.001993332316094724,-0.13171108130178305,0.026621569733146746,0.6827648148908326,0.03397980013890139,0.1583326510349298,0.16569088144068445
1-85168-A-39,glass_breaking,office,0,0.08143700395307957,0.01363832628594694,0.16747087471200128,0.999969482421875,0.294586181640625,2.5e-05,0.0,384,0.490184217857268,0.1326021751533239,0.00503843896960793,0.0016430320991498272,0.0015730810416585942,-4.999312509754848,-0.1119166379842995,0.38814909306772893,0.07703287385489423,4.887395871770549,5.076345383609742
1-31482-A-42,siren,office,20,0.23146172591919859,0.19756692035424483,0.8535619423455515,1.0,0.999969482421875,5e-05,0.00015,384,0.9950543014014729,0.902206676066017,0.0005286172925070317,0.009918647930322034,0.009830981025429252,20.015105598396833,7.265774697442965,1.047277966867165,7.304330867552294,-12.749330900953868,-12.710774730844538
1-31482-A-42,siren,office,15,0.22883975492188563,0.18324193396074404,0.8007434460996238,1.0,0.996551513671875,2.5e-05,0.0,384,0.9846103106050155,0.8589610638333047,0.0015994407326889093,0.013351245230204707,0.013261089309834965,15.016235718528495,5.784479698203172,1.0516925063967266,5.813905427975987,-9.231756020325324,-9.202330290552508
1-31482-A-42,siren,office,10,0.2081432919378616,0.18739079598072975,0.9002970705232853,1.0,0.88421630859375,1.25e-05,0.0,384,0.9533451832768212,0.9664334875908198,0.00394821041709724,0.002602095403875929,0.002589337701125443,9.988248890498884,11.782799821471944,1.0190148617720898,11.804145030152178,1.7945509309730596,1.8158961396532938
1-31482-A-42,siren,office,5,0.16320602933662398,0.12807801583773687,0.7847627710712016,1.0,0.644378662109375,1.25e-05,0.0,384,0.8715191104297281,0.9509943757781806,0.006404794100033138,0.001971040035422343,0.0019271086722427572,4.995210502072458,10.097087959788123,1.0516260134306543,10.19498035925859,5.1018774577156645,5.199769857186132
1-31482-A-42,siren,office,0,0.22155336467752404,0.13749678453806743,0.6206034592983822,0.999237060546875,0.70941162109375,1.25e-05,0.0,384,0.7076973238180818,0.8935693697731574,0.024501932708824517,0.004940406636438153,0.004936346733617697,0.01451483391496885,6.952671483780235,1.0146191081008595,6.956241871097358,6.938156649865266,6.941727037182389
1-31482-B-42,siren,office,20,0.23827895503729535,0.005821736611763928,0.024432441425020986,1.0,0.064727783203125,5e-05,0.0,384,0.9950478435894013,0.1972569535871106,0.0005609443376258302,0.055606096510121474,0.053933295990574504,20.009395257055473,0.039708396020111544,8.017126843713504,0.17236286867909395,-19.969686861035363,-19.83703238837638
1-31482-B-42,siren,office,15,0.23231552809605233,0.005388973094629429,0.023196783868882517,0.999969482421875,0.060699462890625,1.25e-05,0.0,384,0.9845875237732008,0.18681522287607108,0.0016508187840376348,0.051795922913500624,0.050405082809294566,15.009657477652848,0.03603528390755311,7.911894562425823,0.1542477162665885,-14.973622193745294,-14.855409761386259
1-31482-B-42,siren,office,10,0.21986667823473716,0.006570993102059084,0.02988626177834764,1.0,0.098785400390625,1.25e-05,0.0,384,0.9533064153863028,0.12930138918316525,0.004409065107559285,0.04354233218212414,0.043121729728529595,9.984373395952439,0.031061195224296193,4.122536369916657,0.0732163281316728,-9.953312200728142,-9.911157067820765
1-31482-B-42,siren,office,5,0.23376324030753343,0.006759371463130274,0.028915459309332824,0.999969482421875,0.073760986328125,1.25e-05,0.0,384,0.8722098728648566,0.14207927064007006,0.013073874145899531,0.04115234816440216,0.04066181140748231,5.023901177489196,0.03633750927913111,4.271088971278577,0.08841650299921877,-4.987563668210065,-4.935484674489977
1-31482-B-42,siren,office,0,0.25317517107954085,0.004068063972869939,0.016068179022151675,0.99725341796875,0.050567626953125,0.0,0.0,384,0.7073496115230394,0.1267494054764382,0.03202681868993877,0.031849550393629494,0.03149996679721068,0.0059665485445574064,0.022411044537376218,5.694933690904199,0.07034314436374622,0.01644449599281881,0.06437659581918882
1-54084-A-42,siren,office,20,0.08780560652550164,0.004130583051024825,0.04704236112559815,0.334564208984375,0.052490234375,0.0,0.0,384,0.9950481545896482,0.15330546821136756,7.616759381106739e-05,0.007489212394049037,0.007404317247254426,20.009623882892257,0.05376877973524677,3.228232570308494,0.10328007149478691,-19.95585510315701,-19.90634381139747
1-54084-A-42,siren,office,15,0.0887417850476837,0.007574276940294133,0.08535186593580736,0.31903076171875,0.085540771484375,0.0,0.0,384,0.9845888930152675,0.07189700800823061,0.00024085870503611,0.007545667351360112,0.007543899491606609,15.010037877702349,0.021488801511317834,0.8248276431612573,0.022506422688632465,-14.988549076191031,-14.987531455013716
1-54084-A-42,siren,office,10,0.09161741044778937,0.014345807154406809,0.15658385326861154,0.3480224609375,0.093597412109375,0.0,0.0,384,0.9535507993444979,0.07015892392829093,0.0007616570487905762,0.007612036173938333,0.007543642708301523,10.008842058744609,-0.017767708942497254,0.424838625529905,0.021429618590783732,-10.026609767687106,-9.987412440153825
1-54084-A-42,siren,office,5,0.1002190502294935,0.004045181352836197,0.0403633974136959,0.393768310546875,0.061248779296875,0.0,0.0,384,0.871890450725245,0.08703633689398003,0.0024085885956291377,0.007539171472177143,0.007526702529377146,5.010617353640043,0.025811410162963788,1.8727930238446067,0.03300010085991998,-4.984805943477079,-4.9776172527801235
1-54084-A-42,siren,office,0,0.12351565547763059,0.004658444655002678,0.037715418640565365,0.453399658203125,0.113555908203125,0.0,0.0,384,0.707640565242169,0.14958539045171756,0.007616538086746951,0.007489306436810224,0.0074188180098339945,0.0131180794830949,0.05708226258212039,2.814758869236756,0.09815109409327494,0.043964183099025486,0.08503301461018004
1-76831-A-42,siren,office,20,0.38531731410458464,0.01853861426679864,0.0481125908133129,0.999969482421875,0.131622314453125,3.75e-05,0.0,384,0.9950357331574378,0.03195533547025832,0.00147042579569944,0.1467224209135566,0.1466823164940836,19.998712957890277,0.003249115146770132,0.6591001996161326,0.00443635836599299,-19.995463842743508,-19.994276599524284
1-76831-A-42,siren,office,15,0.38136804762309945,0.03141695034477065,0.08237960820414501,1.0,0.218780517578125,2.5e-05,0.0,384,0.9845592329309293,0.021443880561517532,0.004456784451806254,0.1413097361789319,0.1407601120412922,15.001506870908672,-0.014927811399824631,0.2555122795242977,0.0019970047517875182,-15.016434682308496,-14.999509866156885
1-76831-A-42,siren,office,10,0.33835117917923363,0.008694281685066568,0.025696028919293273,0.999969482421875,0.2855224609375,3.75e-05,0.0,384,0.9534821013308477,0.0762314043897856,0.01040315203472607,0.1036080627566135,0.10335617189490745,10.001955283019914,0.014739074508542966,2.822660406920019,0.025310453655895963,-9.98721620851137,-9.976644829364018
1-76831-A-42,siren,office,5,0.29243125204431747,0.008620644573089488,0.029479217808714382,1.0,0.186492919921875,1.25e-05,0.0,384,0.8716140445446792,0.03055138637260981,0.020548559996171258,0.0648338626682593,0.06483329238498692,4.999146208444293,0.004011039615755137,0.9114882481057032,0.00404924055390081,-4.995135168828537,-4.995096967890392
1-76831-A-42,siren,office,0,0.22191619247589695,0.020222058930310885,0.09112475617346973,0.9945068359375,0.25103759765625,0.0,0.0,384,0.7074881071351095,0.0192517139695693,0.024596833746878648,0.02491021501397959,0.024612869958922503,0.009370559885910196,-0.05054227365513969,0.14907127754755875,0.0016099184333574965,-0.059912833541049884,-0.0077606414525527
1-76831-B-42,siren,office,20,0.3954518177824178,0.027680276781213587,0.06999658501113175,0.999969482421875,0.133941650390625,8.75e-05,0.0,384,0.9950404598620586,0.03465766331420694,0.0015473213789723907,0.15497391374961006,0.1547750109145812,20.002880821489065,-0.0003588717037085622,0.4916824614433145,0.005218704282356931,-20.00323969319277,-19.99766211720671
1-76831-B-42,siren,office,15,0.364796541401678,0.020693229293009333,0.05672539880312075,0.994720458984375,0.271026611328125,0.0,0.0,384,0.9845759916478842,0.038269059917322025,0.004073488481337654,0.12896812514214545,0.12891924194477897,15.00633409485124,0.004716212967604195,0.6628873296472221,0.006362647318681488,-15.001617881883636,-14.999971447532559
1-76831-B-42,siren,office,10,0.33282096197790473,0.015153761469996817,0.045531271167357674,0.999969482421875,0.383392333984375,2.5e-05,0.0,384,0.9535222895243533,0.04040460776609024,0.010057370844916506,0.10063560820700548,0.1006300419539911,10.005985462219565,0.006854401829821679,0.8446398984187774,0.0070946211601817175,-9.999131060389743,-9.998890841059383
1-76831-B-42,siren,office,5,0.3190911169138094,0.03018847167051871,0.09460768435829883,1.0,0.5499267578125,1.25e-05,0.0,384,0.8717688786603088,0.0904358174429871,0.024438530669633952,0.07683637899787306,0.07681042821326048,5.005570958706245,0.034194025043094226,0.8316514152805676,0.03566106355758257,-4.971376933663151,-4.969909895148662
1-76831-B-42,siren,office,0,0.25977641083696645,0.018701254053283888,0.07198980843961479,0.999542236328125,0.41021728515625,1.25e-05,0.0,384,0.7071707186025805,0.09370773897788932,0.03373578921738477,0.033481407260069825,0.03347915864659591,0.0015711988815665088,0.037983962287224185,0.9198742772972334,0.03827564456364492,0.036412763405657675,0.03670444568207841
1-17124-A-43,vehicle_horn,office,20,0.047059635419874166,0.005069597106682708,0.10772707993699676,1.0,0.04193115234375,0.0001125,0.0,384,0.9950208943904966,0.11718874441921448,2.19960711383488e-05,0.002172892202692032,0.002172698105341541,19.98616892008591,0.06013459061836414,1.0867033411775489,0.060522541419504486,-19.926034329467544,-19.925646378666404
1-17124-A-43,vehicle_horn,office,15,0.047241444709973206,0.0072676341926513075,0.15384021884320204,1.0,0.053985595703125,0.0001125,0.0,384,0.9845805753126295,0.09140060021748772,6.828444830824224e-05,0.0021646435370700668,0.002155603300118657,15.0082900600111,0.018540545680644307,0.5872572227153929,0.03671602647859344,-14.989749514330457,-14.971574033532507
1-17124-A-43,vehicle_horn,office,10,0.04854273618270459,0.0049165252780648695,0.10128240937140644,1.0,0.044036865234375,6.25e-05,0.0,384,0.9535100432543795,0.11102984088511958,0.00021397422730535772,0.0021260094956302364,0.0021259469377336387,10.005437675919131,0.05429666702799207,1.050758551186574,0.05442446517224181,-9.951141008891138,-9.95101321074689
1-17124-A-43,vehicle_horn,office,5,0.05107486777219178,0.009243181921205634,0.18097319336063317,0.999969482421875,0.1019287109375,6.25e-05,0.0,384,0.8720147793031195,0.11860707259801835,0.0006249298271287567,0.0019806805567229115,0.001965073506804389,5.016474526024856,0.027539011817182716,0.5734441583730872,0.06189538006327363,-4.9889355142076734,-4.954579145961582
1-17124-A-43,vehicle_horn,office,0,0.06469190076897031,0.01389435845524467,0.21477740320020317,0.999969482421875,0.13104248046875,5e-05,0.0,384,0.7078945934030313,0.17537169093615562,0.0020876884834046664,0.002076745413184198,0.0020424137110483607,0.02005957692271609,0.06378026147309812,0.5792237264336506,0.1361756957039351,0.04372068455038203,0.116116118781219
1-19026-A-43,vehicle_horn,office,20,0.10650517588716832,0.10191449432674052,0.9568971036178451,1.0,0.97113037109375,3.75e-05,0.0,384,0.994868666030779,0.9974261023266399,0.00011611527851285199,7.229326005510536e-05,5.800086553786049e-05,19.853835527335995,21.932647439894165,1.0370059686381903,22.8892807900666,2.0788119125581694,3.0354452627306046
1-19026-A-43,vehicle_horn,office,15,0.1055277263849253,0.10171888091067977,0.9639066849564037,0.999969482421875,0.975616455078125,1.25e-05,0.0,384,0.9843371372336946,0.9980311976032747,0.0003461153399445413,4.647641421862306e-05,4.2649776812567136e-05,14.938000344325435,23.67877901189864,1.0191850224063037,24.051937522393718,8.740778667573206,9.113937178068284
1-19026-A-43,vehicle_horn,office,10,0.10599359923298467,0.09688117906969675,0.9140285806951616,0.999969482421875,0.94671630859375,2.5e-05,0.0,384,0.9531350763227041,0.9941804331018014,0.001028347228726463,0.0001317332104535914,0.00011901918316719112,9.967283906121333,18.91262528922886,1.0367161685320312,19.35340840276133,8.945341383107527,9.386124496639995
1-19026-A-43,vehicle_horn,office,5,0.10662467074767235,0.08914960041022645,0.8361066888656499,0.98822021484375,0.869720458984375,0.0,0.0,384,0.8709824558441849,0.9944518846142689,0.0027443149960538755,0.00010622887414631854,9.591727636783469e-05,4.973002187158438,19.115812312473267,1.0359335206606488,19.55926971439644,14.142810125314828,14.586267527238
1-19026-A-43,vehicle_horn,office,0,0.12109845822534428,0.07959049521564295,0.6572378904076396,0.999969482421875,0.798492431640625,1.25e-05,0.0,384,0.7065340560961538,0.9909403832633893,0.007344291255627059,0.0001598489139971024,0.00013273885538685458,-0.014064356267720067,16.62923398592275,1.0652618431233132,17.436350203616193,16.64329834219047,17.450414559883914
1-24074-A-43,vehicle_horn,office,20,0.11537326887966846,0.002860513571598466,0.0247935557289437,0.85577392578125,0.059234619140625,0.0,0.0,384,0.9950266014096688,0.16721542881412083,0.00013207330862729057,0.013084900786899866,0.012817999783239832,19.990646949792026,0.03366007693242496,6.702877589283046,0.12316181939152554,-19.956986872859602,-19.8674851304005
1-24074-A-43,vehicle_horn,office,15,0.11655480786111444,0.002893026291291462,0.024821166491379432,0.847137451171875,0.051544189453125,0.0,0.0,384,0.9845247425524233,0.1518603977071289,0.00041721068100262126,0.013082966137230539,0.012871740670753142,14.991582069156404,0.030640969728496413,6.015238873641101,0.10133032992641339,-14.960941099427908,-14.89025173922999
1-24074-A-43,vehicle_horn,office,10,0.12033311904866724,0.003546598349350211,0.029473168961205377,0.908111572265625,0.0556640625,0.0,0.0,384,0.9533695305255678,0.14211158973873533,0.001318938464673386,0.01306565593543581,0.01290313744650662,9.990683252631912,0.034183307163865535,4.587024732010193,0.08854224454267509,-9.956499945468046,-9.902141008089238
1-24074-A-43,vehicle_horn,office,5,0.13201496605920507,0.0026077251378516094,0.019753253859733727,0.927215576171875,0.057403564453125,0.0,0.0,384,0.8721873615022389,0.1680335711075706,0.00417031900569246,0.013171187305077376,0.012890934401603922,5.022967293451586,0.030977698556799268,7.408658701523903,0.12438297284496977,-4.991989594894787,-4.898584320606616
1-24074-A-43,vehicle_horn,office,0,0.1325044947632687,0.013274070471641034,0.10017826561549,0.983551025390625,0.172821044921875,0.0,0.0,384,0.7059891766945937,0.07866529925160275,0.008806445613093645,0.008737314822950714,0.008701978909267057,-0.027432267183283284,0.009361351316478292,0.5532463862539791,0.026960934924073435,0.03679361849976158,0.05439320210735672
1-24076-A-43,vehicle_horn,office,20,0.1593402104051475,0.08280601071269061,0.5196805658919574,0.996368408203125,0.864410400390625,0.0,0.0,384,0.9948248782031148,0.7562127947968864,0.00026210608813174974,0.012171161120612653,0.010796284580816332,19.816669155397648,3.163541102276241,1.446710946928012,3.684117983274967,-16.653128053121407,-16.13255117212268
1-24076-A-43,vehicle_horn,office,15,0.15356979182841926,0.07684291086321322,0.5003777757872356,1.0,0.7545166015625,1.25e-05,0.0,384,0.9843236012998052,0.7397362507759645,0.0007336186705966792,0.011607480799939467,0.010383082842967083,14.934170010580917,2.956915004047014,1.4542708292301143,3.441031554568065,-11.977255006533904,-11.493138456012852
1-24076-A-43,vehicle_horn,office,10,0.1518189229942402,0.07513192610148928,0.4948785343730812,0.99774169921875,0.73956298828125,0.0,0.0,384,0.9530861470095627,0.7286718892519098,0.0021119030315994393,0.010773980467887564,0.009855222951827317,9.962421841898673,2.9008207149964207,1.402469670745347,3.2879180182892647,-7.061601126902252,-6.674503823609408
1-24076-A-43,vehicle_horn,office,5,0.16079632708581937,0.052255893422151145,0.3249818846562422,0.98980712890625,0.574493408203125,0.0,0.0,384,0.8699925608512206,0.5647754067156072,0.006285791135567736,0.014091481639752242,0.013375064937331899,4.932235004301676,1.4416888492434143,1.5109877614890614,1.6682964507556364,-3.4905461550582615,-3.2639385535460397
1-24076-A-43,vehicle_horn,office,0,0.1942917081044341,0.09589922974327464,0.49358374929581483,0.9779052734375,0.768707275390625,0.0,0.0,384,0.708339808770247,0.8166771431968497,0.01880873881027649,0.00660181786419409,0.006330783807550782,0.03032429071550017,4.59270663957216,1.1712595491418722,4.774767196564723,4.56238234885666,4.7444429058492235
1-254507-A-43,vehicle_horn,office,20,0.21116323772870768,0.010329244547468561,0.04891592238578514,1.0,0.147247314453125,0.0009875,0.0,384,0.994899222875993,0.21114860227758728,0.00045372602876553965,0.04353224405444034,0.042368223248187724,19.88001094194323,0.08038656338087037,4.296716302092268,0.19809459812124863,-19.79962437856236,-19.68191634382198
1-254507-A-43,vehicle_horn,office,15,0.20098073342157652,0.010203822619377337,0.05077015316674078,1.0,0.148040771484375,0.0003625,0.0,384,0.9843997412441097,0.2270859303712645,0.0012504556710064532,0.038512599722839165,0.037301230562904096,14.95583555337226,0.09103943363805518,4.4055930381269155,0.22983619763818228,-14.864796119734205,-14.725999355734078
1-254507-A-43,vehicle_horn,office,10,0.1963749163308608,0.009990565736953456,0.050874958592577714,1.0,0.1734619140625,2.5e-05,0.0,384,0.9533225323687923,0.26485970270136944,0.003516023865358642,0.03431954990759734,0.03274335317449575,9.986000655188128,0.11165219378982177,4.971215563525961,0.3158365047891508,-9.874348461398307,-9.670164150398978
1-254507-A-43,vehicle_horn,office,5,0.19863230079657174,0.011219767517690278,0.05648511079364149,0.999969482421875,0.15045166015625,0.0001,0.0,384,0.8715329354074082,0.2789108004279377,0.009486101888851047,0.029149934604945815,0.027771321184608996,4.995799470068488,0.14085070290046747,4.303724815896803,0.35126114063752856,-4.854948767168021,-4.64453832943096
1-254507-A-43,vehicle_horn,office,0,0.2219856351266322,0.012608948043353108,0.05680073864311223,0.998138427734375,0.175018310546875,0.0,0.0,384,0.7064447460951092,0.261209581896362,0.024684879652891695,0.023832050828400474,0.023024116817554445,-0.016240599316840267,0.15700461287854153,3.250921434706513,0.3067889752731088,0.1732452121953818,0.323029574589949
1-187207-A-20,baby_crying,home,20,0.16029960791516934,0.157543797452233,0.9828083767716093,0.95745849609375,0.852142333984375,0.0,0.0,384,0.9949778991909578,0.98979789989865,0.0002574482832922817,0.000518992391572241,0.0005188879890399565,19.94801810462791,16.924135315683873,1.0020460116076793,16.925009038009804,-3.023882788944036,-3.023009066618105
1-187207-A-20,baby_crying,home,15,0.15842006005205553,0.15359902805867692,0.9695680459166948,0.998626708984375,0.83599853515625,0.0,0.0,384,0.9845013725741809,0.9890591800610937,0.00077190794668532,0.0005323392826455139,0.0005319040413692906,14.984874589481576,16.619471674798703,1.0042848177537256,16.6230239317309,1.634597085317127,1.6381493422493225
1-187207-A-20,baby_crying,home,10,0.15941371791168074,0.14923505382035818,0.9361493839760904,0.994476318359375,0.815155029296875,0.0,0.0,384,0.9534902559868713,0.9839484873260494,0.002308908645032109,0.0007393973417010096,0.0007392922779054582,10.002771595191987,14.968887361538123,1.0021667663499392,14.969504515359365,4.966115766346135,4.966732920167377
1-187207-A-20,baby_crying,home,5,0.18308993485861888,0.10491594328963832,0.573029551682641,0.97564697265625,0.859466552734375,0.0,0.0,384,0.8717461898000317,0.7158907622543074,0.008047226399097473,0.012566430850714249,0.012478636606421878,5.004627731346139,3.089797589957943,1.089095685228997,3.120245672510333,-1.9148301413881965,-1.8843820588358065
1-187207-A-20,baby_crying,home,0,0.20131466698857245,0.07313364222656449,0.36328024838208084,0.991424560546875,0.86456298828125,0.0,0.0,384,0.7072498426435074,0.5738560481796662,0.020255598016862466,0.013735393675253416,0.013661570115113778,0.0035146572320520126,1.711381357000095,1.117202482542651,1.7347863151525722,1.7078666997680432,1.7312716579205203
1-211527-A-20,baby_crying,home,20,0.07597607805350755,0.0025719694413838794,0.03385235862757384,0.741943359375,0.025634765625,0.0,0.0,384,0.9947996398090837,0.07702632015139943,5.988156201957791e-05,0.005716587612368125,0.005705978654967404,19.795318100772487,0.01777206437184482,2.2633829314063734,0.02583927633396641,-19.777546036400643,-19.769478824438522
1-211527-A-20,baby_crying,home,15,0.07677234940656331,0.001691366563302766,0.022030934006536603,0.743743896484375,0.021392822265625,0.0,0.0,384,0.9841910079283325,0.056361311408577884,0.00018488403953768697,0.005725049019286914,0.005718438197847525,14.896689352365373,0.00878286803263349,2.5168585135380144,0.013800642772882829,-14.887906484332738,-14.882888709592489
1-211527-A-20,baby_crying,home,10,0.07933281262702506,0.004019743135567869,0.05066936369023334,0.749725341796875,0.043060302734375,0.0,0.0,384,0.9527835610805637,0.05154065949198921,0.0005803014593166198,0.005725708763836793,0.0057256934260425055,9.932404955500965,0.011540440599489592,0.9692601746997066,0.01155207537770023,-9.920864514901476,-9.920852880123265
1-211527-A-20,baby_crying,home,5,0.08668842620857493,0.0054258192074696215,0.06258989169344174,0.7955322265625,0.068389892578125,0.0,0.0,384,0.8695798214724351,0.03457730723895652,0.0018323616718110799,0.00571109665389972,0.005703109445898404,4.915298991446225,-0.0008927239966867459,0.4801411571585957,0.005185313488282584,-4.916191715442912,-4.910113677957942
1-211527-A-20,baby_crying,home,0,0.1073245776913366,0.022352894096151935,0.2082737670809982,0.761962890625,0.110809326171875,0.0,0.0,384,0.7049161698264587,0.019730468192915903,0.0057949119987318965,0.006186027226548514,0.0057490135218015055,-0.05373556096507759,-0.31649398308193455,0.06679527994965927,0.0016909827601187932,-0.26275842211685696,0.055426543725196384
1-211527-B-20,baby_crying,home,20,0.08596160052775088,0.0715711655221057,0.8325946129748999,0.75311279296875,0.761871337890625,0.0,0.0,384,0.9950048388380469,0.9002420581852755,7.363901456381973e-05,0.001422782310903437,0.0013932447030372817,19.971513185386897,7.131325748531157,1.0757540442982625,7.22243631286418,-12.84018743685574,-12.749076872522718
1-211527-B-20,baby_crying,home,15,0.08685903134064545,0.013865113183391432,0.1596277666166338,0.76947021484375,0.226226806640625,0.0,0.0,384,0.9845016347587594,0.34806938658859954,0.0002320433107227254,0.006710305434036984,0.006456373877704771,14.984937467437948,0.3933225664250653,2.1465787578775064,0.560858728820079,-14.591614901012884,-14.424078738617869
1-211527-B-20,baby_crying,home,10,0.0897857493228143,0.04077608012663756,0.45414868655861934,0.71307373046875,0.488250732421875,0.0,0.0,384,0.9534830139123213,0.6723827501289776,0.0007325488408917112,0.004317140747457031,0.004034175892676075,10.002040657075767,2.318561888448976,1.4115461867377692,2.6129756764865775,-7.683478768626792,-7.38906498058919
1-211527-B-20,baby_crying,home,5,0.09815125540365188,0.01812893702023923,0.18470407684224804,0.7652587890625,0.257781982421875,0.0,0.0,384,0.8714882871227184,0.2919038134164539,0.0023169769656771174,0.006771315261804879,0.0067243306173254,4.9939306521000955,0.3565349242054044,1.377200925602227,0.3867746813566572,-4.637395727894691,-4.607155970743438
1-211527-B-20,baby_crying,home,0,0.12174560499939047,0.034398095137278116,0.28254075485887425,0.78680419921875,0.441314697265625,0.0,0.0,384,0.7112501860823421,0.3373272353416051,0.007323890844964413,0.006702862342567848,0.00667578267335348,0.10209422882853778,0.5070273072681751,0.8490800825862114,0.524608410760553,0.40493307843963733,0.4225141819320152
1-211527-C-20,baby_crying,home,20,0.09182407916865112,0.08593291185089967,0.9358428925061009,0.76690673828125,0.76605224609375,0.0,0.0,384,0.9944919339026472,0.9590839603734816,9.262940802424145e-05,0.0006743539317435825,0.000671629619573167,19.543667250285996,10.94293498255489,1.019161262615246,10.960515517202492,-8.600732267731106,-8.583151733083504
1-211527-C-20,baby_crying,home,15,0.09283128607326406,0.08276126663073362,0.8915234306397198,0.761749267578125,0.76068115234375,0.0,0.0,384,0.9837590859480623,0.9278563783990664,0.0002776447902683423,0.0011693855434005108,0.0011654795540329429,14.776766734758507,8.552742602902633,1.0238228407538348,8.567273216675591,-6.224024131855874,-6.209493518082915
1-211527-C-20,baby_crying,home,10,0.09584023809586288,0.007050289276571738,0.07356293574229003,0.749786376953125,0.09210205078125,0.0,0.0,384,0.9519082047666569,0.12641812727519072,0.0008622368217391102,0.008249346906918628,0.008229152465955382,9.846592947979971,0.05932071725661952,1.6359134987975326,0.06996530283646107,-9.787272230723351,-9.77662764514351
1-211527-C-20,baby_crying,home,5,0.10510012137991775,0.022230727029973106,0.21151951813274397,0.763641357421875,0.144622802734375,0.0,0.0,384,0.8685490134053301,0.021893324833090394,0.0027131567778670793,0.008779893493676832,0.00836859653464329,4.873201568318256,-0.2062842186803797,0.08989504572945876,0.0020819564199485775,-5.079485786998636,-4.871119611898307
1-211527-C-20,baby_crying,home,0,0.1302244411231146,0.008522257429172444,0.06544284126445568,0.988311767578125,0.100616455078125,0.0,0.0,384,0.7037330581597534,0.07678258769936418,0.008559921256028443,0.00839099890665791,0.008388781400585436,-0.08268886533310807,0.024529970146574317,0.8256740625248081,0.025677839168790843,0.10721883547968239,0.10836670450189892
1-22694-A-20,baby_crying,home,20,0.09386735098271087,0.012105947091038474,0.1289686665736229,0.822967529296875,0.14227294921875,0.0,0.0,384,0.9946901200343463,0.1792559855227638,9.332403978707032e-05,0.008499770969389331,0.008478222638863976,19.704111720278963,0.13081721834880797,1.3825283334181364,0.14184128528881135,-19.573294501930153,-19.56227043499015
1-22694-A-20,baby_crying,home,15,0.09491829717511362,0.0076462778889337816,0.08055641658664879,0.833709716796875,0.089385986328125,0.0,0.0,384,0.9841769891423122,0.13194285989276203,0.00028285949598572476,0.008637955365284855,0.008615952237393905,14.892754609405209,0.06519511566583548,1.6120105861285046,0.0762718453261828,-14.827559493739374,-14.816482764079026
1-22694-A-20,baby_crying,home,10,0.09803157622293152,0.005233297165881857,0.053383790891833954,0.816619873046875,0.09857177734375,0.0,0.0,384,0.9529535782721463,0.10751524722675403,0.0008829800229271619,0.008691091593989328,0.008667837577967043,9.949245313359851,0.03885325685222971,1.9193408484642671,0.05048887882469203,-9.910392056507622,-9.898756434535159
1-22694-A-20,baby_crying,home,5,0.10737210301251747,0.009612745348423468,0.08952740124036512,0.88800048828125,0.10321044921875,0.0,0.0,384,0.8711242023111485,0.10361052623272622,0.002780078061165935,0.008696413892250978,0.00869640748702389,4.9788600949571284,0.04687041943686805,1.008304029024323,0.046873615976181976,-4.931989675520261,-4.931986478980947
1-22694-A-20,baby_crying,home,0,0.13228357353880965,0.02142551799254267,0.16196657997190259,0.88067626953125,0.12994384765625,0.0,0.0,384,0.705931912971022,0.05849151319350526,0.008778522697768874,0.008988433319949377,0.008732393703542183,-0.028839947168849613,-0.11062316243153922,0.25494122596425617,0.014883766031785893,-0.08178321526268961,0.043723713200635506
1-100032-A-0,dog_barking,home,20,0.04173209412871267,0.003110177081617337,0.07452722290965652,0.9864501953125,0.080902099609375,0.0,0.0,384,0.995001981599276,0.2073472324913419,1.736618675403748e-05,0.0016884240036113042,0.0016580336987495066,19.968835547662543,0.1119613676324556,2.7682271589010483,0.1908430146438797,-19.856874180030086,-19.777992533018665
1-100032-A-0,dog_barking,home,15,0.0421713127331049,0.0030702070504442748,0.07280321269283448,0.983184814453125,0.095947265625,0.0,0.0,384,0.9845088763340377,0.2598296343759562,5.4673563323369664e-05,0.0016749721334326855,0.0016151263359501149,14.986959038825292,0.14555330205255895,3.513667409291506,0.3035641689311488,-14.841405736772733,-14.683394869894144
1-100032-A-0,dog_barking,home,10,0.04327901881744634,0.00320335491121439,0.07401634784573895,0.990264892578125,0.10369873046875,0.0,0.0,384,0.9535316772145616,0.29022033026059313,0.00017003347629365316,0.001644471483209521,0.0015671383591297043,10.006903987172606,0.1728811861317581,3.738781009448515,0.38207123531331166,-9.834022801040849,-9.624832751859294
1-100032-A-0,dog_barking,home,5,0.047639852565055305,0.0037685580214045543,0.07910515710052511,0.95513916015625,0.045318603515625,0.0,0.0,244,0.8715607907097239,0.03570734421478974,0.0005455605244953528,0.0017323070553290406,0.0017270648299409534,4.996930471918438,-0.007622664778290818,0.39337412490754814,0.005539670579190175,-5.004553136696729,-4.991390801339248
1-100032-A-0,dog_barking,home,0,0.056628614226217226,0.015679926567106515,0.2768905222449751,0.9910888671875,0.4832763671875,0.0,0.0,384,0.7070168397824482,0.41885096214022394,0.001603808293506811,0.0013293387780129306,0.0013281452807615336,-0.0022119886934783306,0.8338521504772421,1.0695065721324748,0.8377530667446652,0.8360641391707205,0.8399650554381436
1-110389-A-0,dog_barking,home,20,0.034806728813259705,0.03378096544884648,0.9705297395248915,0.68817138671875,0.68695068359375,0.0,0.0,384,0.9950361501291253,0.9933348501185005,1.1998569474445748e-05,1.64036471928467e-05,1.6014745354293473e-05,19.99874357065378,18.661530402774687,1.0184163330692488,18.765734226061834,-1.3372131678790922,-1.2330093445919452
1-110389-A-0,dog_barking,home,15,0.035215957274434675,0.030215490797533183,0.8580056637979958,0.68804931640625,0.679290771484375,0.0,0.0,384,0.9845945089089567,0.9454741894500065,3.79172478922083e-05,0.0001347716842791572,0.0001281487322710975,15.011566872419092,9.524844719022523,1.0849672148825649,9.743688133160179,-5.486722153396569,-5.267878739258913
1-110389-A-0,dog_barking,home,10,0.0362811800904675,0.003088753068822731,0.08513375422521796,0.69403076171875,0.09600830078125,0.0,0.0,384,0.953389028808618,0.13374359405574165,0.00011985133274226313,0.0011831160987967287,0.0011807398898618416,9.992599230473315,0.06965059419606393,1.4979476799436415,0.07838187871999505,-9.922948636277251,-9.91421735175332
1-110389-A-0,dog_barking,home,5,0.03967915610793679,0.002806655474439665,0.07073374914539238,0.691253662109375,0.07440185546875,0.0,0.0,384,0.8713582276437513,0.12218574445807583,0.0003790222268229445,0.0011852730680134767,0.0011832552509439007,4.988533590954674,0.05789254201067835,1.5049538819593882,0.06529230322660814,-4.930641048943996,-4.923241287728066
1-110389-A-0,dog_barking,home,0,0.048830550952489525,0.004655360105522804,0.09533703828269953,0.707000732421875,0.112762451171875,0.0,0.0,384,0.7051772303076199,0.23333523095626904,0.0011987096672210196,0.001138039887630425,0.0011265639979833072,-0.04734414755180876,0.199117416391483,1.7259492620428853,0.2431335760939723,0.24646156394329177,0.29047772364578106
1-30226-A-0,dog_barking,home,20,0.03674132899109075,0.007999843098343494,0.21773417886662028,0.44195556640625,0.244903564453125,0.0,0.0,384,0.9950169562787613,0.3392768252200568,1.342087443692784e-05,0.0012056818309875096,0.0011862945178495105,19.98189550061373,0.46067998302504765,1.5490796991015925,0.5310819138636775,-19.521215517588683,-19.450813586750055
1-30226-A-0,dog_barking,home,15,0.037157291085671125,0.008479590924233026,0.2282079956981307,0.43841552734375,0.246856689453125,0.0,0.0,384,0.9845510745048847,0.35556121803094576,4.2330942610192825e-05,0.0011932211581302647,0.0011727223204549236,14.999063623545986,0.5117370738878307,1.5326557329745316,0.5869946189300265,-14.487326549658155,-14.41206900461596
1-30226-A-0,dog_barking,home,10,0.038288496888533884,0.006871040279003896,0.17945442723977867,0.441680908203125,0.22845458984375,0.0,0.0,384,0.9533073613915825,0.3024542411968537,0.00013370831398533154,0.001231519239374162,0.0012141363488745401,9.984438498511665,0.3549141285998237,1.6053422751414903,0.4166515220944498,-9.629524369911842,-9.567786976417215
1-30226-A-0,dog_barking,home,5,0.04202683324296148,0.012101372343296923,0.28794394936534085,0.4478759765625,0.3175048828125,0.0,0.0,384,0.872164415424827,0.39320841254592614,0.0004227171130528051,0.0011446097332057374,0.0011393001343872565,5.0220000146680395,0.7092274832762717,1.189957146570057,0.7294203429994031,-4.312772531391768,-4.292579671668636
1-30226-A-0,dog_barking,home,0,0.05166858571704072,0.012817209150409428,0.24806580192850541,0.470245361328125,0.24359130859375,0.0,0.0,384,0.7069599609417311,0.23278520903602604,0.001335376133046663,0.0012845906900927052,0.00126583474142389,-0.0036098462693218295,0.17808206210411123,0.6628928670908875,0.2419596478449113,0.18169190837343308,0.24556949411423315
1-30344-A-0,dog_barking,home,20,0.08931065515363903,0.0027240508820565367,0.030500849841157425,0.903045654296875,0.03558349609375,0.0,0.0,384,0.995044530632743,0.10775112274598855,7.885859306613785e-05,0.00789065865703555,0.00784352732652275,20.006424856270407,0.024668384624480073,3.5142420628175177,0.05068681169307197,-19.981756471645927,-19.955738044577334
1-30344-A-0,dog_barking,home,15,0.09030989806206159,0.006817233988707545,0.07548711863258549,0.9263916015625,0.197265625,0.0,0.0,384,0.984632635588854,0.23732158358222663,0.0002487435343432967,0.007702847458052348,0.007497790421555278,15.022672905435732,0.13456379078369302,3.0955388611146897,0.2517437947916496,-14.888109114652039,-14.770929110644083
1-30344-A-0,dog_barking,home,10,0.09311946607334783,0.0039061754770918847,0.0419480012268873,0.912628173828125,0.0572509765625,0.0,0.0,384,0.953539215550516,0.10125243683831617,0.0007870278376768763,0.007866978602379563,0.007840995551708247,10.007679118532858,0.03038622093628742,2.30207615011841,0.04475383674653153,-9.97729289759657,-9.962925281786326
1-30344-A-0,dog_barking,home,5,0.1018284389945415,0.009031572333253563,0.08869400751334015,0.89019775390625,0.11773681640625,0.0,0.0,384,0.8718752870308198,0.11395637955003941,0.0024868415522232433,0.007818529745376146,0.007817344892568264,5.009987406195626,0.05610348363825474,1.1202430514823798,0.05676168527784722,-4.953883922557371,-4.953225720917779
1-30344-A-0,dog_barking,home,0,0.12178446846629744,0.03236148378137305,0.26572751179949317,0.999969482421875,0.400238037109375,1.25e-05,0.0,384,0.7075796071021623,0.601923446836662,0.007405808127467577,0.00514047653944155,0.0047580777631162285,0.011619526625965444,1.6181961246771002,1.602826122389424,1.9539145818732249,1.6065765980511346,1.9422950552472593
1-32318-A-0,dog_barking,home,20,0.133308229955912,0.005013111480470287,0.03760541627571107,0.979705810546875,0.139678955078125,0.0,0.0,-686,0.9950369688392044,0.13436588754456122,0.0001759600740360845,0.017592090024437478,0.017426570957799446,19.999782025277057,0.03806971867490897,3.555453774687287,0.07912471588755694,-19.96171230660215,-19.9206573093895
1-32318-A-0,dog_barking,home,15,0.13449660185012,0.004237360638679639,0.03150533604857659,0.99676513671875,0.147216796875,0.0,0.0,-686,0.9845233331753621,0.15207068580918404,0.0005555932575408659,0.017531056785543165,0.017276095591729792,14.991176372505317,0.037985795148503455,4.7522006830261665,0.10161077076890576,-14.953190577356812,-14.889565601736411
1-32318-A-0,dog_barking,home,10,0.1338188512478667,0.006176541074900629,0.04615598637489495,0.999969482421875,0.127960205078125,2.5e-05,0.0,384,0.9532418446501683,0.12351555738693928,0.0016354911793734607,0.01619328256465532,0.01610103754050169,9.977925598603179,0.041953819638781614,2.551843466319446,0.066764142449522,-9.935971778964397,-9.911161456153657
1-32318-A-0,dog_barking,home,5,0.1360379752197711,0.016069797037922343,0.11812728770743154,0.99774169921875,0.23028564453125,0.0,0.0,384,0.873032886549034,0.3198468790136791,0.004401057400058177,0.013206065211337012,0.012723344349761327,5.058244916008386,0.30697597144085204,2.3640260506801773,0.4686975331964474,-4.751268944567534,-4.589547382811938
1-32318-A-0,dog_barking,home,0,0.14645829438274643,0.014434030756735584,0.09855386352523296,0.999664306640625,0.255767822265625,1.25e-05,0.0,384,0.7051494147084383,0.2567061729343254,0.010784310745811019,0.010157540850766564,0.010010923081469194,-0.04802143805239869,0.23291182399328647,1.8370052146978937,0.29605636404625746,0.28093326204568514,0.3440778020986561
1-101336-A-30,door_activity,home,20,0.10094318360373766,0.006269133659557752,0.062105567069965305,1.0,0.2501220703125,5e-05,0.0,384,0.995020505817386,0.249155328541908,0.00010119266649652991,0.009860453075329494,0.009504711604557577,19.986704207874716,0.12012222740715212,4.001415610529601,0.27970149809718964,-19.866581980467565,-19.707002709777527
1-101336-A-30,door_activity,home,15,0.10096103854531271,0.004285513658558255,0.042447202607121134,1.0,0.141265869140625,2.5e-05,0.0,325,0.9845591843286478,0.1855446811148143,0.00031225130652068296,0.009780247479025032,0.009576773056642073,15.002913620410288,0.062136967536105425,4.32203453463349,0.15344345111674126,-14.940776652874183,-14.849470169293546
1-101336-A-30,door_activity,home,10,0.10046573214740889,0.023326942816544037,0.2321880537566526,0.997406005859375,0.756317138671875,0.0,0.0,384,0.9532759334252393,0.36325176992433267,0.0009208942376663166,0.008131850397399823,0.007999450714196351,9.982764962644744,0.5438650406343312,1.492094319902432,0.6151571746627392,-9.438899922010412,-9.367607787982005
1-101336-A-30,door_activity,home,5,0.10178096895906126,0.008374309887310269,0.08227775755090931,0.998779296875,0.323974609375,0.0,0.0,384,0.8721331401853738,0.30303359446314876,0.0024792428254171053,0.00753601498953422,0.007190906085859679,5.022139133081725,0.21480857428524538,3.2142024256388875,0.41838994323945383,-4.80733055879648,-4.603749189842271
1-101336-A-30,door_activity,home,0,0.10911963523625205,0.012789364800335053,0.11720498123591722,0.997650146484375,0.32647705078125,0.0,0.0,384,0.7059798501298494,0.35385910650036184,0.005971512042716601,0.005428212916623323,0.005218094246044402,-0.02620936236844448,0.4089613527794459,2.130721062959424,0.5804109023439461,0.43517071514789035,0.6066202647123906
1-103995-A-30,door_activity,home,20,0.0458960925534252,0.012145495975683691,0.26463028331977856,1.0,0.63232421875,5e-05,0.0,384,0.9950315218308539,0.4845189993708918,2.0880256606939453e-05,0.001703770118247224,0.0016036544815596643,19.994891813855777,0.899036485858308,1.8218472248953814,1.162038447150389,-19.09585532799747,-18.832853366705386
1-103995-A-30,door_activity,home,15,0.04546264603395126,0.01360066566819167,0.2991613303377627,1.0,0.702117919921875,1.25e-05,0.0,384,0.984387189765313,0.4972489652572625,6.403469307491243e-05,0.0015900985354656008,0.0015148622593925242,14.952260318803908,1.023069592559575,1.6362230106676736,1.2335785021176096,-13.929190726244334,-13.7186818166863
1-103995-A-30,door_activity,home,10,0.04713879938073297,0.008275205466649276,0.17554977163952967,0.999969482421875,0.444091796875,1.25e-05,0.0,384,0.9539100607053926,0.45339403451858595,0.0002001069257441616,0.0017614782340585602,0.0016140615811650924,10.045103516059505,0.6198482309168031,2.4637221201575636,0.9994200367675027,-9.425255285142702,-9.045683479292002
1-103995-A-30,door_activity,home,5,0.051484641212852705,0.0055374414669842765,0.10755521135110681,1.0,0.251678466796875,1.25e-05,0.0,384,0.870664732259162,0.41046198676348905,0.0006413019915116638,0.0018451136825539162,0.0016788697854994053,4.959965262493579,0.39125618033029136,3.322902176044265,0.8013173467971245,-4.568709082163288,-4.158647915696455
1-103995-A-30,door_activity,home,0,0.05813215958403465,0.01199752001323228,0.20638352504157206,0.999969482421875,0.4637451171875,2.5e-05,0.0,384,0.7158302590511179,0.3616531497524605,0.0016477110406639647,0.0015219401924420047,0.001512622005787544,0.21575805132624076,0.5814890321424799,1.253828359518793,0.6081607541971497,0.36573098081623917,0.3924027028709089
1-103999-A-30,door_activity,home,20,0.02788734398120389,0.017977540902049026,0.6446487307707006,0.84783935546875,0.84637451171875,0.0,0.0,384,0.995046131663146,0.7436089428761453,7.687062197880031e-06,0.00035298556779783663,0.0003458917180010575,20.00739817920302,3.4083289649993276,1.1477970958797998,3.496496814456509,-16.59906921420369,-16.51090136474651
1-103999-A-30,door_activity,home,15,0.028249160468985707,0.01813572095316196,0.6419915017677383,0.851837158203125,0.8492431640625,0.0,0.0,384,0.9846333432732557,0.7630521782846846,2.433791011331205e-05,0.0003343484766024399,0.00032476275176247956,15.022765025355726,3.6645006923063623,1.1703072058031994,3.7908320451087003,-11.358264333049364,-11.231932980247025
1-103999-A-30,door_activity,home,10,0.029090065482819612,0.018129622999562157,0.6232238634962642,0.8524169921875,0.867218017578125,0.0,0.0,384,0.9534992635010198,0.7103539007939634,7.687125506744204e-05,0.00038546524998795155,0.0003829766286077809,10.003660475834831,3.022344198945463,1.0868052238927617,3.050473781785154,-6.981316276889368,-6.953186694049677
1-103999-A-30,door_activity,home,5,0.031808783807534255,0.014872470441907853,0.4675586005392997,0.83447265625,0.823028564453125,0.0,0.0,384,0.8717332400605596,0.5889157017561857,0.00024291298925349002,0.000506776355115488,0.0005046417260004686,5.004110626278112,1.8313508989501388,1.0980021669041067,1.84968277480426,-3.172759727327973,-3.154427851473852
1-103999-A-30,door_activity,home,0,0.039707482884402644,0.016109053273447246,0.4056931364887646,0.82568359375,0.816009521484375,0.0,0.0,384,0.7156850081448385,0.5223129780642545,0.0007690959100010083,0.0005917317639446515,0.0005901201456349404,0.21209545395990148,1.3715479692294519,0.9213826138321165,1.3833924061333016,1.1594525152695505,1.1712969521734
1-26188-A-30,door_activity,home,20,0.1569880633758765,0.017441520621794056,0.11110093498022092,0.88970947265625,0.316497802734375,0.0,0.0,384,0.9950784385973211,0.16693692515261643,0.0002419901990030048,0.023911576311272716,0.02383663602730535,20.036500848391032,0.1091140628474091,1.4951412527206291,0.12274647753179752,-19.92738678554362,-19.913754370859234
1-26188-A-30,door_activity,home,15,0.15927396939412303,0.012938480884085708,0.08123412088807475,0.865966796875,0.2918701171875,0.0,0.0,384,0.9847608622159663,0.15261718814156774,0.0007672884651468106,0.02426437633879028,0.024142836048591125,15.059924649651595,0.08053752769013964,1.8500427508171355,0.1023460066892391,-14.979387121961455,-14.957578642962357
1-26188-A-30,door_activity,home,10,0.1618916941679475,0.016027415929682216,0.09900085370071716,0.898468017578125,0.32171630859375,0.0,0.0,384,0.952657263808554,0.15782786813069058,0.0024228618111211747,0.023373958640800375,0.023304523288355094,9.91993858163396,0.09661983378212008,1.5186762059237768,0.10954031239619677,-9.823318747851841,-9.810398269237764
1-26188-A-30,door_activity,home,5,0.17405523364097805,0.02342564857425699,0.13458744149329538,0.99713134765625,0.311309814453125,0.0,0.0,384,0.8737295399235984,0.14145802721842604,0.007167750257416094,0.02277680184629534,0.022773123490557674,5.087453433915976,0.08707216533081921,0.9183191129161716,0.08777358581108044,-5.000381268585157,-4.999679848104895
1-26188-A-30,door_activity,home,0,0.21333763596209795,0.04710680529175858,0.2208086964089528,0.9996337890625,0.357025146484375,1.25e-05,0.0,384,0.7018164999638106,0.057573074755769144,0.023095708597662516,0.02393767982361777,0.02244977318353845,-0.1294915678849999,-0.2642816727488797,0.18301014749650246,0.014419290500532849,-0.1347901048638798,0.14391085838553275
1-52290-A-30,door_activity,home,20,0.013395240211660945,0.00450747817279384,0.33649849510499624,0.2303466796875,0.128082275390625,0.0,0.0,384,0.9950330995896189,0.5785375651136024,1.7789428226940081e-06,0.0001290769494401948,0.0001187654747301084,19.99411801635101,1.4081473107262832,1.7106931472221516,1.7697321183963541,-18.585970705624728,-18.224385897954654
1-52290-A-30,door_activity,home,15,0.013555560874439732,0.0020671162077499842,0.15249211942588992,0.226806640625,0.059234619140625,0.0,0.0,384,0.9845945537966838,0.4597786115166452,5.618888366649549e-06,0.00015780009011892023,0.00014117007798103412,15.01097247097012,0.547300366043129,2.9680621424524802,1.0309462859856393,-14.463672104926992,-13.980026184984482
1-52290-A-30,door_activity,home,10,0.013921109807220463,0.005487608538538375,0.39419332327169176,0.230133056640625,0.1336669921875,0.0,0.0,384,0.9530639557308194,0.6192407956529823,1.776604797476452e-05,0.0001165337875598607,0.00010905437604464504,9.959989181131522,1.8122751945691573,1.4971737099737312,2.1003628402459884,-8.147713986562366,-7.859626340885534
1-52290-A-30,door_activity,home,5,0.01524987086641785,0.00417907720136524,0.2740401697805913,0.22900390625,0.10015869140625,0.0,0.0,384,0.870864579838455,0.5217112610481713,5.618560807196797e-05,0.00013658396610666184,0.00012898802330480754,4.968068815853392,1.1312188009645177,1.6579137363938035,1.3797221251043608,-3.8368500148888742,-3.588346690749031
1-52290-A-30,door_activity,home,0,0.01895545230305278,0.00818492763734029,0.43179806561630324,0.251678466796875,0.1485595703125,0.0,0.0,384,0.7111067658738742,0.5475711641055868,0.00017761663893876405,0.00012848080067972463,0.00012783101381300544,0.09853478268688098,1.5258852406832424,0.9017509931129789,1.5479052530362236,1.4273504579963614,1.4493704703493426
1-17150-A-12,fire,home,20,0.02757820627305068,0.0032045681921602245,0.11619929738837716,0.743743896484375,0.15631103515625,0.0,0.0,384,0.986666337882675,0.32289909642277986,2.0147712663731876e-05,0.0006976239013391718,0.0006663271077090136,15.652464042461586,0.27883622054296076,2.741562139936353,0.47817489788190254,-15.373627821918626,-15.174289144579683
1-17150-A-12,fire,home,15,0.028060045420148557,0.004031710446614955,0.14368153672766257,0.732940673828125,0.185333251953125,0.0,0.0,384,0.9733334011261198,0.409443154139044,4.143371420362232e-05,0.0006751697795691763,0.0006238019740635383,12.553456102684013,0.45319302247725096,2.7734497921676917,0.7968555249180255,-12.100263080206762,-11.756600577765987
1-17150-A-12,fire,home,10,0.029497060817392718,0.00646687368615485,0.21923790055522097,0.745147705078125,0.2291259765625,0.0,0.0,384,0.9355898542409079,0.4838350382075978,0.00010847462461034976,0.000633678705980427,0.0005860506119093855,8.463998602049102,0.8189172369266841,2.0646180219639105,1.158257127534437,-7.645081365122418,-7.305741474514665
1-17150-A-12,fire,home,5,0.03245808493790277,0.004809719755058486,0.14818248717569776,0.757171630859375,0.21539306640625,0.0,0.0,384,0.8339687995992683,0.45149896503202247,0.0003207954177029527,0.0006412911388230287,0.0005861006698333991,3.587169165451856,0.5992265459360772,2.540897604879057,0.9900567677658347,-2.987942619515779,-2.597112397686021
1-17150-A-12,fire,home,0,0.041345054624605776,0.008548648571972618,0.206763508951444,0.757781982421875,0.173919677734375,0.0,0.0,384,0.648648913010882,0.0693165438348378,0.0009901858030010085,0.0007640800438677186,0.000719130202735624,-1.3885027675551276,-0.24239617322784332,0.21747904885771885,0.020917104566213665,1.1461065943272843,1.4094198721213413
1-17565-A-12,fire,home,20,0.027946722486178365,0.004455691607558232,0.15943521140133293,0.780670166015625,0.2779541015625,0.0,0.0,384,0.9924428888984126,0.3729225758320808,1.1760271560162336e-05,0.0006996612246823574,0.0006648874078400843,18.156552550115943,0.4289054349519539,2.320284008720875,0.6503024181576647,-17.72764711516399,-17.50625013195828
1-17565-A-12,fire,home,15,0.028235198124707227,0.004661733843222143,0.16510363492519253,0.779571533203125,0.307281494140625,0.0,0.0,384,0.9813312195192238,0.36980379609244624,2.9488212935550028e-05,0.0006966435013328723,0.0006653524014187166,14.155646969720399,0.4390830472699384,2.19706873565675,0.6386716505646518,-13.71656392245046,-13.516975319155748
1-17565-A-12,fire,home,10,0.029209576900138846,0.002254620279878409,0.0771877075654489,0.771270751953125,0.11962890625,0.0,0.0,384,0.9483930665147708,0.4399599195339096,8.578692155512126e-05,0.0007203440318315357,0.0006213064022566723,9.516077775601918,0.29194643040530294,5.40352294340434,0.9342877575207431,-9.224131345196614,-8.581790018081175
1-17565-A-12,fire,home,5,0.03222541575631238,0.005351282984985053,0.16605784159469947,0.79583740234375,0.379547119140625,0.0,0.0,384,0.8638672740326008,0.4036500163519164,0.0002634878303314618,0.0006860171942782796,0.0006512587261353077,4.685353019303684,0.5466660632498239,2.0990981706077534,0.7724805177944506,-4.13868695605386,-3.9128725015092334
1-17565-A-12,fire,home,0,0.0398795486821654,0.0077479162398697244,0.19428294692148015,0.75885009765625,0.3797607421875,0.0,0.0,384,0.6939848152512498,0.2890960979031823,0.0008244101555661967,0.0007047803456349556,0.0007047176169917618,-0.3193256411204432,0.37862728744142193,1.0322494083479252,0.3790138316230854,0.6979529285618651,0.6983394727435286
1-17742-A-12,fire,home,20,0.00721825710639814,0.0017144827742477998,0.23752032505576887,0.42132568359375,0.1131591796875,0.0,0.0,384,0.9717427533694651,0.6588372249997144,2.9038574841370717e-06,3.644063344687747e-05,2.7962125628352828e-05,12.289843252738624,1.3216440729888932,2.694274349779227,2.471801418446619,-10.968199179749732,-9.818041834292005
1-17742-A-12,fire,home,15,0.007372541177377758,0.001793387708328987,0.2432523149320481,0.423431396484375,0.092437744140625,0.0,0.0,384,0.9495633036970741,0.5717946371807885,5.34546023481993e-06,3.802315447878098e-05,3.312586106581187e-05,9.62289857575213,1.12017518532577,2.2310117382047667,1.718984852786335,-8.50272339042636,-7.903913722965795
1-17742-A-12,fire,home,10,0.007863265499256977,0.0018649234500097873,0.23716908073191847,0.426239013671875,0.070648193359375,0.0,0.0,384,0.8879697425335914,0.4674741482608698,1.3078535641478855e-05,4.022157387604062e-05,3.8259065320383685e-05,5.714369823753338,0.8532774434404393,1.749385838015817,1.0705245078117618,-4.861092380312899,-4.643845315941576
1-17742-A-12,fire,home,5,0.009343892113710645,0.003796955430955776,0.4063569425619074,0.4222412109375,0.278900146484375,0.0,0.0,384,0.7547843026402798,0.6249470995752301,3.7569257049078284e-05,3.0811040662808915e-05,3.043832438376898e-05,1.2186500148547763,2.097819433016504,1.1604024082068924,2.1506756917369416,0.8791694181617276,0.9320256768821653
1-17742-A-12,fire,home,0,0.012820679195769834,0.00304633669193828,0.2376111784267572,0.442474365234375,0.195281982421875,0.0,0.0,384,0.5480435455424281,0.5800755559736513,0.00011500116946603014,3.395455908764592e-05,3.289270281727084e-05,-3.6725101790256747,1.6434384580395007,1.3374540829697312,1.7814237990605002,5.315948637065175,5.453933978086175
1-17808-A-12,fire,home,20,0.05273582257573251,0.0034252258965117134,0.06495064889891189,0.4228515625,0.0570068359375,0.0,0.0,384,0.9950574015418343,0.23053460430063466,2.742433055182364e-05,0.0026933651748507425,0.0026178256429737305,20.017715527821018,0.1136352958197907,3.5334405236634194,0.23718051989115227,-19.904080232001228,-19.780535007929867
1-17808-A-12,fire,home,15,0.05360819427108853,0.003221392842653349,0.060091426067501036,0.414886474609375,0.0740966796875,0.0,0.0,384,0.9848322366959285,0.24688495008600878,8.65189524317365e-05,0.002724736252611076,0.0026280155221505537,15.080755085733667,0.11613473092324358,4.049115556285983,0.27310017704060685,-14.964620354810423,-14.80765490869306
1-17808-A-12,fire,home,10,0.05573396279199399,0.0046623884223613654,0.08365434985776936,0.42724609375,0.169830322265625,0.0,0.0,384,0.9549907515280932,0.23709273159531594,0.00027332953519805525,0.002748093292525399,0.002684495145570116,10.155515898151108,0.14957862813878625,2.707617597098091,0.25126712899478915,-10.005937270012323,-9.90424876915632
1-17808-A-12,fire,home,5,0.05908629327910475,0.005927840587168752,0.10032513901604098,0.409576416015625,0.095794677734375,0.0,0.0,384,0.8671180778374477,0.20290778613936322,0.0008661841497200418,0.0025471755798878236,0.0025271228555557848,4.8152007622552135,0.14822608396684353,1.7541571924549053,0.1825513526455892,-4.66697467828837,-4.632649409609624
1-17808-A-12,fire,home,0,0.07574173513881922,0.010116194390123122,0.1335616931878071,0.379241943359375,0.06927490234375,0.0,0.0,384,0.7233321576284137,0.06968013243602855,0.002735253449016362,0.0030389076995311188,0.002999047653756023,0.4034904285103886,-0.03619709897514975,0.3773262196218888,0.021144328071248386,-0.4396875274855383,-0.3823461004391402
1-17808-B-12,fire,home,20,0.030019213954029553,0.0010892033111630415,0.03628353869728275,0.354888916015625,0.023101806640625,0.0,0.0,384,0.9946280201614512,0.4483062951726832,9.656790445081287e-06,0.0008663317289056162,0.0007147990410475109,19.652867710009684,0.13828694410961828,12.291208598557429,0.9732895400876398,-19.514580765900064,-18.679578169922046
1-17808-B-12,fire,home,15,0.030015272282299246,0.0010271848693526155,0.034222074005917716,0.36273193359375,0.035003662109375,0.0,0.0,384,0.9833730239736355,0.46542531507220813,2.9710667157897553e-05,0.0008467955425871842,0.0006849031290601821,14.672084160591067,0.13735593623022038,13.380095807097032,1.0588500721710683,-14.534728224360848,-13.613234088419999
1-17808-B-12,fire,home,10,0.0313523005364474,0.0017356388194273984,0.05535921733748689,0.37054443359375,0.047210693359375,0.0,0.0,384,0.9510856597477999,0.39169298955784093,9.381058556467312e-05,0.0008544015940206629,0.0007553237669410932,9.767262124710527,0.1870934613172051,6.728298508168168,0.7223824558584007,-9.580168663393321,-9.044879668852126
1-17808-B-12,fire,home,5,0.034249786441921774,0.0018520511284749162,0.05407482267416429,0.35040283203125,0.03411865234375,0.0,0.0,384,0.864825445578452,0.40036046397420955,0.00029569708530194784,0.0008395726215283412,0.0007390947333994709,4.723262233978252,0.20508335962704177,6.407640847447927,0.7586649610064184,-4.51817887435121,-3.9645972729718335
1-17808-B-12,fire,home,0,0.04431687933038111,0.0034144407985190034,0.07704605671948248,0.369598388671875,0.0552978515625,0.0,0.0,384,0.7255347034562082,0.1986930440756843,0.0009301389858813263,0.001005093298176192,0.00099622286441411,0.45908376853282007,0.1364318444971815,1.870704317774072,0.17493056825134484,-0.3226519240356386,-0.2841532002814752
1-20133-A-39,glass_breaking,home,20,0.1471195833683078,0.013748104576273457,0.09344850129065173,0.998687744140625,0.205047607421875,0.0,0.0,384,0.988970915931688,0.35229599284507557,0.0004747986417387767,0.020045224188219777,0.018631403823136827,16.491985067898458,0.2578668946518732,3.728487866268329,0.575520285182093,-16.234118173246586,-15.916464782716366
1-20133-A-39,glass_breaking,home,15,0.1463097314772217,0.013117970375978826,0.08965890541615205,0.934326171875,0.193267822265625,0.0,0.0,384,0.9753566963533373,0.34062363910837823,0.0010420559853630109,0.019354203641353387,0.018088579066137443,12.90982327802814,0.24187706784864865,3.7054996285729,0.5355856079244359,-12.667946210179492,-12.374237670103705
1-20133-A-39,glass_breaking,home,10,0.13280734314912684,0.013349441907571074,0.10051734784409654,0.8359375,0.145843505859375,0.0,0.0,384,0.9351741282921443,0.2538174854198187,0.0022126493071106543,0.014832908858536747,0.014501009803374426,8.433165687950492,0.1909245918707139,2.3614472852700588,0.28920541168345465,-8.242241096079779,-8.143960276267038
1-20133-A-39,glass_breaking,home,5,0.14787207055939905,0.0167109719724041,0.11300965699057709,0.87890625,0.293304443359375,0.0,0.0,384,0.8359198516022596,0.3147330050495483,0.006586913852213041,0.01432717588937753,0.013832114257666906,3.6541964525223984,0.3003066893008677,2.328543150341756,0.45302693593915117,-3.353889763221531,-3.2011695165832474
1-20133-A-39,glass_breaking,home,0,0.15588275125370168,0.027296139647498725,0.17510686351098473,0.936981201171875,0.34912109375,0.0,0.0,384,0.6515586078688163,0.19365191963073547,0.013983626316699582,0.010035215390892352,0.009976832214575834,-1.3211666334425471,0.14066080704896616,0.7206979013687982,0.16600110532940598,1.4618274404915133,1.487167738771953
1-84536-A-39,glass_breaking,home,20,0.09059825962691233,0.03851318370604477,0.42509849377508774,0.999969482421875,0.537109375,3.75e-05,0.0,384,0.9779624584096496,0.4996960911665884,0.0003577835666377385,0.005951821184522176,0.005918472720484278,13.412637053502692,1.2232385219144055,1.1495835474731044,1.2476407729877255,-12.189398531588287,-12.164996280514966
1-84536-A-39,glass_breaking,home,15,0.09213745446606231,0.02231683811144723,0.24221244488219892,0.999969482421875,0.737823486328125,3.75e-05,0.0,384,0.9583936429014693,0.47691372088889517,0.0006917210738780916,0.006447063326563251,0.006053397683969892,10.520293580764077,0.8468806181676923,1.8869324593625831,1.1205079208460995,-9.673412962596386,-9.399785659917978
1-84536-A-39,glass_breaking,home,10,0.09408850851601769,0.016550224530272245,0.1759005939333678,0.999969482421875,0.521484375,1.25e-05,0.0,384,0.9029373215567537,0.3120117048338769,0.001635116203835073,0.006645961184692506,0.006546333047384101,6.4484003799816545,0.3792049249465282,1.6016711201276905,0.4448019662332214,-6.069195455035127,-6.003598413748433
1-84536-A-39,glass_breaking,home,5,0.09840598935070574,0.017776803404033738,0.18064757563362932,0.875,0.092987060546875,0.0,0.0,384,0.7719359470621358,0.10039147533872435,0.003913333177600297,0.0058433363964586526,0.005739801793253298,1.6865954023611687,-0.033648911633355864,0.42898593428554666,0.04399101463432177,-1.7202443139945245,-1.6426043877268468
1-84536-A-39,glass_breaking,home,0,0.13211914243054182,0.01714567198705717,0.129774320901841,0.87841796875,0.699737548828125,0.0,0.0,384,0.578637145636778,0.38745328905157017,0.01161099476355128,0.0051474408799640865,0.0049910495659101824,-2.981240592026466,0.5724363543582576,1.7276520300613873,0.7064311992575406,3.5536769463847238,3.6876717912840067
1-84704-A-39,glass_breaking,home,20,0.05949614491719416,0.003986137492055023,0.06699824833361673,1.0,0.078460693359375,0.0003125,0.0,384,0.9898452639633096,0.22525172800580803,7.152704901741069e-05,0.003394696841087868,0.0033081859379240188,16.856418631492016,0.11400807211161144,3.3277681038904694,0.22611890986716437,-16.742410559380403,-16.63029972162485
1-84704-A-39,glass_breaking,home,15,0.05943016337872257,0.007072108310543494,0.1189986348426476,1.0,0.066741943359375,0.000275,0.0,384,0.9764110833656796,0.17537780731870564,0.00016466479099496318,0.003289141623801108,0.0032794566523386163,13.106784249085822,0.12286231050730473,1.4389934302862466,0.13566909038830977,-12.983921938578517,-12.971115158697511
1-84704-A-39,glass_breaking,home,10,0.06081016001808795,0.005655482983910494,0.09300227103872566,1.0,0.06109619140625,0.0002125,0.0,384,0.9378868296821705,0.12981752438952057,0.0004451077817311442,0.003216447428786973,0.003213375828102979,8.637878892796966,0.0696625156720654,1.3091528264909942,0.07381186758462702,-8.5682163771249,-8.564067025212339
1-84704-A-39,glass_breaking,home,5,0.06566173943205575,0.005099171931789503,0.07765819145053156,1.0,0.05426025390625,0.000125,0.0,384,0.8388225893001471,0.17496477736228658,0.0012778180824350818,0.00297566218618045,0.002954976758351089,3.754958441355927,0.1047088023220736,1.889850791254494,0.13500438073710663,-3.6502496390338535,-3.6199540606188205
1-84704-A-39,glass_breaking,home,0,0.07710897764962417,0.013553403001985757,0.17576945532297325,0.999969482421875,0.095550537109375,6.25e-05,0.0,384,0.6547139642407644,0.1105590413170088,0.003397128249324303,0.0025935097888246843,0.0025296551781018553,-1.2479900764669543,-0.05485323718825609,0.4118216823232796,0.05341242641292818,1.193136839278698,1.3014025028798824
1-84705-A-39,glass_breaking,home,20,0.06477961817198147,0.014782944540055272,0.22820363807653937,1.0,0.462677001953125,0.0006375,0.0,384,0.9868992524490592,0.35966741323576934,0.00010923165566610791,0.0036441012813771276,0.0035755893787731796,15.730738700734952,0.5192158009002295,1.5603089459442536,0.6016438221571803,-15.211522899834723,-15.12909487857777
1-84705-A-39,glass_breaking,home,15,0.06414684687047477,0.012830814296789731,0.2000225252333555,1.0,0.3948974609375,0.0005125,0.0,384,0.9740136936315658,0.34916234102025695,0.00021107778403931573,0.0035263783889173607,0.0034443297182735542,12.670383738748612,0.4624162098588611,1.7070764328448875,0.5646581334799181,-12.20796752888975,-12.105725605268693
1-84705-A-39,glass_breaking,home,10,0.06516555013794775,0.013645164206494262,0.209392296659954,1.0,0.41387939453125,0.0003625,0.0,384,0.9359912537113164,0.35137981250068095,0.0005262303792038868,0.00333831885497686,0.0032767564894199933,8.494042207832383,0.4914195417203492,1.575379259378034,0.5722560172029065,-8.002622666112034,-7.921786190629476
1-84705-A-39,glass_breaking,home,5,0.07083830503092049,0.01671362386574297,0.23594048246139676,1.0,0.407806396484375,0.000325,0.0,384,0.838937323494538,0.2559347427046737,0.0014862646304524816,0.00331856103399102,0.003316372025149799,3.7590003873145905,0.29136005225602185,0.9115445717938164,0.29422571494300925,-3.4676403350585687,-3.4647746723715813
1-84705-A-39,glass_breaking,home,0,0.0865274070575632,0.02163255017940112,0.2500080716045247,1.0,0.322540283203125,0.00025,0.0,384,0.6590189384947698,0.18910074524919995,0.00423533102486975,0.0032684058870133884,0.0031505551666422224,-1.1478207751966318,-0.0014106903883569102,0.49886902459688465,0.15807824551713365,1.146410084808275,1.3058990207137655
1-85168-A-39,glass_breaking,home,20,0.04849932272881537,0.0031298419853767225,0.06453372561256736,1.0,0.080963134765625,0.0001375,0.0,384,0.9699676395690863,0.12061001433576109,0.00013916193420773234,0.002197976278932372,0.0021913390987106,12.014653631468533,0.050524514775365056,1.8278355616193287,0.06365864050360442,-11.964129116693169,-11.95099499096493
1-85168-A-39,glass_breaking,home,15,0.04968815834920656,0.0033979847999756688,0.06838620936792938,1.0,0.064178466796875,0.0001375,0.0,384,0.9397897237940106,0.08635012836111121,0.00028835672926485036,0.0021751622703211084,0.0021747282827916767,8.786371991265284,0.031652610594314796,1.194666365250493,0.0325191968014853,-8.75471938067097,-8.753852794463798
1-85168-A-39,glass_breaking,home,10,0.052410226465654984,0.005716534535519364,0.10907288369122911,1.0,0.080108642578125,8.75e-05,0.0,384,0.861067023366912,0.06399781969564004,0.0007102276285785575,0.0020460113284930847,0.0020380398355983116,4.575090579199381,0.0008821881124197275,0.5063531983299581,0.01783582832447828,-4.5742083910869615,-4.557254750874903
1-85168-A-39,glass_breaking,home,5,0.06210965157552609,0.003327598127251885,0.0535761841008798,1.0,0.085784912109375,8.75e-05,0.0,384,0.7012957464187188,0.1049315618594311,0.001960369364353395,0.0018870022004320436,0.0018853945329057207,-0.14215731459988876,0.044394014456346734,1.382582022495204,0.0480956631467204,0.1865513290562355,0.19025297774660915
1-85168-A-39,glass_breaking,home,0,0.08495671715873566,0.025504591101158637,0.300206881269966,1.0,0.631256103515625,5e-05,0.0,384,0.49022799154183255,0.20943762714230355,0.005483064493762195,0.0019493687832522223,0.0016664868722219295,-4.99829196216022,-0.4861021610839327,0.3420571343791127,0.19481893795447586,4.512189801076287,5.193110900114696
1-31482-A-42,siren,home,20,0.2289249388748618,0.19426881899505935,0.8486136108624379,0.992279052734375,0.999969482421875,0.0,0.0001125,384,0.9950486605657956,0.8938471107291585,0.0005176819782921485,0.010464878808112416,0.010392728403646136,20.010117866843387,6.937186485663914,1.0436185749973714,6.96723273268744,-13.072931381179473,-13.042885134155949
1-31482-A-42,siren,home,15,0.22753158424366537,0.1879235061481506,0.8259227252903132,1.0,0.989532470703125,3.75e-05,0.0,384,0.9845592030259808,0.8780242570417842,0.001586416638563547,0.011516225323067175,0.01145301469048824,15.001497793569868,6.376349007768663,1.042205540312097,6.400252369781344,-8.625148785801205,-8.601245423788523
1-31482-A-42,siren,home,10,0.22579207801188922,0.19069014489783243,0.8445386861083387,0.999969482421875,0.964691162109375,1.25e-05,0.0,384,0.9537558232661746,0.9390399571209954,0.0046062201803409525,0.005575785524483702,0.005461373052499644,10.029470997296109,9.18363752136086,1.0559582948013089,9.273679689108056,-0.8458334759352493,-0.7557913081880532
1-31482-A-42,siren,home,5,0.2061251062933802,0.16429904237373577,0.7970840880483868,0.999969482421875,0.805450439453125,1.25e-05,0.0,384,0.8719742653938094,0.9465329026716742,0.01018260437865368,0.003375791669188142,0.0033496370669698606,5.014102712023723,9.792715235740948,1.0310524354515243,9.826494073299733,4.778612523717225,4.81239136127601
1-31482-A-42,siren,home,0,0.20939306718154058,0.07195521686635568,0.3436370546307133,0.99920654296875,0.666778564453125,1.25e-05,0.0,384,0.7081993172605082,0.5178845535049312,0.021854929220706625,0.01605310147231187,0.01603258406361876,0.026862324104446944,1.3505470454148112,1.0628020955665183,1.3561013006535163,1.3236847213103642,1.3292389765490693
1-31482-B-42,siren,home,20,0.2320303484251899,0.005513853447943184,0.023763501134080888,0.999969482421875,0.062042236328125,2.5e-05,0.0,384,0.9950614595371452,0.20285684270183124,0.0005304509745325123,0.05272751171828706,0.05102406386226727,20.02144114372047,0.03986043753850786,8.476256342385266,0.1824827510696329,-19.981580706181962,-19.838958392650838
1-31482-B-42,siren,home,15,0.2355751031660885,0.006190909941528397,0.026279983997984684,1.0,0.0877685546875,1.25e-05,0.0,384,0.9844596146712191,0.1736929093046005,0.0017114454496794892,0.05322946936843941,0.052070308920648,14.97291516264,0.037363951291359776,6.498939402358773,0.13298377761745764,-14.93555121134864,-14.839931385022542
1-31482-B-42,siren,home,10,0.19901531128316569,0.010944768852635888,0.054994607108712866,0.99578857421875,0.134063720703125,0.0,0.0,384,0.9543291344572385,0.10588277951908746,0.003535167902949149,0.03568825377523531,0.035604867844587114,10.087592901553196,0.038779918796159045,1.833522725309479,0.04893912255101115,-10.048812982757036,-10.038653779002184
1-31482-B-42,siren,home,5,0.2146641122143093,0.014367343610296063,0.06692941573742175,0.992584228515625,0.180633544921875,0.0,0.0,384,0.8741930253582791,0.07656860384561835,0.010865205936887189,0.034947426012256,0.034947423799162304,5.106955981525295,0.025523208434289794,0.9967300374438676,0.025523483994619543,-5.081432773091005,-5.081432497530676
1-31482-B-42,siren,home,0,0.21849946970036327,0.019436227546003722,0.08895320237004405,0.98431396484375,0.237213134765625,0.0,0.0,384,0.6958190367051281,0.10401196639779126,0.024627046365072992,0.022837857470268858,0.0228245974885836,-0.275189572513883,0.04471967049701131,0.8126970695785478,0.047241977513079014,0.3199092430108943,0.322431550026962
1-54084-A-42,siren,home,20,0.08782476927727989,0.005558999624927341,0.06329648993869255,0.34051513671875,0.047332763671875,0.0,0.0,384,0.9950509962361526,0.18666714087270592,7.615722427227269e-05,0.007435786095169509,0.007321537912090109,20.012135633901167,0.08678183179943474,2.919174018183541,0.1540275575508531,-19.925353802101732,-19.858108076350312
1-54084-A-42,siren,home,15,0.08874881440460478,0.005329077948784795,0.060046750872519754,0.33587646484375,0.056854248046875,0.0,0.0,384,0.9845881236674947,0.20501429876434563,0.00024090879067418012,0.007422143804131073,0.007265535799908086,15.009816412554919,0.09385325212520328,3.3438293777653296,0.1864704257651636,-14.915963160429715,-14.823345986789755
1-54084-A-42,siren,home,10,0.09163986479784815,0.006311304723970178,0.0688707336909818,0.360504150390625,0.05419921875,0.0,0.0,384,0.9535760737839329,0.0752070464795588,0.0007616256380360102,0.007542238059963354,0.007542187026795022,10.011379256713877,0.024596454849446347,1.035726866115484,0.024625839498911416,-9.98678280186443,-9.986753417214965
1-54084-A-42,siren,home,5,0.10011899042630565,0.007691947825011157,0.07682806021374088,0.39227294921875,0.1043701171875,0.0,0.0,384,0.8717441159122021,0.10384151955353473,0.00240633910745063,0.00748661340667317,0.007484861002835826,5.004540690246337,0.046058916273405616,1.1717406961172594,0.04707559626499633,-4.958481773972931,-4.957465093981341
1-54084-A-42,siren,home,0,0.12386540981024487,0.030839791651004405,0.24897823935067348,0.52197265625,0.195465087890625,0.0,0.0,384,0.7095918453087767,0.05175120214444028,0.007617305259752092,0.008348944894974343,0.007653022931052505,0.06115938301887339,-0.3663389539038683,0.1466455644202638,0.011646845934313716,-0.42749833692274164,-0.049512537084559674
1-76831-A-42,siren,home,20,0.38293578596644173,0.007482210603439463,0.019539073854265374,0.997406005859375,0.070343017578125,0.0,0.0,384,0.9950428607472164,0.022682985943423793,0.001450225468551074,0.14495157279701484,0.1449502477764269,20.00499944528597,0.002195273870760063,1.153752616994483,0.0022349749561482285,-20.00280417141521,-20.002764470329822
1-76831-A-42,siren,home,15,0.3514887037830275,0.010618131353253712,0.030209025891791506,0.996978759765625,0.186676025390625,0.0,0.0,384,0.9845874295093229,0.04663098874047696,0.003778923966177365,0.11939961881698968,0.11936937332030678,15.009631468049612,0.008353474004289735,1.5174201240776937,0.009453736229873586,-15.001277994045322,-15.000177731819738
1-76831-A-42,siren,home,10,0.3348032052734688,0.01764674351344389,0.05270780935036136,0.995819091796875,0.147430419921875,0.0,0.0,384,0.9534886822114059,0.012431354140563552,0.010184712880419555,0.10196532900680307,0.10177712972813124,10.002615192967264,-0.007352284291007117,0.22424331797051283,0.0006709752235493602,-10.009967477258272,-10.001944217743715
1-76831-A-42,siren,home,5,0.2153171989810837,0.01513761796010833,0.07030380309488522,0.967132568359375,0.137542724609375,0.0,0.0,384,0.8720469276716225,0.032388311279610914,0.01110516250405681,0.03526194089259986,0.03517939226076706,5.017122428675149,-0.005620652499234304,0.4008274354127958,0.004558154328471398,-5.022743081174384,-5.012564274346678
1-76831-A-42,siren,home,0,0.23610885298823442,0.039525529814439166,0.16740384493930335,0.952056884765625,0.427642822265625,0.0,0.0,384,0.7082320358613471,0.01687239520273753,0.027784911336181255,0.029276341289642436,0.027922810293904195,0.027666825939106784,-0.20434116498003782,0.07116397211183663,0.0012355885323950696,-0.2320079909191446,-0.026431237406711716
1-76831-B-42,siren,home,20,0.3831076967072404,0.022792273020382024,0.05949312221153105,0.999969482421875,0.135009765625,5e-05,0.0,384,0.9950422500903408,0.035664739310384184,0.0014517062023224857,0.14533881437826385,0.1452533491479238,20.00446073067351,0.0029729793191415666,0.5953435194204358,0.005527562771256498,-20.001487751354368,-19.998933167902255
1-76831-B-42,siren,home,15,0.35337429953579885,0.01979680430571898,0.05602219610120076,0.999969482421875,0.42010498046875,1.25e-05,0.0,384,0.984567721387977,0.06398459515524685,0.003824423593018575,0.12065763689065653,0.12065174023890661,15.0039511313805,0.017603920542820964,1.1223811829443935,0.017816168427142766,-14.986347210837678,-14.986134962953358
1-76831-B-42,siren,home,10,0.32561940029537856,0.03082750929624634,0.09467344165698308,0.999969482421875,0.19390869140625,1.25e-05,0.0,384,0.9534213786252539,0.03330552485914618,0.009647241147477342,0.09677481360365175,0.09635237102657683,9.995871788309191,-0.014179244627543268,0.33478556226682876,0.004820129213605891,-10.010051032936735,-9.991051659095586
1-76831-B-42,siren,home,5,0.27532478698178936,0.019296135462917162,0.07008499189066277,0.999969482421875,0.2332763671875,1.25e-05,0.0,384,0.8717580527829273,0.08880389805194051,0.018195770114785705,0.05720421467590972,0.05720028195275156,5.00512084944388,0.03408604089126476,1.1025406718748891,0.034384629209991226,-4.9710348085526155,-4.970736220233889
1-76831-B-42,siren,home,0,0.1438831043800392,0.023967702572375904,0.16657760253121787,0.881134033203125,0.435821533203125,0.0,0.0,384,0.7077446353955996,0.07027971208457441,0.010332490682838065,0.010611377161434198,0.010327065123274956,0.015677338538156435,-0.09644889162981887,0.29803421298856464,0.021499461476331964,-0.11212623016797531,0.005822122938175529
1-17124-A-43,vehicle_horn,home,20,0.04704401929670189,0.003077847015211125,0.06542483106724904,1.0,0.0616455078125,0.0001,0.0,384,0.9950183178164355,0.17035851984523429,2.1992794797233635e-05,0.002161779787012202,0.002137445240387155,19.98391063762171,0.07949666289723158,2.5996305124372454,0.12866122805652352,-19.90441397472448,-19.85524940956519
1-17124-A-43,vehicle_horn,home,15,0.04723375287906784,0.0031989697000191766,0.06772635043862532,1.0,0.045196533203125,3.75e-05,0.0,384,0.9845307929314259,0.16401504385105495,6.848069131799492e-05,0.002134082914701941,0.0021141598647774922,14.993973792155247,0.07843858838110068,2.392365232198692,0.11917325172882368,-14.915535203774146,-14.874800540426422
1-17124-A-43,vehicle_horn,home,10,0.04857448671096486,0.0031576939627554392,0.0650072533250803,1.0,0.075164794921875,6.25e-05,0.0,384,0.9533927583632767,0.16982285405935452,0.00021478166364885453,0.0021150203219710666,0.002092519412933589,9.993691853491711,0.08141475642936646,2.4993562505278075,0.12786523229800348,-9.912277097062345,-9.865826621193708
1-17124-A-43,vehicle_horn,home,5,0.05349787785950983,0.004772071372279395,0.08920113401154486,1.0,0.04241943359375,5e-05,0.0,384,0.8716211240725202,0.1089050323921658,0.000687593279658704,0.0021588830700902673,0.002158774018885358,5.000137165800971,0.052058520341505,1.0690423608851758,0.052277884032722016,-4.948078645459466,-4.947859281768249
1-17124-A-43,vehicle_horn,home,0,0.06401049439319,0.010696110653976224,0.16709932887370685,1.0,0.1209716796875,2.5e-05,0.0,384,0.7057712763075142,0.061373870989509055,0.0020562366574888974,0.0021056449489605454,0.0020430539727422058,-0.032073582041394065,-0.11429771274021042,0.2621078950843286,0.01675531648796184,-0.08222413069881634,0.0488288985293559
1-19026-A-43,vehicle_horn,home,20,0.10544026193964832,0.1028323944847619,0.9752668723795554,1.0,0.978729248046875,2.5e-05,0.0,384,0.9948739203692328,0.9981242010812994,0.00011368867007114232,4.496114295497939e-05,4.144516382539002e-05,19.858318198124756,23.908012956227523,1.0181906571037203,24.26164778020891,4.049694758102767,4.4033295820841545
1-19026-A-43,vehicle_horn,home,15,0.10595604860414867,0.09116694035171582,0.8604222368872504,1.0,0.91253662109375,2.5e-05,0.0,384,0.9843513820535864,0.986119324964361,0.0003486158551299991,0.0004385021339454741,0.00030134375021623113,14.94204624422885,13.966696809238456,1.128153101591748,15.595792030007637,-0.9753494349903935,0.6537457857787867
1-19026-A-43,vehicle_horn,home,10,0.1058556523861711,0.003936557354599961,0.03718797500051334,0.97930908203125,0.08514404296875,0.0,0.0,384,0.9530749836855782,0.112134567963557,0.0010269558358901674,0.010153646024842413,0.0100989544681278,9.961304586494805,0.03149839491534561,2.874677100559942,0.05495444945877341,-9.929806191579459,-9.906350137036032
1-19026-A-43,vehicle_horn,home,5,0.11118951168054196,0.08600507531580767,0.7734998923541316,0.999969482421875,0.904205322265625,1.25e-05,0.0,384,0.8711429698688441,0.9525391362965991,0.002980868334063007,0.0009130129260722392,0.0008736385564574661,4.979637151557283,10.139192154066167,1.0727844124173957,10.3306434905173,5.159555002508885,5.351006338960017
1-19026-A-43,vehicle_horn,home,0,0.12401791121019362,0.02329316077310344,0.18782094090929072,0.96124267578125,0.462432861328125,0.0,0.0,230,0.7059758964576129,0.4101198856049296,0.007714799515400779,0.006554289164906793,0.0063946835033177555,-0.027760404588861327,0.6927340099590883,1.5416144608957,0.7997994471913956,0.7204944145479496,0.8275598517802569
1-24074-A-43,vehicle_horn,home,20,0.1154174217888165,0.002649934767687615,0.02295957340423266,0.832794189453125,0.054443359375,0.0,0.0,384,0.9950301215990187,0.18496504100232206,0.00013208109954548087,0.013091148424212953,0.012745547891680545,19.99374511305621,0.034941292739218484,8.002855648873451,0.15113366881018264,-19.95880382031699,-19.842611444246028
1-24074-A-43,vehicle_horn,home,15,0.11675200083992979,0.0031007891460720876,0.02655876664866202,0.85443115234375,0.0433349609375,0.0,0.0,384,0.9845738934448776,0.19363320548363272,0.0004173043313548103,0.013092836529581878,0.012725809147587603,15.005724138497227,0.04248249874186285,7.16601918717068,0.16596591600303232,-14.963241639755363,-14.839758222494195
1-24074-A-43,vehicle_horn,home,10,0.12047205165509901,0.0045213276983226336,0.03753009628545881,0.82806396484375,0.10943603515625,0.0,0.0,384,0.9534727897678683,0.1426469336245146,0.0013191281266247358,0.013074269039540808,0.012933540803845086,10.00102214336199,0.042284663120695815,3.6201629345693305,0.08928446453321795,-9.958737480241293,-9.911737678828771
1-24074-A-43,vehicle_horn,home,5,0.132049162378674,0.01130163320051841,0.08558655728620986,0.898651123046875,0.264739990234375,0.0,0.0,384,0.8725110265191007,0.13749731507243804,0.004162633169284365,0.013051506451134976,0.013031086179188514,5.03645059829036,0.07609247004042623,1.3989274542458505,0.08289272246312421,-4.960358128249934,-4.953557875827236
1-24074-A-43,vehicle_horn,home,0,0.15033382936935646,0.024995029140374343,0.16626350333273188,0.992095947265625,0.163177490234375,0.0,0.0,384,0.7094494892025882,0.08734944306657375,0.011225125584789795,0.011542626291309232,0.011295015451010134,0.05765320558771481,-0.0609141663230747,0.37194717387871945,0.03326389249957747,-0.1185673719107895,-0.02438931308813734
1-24076-A-43,vehicle_horn,home,20,0.15835975396511348,0.0830201455849957,0.5242502814400998,1.0,0.863555908203125,1.25e-05,0.0,384,0.9948434436462399,0.7587481805025242,0.0002579640451715891,0.011902860410291803,0.010568553644422477,19.8323993124386,3.206898669407277,1.4389358363144629,3.7232565132423048,-16.625500643031323,-16.109142799196295
1-24076-A-43,vehicle_horn,home,15,0.15941301342628303,0.02706752941671691,0.16979497993890996,1.0,0.369537353515625,1.25e-05,0.0,384,0.9842472783681182,0.37516064942197097,0.000794326221716558,0.02224225209935768,0.021228519448348648,14.912570790593172,0.45619317135191767,2.1736257197395683,0.6587836986901724,-14.456377619241254,-14.253787091903
1-24076-A-43,vehicle_horn,home,10,0.15536020404005108,0.025377877295249866,0.16334863520588308,1.0,0.34954833984375,1.25e-05,0.0,384,0.9535090674479334,0.33964488686751315,0.002192112837600292,0.020105512022785703,0.019482217190008932,10.004663762807999,0.3955624130971471,1.9814501455577158,0.5323299825489737,-9.609101349710851,-9.472333780259024
1-24076-A-43,vehicle_horn,home,5,0.17049881439442083,0.015476880152608698,0.09077412184700295,0.98699951171875,0.15765380859375,0.0,0.0,384,0.8714084943130501,0.1922876047960938,0.00699557187302958,0.02150560255288301,0.021333700231073328,4.990632251371323,0.12876930205636838,1.845406571547285,0.16362356973937262,-4.861862949314954,-4.82700868163195
1-24076-A-43,vehicle_horn,home,0,0.17882380745555485,0.026730445826355618,0.1494792343743114,0.96478271484375,0.175262451171875,0.0,0.0,384,0.7110584611802401,0.10590495783281458,0.015809758077379003,0.016220919762983503,0.016043825473949794,0.09736358703975835,0.0012820468545192668,0.5033354234651516,0.04895751765571313,-0.09608154018523908,-0.04840606938404522
1-254507-A-43,vehicle_horn,home,20,0.2053601325525984,0.008596252291815057,0.041859401749330866,1.0,0.130035400390625,0.0004875,0.0,384,0.9949236630525998,0.2275605017959306,0.00042707936631265417,0.04121529147474814,0.03977150210203485,19.90103195226651,0.07608332658884874,5.413364027831784,0.23094714341751454,-19.824948625677663,-19.670084808848998
1-254507-A-43,vehicle_horn,home,15,0.19908309292111967,0.011834249767592642,0.05944377090967532,1.0,0.16583251953125,0.000125,0.0,384,0.9844149000229628,0.23881315585349486,0.0012257715675637808,0.037618617095628866,0.03638965104177486,14.96015622829568,0.11077263355121864,3.9567930545213126,0.2550219863267487,-14.849383594744461,-14.705134241968931
1-254507-A-43,vehicle_horn,home,10,0.1967296598587102,0.01808465923128934,0.09192644995308594,1.0,0.1578369140625,3.75e-05,0.0,384,0.953496642559935,0.2377307928098812,0.003515889549474443,0.03406159433024648,0.03335538463904574,10.00342953622754,0.1616812793867198,2.4660799514810696,0.25267147249682864,-9.84174825684082,-9.75075806373071
1-254507-A-43,vehicle_horn,home,5,0.18991651916892474,0.025717903809174426,0.1354168869654733,1.0,0.24639892578125,2.5e-05,0.0,384,0.8713127738311531,0.1290684847606766,0.008685724484352031,0.02707334471538688,0.027054237361365297,4.9866797590809435,0.06987035577503785,0.830420214713016,0.07293652419976662,-4.916809403305906,-4.913743234881177
1-254507-A-43,vehicle_horn,home,0,0.16877143166041933,0.029735959062885557,0.17619071409381962,0.992218017578125,0.333526611328125,0.0,0.0,384,0.7064437802840208,0.18287148197892888,0.014268568001208367,0.013868360373571366,0.013805119905185109,-0.01626584970235074,0.12783609266610743,0.7331843176590863,0.14768544863944688,0.14410194236845816,0.1639512983417976
VIVOSDEV01_R002,speech,traffic,20,0.03848900326336749,0.03819341719095757,0.9923202461132256,0.4488525390625,0.45123291015625,0.0,0.0,384,0.9950313122710656,0.9975888950837939,1.4684915647390939e-05,7.106203916182937e-06,7.106074519349709e-06,19.99475297531481,23.172672169823084,1.0002969311587486,23.17275124759005,3.1779191945082736,3.1779982722752393
VIVOSDEV01_R002,speech,traffic,15,0.03880227855059846,0.03793205102538803,0.97757277258665,0.444061279296875,0.44287109375,0.0,0.0,384,0.9844629397282335,0.9943527271188506,4.642248263136505e-05,1.6539947915968862e-05,1.653734250072518e-05,14.97384784586883,19.481371377756602,1.0013416724323232,19.48205554719052,4.507523531887772,4.508207701321689
VIVOSDEV01_R002,speech,traffic,10,0.04017641509373389,0.03760037082757837,0.935881679334867,0.4539794921875,0.427734375,0.0,0.0,384,0.9534277550292811,0.9874549332653363,0.00014684780958132475,3.6858382988899016e-05,3.6808059936399496e-05,9.996504208720442,16.025397445906272,1.00594846601577,16.031330951891064,6.02889323718583,6.034826743170623
VIVOSDEV01_R002,speech,traffic,5,0.044037234206438056,0.036747824750618184,0.8344716786333918,0.425323486328125,0.358551025390625,0.0,0.0,384,0.8720938520565084,0.952465774259547,0.0004643647394343526,0.0001377241781053588,0.00013769532204696317,5.019072289465897,10.323144037734712,0.9953910550449362,10.324054073324813,5.304071748268815,5.304981783858916
VIVOSDEV01_R002,speech,traffic,0,0.05425975902384836,0.03705836616758507,0.6829806625439878,0.4884033203125,0.365753173828125,0.0,0.0,384,0.7079687549235083,0.9464079637886502,0.001468469645498878,0.0001553390340116103,0.00015484130502462054,0.02118946087077536,9.802614487356518,0.9810187437863314,9.816552260993603,9.781425026485742,9.795362800122827
VIVOSDEV02_R005,speech,cafeteria,20,0.0510804726543231,0.050724145705372654,0.9930242041540646,0.438323974609375,0.437530517578125,0.0,0.0,384,0.9950591224312088,0.9974222327043589,2.572015474924049e-05,1.3425949782343061e-05,1.3425186264247816e-05,20.019340192432896,22.882441761250508,0.9994576980626553,22.88268874519476,2.863101568817612,2.863348552761863
VIVOSDEV02_R005,speech,cafeteria,15,0.051571686483346445,0.05077750233800677,0.9846003844455207,0.4354248046875,0.435394287109375,0.0,0.0,384,0.9845845400574859,0.9943710646391456,8.136731831646375e-05,2.9296347803837843e-05,2.9213169657094447e-05,15.008786953663531,19.48496813131861,0.9943462205735376,19.49731615222355,4.476181177655079,4.48852919856002
VIVOSDEV02_R005,speech,cafeteria,10,0.05322078954165332,0.05059419091166362,0.9506471314572665,0.452301025390625,0.43780517578125,0.0,0.0,384,0.9534968512119982,0.9878261140438527,0.0002573108439884238,6.311634408680947e-05,6.289665269124299e-05,10.003430080080943,16.146408597816134,0.9907782796438313,16.16155162039089,6.142978517735191,6.158121540309949
VIVOSDEV02_R005,speech,cafeteria,5,0.05863811162480878,0.05030237766810179,0.8578444338377997,0.4586181640625,0.43280029296875,0.0,0.0,384,0.8737441397524196,0.969266880995919,0.0008134332266049851,0.00016076379880912927,0.00016034690025446623,5.08806519476113,12.169217658725424,0.9872228700545884,12.180494571701548,7.081152463964294,7.092429376940418
VIVOSDEV02_R005,speech,cafeteria,0,0.07200586045344044,0.048479172009944616,0.6732670327756396,0.5137939453125,0.449188232421875,0.0,0.0,384,0.7097567925854968,0.8977783269230137,0.0025729546388482054,0.0005182311134714594,0.0005114208675107905,0.06522614499806999,7.064128580334307,0.9464162917737633,7.121578970702648,6.9989024353362375,7.056352825704578
VIVOSDEV03_R007,speech,office,20,0.03953144049315863,0.03929896469228985,0.9941192175653448,0.529022216796875,0.528961181640625,0.0,0.0,384,0.9950363440219104,0.9975940128227178,1.5475485666982705e-05,7.499669029876344e-06,7.496164269388867e-06,19.999188303072874,23.17856924191032,0.9984993669334638,23.180599266632314,3.179380938837447,3.18141096355944
VIVOSDEV03_R007,speech,office,15,0.039972595389772846,0.03933387331390726,0.9840210006471333,0.52734375,0.52825927734375,0.0,0.0,384,0.9845667244734422,0.9965158207859502,4.893848913163547e-05,1.0870933455583831e-05,1.0857405197090453e-05,15.003644026202236,21.570840265941346,0.9970543632955875,21.576248178257835,6.5671962397391095,6.5726041520555984
VIVOSDEV03_R007,speech,office,10,0.04127086910271908,0.03931975646959809,0.9527242174555407,0.532196044921875,0.5308837890625,0.0,0.0,384,0.9534897180309162,0.9953033907593656,0.0001547561732930503,1.4648538326576175e-05,1.4624705368380088e-05,10.002712335904762,20.27460828318699,0.9960888521404935,20.281679944743342,10.271895947282227,10.27896760883858
VIVOSDEV03_R007,speech,office,5,0.04504072215243242,0.03929441803087233,0.8724198048576413,0.525909423828125,0.526641845703125,0.0,0.0,384,0.8710760882320017,0.9947129635587562,0.0004893682753117827,1.64736990043627e-05,1.6400773897004056e-05,4.976869880184107,19.73867576691323,0.9931540467086882,19.757943618571733,14.761805886729121,14.781073738387626
VIVOSDEV03_R007,speech,office,0,0.05561420952704193,0.039891284704776826,0.7172858347537968,0.5220947265625,0.532867431640625,0.0,0.0,384,0.7068605082421179,0.9801095533461457,0.001547547400788557,6.322012222631541e-05,6.135033005274665e-05,-0.006050349398860886,13.915194974004837,0.965853353475975,14.045579257339345,13.921245323403697,14.051629606738205
VIVOSDEV04_R002,speech,home,20,0.0705124085801203,0.07015021278355,0.9948633750588913,0.70751953125,0.703857421875,0.0,0.0,384,0.9950349278043933,0.997933658406947,4.925033449103773e-05,2.049420332701747e-05,2.047631502208731e-05,19.99798533143515,23.836719221297766,0.9981002150519442,23.840511604723797,3.838733889862617,3.842526273288648
VIVOSDEV04_R002,speech,home,15,0.07137570091979595,0.07051225627424103,0.987902820785954,0.708953857421875,0.703369140625,0.0,0.0,384,0.9845968935173919,0.9932929776412914,0.0001557334939959152,6.700313351892534e-05,6.649880258540067e-05,15.01235650884116,18.706178096530067,0.9899643930063006,18.738990984333586,3.693821587688907,3.7266344754924265
VIVOSDEV04_R002,speech,home,10,0.07352211120822891,0.07000618998670409,0.952178723328999,0.726287841796875,0.70452880859375,0.0,0.0,384,0.9533576509330128,0.9927645133706821,0.0004924910085119362,7.153059613890906e-05,7.135232969112734e-05,9.9894932504032,18.399510317975825,0.9939903459213014,18.410347186793828,8.410017067572625,8.420853936390628
VIVOSDEV04_R002,speech,home,5,0.08020435927710258,0.06755726229697513,0.8423140949679272,0.72894287109375,0.683807373046875,0.0,0.0,384,0.8705808160663031,0.9676975277856992,0.0015572958611602006,0.0003121073894876577,0.000312107259473158,4.956429817995696,11.968053057434249,1.0001681959384774,11.968054867729062,7.011623239438553,7.011625049733366
VIVOSDEV04_R002,speech,home,0,0.09963416956213407,0.06909746867330242,0.6935117638553882,0.83349609375,0.701263427734375,0.0,0.0,384,0.7098634652398759,0.9670993265998183,0.004924707873334952,0.00032667161965211185,0.00032617968393075075,0.06785742544154505,11.881500558949782,0.9898855332141914,11.888045540474476,11.813643133508236,11.82018811503293
VIVOSDEV05_004,speech,traffic,20,0.07928256583852467,0.07839490958200056,0.9888038909041869,0.52178955078125,0.492645263671875,0.0,0.0,384,0.9950476249686229,0.9961099550869469,6.210460732155817e-05,4.858889687528419e-05,4.856704752773749e-05,20.009192832224105,21.096290266753485,1.0018799396780926,21.098243629074716,1.0870974345293796,1.0890507968506107
VIVOSDEV05_004,speech,traffic,15,0.08012091348808718,0.07804867646481611,0.974136128345826,0.501495361328125,0.483795166015625,0.0,0.0,384,0.9845834257367626,0.9932456396086223,0.0001964036426622555,8.426095808766392e-05,8.41910538447063e-05,15.00847223767462,18.70493331243773,1.0033775336650654,18.7085377877236,3.6964610747631106,3.700065550048979
VIVOSDEV05_004,speech,traffic,10,0.08264174082531599,0.07837312346164046,0.9483479253819409,0.52191162109375,0.491943359375,0.0,0.0,384,0.9534452340741898,0.9918891803268678,0.0006211041938838493,0.00010087477695807157,0.00010080764582941622,9.998259259203394,17.9133076236202,0.9967038399438117,17.91619877246165,7.915048364416805,7.917939513258258
VIVOSDEV05_004,speech,traffic,5,0.0902648706914265,0.07823684113710813,0.8667473906273395,0.536956787109375,0.50433349609375,0.0,0.0,384,0.8711734040660724,0.9923239990366387,0.001964070831571707,9.50928923901757e-05,9.503274301307166e-05,4.980895896876683,18.152216407661477,0.9968745127355527,18.154964330488944,13.171320510784794,13.17406843361226
VIVOSDEV05_004,speech,traffic,0,0.11162400989778185,0.07818820898256724,0.7004604928112421,0.614837646484375,0.511383056640625,0.0,0.0,384,0.7081833816933645,0.9659894903745856,0.006210974807771189,0.0004234012714387523,0.0004199055431825307,0.026469390372755225,11.711775115729877,0.9761574620673706,11.74778061869032,11.685305725357122,11.721311228317566
VIVOSDEV06_001,speech,cafeteria,20,0.11609976689315636,0.11547662927236686,0.9946327401211498,0.748138427734375,0.7403564453125,0.0,0.0,384,0.9950284556454759,0.9979560868316976,0.00013369152072666927,5.5048746419279445e-05,5.501221211147196e-05,19.992298296742817,23.88481935746875,0.9983521752590266,23.88770260432079,3.892521060725933,3.895404307577973
VIVOSDEV06_001,speech,cafeteria,15,0.11738441101663458,0.11523429757285909,0.9816831432286968,0.7373046875,0.737396240234375,0.0,0.0,384,0.9845384096100562,0.9952891830873352,0.0004227997805247242,0.00012671778326599564,0.0001266735915098822,14.995513993254928,20.26744261752907,0.9981839013739389,20.268957449328788,5.2719286242741425,5.27344345607386
VIVOSDEV06_001,speech,cafeteria,10,0.12056829264221303,0.11403241543771377,0.9457910777264259,0.740447998046875,0.741546630859375,0.0,0.0,384,0.9529226529731527,0.9860296913749085,0.0013364826185790785,0.0003701070643304771,0.00036954693282374056,9.94618212639513,15.561498293283488,0.9934661496305777,15.568076017496535,5.615316166888359,5.621893891101406
VIVOSDEV06_001,speech,cafeteria,5,0.13314564702369722,0.11507905839520262,0.8643095810313716,0.745849609375,0.704254150390625,0.0,0.0,384,0.8726508961310335,0.9738428863182729,0.004227724509512154,0.0007070697999024077,0.0007033172275003837,5.042283395621389,12.8476840726279,0.9832420390902181,12.870794399686254,7.80540067700651,7.828511004064865
VIVOSDEV06_001,speech,cafeteria,0,0.16271307262888524,0.10193234912322116,0.6264545772281475,0.93341064453125,0.68798828125,0.0,0.0,384,0.7035955689901454,0.8522075152381177,0.013368912783127657,0.0036393825664245818,0.0036201696663266726,-0.08604986847251499,5.603590691309311,0.9571889916002511,5.626578544106904,5.689640559781826,5.712628412579419
VIVOSDEV07_002,speech,office,20,0.13113753853341556,0.13025791324634053,0.9932923456020879,0.9781494140625,0.9932861328125,0.0,0.0,384,0.9950370302333149,0.9979264063598795,0.00017027356425754377,7.103352489892158e-05,7.103176663554189e-05,19.999853138581532,23.826844232239083,0.9996791935929833,23.826951745154695,3.8269910936575506,3.8270986065731627
VIVOSDEV07_002,speech,office,15,0.1325214751870014,0.13032227757381348,0.9834049718350584,0.991302490234375,0.996337890625,0.0,0.0,384,0.9845503637807042,0.9969643480345343,0.0005384595550212588,0.00010398908573648488,0.00010392900489910554,14.998953179919624,22.170758967094088,0.998125707015654,22.173268855899124,7.171805787174463,7.1743156759795
VIVOSDEV07_002,speech,office,10,0.13683338556235086,0.13019579830640426,0.9514914636609495,0.96368408203125,0.988006591796875,0.0,0.0,384,0.953443667123642,0.9969148199796124,0.0017028008142885242,0.0001056107723064221,0.00010559239933492787,9.998103549532482,22.10281233955163,0.9989625088858514,22.10356794460379,12.104708790019147,12.105464395071307
VIVOSDEV07_002,speech,office,5,0.14003430621503177,0.12154503333636,0.8679661193145036,0.9990234375,0.888885498046875,1.801801801801802e-05,0.0,384,0.8717852882086541,0.9948800145093577,0.004706117809800648,0.0001534863388093418,0.00015347801123881765,5.00625135056893,19.902334516871242,0.9992518009135466,19.90257017060434,14.896083166302311,14.896318820035408
VIVOSDEV07_002,speech,office,0,0.161587023168467,0.1131894499479141,0.7004860150799692,0.9990234375,0.83978271484375,1.801801801801802e-05,0.0,384,0.7076241624958721,0.9951931391336708,0.013036071532842659,0.00012666659801763958,0.0001262992820632588,0.01271532140479692,20.167714101318552,1.0053358953170213,20.18032634478725,20.154998779913754,20.167611023382452
VIVOSDEV08_002,speech,home,20,0.08501520227018727,0.08460400242555426,0.9951632198283058,0.43170166015625,0.4320068359375,0.0,0.0,384,0.9950266550342732,0.998681043548375,7.171200712955647e-05,1.907234952497363e-05,1.9057016125215235e-05,19.99070729546149,25.78669203612694,0.9985437902231354,25.790184992735536,5.79598474066545,5.799477697274046
VIVOSDEV08_002,speech,home,15,0.08610715273839435,0.08480987568710055,0.9849341545964815,0.43011474609375,0.428253173828125,0.0,0.0,384,0.9845879385465087,0.997139325749092,0.00022678272545259922,4.157182690924261e-05,4.149685323738876e-05,15.009775459036167,22.421991990621727,0.9967877932285996,22.429831447361785,7.41221653158556,7.420055988325618
VIVOSDEV08_002,speech,home,10,0.08897099640437416,0.0851476182336302,0.9570266904355363,0.465606689453125,0.44097900390625,0.0,0.0,384,0.9536248973712309,0.9842953547151351,0.0007171716322301845,0.00022932056342786218,0.00022661964444443028,10.016289096342799,15.01219805434319,0.9807966134508048,15.06365251670311,4.99590895800039,5.047363420360311
VIVOSDEV08_002,speech,home,5,0.09735347406601122,0.0832948188583256,0.8555916433125638,0.450775146484375,0.44952392578125,0.0,0.0,384,0.8721866977027415,0.9776398088076425,0.002267922210190325,0.00032216784742459756,0.0003220872615583585,5.022936281680758,13.542503805011947,0.9966091430783968,13.543590269779058,8.519567523331188,8.5206539880983
VIVOSDEV08_002,speech,home,0,0.11934996674421311,0.07940422251375225,0.6653057782909043,0.55206298828125,0.405303955078125,0.0,0.0,384,0.7046487212892225,0.9476928902261205,0.007171638085998075,0.0007280200276403112,0.0007279304574535842,-0.06028435690935065,9.91857395390807,1.0037500784445945,9.91910831161144,9.97885831081742,9.979392668520791
VIVOSDEV09_015,speech,traffic,20,0.06517710712531473,0.06290474507181179,0.9651355797498973,0.53631591796875,0.533111572265625,0.0,0.0,384,0.9950487499365792,0.9789051874944825,4.196245788108408e-05,0.00017720538920349576,0.0001768648515299773,20.01017895199832,13.785585139140723,1.0092431540409053,13.793939067816757,-6.224593812857597,-6.216239884181563
VIVOSDEV09_015,speech,traffic,15,0.06578705613623057,0.06281125725466974,0.954766194805881,0.54315185546875,0.53173828125,0.0,0.0,384,0.9845485062417403,0.9755463506916705,0.00013271311099704542,0.00020429440079550705,0.0002041525264903282,14.99841280944954,13.156552724521502,1.0059749489690053,13.159569757140648,-1.8418600849280384,-1.8388430523088921
VIVOSDEV09_015,speech,traffic,10,0.0678391395959199,0.06443303039195329,0.949791385559208,0.537078857421875,0.5313720703125,0.0,0.0,384,0.9533162301679488,0.9861971872117002,0.00041966172109612627,0.0001159348077623408,0.00011550440147101043,9.985352607649913,15.603773975514223,0.9898550026999532,15.619927099436719,5.618421367864309,5.634574491786806
VIVOSDEV09_015,speech,traffic,5,0.07403853887796015,0.0631100991705091,0.8523952542409742,0.557830810546875,0.5323486328125,0.0,0.0,384,0.8705854429548927,0.9852244871442387,0.0013270167824919045,0.00012291411809959356,0.00012275728710168802,4.956620264682802,15.320932980035092,1.0062523010548576,15.326477852154207,10.364312715352291,10.369857587471405
VIVOSDEV09_015,speech,traffic,0,0.09171794428368714,0.06203300590305461,0.6763453584522581,0.6131591796875,0.5555419921875,0.0,0.0,384,0.7078951383597794,0.9461445194693459,0.004196706743525219,0.00044541963564429096,0.00044505357446938563,0.019378473120738017,9.792337373170023,0.9902820080019181,9.795908018031398,9.772958900049284,9.776529544910659
VIVOSDEV10_010,speech,cafeteria,20,0.04832458853400903,0.04808972769665839,0.9951399309445675,0.38238525390625,0.3843994140625,0.0,0.0,384,0.9950356414604833,0.9975947558791521,2.312887348934995e-05,1.1221247191530913e-05,1.1206536595276827e-05,19.99859065740692,23.176932822484574,0.9974886787191981,23.18262998129881,3.1783421650776553,3.1840393238918914
VIVOSDEV10_010,speech,cafeteria,15,0.04886978059058979,0.048050598904788536,0.9832374593071328,0.385101318359375,0.3880615234375,0.0,0.0,384,0.9845684504503907,0.9950480445757507,7.314047104857415e-05,2.309910745867861e-05,2.306882370025214e-05,15.004147954984319,20.046982147954864,0.9963938364428506,20.05267963777788,5.042834192970545,5.048531682793563
VIVOSDEV10_010,speech,cafeteria,10,0.05025201415863654,0.047363732506218004,0.9425240619549945,0.39764404296875,0.381011962890625,0.0,0.0,384,0.9531122815537495,0.9828431053085235,0.00023125634487290765,7.87988907739105e-05,7.871424780854553e-05,9.96501379802868,14.677957975997414,0.9938837007728977,14.68262552346012,4.712944177968733,4.717611725431439
VIVOSDEV10_010,speech,cafeteria,5,0.055417643119766435,0.047695335489195155,0.8606525432003282,0.410797119140625,0.396484375,0.0,0.0,384,0.8728492915264634,0.962781068110597,0.0007313374716313602,0.00017367643590299734,0.00017240108633766882,5.0505673795370445,11.331545316731518,0.9764235744438127,11.363554316516225,6.280977937194473,6.312986936979181
VIVOSDEV10_010,speech,cafeteria,0,0.0682375444258268,0.046753116367809565,0.6851523858486659,0.42041015625,0.386077880859375,0.0,0.0,384,0.7094246077059658,0.9142268382452792,0.0023128932615744985,0.0003944474379557796,0.00038816049007211746,0.05703618864955784,7.77590935924648,0.9465988785487799,7.845687471725372,7.718873170596922,7.788651283075815
VIVOSDEV11_015,speech,office,20,0.06103373495354425,0.061000932870875824,0.9994625581624098,0.403900146484375,0.40350341796875,0.0,0.0,384,0.9950374150026602,0.9956775804889134,3.6880905603285584e-05,3.2388547180988625e-05,3.210224981194074e-05,20.000171249968204,20.603218234017294,0.9912677877513274,20.641778212832964,0.6030469840490902,0.6416069628647598
VIVOSDEV11_015,speech,office,15,0.06167209391012391,0.060840424521857284,0.9865146562158464,0.3880615234375,0.390625,0.0,0.0,384,0.9845489261157885,0.9971558271237274,0.00011662689397839994,2.1219335288666027e-05,2.1132121679824633e-05,14.998532753071272,22.43814799572874,0.9951677188889425,22.45603471727014,7.439615242657469,7.457501964198867
VIVOSDEV11_015,speech,office,10,0.06366658282118126,0.0618587099267725,0.9716040532678424,0.390777587890625,0.381195068359375,0.0,0.0,384,0.953422859387118,0.9814022900146374,0.00036880127871387943,0.00014228775968804647,0.00013701232104571112,9.996017652030323,14.171212314798138,0.9630358252576776,14.335291494847198,4.175194662767815,4.3392738428168744
VIVOSDEV11_015,speech,office,5,0.06967276619968474,0.060720722715858155,0.8715130176090656,0.442779541015625,0.389312744140625,0.0,0.0,384,0.8716350387151784,0.9971190158017245,0.0011662558440581159,2.143888413675728e-05,2.141094653449e-05,5.000015704103201,22.394878179346502,0.9972596236581666,22.400541277950424,17.3948624752433,17.400525573847222
VIVOSDEV11_015,speech,office,0,0.08581086227481312,0.06390717491759208,0.7447445838841067,0.5196533203125,0.38848876953125,0.0,0.0,384,0.706503643795371,0.9419392459336489,0.0036880302873984906,0.0004649653453552381,0.00041827359387632836,-0.014811698126056073,9.017873141708625,0.8935554834578411,9.477474511397121,9.032684839834682,9.492286209523177
VIVOSDEV12_006,speech,home,20,0.07470811533401069,0.07438337180758131,0.9956531693380634,0.49676513671875,0.49554443359375,0.0,0.0,384,0.9950387786154838,0.9990266203372304,5.52430090948898e-05,1.0829677139896285e-05,1.0815609890988467e-05,20.001382763890177,27.103342069122878,0.9984101295518356,27.108987020777697,7.1019593052327,7.1076042568875195
VIVOSDEV12_006,speech,home,15,0.07555227791803219,0.07448069490552238,0.9858166683779886,0.486602783203125,0.485992431640625,0.0,0.0,384,0.9845798115400218,0.9982984168080908,0.00017468432531898606,1.897417060334755e-05,1.892547439953098e-05,15.007429809735225,24.673682298257084,0.9970458223697829,24.684842561840274,9.66625248852186,9.677412752105049
VIVOSDEV12_006,speech,home,10,0.07808097377518546,0.07463991305944419,0.9559295875887903,0.499725341796875,0.5059814453125,0.0,0.0,384,0.9536204908474237,0.9921369905115862,0.0005524041810419101,8.794402465297371e-05,8.735420662934573e-05,10.015845898218206,18.021693234356214,0.9897406227933658,18.05091836432562,8.005847336138007,8.035072466107415
VIVOSDEV12_006,speech,home,5,0.08534940706773106,0.07495979807651909,0.8782696992497318,0.584197998046875,0.50213623046875,0.0,0.0,384,0.8718892534319755,0.988341537372847,0.0017468948862613214,0.00013113156791848257,0.00012912591528772127,5.010569042791488,16.281505370605892,0.9811620789484772,16.348443781928374,11.270936327814404,11.337874739136886
VIVOSDEV12_006,speech,home,0,0.10496107885048044,0.07324464313860236,0.6978266986274132,0.5782470703125,0.52154541015625,0.0,0.0,384,0.7060948339967454,0.9670597440612893,0.0055241691522503284,0.000360477071334485,0.0003579876365894679,-0.024843611675274376,11.854390747467258,0.9785212406980188,11.884486925348643,11.879234359142533,11.909330537023918
VIVOSDEV13_019,speech,traffic,20,0.06503969989542654,0.06407149046138182,0.9851135623995582,0.466064453125,0.467010498046875,0.0,0.0,384,0.9950367709619873,0.9963757848643343,4.188629698159508e-05,3.064845842269582e-05,3.0481007563442157e-05,19.99963336490714,21.38123271139754,1.0063681252589214,21.405025878383867,1.3815993464904004,1.405392513476727
VIVOSDEV13_019,speech,traffic,15,0.06560996148734333,0.06359643102843102,0.9693105983715485,0.46307373046875,0.471343994140625,0.0,0.0,384,0.9844965709840496,0.9891641882423723,0.00013243897349122927,9.054034898359487e-05,9.045363941884221e-05,14.983522381481823,16.66022481644276,1.0046167256203218,16.664386010734475,1.6767024349609372,1.6808636292526522
VIVOSDEV13_019,speech,traffic,10,0.06795092350642798,0.0635821181314653,0.93570646064068,0.486053466796875,0.465301513671875,0.0,0.0,384,0.9535654704412692,0.9848815425716266,0.0004188490116419092,0.00012677721567250843,0.00012672349264133238,10.0103453967361,15.225474272435429,1.0036347651803252,15.227315012789589,5.21512887569933,5.21696961605349
VIVOSDEV13_019,speech,traffic,5,0.07432919456809352,0.06286242318506037,0.8457299120532195,0.4957275390625,0.47381591796875,0.0,0.0,384,0.8719277141919517,0.9741400115591338,0.001324527815799457,0.00021575923973697506,0.00021568675918936573,5.012193645320129,12.918076465916355,1.0042702496330418,12.919535652871222,7.905882820596227,7.907342007551093
VIVOSDEV13_019,speech,traffic,0,0.09173157498623999,0.06341439452367045,0.6913038889082936,0.6083984375,0.459625244140625,0.0,0.0,384,0.7086895122005598,0.9624424721495888,0.004188472134955491,0.000314052905558969,0.00031332844251339,0.03895431707348281,11.314448483643005,0.9866167857431384,11.324478442073548,11.275494166569523,11.285524125000066
VIVOSDEV14_018,speech,cafeteria,20,0.06276791651733139,0.06237434983056759,0.9937298112060939,0.4461669921875,0.44927978515625,0.0,0.0,384,0.9950480049226359,0.9969682708486954,3.892347017429031e-05,2.381303814313808e-05,2.3801471225427078e-05,20.009519364115782,22.176905140000834,0.9982823707353818,22.179015188727355,2.1673857758850517,2.169495824611573
VIVOSDEV14_018,speech,cafeteria,15,0.06341874745530601,0.062278454187973835,0.9820196185972327,0.46441650390625,0.45941162109375,0.0,0.0,384,0.9845783873808784,0.9932690129133396,0.00012309322826476653,5.278814282531509e-05,5.272076540086744e-05,15.007017410162025,18.71741352395984,0.9958481198254088,18.7229602848573,3.7103961137978168,3.7159428746952763
VIVOSDEV14_018,speech,cafeteria,10,0.06540298583010476,0.061568922939340485,0.9413778615440601,0.47161865234375,0.435394287109375,0.0,0.0,384,0.9534137877087342,0.9877559980708319,0.00038926650024506345,9.538014911837672e-05,9.537961131583835e-05,9.995109364044538,16.136418024864156,1.0003751893261004,16.136442512516574,6.141308660819618,6.141333148472036
VIVOSDEV14_018,speech,cafeteria,5,0.07107819042498158,0.06029781241208471,0.8483307193326081,0.463134765625,0.4410400390625,0.0,0.0,384,0.869718244495654,0.9670342134922102,0.0012306443026688526,0.00024998760229639344,0.00024971706219158353,4.92097324007253,11.876532310304151,0.991407090904107,11.881234853033959,6.9555590702316215,6.960261612961429
VIVOSDEV14_018,speech,cafeteria,0,0.0884300156593162,0.05677832508269828,0.6420707342339662,0.498931884765625,0.450836181640625,0.0,0.0,384,0.708673230398799,0.9105167497475926,0.0038925914244451786,0.0006766707074114406,0.0006765905266744137,0.03852618101889129,7.670558958315792,1.0049679995140781,7.671073595545053,7.6320327772969,7.632547414526162
VIVOSDEV15_003,speech,office,20,0.053722035523975996,0.051455904677367936,0.9578174798384791,0.448974609375,0.42730712890625,0.0,0.0,384,0.9950475148742484,0.9758147502923277,2.851572253820438e-05,0.00013801086060119267,0.00013750826575811462,20.00908112707802,13.18961873860296,1.0137319161584972,13.205463331896341,-6.81946238847506,-6.803617795181678
VIVOSDEV15_003,speech,office,15,0.054008965397564404,0.053503568686485016,0.9906423552578887,0.437103271484375,0.43548583984375,0.0,0.0,384,0.9844295115119398,0.9857685012280389,9.013019915865518e-05,8.162272863148086e-05,8.042146590119853e-05,14.964306262758688,15.423724928259013,0.9795829204938558,15.488116165530283,0.4594186655003245,0.5238099027715943
VIVOSDEV15_003,speech,office,10,0.05578207348153031,0.05523239971069577,0.9901460498592519,0.446990966796875,0.446685791015625,0.0,0.0,384,0.9530829679677107,0.9577972449285163,0.0002851283804926741,0.00025380607413606716,0.00023509462635997616,9.96210275485012,10.4963135633257,0.9219420582571086,10.828906657509807,0.5342108084755797,0.8668039026596865
VIVOSDEV15_003,speech,office,5,0.06117510638013206,0.05150304724344235,0.8418955076826655,0.43963623046875,0.4237060546875,0.0,0.0,384,0.8712210079387871,0.9659773300523041,0.0009018188612831895,0.0001912918767317576,0.00019129150025257695,4.982869316989818,11.745923626500874,0.9996245393445182,11.745932171965405,6.763054309511055,6.763062854975587
VIVOSDEV15_003,speech,office,0,0.07540204187934639,0.05260809341624986,0.69770117764755,0.462249755859375,0.427978515625,0.0,0.0,384,0.7059761743887231,0.9466388535118435,0.002851815927674161,0.0003013083112223067,0.0002963606164699777,-0.027749640492000294,9.762180601873265,0.9578586296666763,9.834086824358033,9.789930242365266,9.861836464850034
VIVOSDEV16_026,speech,home,20,0.05538216649398703,0.05497884862474165,0.9927175498038856,0.463287353515625,0.461639404296875,0.0,0.0,384,0.9950325867181131,0.9969492704156774,3.039648786321445e-05,1.8573273905647312e-05,1.8571661749034803e-05,19.995910418058724,22.15161706063226,0.9992710538837655,22.151994041348324,2.155706642573538,2.1560836232896
VIVOSDEV16_026,speech,home,15,0.05592947106583419,0.054973323094009624,0.9829043980999018,0.470550537109375,0.46124267578125,0.0,0.0,384,0.9845165765173669,0.9927492757810283,9.611785061500805e-05,4.407570355257922e-05,4.397968177186367e-05,14.989234070259467,18.391639254058646,0.9943738161340645,18.401110962008957,3.4024051837991784,3.4118768917494897
VIVOSDEV16_026,speech,home,10,0.057996462474307495,0.054750540189225656,0.9440324091056452,0.480316162109375,0.461181640625,0.0,0.0,384,0.9537499131711945,0.9888218486574378,0.00030393780840349795,6.82845494778833e-05,6.82815217872776e-05,10.028873046668176,16.52985304895267,0.9989968797478681,16.530045614664218,6.500980002284495,6.501172567996042
VIVOSDEV16_026,speech,home,5,0.0633426300484584,0.05093217037100544,0.8040741335186318,0.48516845703125,0.4422607421875,0.0,0.0,384,0.8720258439977139,0.945366924029648,0.0009612277192802232,0.0003271557207400936,0.0003254946015280889,5.01624588252109,9.713320769735393,1.0252574617636456,9.735428062934542,4.6970748872143036,4.719182180413452
VIVOSDEV16_026,speech,home,0,0.07798039817998417,0.05431049885062269,0.6964634718236535,0.50531005859375,0.444427490234375,0.0,0.0,384,0.7072026868987761,0.957167096371021,0.0030396461264559603,0.0002582489942788994,0.0002559174689688921,0.0023573866383474976,10.726558470657483,0.9719376846647981,10.765945541763228,10.724201084019136,10.76358815512488
VIVOSDEV17_011,speech,traffic,20,0.10521920144351299,0.10457099660107347,0.993839481448759,0.6317138671875,0.61962890625,0.0,0.0,384,0.995032674891783,0.9988479157890777,0.00010971436557858624,2.5389789645337545e-05,2.5389789639298976e-05,19.996011770972096,26.377356023225367,0.9999974289004611,26.37735602226872,6.381344252253271,6.381344251296625
VIVOSDEV17_011,speech,traffic,15,0.10638459174196865,0.10462094491261188,0.9834219711663281,0.62646484375,0.629241943359375,0.0,0.0,384,0.9845527923274625,0.9976438624513525,0.0003469527756460573,5.195544156083501e-05,5.193799002964529e-05,14.999650893033545,23.271344464912485,0.9987410477072096,23.272803482361837,8.27169357187894,8.273152589328292
VIVOSDEV17_011,speech,traffic,10,0.10984109193585663,0.10462433732923374,0.9525063479005716,0.676483154296875,0.63397216796875,0.0,0.0,384,0.953447702719298,0.9971351349366357,0.0010971667916329292,6.316082272923577e-05,6.311982828325431e-05,9.998507550312297,22.42205661973729,0.9980705049536284,22.424876319023927,12.423549069424993,12.42636876871163
VIVOSDEV17_011,speech,traffic,5,0.11999613820815158,0.10406915680189575,0.8672708835127007,0.6455078125,0.63055419921875,0.0,0.0,384,0.871233663400926,0.9901090082535428,0.0034694841466428065,0.00021671754016836656,0.00021639791372410447,4.9833890971729105,17.052397858824154,0.994583577522287,17.0588077885752,12.069008761651244,12.075418691402291
VIVOSDEV17_011,speech,traffic,0,0.1484878449959943,0.10397988116201143,0.7002585374231571,0.845672607421875,0.669036865234375,0.0,0.0,384,0.7088026289867728,0.9805619032358883,0.010971377444837878,0.0004295691188073375,0.0004289536401476451,0.04171303499012863,14.13929438251297,0.992477345501912,14.14552133386152,14.097581347522842,14.103808298871392
VIVOSDEV18_006,speech,cafeteria,20,0.05793551170447598,0.05712124483151181,0.9859452890117262,0.396392822265625,0.3936767578125,0.0,0.0,384,0.995026689630861,0.9931667193750434,3.330326710907092e-05,4.560916775276749e-05,4.5592752690927625e-05,19.9907226846785,18.65657383444545,1.0022346724341678,18.658137171656325,-1.3341488502330492,-1.332585513022174
VIVOSDEV18_006,speech,cafeteria,15,0.05862755540475799,0.05706466631685388,0.9733420730727369,0.391082763671875,0.38836669921875,0.0,0.0,384,0.9845589398325993,0.9892766479432992,0.00010532839459674363,7.160787937963794e-05,7.160671685403877e-05,15.001415690772859,16.708766431044243,1.0005952909031757,16.70883693918695,1.7073507402713837,1.7074212484140894
VIVOSDEV18_006,speech,cafeteria,10,0.060722732137714786,0.056992201113402176,0.9385645063556752,0.375732421875,0.386932373046875,0.0,0.0,384,0.9537715878097864,0.9825950307933022,0.00033303165074672426,0.00011660015059195502,0.00011659213823346162,10.03105850424652,14.620426712543043,0.9984352166528305,14.620725152227518,4.5893682082965235,4.589666647980998
VIVOSDEV18_006,speech,cafeteria,5,0.0659852451503665,0.055809856081568854,0.8457929640844697,0.437347412109375,0.371002197265625,0.0,0.0,384,0.8706956810786267,0.9698377844805428,0.0010531974596346763,0.00019755623721862993,0.0001975473200935385,4.961166731582559,12.26086151940047,0.9983142330056902,12.261057553355544,7.29969478781791,7.299890821772984
VIVOSDEV18_006,speech,cafeteria,0,0.08183272645048337,0.056142460545483955,0.6860636689094738,0.442840576171875,0.351806640625,0.0,0.0,384,0.7089705575561,0.9238295834291892,0.003330623097891479,0.0005033791613887836,0.0004968374192282974,0.04585010277192367,8.283656888301609,0.9546109753041042,8.340466244920892,8.237806785529685,8.294616142148968
VIVOSDEV19_008,speech,office,20,0.030308059905994222,0.02742353049400202,0.9048263260354151,0.1912841796875,0.18255615234375,0.0,0.0,384,0.9950457592872368,0.9332730138833738,9.079398984040973e-06,0.00011517739366738646,0.00011503522154680213,20.007452109899827,8.888648792403519,1.0137150882238797,8.89401292645143,-11.118803317496308,-11.113439183448397
VIVOSDEV19_008,speech,office,15,0.03052726540223568,0.027383905830590683,0.8970310792589109,0.1981201171875,0.18304443359375,0.0,0.0,384,0.9844780014587967,0.9290759160016029,2.8706021609124872e-05,0.00012119831922557493,0.00012116016596267913,14.978147039189926,8.637209280926264,1.0071151654785981,8.638576657007476,-6.340937758263662,-6.339570382182449
VIVOSDEV19_008,speech,office,10,0.031575220499555814,0.027384105627248783,0.8672656974045204,0.205657958984375,0.18292236328125,0.0,0.0,384,0.9533788918217939,0.927565967720602,9.079517039583236e-05,0.00012409274131808745,0.00012405439528156528,9.99160997510413,8.549071806714043,1.0071330632584257,8.550414031442116,-1.4425381683900866,-1.441195943662013
VIVOSDEV19_008,speech,office,5,0.034507783406906384,0.027445693187385625,0.7953479035078401,0.18719482421875,0.17828369140625,0.0,0.0,384,0.8711420382230367,0.9262381093140467,0.0002871126281001511,0.00012589076726489425,0.00012588762013103377,4.979597329571628,8.474479607287797,1.0020389095594702,8.474588176680019,3.4948822777161697,3.494990847108391
VIVOSDEV19_008,speech,office,0,0.04258384952420194,0.027862765020058456,0.6543035759184487,0.197357177734375,0.1790771484375,0.0,0.0,384,0.7066307047411772,0.9154414559002709,0.0009079125743499384,0.0001442214042595476,0.00014379073639956768,-0.011691692845396758,7.892749554341071,0.9765056713352753,7.905737675127682,7.904441247186468,7.917429367973079
VIVOSDEV01_R003,speech,home,20,0.043712638864713195,0.043468707301394405,0.9944196559701248,0.4439697265625,0.44268798828125,0.0,0.0,384,0.9950419516258301,0.9968422328423243,1.8900888017124327e-05,1.2021011019022795e-05,1.200864511433669e-05,20.004145813840275,21.997780956921417,0.9974501331480925,22.002250802155174,1.9936351430811428,1.9981049883148998
VIVOSDEV01_R003,speech,home,15,0.04403560006836026,0.043438470492756585,0.9864398447011804,0.458984375,0.452117919921875,0.0,0.0,384,0.984470356725652,0.9922564617407711,5.97606926803996e-05,2.9362805308471595e-05,2.9182623892861506e-05,14.975974652513264,18.090378428014617,0.9902599190124339,18.117110503915328,3.114403775501353,3.1411358514020638
VIVOSDEV01_R003,speech,home,10,0.04576195837635173,0.04378002642715924,0.9566904035685524,0.438079833984375,0.4383544921875,0.0,0.0,384,0.9538086130342409,0.9875475078051517,0.00018899606618693495,4.7921188056386114e-05,4.746115549006316e-05,10.034788901450542,16.022263790415593,0.984558096399782,16.064156483260497,5.9874748889650515,6.0293675818099555
VIVOSDEV01_R003,speech,home,5,0.050023423779647795,0.04315240226404476,0.8626439176600595,0.449066162109375,0.4500732421875,0.0,0.0,384,0.8724335213882586,0.9808986733591312,0.0005977092421677739,7.265715820607665e-05,7.253766201265643e-05,5.033215210141416,14.21355384923505,0.9920153764603774,14.220702390503162,9.180338639093634,9.187487180361746
VIVOSDEV01_R003,speech,home,0,0.0612944112826799,0.04317982549692656,0.7044659471120164,0.484100341796875,0.44903564453125,0.0,0.0,384,0.704904754835564,0.9665765354877798,0.0018901842455447543,0.00012553032296483893,0.00012350696066956056,-0.05401551343576969,11.751762415759114,0.9671648653279854,11.822334534865295,11.805777929194884,11.876350048301065
VIVOSDEV02_R009,speech,traffic,20,0.057542516988556565,0.057212171510924295,0.9942591062240471,0.731231689453125,0.732513427734375,0.0,0.0,384,0.9950397370202594,0.9987470451523731,3.276702324438297e-05,8.270367485120939e-06,8.269607976237254e-06,20.002215883797774,26.012524281555574,0.9995200614295359,26.012923133092627,6.0103083977578,6.010707249294853
VIVOSDEV02_R009,speech,traffic,15,0.05816824183856873,0.05721576207449618,0.9836254331579092,0.726806640625,0.7293701171875,0.0,0.0,384,0.9845686705650161,0.9975393766381024,0.00010361968649770909,1.624646894980903e-05,1.6238897675280754e-05,15.004215555803341,23.082235030224535,0.9984846809479423,23.08425942452327,8.078019474421193,8.08004386871993
VIVOSDEV02_R009,speech,traffic,10,0.060000856654504324,0.057149996674097814,0.9524863453729957,0.71527099609375,0.7327880859375,0.0,0.0,384,0.9534060164308934,0.9961883636682385,0.0003276706361954164,2.510557186087925e-05,2.507864977863922e-05,9.994331312104928,21.182191957236988,0.9971392936840218,21.18685163191387,11.18786064513206,11.192520319808944
VIVOSDEV02_R009,speech,traffic,5,0.06572231303878687,0.0570318308449541,0.8677696844189892,0.718292236328125,0.73553466796875,0.0,0.0,384,0.8718427195667056,0.9915253665731998,0.0010361875546099882,5.58601067361697e-05,5.581200771336684e-05,5.008635384371791,17.723188066757636,0.9961683379402968,17.726929226066183,12.714552682385845,12.718293841694392
VIVOSDEV02_R009,speech,traffic,0,0.08099538059130464,0.057475219723372606,0.7096110828022077,0.740966796875,0.71917724609375,0.0,0.0,384,0.7074733972045004,0.9794805722531235,0.0032767236627356537,0.00013616602172208792,0.0001343315817147824,0.009008822121540689,13.853906080486206,0.9765195053725425,13.912812287512812,13.844897258364666,13.903803465391272
VIVOSDEV03_R010,speech,cafeteria,20,0.03804732427559033,0.03777008054504582,0.9927131871735227,0.303680419921875,0.3023681640625,0.0,0.0,384,0.9950365210639075,0.9957747930082739,1.4334822594523244e-05,1.2200072426460035e-05,1.2194784688722694e-05,19.999338677845742,20.738405965036794,0.9980833772586961,20.74028868343195,0.7390672871910517,0.7409500055862068
VIVOSDEV03_R010,speech,cafeteria,15,0.038422811664960276,0.03757826355185518,0.9780196170840022,0.302581787109375,0.299560546875,0.0,0.0,384,0.9845278909960297,0.9931900083835112,4.533015771240662e-05,1.959863766738133e-05,1.9598566956296795e-05,14.99247012806258,18.67285174016271,0.9997771721394447,18.672867412656537,3.6803816121001294,3.6803972845939565
VIVOSDEV03_R010,speech,cafeteria,10,0.03975292393729786,0.037268648676610776,0.9375071060280868,0.286895751953125,0.2884521484375,0.0,0.0,384,0.9535735918410477,0.9852462822538465,0.0001433288973849071,4.24733685059844e-05,4.246713089327909e-05,10.011127545784504,15.332066242385405,1.0021096728881367,15.332704094681455,5.320938696600901,5.321576548896951
VIVOSDEV03_R010,speech,cafeteria,5,0.04338191833503566,0.03731016314558669,0.8600394951980406,0.2947998046875,0.30401611328125,0.0,0.0,384,0.8712859366734029,0.963469346984163,0.0004532980850775868,0.00010420200094243118,0.0001033961042314877,4.985549556654674,11.40939596372774,0.9760467277910623,11.443114795306471,6.423846407073065,6.457565238651797
VIVOSDEV03_R010,speech,cafeteria,0,0.053455110469789555,0.036910166989883246,0.6904890227613172,0.356781005859375,0.296417236328125,0.0,0.0,384,0.7059303195846534,0.8947918300206201,0.00143347481667131,0.00029641778622123264,0.00028644151620305314,-0.02888012648469536,6.85474610795719,0.9148062887756241,7.003429064096215,6.883626234441886,7.032309190580911
VIVOSDEV04_R004,speech,office,20,0.07640073165114426,0.0762558123499721,0.9981031686733854,0.592437744140625,0.586517333984375,0.0,0.0,384,0.9950413611961293,0.9966568272362863,5.774456979643222e-05,3.9080044691594526e-05,3.8839722954458504e-05,20.003661051030598,21.72852102256372,0.9935929838802482,21.755310307000684,1.724859971533121,1.7516492559700865
VIVOSDEV04_R004,speech,office,15,0.07717404297086684,0.07697823724650772,0.9974628033361809,0.563812255859375,0.565338134765625,0.0,0.0,384,0.9845511980709939,0.9869755907179887,0.00018259974212292613,0.00015439969949963855,0.00015042631879882615,14.999189363394578,15.75702544047168,0.9741925940433472,15.870251677549893,0.7578360770771013,0.8710623141553153
VIVOSDEV04_R004,speech,office,10,0.07976416109014105,0.07585625033440456,0.9510066839251254,0.54010009765625,0.56512451171875,0.0,0.0,384,0.9535405559955209,0.997544135028331,0.0005774471128177932,2.8616156410447997e-05,2.8615943110712637e-05,10.007817344793855,23.086125467809193,1.0001918507899104,23.08615783755833,13.078308123015338,13.078340492764474
VIVOSDEV04_R004,speech,office,5,0.08721195100163118,0.0759269789439041,0.870602917053008,0.626495361328125,0.5767822265625,0.0,0.0,384,0.8717342864669517,0.9931430262761322,0.0018260254711368255,7.975819095515667e-05,7.957770785234003e-05,5.004133755706739,18.630748106609552,0.9944235898590691,18.640586796821918,13.626614350902813,13.636453041115178
VIVOSDEV04_R004,speech,office,0,0.10703652488482006,0.07563069154352191,0.7065876963485748,0.65155029296875,0.56866455078125,0.0,0.0,384,0.704284056565743,0.9931626244910594,0.0057740526059501885,7.856066479950492e-05,7.797555989821525e-05,-0.0692101834712145,18.62284467197544,0.9899201980231179,18.6553111446733,18.692054855446653,18.72452132814451
VIVOSDEV05_030,speech,home,20,0.08106358760825576,0.08068189852688443,0.9952914854544082,0.6834716796875,0.67657470703125,0.0,0.0,384,0.9950378338945332,0.9983445713350989,6.505424830693176e-05,2.176819263075344e-05,2.174419840782295e-05,20.00055173544677,24.799192081812276,0.9980898262853529,24.80398177679161,4.798640346365506,4.803430041344839
VIVOSDEV05_030,speech,home,15,0.08202594153911014,0.08075267796664236,0.9844773062207316,0.682708740234375,0.6788330078125,0.0,0.0,384,0.9845937867056422,0.9956667552703478,0.0002057171344104697,5.715514227079945e-05,5.7037832211265906e-05,15.011461215344255,20.6177202048568,0.9957800745537898,20.62664319409111,5.606258989512543,5.615181978746854
VIVOSDEV05_030,speech,home,10,0.08464042950452426,0.08126257888459022,0.9600917594616709,0.681549072265625,0.67474365234375,0.0,0.0,384,0.9535161676580539,0.9888397272790281,0.0006505411938889249,0.000148193859004845,0.00014604858304147737,10.005370451427527,16.473923834442385,0.9820673013099014,16.537252431885683,6.468553383014857,6.531881980458156
VIVOSDEV05_030,speech,home,5,0.09266946187367425,0.08006581343343866,0.8639935078352271,0.694915771484375,0.651153564453125,0.0,0.0,384,0.8720330915200609,0.9889390259651868,0.0020572379089864724,0.00014515668798651196,0.00014513436004340123,5.016546442380845,16.575128561138335,0.9981431816949016,16.575796642951612,11.55858211875749,11.559250200570768
VIVOSDEV05_030,speech,home,0,0.11395293156038838,0.07786462814268506,0.6833051776418878,0.653717041015625,0.608428955078125,0.0,0.0,384,0.7064024352091793,0.9585716885806863,0.006505563542217969,0.0005316318541003126,0.0005311331408200338,-0.017295657530162517,10.903551059892195,0.9909763716164716,10.907627005757776,10.920846717422357,10.924922663287939
VIVOSDEV06_006,speech,traffic,20,0.10998772262556807,0.10947200811650762,0.9953111629484674,0.670379638671875,0.661834716796875,0.0,0.0,384,0.9950326853760948,0.9991243155922399,0.00011988389360905239,2.1139865796606784e-05,2.1123751352356353e-05,19.996022522631236,27.564797618177007,0.9988447016251418,27.56810940805561,7.568775095545771,7.572086885424373
VIVOSDEV06_006,speech,traffic,15,0.1112382486359358,0.10930984910941152,0.9826642404912755,0.66107177734375,0.66607666015625,0.0,0.0,384,0.9845646630077985,0.9977261564878535,0.00037904425018060105,5.48961596530195e-05,5.489473528570714e-05,15.003068239283968,23.426736684774873,0.9996560027744831,23.426849371367414,8.423668445490906,8.423781132083446
VIVOSDEV06_006,speech,traffic,10,0.11510196849561061,0.10975572532296364,0.9535521134649331,0.667938232421875,0.663177490234375,0.0,0.0,384,0.9536936982915251,0.9946508356576339,0.0011985665445317778,0.00012985414020360024,0.0001295259904919572,10.023212087061717,19.7074645460467,0.994800040680646,19.718453335705128,9.684252458984984,9.695241248643411
VIVOSDEV06_006,speech,traffic,5,0.12588960714158903,0.10975302194299166,0.8718195602878606,0.699676513671875,0.660247802734375,0.0,0.0,384,0.8722576902102991,0.9873984435729848,0.0037903574226235597,0.00030601852340041895,0.0003042404297607624,5.025892092496253,15.987405542648519,0.9878953565694808,16.012713436993298,10.961513450152266,10.986821344497045
VIVOSDEV06_006,speech,traffic,0,0.15474595227208798,0.10888075668857808,0.7036097234849434,0.874847412109375,0.680694580078125,0.0,0.0,384,0.7067146849059176,0.9836487238129414,0.01198642972034228,0.0003927964154226209,0.0003910704090304472,-0.009630365989927463,14.867781862546108,0.987978442160643,14.886907464735836,14.877412228536036,14.896537830725764
VIVOSDEV07_025,speech,cafeteria,20,0.1223858177621297,0.12157411117713894,0.9933676417755495,0.827667236328125,0.82281494140625,0.0,0.0,384,0.9950253980024786,0.9977331746204158,0.00014865161444284686,6.769303370335263e-05,6.768763515924735e-05,19.989608664437906,23.440032615766025,0.9993980423824738,23.440378977388562,3.450423951328119,3.450770312950656
VIVOSDEV07_025,speech,cafeteria,15,0.12385390101658642,0.12145714269166988,0.9806485035574651,0.842071533203125,0.819183349609375,0.0,0.0,384,0.9845557991670776,0.9961518697256962,0.0004701628858132852,0.00011512275291587578,0.0001151225349369368,15.0005171978401,21.145556389989064,1.000121001303047,21.145564610780063,6.145039192148964,6.145047412939963
VIVOSDEV07_025,speech,cafeteria,10,0.12793521068608352,0.1220540294176344,0.9540300028669991,0.880889892578125,0.843017578125,0.0,0.0,384,0.9535005197022238,0.9905860033061464,0.001486763428035638,0.00028254630089139915,0.0002810566717117141,10.003801346017088,17.249491209874837,0.9900395281512449,17.272448479396804,7.2456898638577485,7.268647133379716
VIVOSDEV07_025,speech,cafeteria,5,0.14001464307229922,0.12225510594176696,0.8731594300364586,0.966766357421875,0.899200439453125,0.0,0.0,384,0.8718703168172935,0.9757444092501134,0.00470188963593392,0.0007297403817037656,0.0007197972192199735,5.009783086069022,13.134991016914551,0.974308526886895,13.194573166772162,8.12520793084553,8.184790080703142
VIVOSDEV07_025,speech,cafeteria,0,0.17241007664555885,0.11556409640744689,0.670286207487883,0.99700927734375,0.9056396484375,0.0,0.0,384,0.7069859784665069,0.9259772504971934,0.014867695242211678,0.002142589163335803,0.0021352618513437458,-0.002967720296905965,8.444247161736286,0.9766684643137306,8.459124795263781,8.447214882033192,8.462092515560688
VIVOSDEV08_005,speech,office,20,0.06115451305362894,0.060872300673112556,0.9953852566814014,0.512603759765625,0.514862060546875,0.0,0.0,384,0.9950364786713013,0.9991125525840125,3.7033987501640934e-05,6.624153682570952e-06,6.61843166242871e-06,19.9993453451201,27.50475029289447,0.9987617148220136,27.508503398556492,7.50540494777437,7.509158053436391
VIVOSDEV08_005,speech,office,15,0.06180872181410171,0.06142009627135256,0.9937124481571065,0.501007080078125,0.511138916015625,0.0,0.0,384,0.9845531240242384,0.9907000063993653,0.00011711263417732765,7.033734946473323e-05,6.904660732875299e-05,14.999740783619455,17.244622480984788,0.9815679390577033,17.32505902667156,2.244881697365333,2.3253182430521058
VIVOSDEV08_005,speech,office,10,0.06379777478130305,0.060893419317301065,0.9544755992829211,0.5174560546875,0.514923095703125,0.0,0.0,384,0.9534215633893217,0.9979091224906669,0.00037033281436339314,1.5631028250568114e-05,1.559286162202804e-05,9.995888065216295,23.772638728901043,0.9968030481228677,23.78325595762773,13.776750663684748,13.787367892411435
VIVOSDEV08_005,speech,office,5,0.06981092008913517,0.06123398482391105,0.8771404924290782,0.512908935546875,0.509857177734375,0.0,0.0,384,0.8716106045957762,0.9898253010014204,0.0011710931548022205,7.657409103391337e-05,7.555571117157491e-05,4.999002831599197,16.874802936267745,0.9835779303106588,16.93294846149621,11.87580010466855,11.933945629897014
VIVOSDEV08_005,speech,office,0,0.08604824815632715,0.060557239634014395,0.7037591227191253,0.544921875,0.517303466796875,0.0,0.0,384,0.706993979604593,0.9938515726374557,0.003703331707597446,4.5730509305692554e-05,4.572129306120298e-05,-0.0027710659310091817,19.111798881779837,0.9984202887840993,19.112674221191362,19.114569947710848,19.115445287122373
VIVOSDEV09_022,speech,home,20,0.07110188731491644,0.0708043779859806,0.9958157323220107,0.335784912109375,0.333251953125,0.0,0.0,384,0.995039764785815,0.9980512326918531,5.002856525670757e-05,1.973025683042369e-05,1.9692334399495813e-05,20.00225092905164,24.087129476091093,0.9972635844490503,24.095484840122072,4.084878547039452,4.093233911070431
VIVOSDEV09_022,speech,home,15,0.07178554876007015,0.07070449082715599,0.9849404517819124,0.34393310546875,0.32684326171875,0.0,0.0,384,0.9845300886036572,0.9946600519029785,0.00015820498489363494,5.3930479732808214e-05,5.376259767056774e-05,14.993118561848288,19.71100281537045,0.9942343290470916,19.72454320538979,4.717884253522161,4.7314246435415015
VIVOSDEV09_022,speech,home,10,0.07415605629232697,0.07057046568246292,0.9516480407786322,0.324493408203125,0.31195068359375,0.0,0.0,384,0.9534271874225223,0.9907018007379739,0.0005002914860572845,9.37521147956571e-05,9.347246835328235e-05,9.99645160670395,17.312897451881245,0.9925445043308271,17.325871069968432,7.316445845177295,7.3294194632644825
VIVOSDEV09_022,speech,home,5,0.08150158620408675,0.07151560900416584,0.8774750570508506,0.397918701171875,0.3216552734375,0.0,0.0,384,0.8728420734918363,0.9721583256170898,0.0015818917085117605,0.00028640769165656614,0.0002807860000017359,5.050267234226178,12.5162134082883,0.9670139656626106,12.602305680683267,7.465946174062122,7.5520384464570895
VIVOSDEV09_022,speech,home,0,0.09927676178754419,0.07174198502184537,0.722646304433013,0.438690185546875,0.368896484375,0.0,0.0,384,0.7017899162440945,0.9526919269328361,0.0050017672226287165,0.00048209683697177113,0.00045302122435772073,-0.13014026855703248,10.073777129463863,0.9252172259817889,10.343934457105494,10.203917398020895,10.474074725662526
VIVOSDEV10_014,speech,traffic,20,0.04284010535318469,0.04230184645240258,0.9874356307869794,0.5133056640625,0.509918212890625,0.0,0.0,384,0.9950354273377474,0.9939445370219285,1.8177706459400262e-05,2.2118413413710174e-05,2.211383181145968e-05,19.998389983436308,19.180406149056964,1.0015938368000785,19.181305846881557,-0.8179838343793442,-0.817084136554751
VIVOSDEV10_014,speech,traffic,15,0.04325063606520844,0.0423278196679113,0.978663518476218,0.503570556640625,0.50860595703125,0.0,0.0,384,0.9845166987379006,0.9930554932450469,5.7478448106267506e-05,2.529530728527419e-05,2.5293481648036447e-05,14.989260801889861,18.58807656382329,0.99899452844246,18.588390006309517,3.5988157619334284,3.599129204419656
VIVOSDEV10_014,speech,traffic,10,0.044681615704267,0.0423106252136115,0.9469358828394141,0.518341064453125,0.5133056640625,0.0,0.0,384,0.9533902106089867,0.9882930451854033,0.00018177091787570604,4.261850626476165e-05,4.2573924212519165e-05,9.992746825176567,16.326173605701438,0.9950292511035582,16.33071901644921,6.333426780524871,6.337972191272641
VIVOSDEV10_014,speech,traffic,5,0.048916092785324196,0.04261909941574877,0.8712694941272037,0.546356201171875,0.516021728515625,0.0,0.0,384,0.8716488408427899,0.9741388270708945,0.0005748146410079342,9.473258458544968e-05,9.354865940693478e-05,5.000588108313398,12.865037474954242,0.9745696217313824,12.919655656616168,7.864449366640844,7.91906754830277
VIVOSDEV10_014,speech,traffic,0,0.060291506816309993,0.04264945816983043,0.7073874982055175,0.547271728515625,0.51507568359375,0.0,0.0,384,0.7070666822776663,0.9530927465765248,0.001817739153963629,0.00017192223061930826,0.00016781443703035916,-0.000985924995727089,10.275174335821873,0.9526646798867957,10.380201505329016,10.2761602608176,10.381187430324742
VIVOSDEV11_022,speech,cafeteria,20,0.05409865000035907,0.05377297175715925,0.9939799192179904,0.5863037109375,0.58935546875,0.0,0.0,384,0.9950249120769575,0.9978064028637728,2.9048611219646656e-05,1.28154606171841e-05,1.2811634723859606e-05,19.989153322149974,23.581129805494054,0.9988547621647432,23.582426529203122,3.59197648334408,3.593273207053148
VIVOSDEV11_022,speech,cafeteria,15,0.054799164964306084,0.05390226908337953,0.9836330374466334,0.580810546875,0.57989501953125,0.0,0.0,384,0.9845843876076475,0.9954829196447098,9.187118434829798e-05,2.650791347120773e-05,2.6470880183253846e-05,15.008744483084959,20.44484713675505,0.9964454435290879,20.450918755274408,5.436102653670092,5.442174272189449
VIVOSDEV11_022,speech,cafeteria,10,0.056749681932595136,0.05370011333625156,0.9462628072529865,0.5955810546875,0.60028076171875,0.0,0.0,384,0.9538374614693571,0.9846114678453302,0.0002904726791613774,9.043630471271468e-05,9.027235879661867e-05,10.037702878890487,15.143392642497194,0.992492907084302,15.151272820404797,5.105689763606707,5.11356994151431
VIVOSDEV11_022,speech,cafeteria,5,0.06201061284946884,0.05266813105369156,0.8493405988672259,0.61199951171875,0.599365234375,0.0,0.0,384,0.8724051018778364,0.9690613090068969,0.0009186820891114708,0.00017992137195256016,0.00017986180452974428,5.032032143176103,12.150922039037123,0.995386214294966,12.152360114820137,7.11888989586102,7.120327971644034
VIVOSDEV11_022,speech,cafeteria,0,0.07638516282856078,0.04990420911232121,0.6533233322330733,0.60162353515625,0.58831787109375,0.0,0.0,384,0.7085769934000135,0.8808566458900043,0.002905202566125074,0.0006672612140532296,0.0006622539984390552,0.036156398222374826,6.463026718899227,0.955356406289155,6.495739647771137,6.426870320676852,6.4595832495487615
