trial_id,message_type,t_before_ns,t_send_ns,t_render_ack_ns,latency_ms,ack,skipped_acks,failure,screen,clock_synchronized,clock_text,firmware_ms,protocol_version,sequence
transport-0000,S,242363661460400,242363661595600,242363673002500,11.5421,SGACK|transport-0000|S|S|0|--:--|10260|1,[],,S,False,--:--,10260,1,0
transport-0001,P,242363673504700,242363673643900,242363684883900,11.3792,SGACK|transport-0001|P|S|0|--:--|10271|1,[],,S,False,--:--,10271,1,1
transport-0002,C,242363685256800,242363685381600,242363697027900,11.7711,SGACK|transport-0002|C|S|0|--:--|10283|1,[],,S,False,--:--,10283,1,2
transport-0003,E,242363697481600,242363697637800,242363706089100,8.6075,SGACK|transport-0003|E|A|0|--:--|10292|1,[],,A,False,--:--,10292,1,3
transport-0004,K,242363719386900,242363719675500,242363722305500,2.9186,SGACK|transport-0004|K|S|1|09:35|10308|1,[],,S,True,09:35,10308,1,4
transport-0005,A,242363722955800,242363723189000,242363731956900,9.0011,SGACK|transport-0005|A|A|1|09:35|10319|1,[],,A,True,09:35,10319,1,5
transport-0006,T,242363744399200,242363744599200,242363746439700,2.0405,SGACK|transport-0006|T|S|1|09:35|10332|1,[],,S,True,09:35,10332,1,6
transport-0007,S,242363746971400,242363747183100,242363759393200,12.4218,SGACK|transport-0007|S|S|1|09:35|10346|1,[],,S,True,09:35,10346,1,7
transport-0008,P,242363759752600,242363759958800,242363772079700,12.3271,SGACK|transport-0008|P|S|1|09:35|10359|1,[],,S,True,09:35,10359,1,8
transport-0009,C,242363772421700,242363772601400,242363783753800,11.3321,SGACK|transport-0009|C|S|1|09:35|10370|1,[],,S,True,09:35,10370,1,9
transport-0010,E,242363783988100,242363784104600,242363793077500,9.0894,SGACK|transport-0010|E|A|1|09:35|10380|1,[],,A,True,09:35,10380,1,10
transport-0011,K,242363806159400,242363806628200,242363809943800,3.7844,SGACK|transport-0011|K|S|1|09:35|10395|1,[],,S,True,09:35,10395,1,11
transport-0012,A,242363810332800,242363810586500,242363819426100,9.0933,SGACK|transport-0012|A|A|1|09:35|10406|1,[],,A,True,09:35,10406,1,12
transport-0013,T,242363833802000,242363834224300,242363837761200,3.9592,SGACK|transport-0013|T|S|1|09:35|10422|1,[],,S,True,09:35,10422,1,13
transport-0014,S,242363838303400,242363838679700,242363852665800,14.3624,SGACK|transport-0014|S|S|1|09:35|10437|1,[],,S,True,09:35,10437,1,14
transport-0015,P,242363853465400,242363853914400,242363866793500,13.3281,SGACK|transport-0015|P|S|1|09:35|10452|1,[],,S,True,09:35,10452,1,15
transport-0016,C,242363867767300,242363868250200,242363880244900,12.4776,SGACK|transport-0016|C|S|1|09:35|10466|1,[],,S,True,09:35,10466,1,16
transport-0017,E,242363880795200,242363881056400,242363890848200,10.053,SGACK|transport-0017|E|A|1|09:35|10477|1,[],,A,True,09:35,10477,1,17
transport-0018,K,242363904074600,242363904381500,242363907466200,3.3916,SGACK|transport-0018|K|S|1|09:35|10493|1,[],,S,True,09:35,10493,1,18
transport-0019,A,242363908027000,242363908306500,242363917672700,9.6457,SGACK|transport-0019|A|A|1|09:35|10504|1,[],,A,True,09:35,10504,1,19
transport-0020,T,242363930968100,242363931318500,242363933968800,3.0007,SGACK|transport-0020|T|S|1|09:35|10519|1,[],,S,True,09:35,10519,1,20
transport-0021,S,242363934314400,242363934533200,242363946422300,12.1079,SGACK|transport-0021|S|S|1|09:35|10533|1,[],,S,True,09:35,10533,1,21
transport-0022,P,242363946739300,242363946976800,242363959140700,12.4014,SGACK|transport-0022|P|S|1|09:35|10546|1,[],,S,True,09:35,10546,1,22
transport-0023,C,242363959489600,242363959661400,242363971260300,11.7707,SGACK|transport-0023|C|S|1|09:35|10557|1,[],,S,True,09:35,10557,1,23
transport-0024,E,242363971693100,242363971907500,242363980848100,9.155,SGACK|transport-0024|E|A|1|09:35|10568|1,[],,A,True,09:35,10568,1,24
transport-0025,K,242363992965400,242363993134800,242363995050400,2.085,SGACK|transport-0025|K|S|1|09:35|10582|1,[],,S,True,09:35,10582,1,25
transport-0026,A,242363995279400,242363995517700,242364004206900,8.9275,SGACK|transport-0026|A|A|1|09:35|10591|1,[],,A,True,09:35,10591,1,26
transport-0027,T,242364017032100,242364017161500,242364018906700,1.8746,SGACK|transport-0027|T|S|1|09:35|10605|1,[],,S,True,09:35,10605,1,27
transport-0028,S,242364019231100,242364019379200,242364031359900,12.1288,SGACK|transport-0028|S|S|1|09:35|10618|1,[],,S,True,09:35,10618,1,28
transport-0029,P,242364031812300,242364032011800,242364043965300,12.153,SGACK|transport-0029|P|S|1|09:35|10631|1,[],,S,True,09:35,10631,1,29
transport-0030,C,242364044301800,242364044574800,242364055652700,11.3509,SGACK|transport-0030|C|S|1|09:35|10642|1,[],,S,True,09:35,10642,1,30
transport-0031,E,242364055996600,242364056168700,242364064721000,8.7244,SGACK|transport-0031|E|A|1|09:35|10652|1,[],,A,True,09:35,10652,1,31
transport-0032,K,242364077091900,242364077251600,242364078855600,1.7637,SGACK|transport-0032|K|S|1|09:35|10666|1,[],,S,True,09:35,10666,1,32
transport-0033,A,242364079085800,242364079252700,242364087854800,8.769,SGACK|transport-0033|A|A|1|09:35|10675|1,[],,A,True,09:35,10675,1,33
transport-0034,T,242364099942000,242364100145700,242364102135800,2.1938,SGACK|transport-0034|T|S|1|09:35|10688|1,[],,S,True,09:35,10688,1,34
transport-0035,S,242364102469500,242364102628100,242364114119500,11.65,SGACK|transport-0035|S|S|1|09:35|10701|1,[],,S,True,09:35,10701,1,35
transport-0036,P,242364114496000,242364114708800,242364125973700,11.4777,SGACK|transport-0036|P|S|1|09:35|10713|1,[],,S,True,09:35,10713,1,36
transport-0037,C,242364126322100,242364126508100,242364138145900,11.8238,SGACK|transport-0037|C|S|1|09:35|10724|1,[],,S,True,09:35,10724,1,37
transport-0038,E,242364138592600,242364138786500,242364146651800,8.0592,SGACK|transport-0038|E|A|1|09:35|10734|1,[],,A,True,09:35,10734,1,38
transport-0039,K,242364158926500,242364159081600,242364160836200,1.9097,SGACK|transport-0039|K|S|1|09:35|10748|1,[],,S,True,09:35,10748,1,39
transport-0040,A,242364161066600,242364161183500,242364169720700,8.6541,SGACK|transport-0040|A|A|1|09:35|10757|1,[],,A,True,09:35,10757,1,40
transport-0041,T,242364182358000,242364182635700,242364185133900,2.7759,SGACK|transport-0041|T|S|1|09:35|10770|1,[],,S,True,09:35,10770,1,41
transport-0042,S,242364185626500,242364185848200,242364198157200,12.5307,SGACK|transport-0042|S|S|1|09:35|10785|1,[],,S,True,09:35,10785,1,42
transport-0043,P,242364198512200,242364198729200,242364210158800,11.6466,SGACK|transport-0043|P|S|1|09:35|10797|1,[],,S,True,09:35,10797,1,43
transport-0044,C,242364210592200,242364210757600,242364221587900,10.9957,SGACK|transport-0044|C|S|1|09:35|10808|1,[],,S,True,09:35,10808,1,44
transport-0045,E,242364221892900,242364222085700,242364230712100,8.8192,SGACK|transport-0045|E|A|1|09:35|10818|1,[],,A,True,09:35,10818,1,45
transport-0046,K,242364243099200,242364243260000,242364244981400,1.8822,SGACK|transport-0046|K|S|1|09:35|10832|1,[],,S,True,09:35,10832,1,46
transport-0047,A,242364245296900,242364245446700,242364254310200,9.0133,SGACK|transport-0047|A|A|1|09:35|10841|1,[],,A,True,09:35,10841,1,47
transport-0048,T,242364266820700,242364267059200,242364268676600,1.8559,SGACK|transport-0048|T|S|1|09:35|10855|1,[],,S,True,09:35,10855,1,48
transport-0049,S,242364268895500,242364269061500,242364281173900,12.2784,SGACK|transport-0049|S|S|1|09:35|10868|1,[],,S,True,09:35,10868,1,49
transport-0050,P,242364281533400,242364281723600,242364292863100,11.3297,SGACK|transport-0050|P|S|1|09:35|10880|1,[],,S,True,09:35,10880,1,50
transport-0051,C,242364293175400,242364293348600,242364304610800,11.4354,SGACK|transport-0051|C|S|1|09:35|10891|1,[],,S,True,09:35,10891,1,51
transport-0052,E,242364304983200,242364305182200,242364313688100,8.7049,SGACK|transport-0052|E|A|1|09:35|10901|1,[],,A,True,09:35,10901,1,52
transport-0053,K,242364326064700,242364326312900,242364327951000,1.8863,SGACK|transport-0053|K|S|1|09:35|10915|1,[],,S,True,09:35,10915,1,53
transport-0054,A,242364328210300,242364328400900,242364337541000,9.3307,SGACK|transport-0054|A|A|1|09:35|10924|1,[],,A,True,09:35,10924,1,54
transport-0055,T,242364349803600,242364350030500,242364352356200,2.5526,SGACK|transport-0055|T|S|1|09:35|10938|1,[],,S,True,09:35,10938,1,55
transport-0056,S,242364352736300,242364352967100,242364365174500,12.4382,SGACK|transport-0056|S|S|1|09:35|10952|1,[],,S,True,09:35,10952,1,56
transport-0057,P,242364365494100,242364365733600,242364376961300,11.4672,SGACK|transport-0057|P|S|1|09:35|10964|1,[],,S,True,09:35,10964,1,57
transport-0058,C,242364377329400,242364377495100,242364388637900,11.3085,SGACK|transport-0058|C|S|1|09:35|10975|1,[],,S,True,09:35,10975,1,58
transport-0059,E,242364388983300,242364389125900,242364397619000,8.6357,SGACK|transport-0059|E|A|1|09:35|10985|1,[],,A,True,09:35,10985,1,59
transport-0060,K,242364409950400,242364410111600,242364411817900,1.8675,SGACK|transport-0060|K|S|1|09:35|10999|1,[],,S,True,09:35,10999,1,60
transport-0061,A,242364412039400,242364412209400,242364420800200,8.7608,SGACK|transport-0061|A|A|1|09:35|11008|1,[],,A,True,09:35,11008,1,61
transport-0062,T,242364432765600,242364432956500,242364434443900,1.6783,SGACK|transport-0062|T|S|1|09:35|11021|1,[],,S,True,09:35,11021,1,62
transport-0063,S,242364434640900,242364434897900,242364447155200,12.5143,SGACK|transport-0063|S|S|1|09:35|11034|1,[],,S,True,09:35,11034,1,63
transport-0064,P,242364447412900,242364447673700,242364458835200,11.4223,SGACK|transport-0064|P|S|1|09:35|11046|1,[],,S,True,09:35,11046,1,64
transport-0065,C,242364459102300,242364459326000,242364470648700,11.5464,SGACK|transport-0065|C|S|1|09:35|11057|1,[],,S,True,09:35,11057,1,65
transport-0066,E,242364471008700,242364471162200,242364479619500,8.6108,SGACK|transport-0066|E|A|1|09:35|11067|1,[],,A,True,09:35,11067,1,66
transport-0067,K,242364491850900,242364492087900,242364493699000,1.8481,SGACK|transport-0067|K|S|1|09:35|11081|1,[],,S,True,09:35,11081,1,67
transport-0068,A,242364493966400,242364494092600,242364502561800,8.5954,SGACK|transport-0068|A|A|1|09:35|11090|1,[],,A,True,09:35,11090,1,68
transport-0069,T,242364514839700,242364515068800,242364516729000,1.8893,SGACK|transport-0069|T|S|1|09:35|11103|1,[],,S,True,09:35,11103,1,69
transport-0070,S,242364516939000,242364517123500,242364529087300,12.1483,SGACK|transport-0070|S|S|1|09:35|11116|1,[],,S,True,09:35,11116,1,70
transport-0071,P,242364529369400,242364529521500,242364540916800,11.5474,SGACK|transport-0071|P|S|1|09:35|11128|1,[],,S,True,09:35,11128,1,71
transport-0072,C,242364541222500,242364541344700,242364553174600,11.9521,SGACK|transport-0072|C|S|1|09:35|11139|1,[],,S,True,09:35,11139,1,72
transport-0073,E,242364553717000,242364554045300,242364562848600,9.1316,SGACK|transport-0073|E|A|1|09:35|11150|1,[],,A,True,09:35,11150,1,73
transport-0074,K,242364574786600,242364575035900,242364576579800,1.7932,SGACK|transport-0074|K|S|1|09:35|11164|1,[],,S,True,09:35,11164,1,74
transport-0075,A,242364576794500,242364576960300,242364585582800,8.7883,SGACK|transport-0075|A|A|1|09:35|11173|1,[],,A,True,09:35,11173,1,75
transport-0076,T,242364597776200,242364597908500,242364599683400,1.9072,SGACK|transport-0076|T|S|1|09:35|11186|1,[],,S,True,09:35,11186,1,76
transport-0077,S,242364599900200,242364600047700,242364612070000,12.1698,SGACK|transport-0077|S|S|1|09:35|11199|1,[],,S,True,09:35,11199,1,77
transport-0078,P,242364612357400,242364612545400,242364623949800,11.5924,SGACK|transport-0078|P|S|1|09:35|11211|1,[],,S,True,09:35,11211,1,78
transport-0079,C,242364624271100,242364624404500,242364635555300,11.2842,SGACK|transport-0079|C|S|1|09:35|11222|1,[],,S,True,09:35,11222,1,79
transport-0080,E,242364635799200,242364635964200,242364644756800,8.9576,SGACK|transport-0080|E|A|1|09:35|11232|1,[],,A,True,09:35,11232,1,80
transport-0081,K,242364656947200,242364657161400,242364658571300,1.6241,SGACK|transport-0081|K|S|1|09:35|11246|1,[],,S,True,09:35,11246,1,81
transport-0082,A,242364658785000,242364659059200,242364667639700,8.8547,SGACK|transport-0082|A|A|1|09:35|11255|1,[],,A,True,09:35,11255,1,82
transport-0083,T,242364679873600,242364680063600,242364681462900,1.5893,SGACK|transport-0083|T|S|1|09:35|11268|1,[],,S,True,09:35,11268,1,83
transport-0084,S,242364681659000,242364681857100,242364694207700,12.5487,SGACK|transport-0084|S|S|1|09:35|11281|1,[],,S,True,09:35,11281,1,84
transport-0085,P,242364694543000,242364694719600,242364705929500,11.3865,SGACK|transport-0085|P|S|1|09:35|11293|1,[],,S,True,09:35,11293,1,85
transport-0086,C,242364706280000,242364706447900,242364717635300,11.3553,SGACK|transport-0086|C|S|1|09:35|11304|1,[],,S,True,09:35,11304,1,86
transport-0087,E,242364717889600,242364718026100,242364726638800,8.7492,SGACK|transport-0087|E|A|1|09:35|11314|1,[],,A,True,09:35,11314,1,87
transport-0088,K,242364738741700,242364738932600,242364740527200,1.7855,SGACK|transport-0088|K|S|1|09:35|11328|1,[],,S,True,09:35,11328,1,88
transport-0089,A,242364740723600,242364740886700,242364749536300,8.8127,SGACK|transport-0089|A|A|1|09:35|11337|1,[],,A,True,09:35,11337,1,89
transport-0090,T,242364761752800,242364761870500,242364763448900,1.6961,SGACK|transport-0090|T|S|1|09:35|11350|1,[],,S,True,09:35,11350,1,90
transport-0091,S,242364763665400,242364763901400,242364776158600,12.4932,SGACK|transport-0091|S|S|1|09:35|11363|1,[],,S,True,09:35,11363,1,91
transport-0092,P,242364776401100,242364776635600,242364787966800,11.5657,SGACK|transport-0092|P|S|1|09:35|11375|1,[],,S,True,09:35,11375,1,92
transport-0093,C,242364788370500,242364788565300,242364800107500,11.737,SGACK|transport-0093|C|S|1|09:35|11386|1,[],,S,True,09:35,11386,1,93
transport-0094,E,242364800393200,242364800551000,242364808721000,8.3278,SGACK|transport-0094|E|A|1|09:35|11396|1,[],,A,True,09:35,11396,1,94
transport-0095,K,242364821498300,242364821755600,242364824116800,2.6185,SGACK|transport-0095|K|S|1|09:35|11410|1,[],,S,True,09:35,11410,1,95
transport-0096,A,242364824416400,242364824613600,242364833228000,8.8116,SGACK|transport-0096|A|A|1|09:35|11420|1,[],,A,True,09:35,11420,1,96
transport-0097,T,242364846446700,242364846652700,242364848776300,2.3296,SGACK|transport-0097|T|S|1|09:35|11434|1,[],,S,True,09:35,11434,1,97
transport-0098,S,242364849152100,242364849366400,242364861615600,12.4635,SGACK|transport-0098|S|S|1|09:35|11448|1,[],,S,True,09:35,11448,1,98
transport-0099,P,242364862016700,242364862221100,242364874509300,12.4926,SGACK|transport-0099|P|S|1|09:35|11461|1,[],,S,True,09:35,11461,1,99
transport-0100,C,242364874960600,242364875150700,242364887345700,12.3851,SGACK|transport-0100|C|S|1|09:35|11473|1,[],,S,True,09:35,11473,1,100
transport-0101,E,242364887778300,242364887978600,242364896601500,8.8232,SGACK|transport-0101|E|A|1|09:35|11484|1,[],,A,True,09:35,11484,1,101
transport-0102,K,242364908808900,242364909051300,242364910614800,1.8059,SGACK|transport-0102|K|S|1|09:35|11498|1,[],,S,True,09:35,11498,1,102
transport-0103,A,242364910830400,242364911034400,242364919703100,8.8727,SGACK|transport-0103|A|A|1|09:35|11507|1,[],,A,True,09:35,11507,1,103
transport-0104,T,242364931870100,242364932104200,242364933923400,2.0533,SGACK|transport-0104|T|S|1|09:35|11520|1,[],,S,True,09:35,11520,1,104
transport-0105,S,242364934164900,242364934326100,242364946217800,12.0529,SGACK|transport-0105|S|S|1|09:35|11533|1,[],,S,True,09:35,11533,1,105
transport-0106,P,242364946516800,242364946762900,242364957865400,11.3486,SGACK|transport-0106|P|S|1|09:35|11545|1,[],,S,True,09:35,11545,1,106
transport-0107,C,242364958163000,242364958412700,242364969596500,11.4335,SGACK|transport-0107|C|S|1|09:35|11556|1,[],,S,True,09:35,11556,1,107
transport-0108,E,242364969908500,242364970075000,242364978810200,8.9017,SGACK|transport-0108|E|A|1|09:35|11566|1,[],,A,True,09:35,11566,1,108
transport-0109,K,242364990909000,242364991087100,242364992655100,1.7461,SGACK|transport-0109|K|S|1|09:35|11580|1,[],,S,True,09:35,11580,1,109
transport-0110,A,242364992907100,242364993057000,242365001647600,8.7405,SGACK|transport-0110|A|A|1|09:35|11589|1,[],,A,True,09:35,11589,1,110
transport-0111,T,242365014509600,242365014701100,242365016618700,2.1091,SGACK|transport-0111|T|S|1|09:35|11602|1,[],,S,True,09:35,11602,1,111
transport-0112,S,242365016882400,242365017078000,242365029225000,12.3426,SGACK|transport-0112|S|S|1|09:35|11616|1,[],,S,True,09:35,11616,1,112
transport-0113,P,242365029509000,242365029700000,242365041017700,11.5087,SGACK|transport-0113|P|S|1|09:35|11628|1,[],,S,True,09:35,11628,1,113
transport-0114,C,242365041294400,242365041521100,242365052890600,11.5962,SGACK|transport-0114|C|S|1|09:35|11639|1,[],,S,True,09:35,11639,1,114
transport-0115,E,242365053241800,242365053474000,242365061789600,8.5478,SGACK|transport-0115|E|A|1|09:35|11649|1,[],,A,True,09:35,11649,1,115
transport-0116,K,242365073780000,242365073928500,242365075563100,1.7831,SGACK|transport-0116|K|S|1|09:35|11663|1,[],,S,True,09:35,11663,1,116
transport-0117,A,242365075771900,242365075943500,242365084600600,8.8287,SGACK|transport-0117|A|A|1|09:35|11672|1,[],,A,True,09:35,11672,1,117
transport-0118,T,242365096778100,242365096918700,242365098461900,1.6838,SGACK|transport-0118|T|S|1|09:35|11685|1,[],,S,True,09:35,11685,1,118
transport-0119,S,242365098665100,242365098902300,242365112765400,14.1003,SGACK|transport-0119|S|S|1|09:35|11698|1,[],,S,True,09:35,11698,1,119
transport-0120,P,242365113039200,242365113244300,242365124914000,11.8748,SGACK|transport-0120|P|S|1|09:35|11712|1,[],,S,True,09:35,11712,1,120
transport-0121,C,242365125189100,242365125352300,242365136955200,11.7661,SGACK|transport-0121|C|S|1|09:35|11723|1,[],,S,True,09:35,11723,1,121
transport-0122,E,242365137199200,242365137361400,242365145669500,8.4703,SGACK|transport-0122|E|A|1|09:35|11733|1,[],,A,True,09:35,11733,1,122
transport-0123,K,242365157960400,242365158598400,242365163028400,5.068,SGACK|transport-0123|K|S|1|09:35|11747|1,[],,S,True,09:35,11747,1,123
transport-0124,A,242365163244900,242365163403900,242365171665400,8.4205,SGACK|transport-0124|A|A|1|09:35|11759|1,[],,A,True,09:35,11759,1,124
transport-0125,T,242365183868600,242365184041500,242365185454100,1.5855,SGACK|transport-0125|T|S|1|09:35|11772|1,[],,S,True,09:35,11772,1,125
transport-0126,S,242365185676200,242365185915100,242365198031400,12.3552,SGACK|transport-0126|S|S|1|09:35|11785|1,[],,S,True,09:35,11785,1,126
transport-0127,P,242365198292900,242365198469000,242365209922400,11.6295,SGACK|transport-0127|P|S|1|09:35|11797|1,[],,S,True,09:35,11797,1,127
transport-0128,C,242365210199300,242365210380400,242365222118400,11.9191,SGACK|transport-0128|C|S|1|09:35|11808|1,[],,S,True,09:35,11808,1,128
transport-0129,E,242365222493600,242365222739300,242365230616300,8.1227,SGACK|transport-0129|E|A|1|09:35|11818|1,[],,A,True,09:35,11818,1,129
transport-0130,K,242365242814300,242365243017000,242365244670300,1.856,SGACK|transport-0130|K|S|1|09:35|11832|1,[],,S,True,09:35,11832,1,130
transport-0131,A,242365244920500,242365245060700,242365253700300,8.7798,SGACK|transport-0131|A|A|1|09:35|11841|1,[],,A,True,09:35,11841,1,131
transport-0132,T,242365265796700,242365265950400,242365267489700,1.693,SGACK|transport-0132|T|S|1|09:35|11854|1,[],,S,True,09:35,11854,1,132
transport-0133,S,242365267891100,242365268095400,242365280050800,12.1597,SGACK|transport-0133|S|S|1|09:35|11867|1,[],,S,True,09:35,11867,1,133
transport-0134,P,242365280346000,242365280599100,242365291944700,11.5987,SGACK|transport-0134|P|S|1|09:35|11879|1,[],,S,True,09:35,11879,1,134
transport-0135,C,242365292242300,242365292374700,242365304291100,12.0488,SGACK|transport-0135|C|S|1|09:35|11890|1,[],,S,True,09:35,11890,1,135
transport-0136,E,242365304663100,242365304922800,242365313688900,9.0258,SGACK|transport-0136|E|A|1|09:35|11901|1,[],,A,True,09:35,11901,1,136
transport-0137,K,242365325776600,242365326026100,242365327552200,1.7756,SGACK|transport-0137|K|S|1|09:35|11915|1,[],,S,True,09:35,11915,1,137
transport-0138,A,242365327760700,242365327904000,242365337307600,9.5469,SGACK|transport-0138|A|A|1|09:35|11924|1,[],,A,True,09:35,11924,1,138
transport-0139,T,242365349814600,242365350049500,242365351652900,1.8383,SGACK|transport-0139|T|S|1|09:35|11938|1,[],,S,True,09:35,11938,1,139
transport-0140,S,242365351871000,242365352019200,242365364616500,12.7455,SGACK|transport-0140|S|S|1|09:35|11951|1,[],,S,True,09:35,11951,1,140
transport-0141,P,242365365053500,242365365299900,242365376879100,11.8256,SGACK|transport-0141|P|S|1|09:35|11964|1,[],,S,True,09:35,11964,1,141
transport-0142,C,242365377145300,242365377353400,242365388569800,11.4245,SGACK|transport-0142|C|S|1|09:35|11975|1,[],,S,True,09:35,11975,1,142
transport-0143,E,242365388850300,242365389043800,242365397673600,8.8233,SGACK|transport-0143|E|A|1|09:35|11985|1,[],,A,True,09:35,11985,1,143
transport-0144,K,242365409898100,242365410122100,242365411703300,1.8052,SGACK|transport-0144|K|S|1|09:35|11999|1,[],,S,True,09:35,11999,1,144
transport-0145,A,242365411925100,242365412113900,242365420658800,8.7337,SGACK|transport-0145|A|A|1|09:35|12008|1,[],,A,True,09:35,12008,1,145
transport-0146,T,242365436967200,242365437105700,242365438695400,1.7282,SGACK|transport-0146|T|S|1|09:35|12025|1,[],,S,True,09:35,12025,1,146
transport-0147,S,242365438913300,242365439056100,242365451158100,12.2448,SGACK|transport-0147|S|S|1|09:35|12038|1,[],,S,True,09:35,12038,1,147
transport-0148,P,242365451551400,242365451777100,242365464366400,12.815,SGACK|transport-0148|P|S|1|09:35|12051|1,[],,S,True,09:35,12051,1,148
transport-0149,C,242365464775400,242365465029400,242365476856200,12.0808,SGACK|transport-0149|C|S|1|09:35|12063|1,[],,S,True,09:35,12063,1,149
transport-0150,E,242365477268400,242365477465100,242365486212700,8.9443,SGACK|transport-0150|E|A|1|09:35|12073|1,[],,A,True,09:35,12073,1,150
transport-0151,K,242365499416200,242365499651800,242365501823100,2.4069,SGACK|transport-0151|K|S|1|09:35|12088|1,[],,S,True,09:35,12088,1,151
transport-0152,A,242365502180500,242365502515700,242365510676100,8.4956,SGACK|transport-0152|A|A|1|09:35|12098|1,[],,A,True,09:35,12098,1,152
transport-0153,T,242365522977600,242365523300500,242365525085200,2.1076,SGACK|transport-0153|T|S|1|09:35|12111|1,[],,S,True,09:35,12111,1,153
transport-0154,S,242365525411700,242365525683400,242365537719400,12.3077,SGACK|transport-0154|S|S|1|09:35|12124|1,[],,S,True,09:35,12124,1,154
transport-0155,P,242365538218800,242365538521200,242365549806900,11.5881,SGACK|transport-0155|P|S|1|09:35|12137|1,[],,S,True,09:35,12137,1,155
transport-0156,C,242365550137500,242365550408800,242365561836400,11.6989,SGACK|transport-0156|C|S|1|09:35|12148|1,[],,S,True,09:35,12148,1,156
transport-0157,E,242365562160100,242365562464200,242365570754300,8.5942,SGACK|transport-0157|E|A|1|09:35|12158|1,[],,A,True,09:35,12158,1,157
transport-0158,K,242365582834400,242365583063800,242365584543000,1.7086,SGACK|transport-0158|K|S|1|09:35|12172|1,[],,S,True,09:35,12172,1,158
transport-0159,A,242365584817600,242365585107800,242365593634600,8.817,SGACK|transport-0159|A|A|1|09:35|12181|1,[],,A,True,09:35,12181,1,159
transport-0160,T,242365605884200,242365606034700,242365607600300,1.7161,SGACK|transport-0160|T|S|1|09:35|12194|1,[],,S,True,09:35,12194,1,160
transport-0161,S,242365607897400,242365608086200,242365620628600,12.7312,SGACK|transport-0161|S|S|1|09:35|12207|1,[],,S,True,09:35,12207,1,161
transport-0162,P,242365621073700,242365621279500,242365632757800,11.6841,SGACK|transport-0162|P|S|1|09:35|12220|1,[],,S,True,09:35,12220,1,162
transport-0163,C,242365633044700,242365633217200,242365644528100,11.4834,SGACK|transport-0163|C|S|1|09:35|12231|1,[],,S,True,09:35,12231,1,163
transport-0164,E,242365644803400,242365644957700,242365654128400,9.325,SGACK|transport-0164|E|A|1|09:35|12241|1,[],,A,True,09:35,12241,1,164
transport-0165,K,242365665888600,242365666030900,242365667509900,1.6213,SGACK|transport-0165|K|S|1|09:35|12255|1,[],,S,True,09:35,12255,1,165
transport-0166,A,242365667727900,242365667849900,242365676638600,8.9107,SGACK|transport-0166|A|A|1|09:35|12264|1,[],,A,True,09:35,12264,1,166
transport-0167,T,242365688677700,242365688797500,242365690864100,2.1864,SGACK|transport-0167|T|S|1|09:35|12277|1,[],,S,True,09:35,12277,1,167
transport-0168,S,242365691083800,242365691295700,242365703678900,12.5951,SGACK|transport-0168|S|S|1|09:35|12290|1,[],,S,True,09:35,12290,1,168
transport-0169,P,242365704066400,242365704262800,242365716462900,12.3965,SGACK|transport-0169|P|S|1|09:35|12303|1,[],,S,True,09:35,12303,1,169
transport-0170,C,242365716856600,242365717073400,242365728632000,11.7754,SGACK|transport-0170|C|S|1|09:35|12315|1,[],,S,True,09:35,12315,1,170
transport-0171,E,242365728911500,242365729036900,242365737608600,8.6971,SGACK|transport-0171|E|A|1|09:35|12325|1,[],,A,True,09:35,12325,1,171
transport-0172,K,242365749643400,242365749806500,242365751495200,1.8518,SGACK|transport-0172|K|S|1|09:35|12339|1,[],,S,True,09:35,12339,1,172
transport-0173,A,242365751717100,242365751865200,242365760804300,9.0872,SGACK|transport-0173|A|A|1|09:35|12348|1,[],,A,True,09:35,12348,1,173
transport-0174,T,242365772787200,242365772974500,242365774770800,1.9836,SGACK|transport-0174|T|S|1|09:35|12361|1,[],,S,True,09:35,12361,1,174
transport-0175,S,242365775008900,242365775212300,242365787546200,12.5373,SGACK|transport-0175|S|S|1|09:35|12374|1,[],,S,True,09:35,12374,1,175
transport-0176,P,242365787911600,242365788163600,242365799916100,12.0045,SGACK|transport-0176|P|S|1|09:35|12387|1,[],,S,True,09:35,12387,1,176
transport-0177,C,242365800202400,242365800430200,242365811717500,11.5151,SGACK|transport-0177|C|S|1|09:35|12398|1,[],,S,True,09:35,12398,1,177
transport-0178,E,242365811991500,242365812133000,242365820744300,8.7528,SGACK|transport-0178|E|A|1|09:35|12408|1,[],,A,True,09:35,12408,1,178
transport-0179,K,242365832818400,242365833034000,242365834835100,2.0167,SGACK|transport-0179|K|S|1|09:35|12422|1,[],,S,True,09:35,12422,1,179
transport-0180,A,242365835069200,242365835275800,242365843683600,8.6144,SGACK|transport-0180|A|A|1|09:35|12431|1,[],,A,True,09:35,12431,1,180
transport-0181,T,242365855853500,242365856077700,242365857867400,2.0139,SGACK|transport-0181|T|S|1|09:35|12444|1,[],,S,True,09:35,12444,1,181
transport-0182,S,242365858101700,242365858248500,242365870474000,12.3723,SGACK|transport-0182|S|S|1|09:35|12457|1,[],,S,True,09:35,12457,1,182
transport-0183,P,242365870739100,242365870939900,242365882814300,12.0752,SGACK|transport-0183|P|S|1|09:35|12470|1,[],,S,True,09:35,12470,1,183
transport-0184,C,242365883063300,242365883208400,242365894865800,11.8025,SGACK|transport-0184|C|S|1|09:35|12481|1,[],,S,True,09:35,12481,1,184
transport-0185,E,242365895169300,242365895288500,242365904099500,8.9302,SGACK|transport-0185|E|A|1|09:35|12491|1,[],,A,True,09:35,12491,1,185
transport-0186,K,242365916439900,242365916790400,242365918892100,2.4522,SGACK|transport-0186|K|S|1|09:35|12505|1,[],,S,True,09:35,12505,1,186
transport-0187,A,242365919375600,242365919544000,242365927584800,8.2092,SGACK|transport-0187|A|A|1|09:35|12515|1,[],,A,True,09:35,12515,1,187
transport-0188,T,242365939767000,242365939953300,242365941462200,1.6952,SGACK|transport-0188|T|S|1|09:35|12528|1,[],,S,True,09:35,12528,1,188
transport-0189,S,242365941685200,242365941895200,242365954035300,12.3501,SGACK|transport-0189|S|S|1|09:35|12541|1,[],,S,True,09:35,12541,1,189
transport-0190,P,242365954307600,242365954479800,242365965790700,11.4831,SGACK|transport-0190|P|S|1|09:35|12553|1,[],,S,True,09:35,12553,1,190
transport-0191,C,242365966099200,242365966283400,242365977490600,11.3914,SGACK|transport-0191|C|S|1|09:35|12564|1,[],,S,True,09:35,12564,1,191
transport-0192,E,242365977786000,242365977902400,242365987308000,9.522,SGACK|transport-0192|E|A|1|09:35|12574|1,[],,A,True,09:35,12574,1,192
transport-0193,K,242365999750100,242365999996500,242366001536000,1.7859,SGACK|transport-0193|K|S|1|09:35|12589|1,[],,S,True,09:35,12589,1,193
transport-0194,A,242366001735200,242366001879600,242366010632400,8.8972,SGACK|transport-0194|A|A|1|09:35|12598|1,[],,A,True,09:35,12598,1,194
transport-0195,T,242366022905300,242366023151700,242366024610600,1.7053,SGACK|transport-0195|T|S|1|09:35|12611|1,[],,S,True,09:35,12611,1,195
transport-0196,S,242366024897300,242366025051400,242366037071400,12.1741,SGACK|transport-0196|S|S|1|09:35|12624|1,[],,S,True,09:35,12624,1,196
transport-0197,P,242366037379600,242366037562300,242366048958800,11.5792,SGACK|transport-0197|P|S|1|09:35|12636|1,[],,S,True,09:35,12636,1,197
transport-0198,C,242366049303300,242366049508000,242366060616600,11.3133,SGACK|transport-0198|C|S|1|09:35|12647|1,[],,S,True,09:35,12647,1,198
transport-0199,E,242366060966600,242366061182000,242366069894900,8.9283,SGACK|transport-0199|E|A|1|09:35|12657|1,[],,A,True,09:35,12657,1,199
transport-0200,K,242366081876200,242366082066100,242366083536600,1.6604,SGACK|transport-0200|K|S|1|09:35|12671|1,[],,S,True,09:35,12671,1,200
transport-0201,A,242366083771900,242366083953400,242366093354300,9.5824,SGACK|transport-0201|A|A|1|09:35|12680|1,[],,A,True,09:35,12680,1,201
transport-0202,T,242366105889400,242366106094900,242366108149800,2.2604,SGACK|transport-0202|T|S|1|09:35|12694|1,[],,S,True,09:35,12694,1,202
transport-0203,S,242366108415700,242366108576400,242366120062300,11.6466,SGACK|transport-0203|S|S|1|09:35|12707|1,[],,S,True,09:35,12707,1,203
transport-0204,P,242366120372600,242366120578900,242366131838900,11.4663,SGACK|transport-0204|P|S|1|09:35|12719|1,[],,S,True,09:35,12719,1,204
transport-0205,C,242366132092900,242366132289400,242366143627300,11.5344,SGACK|transport-0205|C|S|1|09:35|12730|1,[],,S,True,09:35,12730,1,205
transport-0206,E,242366143903000,242366144054800,242366152673000,8.77,SGACK|transport-0206|E|A|1|09:35|12740|1,[],,A,True,09:35,12740,1,206
transport-0207,K,242366164865700,242366165082400,242366167058700,2.193,SGACK|transport-0207|K|S|1|09:35|12754|1,[],,S,True,09:35,12754,1,207
transport-0208,A,242366167278400,242366167536600,242366175731100,8.4527,SGACK|transport-0208|A|A|1|09:35|12763|1,[],,A,True,09:35,12763,1,208
transport-0209,T,242366187932900,242366188116900,242366189909900,1.977,SGACK|transport-0209|T|S|1|09:35|12776|1,[],,S,True,09:35,12776,1,209
transport-0210,S,242366190141800,242366190358800,242366202048200,11.9064,SGACK|transport-0210|S|S|1|09:35|12789|1,[],,S,True,09:35,12789,1,210
transport-0211,P,242366202707700,242366203044400,242366215014700,12.307,SGACK|transport-0211|P|S|1|09:35|12802|1,[],,S,True,09:35,12802,1,211
transport-0212,C,242366215307000,242366215529200,242366226639200,11.3322,SGACK|transport-0212|C|S|1|09:35|12813|1,[],,S,True,09:35,12813,1,212
transport-0213,E,242366226939700,242366227130400,242366235841000,8.9013,SGACK|transport-0213|E|A|1|09:35|12823|1,[],,A,True,09:35,12823,1,213
transport-0214,K,242366248109200,242366248304200,242366249886200,1.777,SGACK|transport-0214|K|S|1|09:35|12837|1,[],,S,True,09:35,12837,1,214
transport-0215,A,242366250103500,242366250289200,242366258683300,8.5798,SGACK|transport-0215|A|A|1|09:35|12846|1,[],,A,True,09:35,12846,1,215
transport-0216,T,242366270820200,242366271046800,242366272630300,1.8101,SGACK|transport-0216|T|S|1|09:35|12859|1,[],,S,True,09:35,12859,1,216
transport-0217,S,242366272847800,242366273070400,242366285082800,12.235,SGACK|transport-0217|S|S|1|09:35|12872|1,[],,S,True,09:35,12872,1,217
transport-0218,P,242366285322300,242366285551300,242366297644600,12.3223,SGACK|transport-0218|P|S|1|09:35|12884|1,[],,S,True,09:35,12884,1,218
transport-0219,C,242366298222000,242366298434700,242366309567200,11.3452,SGACK|transport-0219|C|S|1|09:35|12896|1,[],,S,True,09:35,12896,1,219
transport-0220,E,242366309906000,242366310049600,242366318707600,8.8016,SGACK|transport-0220|E|A|1|09:35|12906|1,[],,A,True,09:35,12906,1,220
transport-0221,K,242366330871800,242366331031400,242366332513800,1.642,SGACK|transport-0221|K|S|1|09:35|12920|1,[],,S,True,09:35,12920,1,221
transport-0222,A,242366332727800,242366332847700,242366341707800,8.98,SGACK|transport-0222|A|A|1|09:35|12929|1,[],,A,True,09:35,12929,1,222
transport-0223,T,242366354223400,242366354421700,242366356949100,2.7257,SGACK|transport-0223|T|S|1|09:35|12942|1,[],,S,True,09:35,12942,1,223
transport-0224,S,242366357277900,242366357475400,242366369034900,11.757,SGACK|transport-0224|S|S|1|09:35|12956|1,[],,S,True,09:35,12956,1,224
transport-0225,P,242366369325200,242366369510500,242366380741000,11.4158,SGACK|transport-0225|P|S|1|09:35|12968|1,[],,S,True,09:35,12968,1,225
transport-0226,C,242366381006300,242366381164000,242366392583700,11.5774,SGACK|transport-0226|C|S|1|09:35|12979|1,[],,S,True,09:35,12979,1,226
transport-0227,E,242366392846500,242366393269800,242366401541200,8.6947,SGACK|transport-0227|E|A|1|09:35|12989|1,[],,A,True,09:35,12989,1,227
transport-0228,K,242366413730900,242366413942800,242366415608900,1.878,SGACK|transport-0228|K|S|1|09:35|13003|1,[],,S,True,09:35,13003,1,228
transport-0229,A,242366415832500,242366416039100,242366424628700,8.7962,SGACK|transport-0229|A|A|1|09:35|13012|1,[],,A,True,09:35,13012,1,229
transport-0230,T,242366437425600,242366437658100,242366439049700,1.6241,SGACK|transport-0230|T|S|1|09:35|13025|1,[],,S,True,09:35,13025,1,230
transport-0231,S,242366439256900,242366439476900,242366450963900,11.707,SGACK|transport-0231|S|S|1|09:35|13038|1,[],,S,True,09:35,13038,1,231
transport-0232,P,242366451208200,242366451376900,242366462783400,11.5752,SGACK|transport-0232|P|S|1|09:35|13050|1,[],,S,True,09:35,13050,1,232
transport-0233,C,242366463073800,242366463330700,242366474602000,11.5282,SGACK|transport-0233|C|S|1|09:35|13061|1,[],,S,True,09:35,13061,1,233
transport-0234,E,242366474919200,242366475048900,242366483742200,8.823,SGACK|transport-0234|E|A|1|09:35|13071|1,[],,A,True,09:35,13071,1,234
transport-0235,K,242366495747200,242366495992300,242366497521800,1.7746,SGACK|transport-0235|K|S|1|09:35|13085|1,[],,S,True,09:35,13085,1,235
transport-0236,A,242366497745600,242366497876500,242366506754800,9.0092,SGACK|transport-0236|A|A|1|09:35|13094|1,[],,A,True,09:35,13094,1,236
transport-0237,T,242366518696100,242366518833900,242366520616000,1.9199,SGACK|transport-0237|T|S|1|09:35|13107|1,[],,S,True,09:35,13107,1,237
transport-0238,S,242366520863100,242366521047500,242366532918200,12.0551,SGACK|transport-0238|S|S|1|09:35|13120|1,[],,S,True,09:35,13120,1,238
transport-0239,P,242366533149500,242366533320900,242366544765400,11.6159,SGACK|transport-0239|P|S|1|09:35|13132|1,[],,S,True,09:35,13132,1,239
transport-0240,C,242366545018900,242366545156200,242366556605500,11.5866,SGACK|transport-0240|C|S|1|09:35|13143|1,[],,S,True,09:35,13143,1,240
transport-0241,E,242366556919500,242366557042000,242366565657900,8.7384,SGACK|transport-0241|E|A|1|09:35|13153|1,[],,A,True,09:35,13153,1,241
transport-0242,K,242366577642300,242366577773800,242366579549500,1.9072,SGACK|transport-0242|K|S|1|09:35|13167|1,[],,S,True,09:35,13167,1,242
transport-0243,A,242366579797700,242366580088100,242366588480300,8.6826,SGACK|transport-0243|A|A|1|09:35|13176|1,[],,A,True,09:35,13176,1,243
transport-0244,T,242366600543500,242366600660300,242366602026400,1.4829,SGACK|transport-0244|T|S|1|09:35|13188|1,[],,S,True,09:35,13188,1,244
transport-0245,S,242366602238400,242366602388200,242366613862700,11.6243,SGACK|transport-0245|S|S|1|09:35|13201|1,[],,S,True,09:35,13201,1,245
transport-0246,P,242366614157100,242366614331500,242366625668200,11.5111,SGACK|transport-0246|P|S|1|09:35|13213|1,[],,S,True,09:35,13213,1,246
transport-0247,C,242366625936500,242366626131000,242366637527600,11.5911,SGACK|transport-0247|C|S|1|09:35|13224|1,[],,S,True,09:35,13224,1,247
transport-0248,E,242366637797000,242366637978000,242366646550100,8.7531,SGACK|transport-0248|E|A|1|09:35|13234|1,[],,A,True,09:35,13234,1,248
transport-0249,K,242366658744400,242366658892100,242366660796900,2.0525,SGACK|transport-0249|K|S|1|09:35|13248|1,[],,S,True,09:35,13248,1,249
transport-0250,A,242366661070800,242366661194500,242366669727800,8.657,SGACK|transport-0250|A|A|1|09:35|13257|1,[],,A,True,09:35,13257,1,250
transport-0251,T,242366681624600,242366681739300,242366683575200,1.9506,SGACK|transport-0251|T|S|1|09:35|13270|1,[],,S,True,09:35,13270,1,251
transport-0252,S,242366683777900,242366683942100,242366696077100,12.2992,SGACK|transport-0252|S|S|1|09:35|13283|1,[],,S,True,09:35,13283,1,252
transport-0253,P,242366696342500,242366696577800,242366708260200,11.9177,SGACK|transport-0253|P|S|1|09:35|13295|1,[],,S,True,09:35,13295,1,253
transport-0254,C,242366708612000,242366708821600,242366720494600,11.8826,SGACK|transport-0254|C|S|1|09:35|13307|1,[],,S,True,09:35,13307,1,254
transport-0255,E,242366720793800,242366720912200,242366729755300,8.9615,SGACK|transport-0255|E|A|1|09:35|13317|1,[],,A,True,09:35,13317,1,255
transport-0256,K,242366741629100,242366741801600,242366743418700,1.7896,SGACK|transport-0256|K|S|1|09:35|13331|1,[],,S,True,09:35,13331,1,256
transport-0257,A,242366743619900,242366743780000,242366753146700,9.5268,SGACK|transport-0257|A|A|1|09:35|13340|1,[],,A,True,09:35,13340,1,257
transport-0258,T,242366764646900,242366764780400,242366766361700,1.7148,SGACK|transport-0258|T|S|1|09:35|13353|1,[],,S,True,09:35,13353,1,258
transport-0259,S,242366766556800,242366766686500,242366778933000,12.3762,SGACK|transport-0259|S|S|1|09:35|13366|1,[],,S,True,09:35,13366,1,259
transport-0260,P,242366779180100,242366779402600,242366790617300,11.4372,SGACK|transport-0260|P|S|1|09:35|13378|1,[],,S,True,09:35,13378,1,260
transport-0261,C,242366790859700,242366791087400,242366803189200,12.3295,SGACK|transport-0261|C|S|1|09:35|13389|1,[],,S,True,09:35,13389,1,261
transport-0262,E,242366803601000,242366803788200,242366812522800,8.9218,SGACK|transport-0262|E|A|1|09:35|13400|1,[],,A,True,09:35,13400,1,262
transport-0263,K,242366824578800,242366824789100,242366826541200,1.9624,SGACK|transport-0263|K|S|1|09:35|13414|1,[],,S,True,09:35,13414,1,263
transport-0264,A,242366826714000,242366826876800,242366835855200,9.1412,SGACK|transport-0264|A|A|1|09:35|13423|1,[],,A,True,09:35,13423,1,264
transport-0265,T,242366853349500,242366853493900,242366857791900,4.4424,SGACK|transport-0265|T|S|1|09:35|13441|1,[],,S,True,09:35,13441,1,265
transport-0266,S,242366858137000,242366858321700,242366870474800,12.3378,SGACK|transport-0266|S|S|1|09:35|13457|1,[],,S,True,09:35,13457,1,266
transport-0267,P,242366870896000,242366871065600,242366882608100,11.7121,SGACK|transport-0267|P|S|1|09:35|13470|1,[],,S,True,09:35,13470,1,267
transport-0268,C,242366882909400,242366883057900,242366894859500,11.9501,SGACK|transport-0268|C|S|1|09:35|13481|1,[],,S,True,09:35,13481,1,268
transport-0269,E,242366895244400,242366895433800,242366903592900,8.3485,SGACK|transport-0269|E|A|1|09:35|13491|1,[],,A,True,09:35,13491,1,269
transport-0270,K,242366915681400,242366915868700,242366917551500,1.8701,SGACK|transport-0270|K|S|1|09:35|13505|1,[],,S,True,09:35,13505,1,270
transport-0271,A,242366917772500,242366917929500,242366926556000,8.7835,SGACK|transport-0271|A|A|1|09:35|13514|1,[],,A,True,09:35,13514,1,271
transport-0272,T,242366938649100,242366938796500,242366940321800,1.6727,SGACK|transport-0272|T|S|1|09:35|13527|1,[],,S,True,09:35,13527,1,272
transport-0273,S,242366940556000,242366940685300,242366953367600,12.8116,SGACK|transport-0273|S|S|1|09:35|13540|1,[],,S,True,09:35,13540,1,273
transport-0274,P,242366953752900,242366954027700,242366965646800,11.8939,SGACK|transport-0274|P|S|1|09:35|13553|1,[],,S,True,09:35,13553,1,274
transport-0275,C,242366965967100,242366966089000,242366977421000,11.4539,SGACK|transport-0275|C|S|1|09:35|13564|1,[],,S,True,09:35,13564,1,275
transport-0276,E,242366977716600,242366977832900,242366986615800,8.8992,SGACK|transport-0276|E|A|1|09:35|13574|1,[],,A,True,09:35,13574,1,276
transport-0277,K,242366998713300,242366998905600,242367000816400,2.1031,SGACK|transport-0277|K|S|1|09:35|13588|1,[],,S,True,09:35,13588,1,277
transport-0278,A,242367001064000,242367001253100,242367009548500,8.4845,SGACK|transport-0278|A|A|1|09:35|13597|1,[],,A,True,09:35,13597,1,278
transport-0279,T,242367021781600,242367021932200,242367023763100,1.9815,SGACK|transport-0279|T|S|1|09:35|13610|1,[],,S,True,09:35,13610,1,279
transport-0280,S,242367024012100,242367024177800,242367036410400,12.3983,SGACK|transport-0280|S|S|1|09:35|13623|1,[],,S,True,09:35,13623,1,280
transport-0281,P,242367036744800,242367036908500,242367048630300,11.8855,SGACK|transport-0281|P|S|1|09:35|13636|1,[],,S,True,09:35,13636,1,281
transport-0282,C,242367048910900,242367049068800,242367060423600,11.5127,SGACK|transport-0282|C|S|1|09:35|13647|1,[],,S,True,09:35,13647,1,282
transport-0283,E,242367060761000,242367060919300,242367070198300,9.4373,SGACK|transport-0283|E|A|1|09:35|13657|1,[],,A,True,09:35,13657,1,283
transport-0284,K,242367082708400,242367082945900,242367084529900,1.8215,SGACK|transport-0284|K|S|1|09:35|13672|1,[],,S,True,09:35,13672,1,284
transport-0285,A,242367084755500,242367084901900,242367093595000,8.8395,SGACK|transport-0285|A|A|1|09:35|13681|1,[],,A,True,09:35,13681,1,285
transport-0286,T,242367105762200,242367105949200,242367108327700,2.5655,SGACK|transport-0286|T|S|1|09:35|13694|1,[],,S,True,09:35,13694,1,286
transport-0287,S,242367108677900,242367108957200,242367120974800,12.2969,SGACK|transport-0287|S|S|1|09:35|13708|1,[],,S,True,09:35,13708,1,287
transport-0288,P,242367121296600,242367121528300,242367133276500,11.9799,SGACK|transport-0288|P|S|1|09:35|13720|1,[],,S,True,09:35,13720,1,288
transport-0289,C,242367133650200,242367133901700,242367145571100,11.9209,SGACK|transport-0289|C|S|1|09:35|13732|1,[],,S,True,09:35,13732,1,289
transport-0290,E,242367145874000,242367146100700,242367155168200,9.2942,SGACK|transport-0290|E|A|1|09:35|13742|1,[],,A,True,09:35,13742,1,290
transport-0291,K,242367167728600,242367167985200,242367170095700,2.3671,SGACK|transport-0291|K|S|1|09:35|13757|1,[],,S,True,09:35,13757,1,291
transport-0292,A,242367170483300,242367170696100,242367179957300,9.474,SGACK|transport-0292|A|A|1|09:35|13767|1,[],,A,True,09:35,13767,1,292
transport-0293,T,242367191684700,242367191874900,242367193834400,2.1497,SGACK|transport-0293|T|S|1|09:35|13780|1,[],,S,True,09:35,13780,1,293
transport-0294,S,242367194246200,242367194462000,242367206338600,12.0924,SGACK|transport-0294|S|S|1|09:35|13793|1,[],,S,True,09:35,13793,1,294
transport-0295,P,242367206744500,242367207024300,242367219143500,12.399,SGACK|transport-0295|P|S|1|09:35|13806|1,[],,S,True,09:35,13806,1,295
transport-0296,C,242367219630900,242367219832000,242367231839600,12.2087,SGACK|transport-0296|C|S|1|09:35|13818|1,[],,S,True,09:35,13818,1,296
transport-0297,E,242367232255500,242367232489100,242367240633900,8.3784,SGACK|transport-0297|E|A|1|09:35|13828|1,[],,A,True,09:35,13828,1,297
transport-0298,K,242367253319100,242367253632600,242367255492400,2.1733,SGACK|transport-0298|K|S|1|09:35|13842|1,[],,S,True,09:35,13842,1,298
transport-0299,A,242367255791500,242367256039700,242367264905300,9.1138,SGACK|transport-0299|A|A|1|09:35|13852|1,[],,A,True,09:35,13852,1,299
transport-0300,T,242367277456400,242367277696500,242367279466900,2.0105,SGACK|transport-0300|T|S|1|09:35|13865|1,[],,S,True,09:35,13865,1,300
transport-0301,S,242367279727000,242367279924500,242367291952200,12.2252,SGACK|transport-0301|S|S|1|09:35|13879|1,[],,S,True,09:35,13879,1,301
transport-0302,P,242367292269300,242367292527700,242367303716300,11.447,SGACK|transport-0302|P|S|1|09:35|13891|1,[],,S,True,09:35,13891,1,302
transport-0303,C,242367304032200,242367304195300,242367315397600,11.3654,SGACK|transport-0303|C|S|1|09:35|13902|1,[],,S,True,09:35,13902,1,303
transport-0304,E,242367315706200,242367315827100,242367324582300,8.8761,SGACK|transport-0304|E|A|1|09:35|13912|1,[],,A,True,09:35,13912,1,304
transport-0305,K,242367337235500,242367337478200,242367338831200,1.5957,SGACK|transport-0305|K|S|1|09:35|13926|1,[],,S,True,09:35,13926,1,305
transport-0306,A,242367339071900,242367339302000,242367347425200,8.3533,SGACK|transport-0306|A|A|1|09:35|13935|1,[],,A,True,09:35,13935,1,306
transport-0307,T,242367360246200,242367360412900,242367361895100,1.6489,SGACK|transport-0307|T|S|1|09:35|13948|1,[],,S,True,09:35,13948,1,307
transport-0308,S,242367362121500,242367362251800,242367373958800,11.8373,SGACK|transport-0308|S|S|1|09:35|13961|1,[],,S,True,09:35,13961,1,308
transport-0309,P,242367374292500,242367374489500,242367386260200,11.9677,SGACK|transport-0309|P|S|1|09:35|13973|1,[],,S,True,09:35,13973,1,309
transport-0310,C,242367386709200,242367386933700,242367398384200,11.675,SGACK|transport-0310|C|S|1|09:35|13985|1,[],,S,True,09:35,13985,1,310
transport-0311,E,242367398683000,242367398822200,242367408078200,9.3952,SGACK|transport-0311|E|A|1|09:35|13995|1,[],,A,True,09:35,13995,1,311
transport-0312,K,242367420275700,242367420552800,242367422599000,2.3233,SGACK|transport-0312|K|S|1|09:35|14009|1,[],,S,True,09:35,14009,1,312
transport-0313,A,242367422935000,242367423130600,242367436075400,13.1404,SGACK|transport-0313|A|A|1|09:35|14023|1,[],,A,True,09:35,14023,1,313
transport-0314,T,242367448719900,242367448932300,242367451064100,2.3442,SGACK|transport-0314|T|S|1|09:35|14037|1,[],,S,True,09:35,14037,1,314
transport-0315,S,242367451413400,242367451651300,242367463478500,12.0651,SGACK|transport-0315|S|S|1|09:35|14050|1,[],,S,True,09:35,14050,1,315
transport-0316,P,242367463919300,242367464152900,242367476263800,12.3445,SGACK|transport-0316|P|S|1|09:35|14063|1,[],,S,True,09:35,14063,1,316
transport-0317,C,242367476682600,242367476944000,242367488456800,11.7742,SGACK|transport-0317|C|S|1|09:35|14075|1,[],,S,True,09:35,14075,1,317
transport-0318,E,242367488795900,242367489010100,242367497974700,9.1788,SGACK|transport-0318|E|A|1|09:35|14085|1,[],,A,True,09:35,14085,1,318
transport-0319,K,242367510226600,242367510416300,242367512175600,1.949,SGACK|transport-0319|K|S|1|09:35|14099|1,[],,S,True,09:35,14099,1,319
transport-0320,A,242367512426300,242367512569600,242367520888700,8.4624,SGACK|transport-0320|A|A|1|09:35|14108|1,[],,A,True,09:35,14108,1,320
transport-0321,T,242367533172200,242367533358800,242367535174000,2.0018,SGACK|transport-0321|T|S|1|09:35|14121|1,[],,S,True,09:35,14121,1,321
transport-0322,S,242367535573700,242367535826900,242367548023800,12.4501,SGACK|transport-0322|S|S|1|09:35|14135|1,[],,S,True,09:35,14135,1,322
transport-0323,P,242367548285600,242367548496700,242367560162200,11.8766,SGACK|transport-0323|P|S|1|09:35|14147|1,[],,S,True,09:35,14147,1,323
transport-0324,C,242367560546900,242367560728200,242367572850200,12.3033,SGACK|transport-0324|C|S|1|09:35|14159|1,[],,S,True,09:35,14159,1,324
transport-0325,E,242367573245000,242367573416900,242367581485500,8.2405,SGACK|transport-0325|E|A|1|09:35|14169|1,[],,A,True,09:35,14169,1,325
transport-0326,K,242367593696600,242367593867200,242367595375800,1.6792,SGACK|transport-0326|K|S|1|09:35|14183|1,[],,S,True,09:35,14183,1,326
transport-0327,A,242367595600100,242367595741900,242367605020200,9.4201,SGACK|transport-0327|A|A|1|09:35|14192|1,[],,A,True,09:35,14192,1,327
transport-0328,T,242367616618500,242367616748300,242367618274100,1.6556,SGACK|transport-0328|T|S|1|09:35|14205|1,[],,S,True,09:35,14205,1,328
transport-0329,S,242367618565300,242367618705700,242367630919600,12.3543,SGACK|transport-0329|S|S|1|09:35|14218|1,[],,S,True,09:35,14218,1,329
transport-0330,P,242367631221800,242367631453100,242367643149500,11.9277,SGACK|transport-0330|P|S|1|09:35|14230|1,[],,S,True,09:35,14230,1,330
transport-0331,C,242367643523300,242367643759300,242367655400400,11.8771,SGACK|transport-0331|C|S|1|09:35|14242|1,[],,S,True,09:35,14242,1,331
transport-0332,E,242367655662200,242367655860400,242367664625700,8.9635,SGACK|transport-0332|E|A|1|09:35|14252|1,[],,A,True,09:35,14252,1,332
transport-0333,K,242367676668200,242367676886900,242367679266300,2.5981,SGACK|transport-0333|K|S|1|09:35|14266|1,[],,S,True,09:35,14266,1,333
transport-0334,A,242367679615500,242367679842900,242367688480700,8.8652,SGACK|transport-0334|A|A|1|09:35|14276|1,[],,A,True,09:35,14276,1,334
transport-0335,T,242367700586100,242367700859100,242367702927000,2.3409,SGACK|transport-0335|T|S|1|09:35|14289|1,[],,S,True,09:35,14289,1,335
transport-0336,S,242367703314000,242367703523300,242367715404500,12.0905,SGACK|transport-0336|S|S|1|09:35|14302|1,[],,S,True,09:35,14302,1,336
transport-0337,P,242367715807000,242367716040500,242367728181400,12.3744,SGACK|transport-0337|P|S|1|09:35|14315|1,[],,S,True,09:35,14315,1,337
transport-0338,C,242367728606500,242367728789600,242367740489400,11.8829,SGACK|transport-0338|C|S|1|09:35|14327|1,[],,S,True,09:35,14327,1,338
transport-0339,E,242367740802800,242367740995100,242367750008100,9.2053,SGACK|transport-0339|E|A|1|09:35|14337|1,[],,A,True,09:35,14337,1,339
transport-0340,K,242367761699900,242367761911500,242367763442700,1.7428,SGACK|transport-0340|K|S|1|09:35|14351|1,[],,S,True,09:35,14351,1,340
transport-0341,A,242367763693100,242367763816400,242367772886600,9.1935,SGACK|transport-0341|A|A|1|09:35|14360|1,[],,A,True,09:35,14360,1,341
transport-0342,T,242367784656000,242367784812700,242367787016800,2.3608,SGACK|transport-0342|T|S|1|09:35|14373|1,[],,S,True,09:35,14373,1,342
transport-0343,S,242367787407700,242367787607100,242367798900000,11.4923,SGACK|transport-0343|S|S|1|09:35|14386|1,[],,S,True,09:35,14386,1,343
transport-0344,P,242367799208300,242367799387600,242367811163200,11.9549,SGACK|transport-0344|P|S|1|09:35|14398|1,[],,S,True,09:35,14398,1,344
transport-0345,C,242367811556000,242367811763400,242367823404600,11.8486,SGACK|transport-0345|C|S|1|09:35|14410|1,[],,S,True,09:35,14410,1,345
transport-0346,E,242367823957500,242367824167200,242367833030700,9.0732,SGACK|transport-0346|E|A|1|09:35|14420|1,[],,A,True,09:35,14420,1,346
transport-0347,K,242367845202400,242367845436700,242367847726200,2.5238,SGACK|transport-0347|K|S|1|09:35|14434|1,[],,S,True,09:35,14434,1,347
transport-0348,A,242367848043600,242367848218100,242367856908800,8.8652,SGACK|transport-0348|A|A|1|09:35|14444|1,[],,A,True,09:35,14444,1,348
transport-0349,T,242367869302400,242367869531400,242367871731000,2.4286,SGACK|transport-0349|T|S|1|09:35|14457|1,[],,S,True,09:35,14457,1,349
transport-0350,S,242367872116900,242367872357100,242367884299100,12.1822,SGACK|transport-0350|S|S|1|09:35|14471|1,[],,S,True,09:35,14471,1,350
transport-0351,P,242367884670400,242367884866200,242367897214400,12.544,SGACK|transport-0351|P|S|1|09:35|14484|1,[],,S,True,09:35,14484,1,351
transport-0352,C,242367897582600,242367897753100,242367909408800,11.8262,SGACK|transport-0352|C|S|1|09:35|14496|1,[],,S,True,09:35,14496,1,352
transport-0353,E,242367909690000,242367909845000,242367918976300,9.2863,SGACK|transport-0353|E|A|1|09:35|14506|1,[],,A,True,09:35,14506,1,353
transport-0354,K,242367932291300,242367932521300,242367934661200,2.3699,SGACK|transport-0354|K|S|1|09:35|14521|1,[],,S,True,09:35,14521,1,354
transport-0355,A,242367935088900,242367935361400,242367943880200,8.7913,SGACK|transport-0355|A|A|1|09:35|14531|1,[],,A,True,09:35,14531,1,355
transport-0356,T,242367956171800,242367956356000,242367958267400,2.0956,SGACK|transport-0356|T|S|1|09:35|14544|1,[],,S,True,09:35,14544,1,356
transport-0357,S,242367958621600,242367958800600,242367970929200,12.3076,SGACK|transport-0357|S|S|1|09:35|14558|1,[],,S,True,09:35,14558,1,357
transport-0358,P,242367971262300,242367971460700,242367982754900,11.4926,SGACK|transport-0358|P|S|1|09:35|14570|1,[],,S,True,09:35,14570,1,358
transport-0359,C,242367983040600,242367983195300,242367994909900,11.8693,SGACK|transport-0359|C|S|1|09:35|14581|1,[],,S,True,09:35,14581,1,359
transport-0360,E,242367995321500,242367995510300,242368003461600,8.1401,SGACK|transport-0360|E|A|1|09:35|14591|1,[],,A,True,09:35,14591,1,360
transport-0361,K,242368016390400,242368016655000,242368018640200,2.2498,SGACK|transport-0361|K|S|1|09:35|14606|1,[],,S,True,09:35,14606,1,361
transport-0362,A,242368019134700,242368019402000,242368027631200,8.4965,SGACK|transport-0362|A|A|1|09:35|14615|1,[],,A,True,09:35,14615,1,362
transport-0363,T,242368040224300,242368040429800,242368042934700,2.7104,SGACK|transport-0363|T|S|1|09:35|14628|1,[],,S,True,09:35,14628,1,363
transport-0364,S,242368043328100,242368043530800,242368055454700,12.1266,SGACK|transport-0364|S|S|1|09:35|14642|1,[],,S,True,09:35,14642,1,364
transport-0365,P,242368055869900,242368056140300,242368068175100,12.3052,SGACK|transport-0365|P|S|1|09:35|14655|1,[],,S,True,09:35,14655,1,365
transport-0366,C,242368068802700,242368069062900,242368080915400,12.1127,SGACK|transport-0366|C|S|1|09:35|14667|1,[],,S,True,09:35,14667,1,366
transport-0367,E,242368081305500,242368081555700,242368089921000,8.6155,SGACK|transport-0367|E|A|1|09:35|14677|1,[],,A,True,09:35,14677,1,367
transport-0368,K,242368102064400,242368102302200,242368104024100,1.9597,SGACK|transport-0368|K|S|1|09:35|14691|1,[],,S,True,09:35,14691,1,368
transport-0369,A,242368104308400,242368104498000,242368112644900,8.3365,SGACK|transport-0369|A|A|1|09:35|14700|1,[],,A,True,09:35,14700,1,369
transport-0370,T,242368125103200,242368125301200,242368127337100,2.2339,SGACK|transport-0370|T|S|1|09:35|14713|1,[],,S,True,09:35,14713,1,370
transport-0371,S,242368127719800,242368127926900,242368140370200,12.6504,SGACK|transport-0371|S|S|1|09:35|14727|1,[],,S,True,09:35,14727,1,371
transport-0372,P,242368140769800,242368141018200,242368152755100,11.9853,SGACK|transport-0372|P|S|1|09:35|14740|1,[],,S,True,09:35,14740,1,372
transport-0373,C,242368153093600,242368153281100,242368164953300,11.8597,SGACK|transport-0373|C|S|1|09:35|14751|1,[],,S,True,09:35,14751,1,373
transport-0374,E,242368165355600,242368165562300,242368174243200,8.8876,SGACK|transport-0374|E|A|1|09:35|14761|1,[],,A,True,09:35,14761,1,374
transport-0375,K,242368187359000,242368187656300,242368190207400,2.8484,SGACK|transport-0375|K|S|1|09:35|14776|1,[],,S,True,09:35,14776,1,375
transport-0376,A,242368190610700,242368190846200,242368199991300,9.3806,SGACK|transport-0376|A|A|1|09:35|14787|1,[],,A,True,09:35,14787,1,376
transport-0377,T,242368212158200,242368212368800,242368214209100,2.0509,SGACK|transport-0377|T|S|1|09:35|14800|1,[],,S,True,09:35,14800,1,377
transport-0378,S,242368214621800,242368214833200,242368227369800,12.748,SGACK|transport-0378|S|S|1|09:35|14814|1,[],,S,True,09:35,14814,1,378
transport-0379,P,242368227790900,242368228039500,242368240222100,12.4312,SGACK|transport-0379|P|S|1|09:35|14827|1,[],,S,True,09:35,14827,1,379
transport-0380,C,242368240635400,242368240852100,242368252428700,11.7933,SGACK|transport-0380|C|S|1|09:35|14839|1,[],,S,True,09:35,14839,1,380
transport-0381,E,242368252776500,242368252998000,242368261879700,9.1032,SGACK|transport-0381|E|A|1|09:35|14849|1,[],,A,True,09:35,14849,1,381
transport-0382,K,242368274179500,242368274385600,242368276363600,2.1841,SGACK|transport-0382|K|S|1|09:35|14863|1,[],,S,True,09:35,14863,1,382
transport-0383,A,242368276740100,242368276921900,242368285907400,9.1673,SGACK|transport-0383|A|A|1|09:35|14873|1,[],,A,True,09:35,14873,1,383
transport-0384,T,242368298247700,242368298492500,242368300717000,2.4693,SGACK|transport-0384|T|S|1|09:35|14886|1,[],,S,True,09:35,14886,1,384
transport-0385,S,242368301068300,242368301320900,242368313355900,12.2876,SGACK|transport-0385|S|S|1|09:35|14900|1,[],,S,True,09:35,14900,1,385
transport-0386,P,242368313746200,242368314012900,242368326198900,12.4527,SGACK|transport-0386|P|S|1|09:35|14913|1,[],,S,True,09:35,14913,1,386
transport-0387,C,242368326569500,242368326767300,242368338878000,12.3085,SGACK|transport-0387|C|S|1|09:35|14925|1,[],,S,True,09:35,14925,1,387
transport-0388,E,242368339265100,242368339467600,242368347920300,8.6552,SGACK|transport-0388|E|A|1|09:35|14935|1,[],,A,True,09:35,14935,1,388
transport-0389,K,242368360295100,242368360524200,242368362921500,2.6264,SGACK|transport-0389|K|S|1|09:35|14949|1,[],,S,True,09:35,14949,1,389
transport-0390,A,242368363277900,242368363531800,242368371887000,8.6091,SGACK|transport-0390|A|A|1|09:35|14959|1,[],,A,True,09:35,14959,1,390
transport-0391,T,242368384205300,242368384429700,242368386554000,2.3487,SGACK|transport-0391|T|S|1|09:35|14972|1,[],,S,True,09:35,14972,1,391
transport-0392,S,242368386917300,242368387174600,242368399315800,12.3985,SGACK|transport-0392|S|S|1|09:35|14986|1,[],,S,True,09:35,14986,1,392
transport-0393,P,242368399677400,242368399901300,242368412245000,12.5676,SGACK|transport-0393|P|S|1|09:35|14999|1,[],,S,True,09:35,14999,1,393
transport-0394,C,242368412727400,242368412953200,242368424875700,12.1483,SGACK|transport-0394|C|S|1|09:35|15011|1,[],,S,True,09:35,15011,1,394
transport-0395,E,242368425203400,242368425382500,242368433929400,8.726,SGACK|transport-0395|E|A|1|09:35|15021|1,[],,A,True,09:35,15021,1,395
transport-0396,K,242368446401200,242368446661600,242368448131400,1.7302,SGACK|transport-0396|K|S|1|09:35|15035|1,[],,S,True,09:35,15035,1,396
transport-0397,A,242368448380200,242368448584600,242368456444900,8.0647,SGACK|transport-0397|A|A|1|09:35|15044|1,[],,A,True,09:35,15044,1,397
transport-0398,T,242368468676800,242368468908100,242368470354500,1.6777,SGACK|transport-0398|T|S|1|09:35|15057|1,[],,S,True,09:35,15057,1,398
transport-0399,S,242368470615000,242368470808200,242368483260900,12.6459,SGACK|transport-0399|S|S|1|09:35|15070|1,[],,S,True,09:35,15070,1,399
transport-0400,P,242368483649600,242368483871500,242368495617800,11.9682,SGACK|transport-0400|P|S|1|09:35|15083|1,[],,S,True,09:35,15083,1,400
transport-0401,C,242368495925200,242368496044400,242368507423800,11.4986,SGACK|transport-0401|C|S|1|09:35|15094|1,[],,S,True,09:35,15094,1,401
transport-0402,E,242368507752800,242368507886400,242368516399700,8.6469,SGACK|transport-0402|E|A|1|09:35|15104|1,[],,A,True,09:35,15104,1,402
transport-0403,K,242368529149000,242368529332900,242368530792000,1.643,SGACK|transport-0403|K|S|1|09:35|15118|1,[],,S,True,09:35,15118,1,403
transport-0404,A,242368531044800,242368531186900,242368539801900,8.7571,SGACK|transport-0404|A|A|1|09:35|15127|1,[],,A,True,09:35,15127,1,404
transport-0405,T,242368551988300,242368552201000,242368553831200,1.8429,SGACK|transport-0405|T|S|1|09:35|15140|1,[],,S,True,09:35,15140,1,405
transport-0406,S,242368554145900,242368554286300,242368565786400,11.6405,SGACK|transport-0406|S|S|1|09:35|15153|1,[],,S,True,09:35,15153,1,406
transport-0407,P,242368566094500,242368566260200,242368577585600,11.4911,SGACK|transport-0407|P|S|1|09:35|15165|1,[],,S,True,09:35,15165,1,407
transport-0408,C,242368577918300,242368578075800,242368589405500,11.4872,SGACK|transport-0408|C|S|1|09:35|15176|1,[],,S,True,09:35,15176,1,408
transport-0409,E,242368589733100,242368589891100,242368598827100,9.094,SGACK|transport-0409|E|A|1|09:35|15186|1,[],,A,True,09:35,15186,1,409
transport-0410,K,242368610742000,242368610887800,242368612813400,2.0714,SGACK|transport-0410|K|S|1|09:35|15200|1,[],,S,True,09:35,15200,1,410
transport-0411,A,242368613165300,242368613428600,242368621867800,8.7025,SGACK|transport-0411|A|A|1|09:35|15209|1,[],,A,True,09:35,15209,1,411
transport-0412,T,242368634152300,242368634351700,242368636352000,2.1997,SGACK|transport-0412|T|S|1|09:35|15222|1,[],,S,True,09:35,15222,1,412
transport-0413,S,242368636740600,242368637031800,242368649244900,12.5043,SGACK|transport-0413|S|S|1|09:35|15236|1,[],,S,True,09:35,15236,1,413
transport-0414,P,242368649670600,242368649924700,242368662141100,12.4705,SGACK|transport-0414|P|S|1|09:35|15249|1,[],,S,True,09:35,15249,1,414
transport-0415,C,242368662701400,242368662892500,242368674842100,12.1407,SGACK|transport-0415|C|S|1|09:35|15261|1,[],,S,True,09:35,15261,1,415
transport-0416,E,242368675274600,242368675444000,242368683833300,8.5587,SGACK|transport-0416|E|A|1|09:35|15271|1,[],,A,True,09:35,15271,1,416
transport-0417,K,242368696178500,242368696371600,242368697974300,1.7958,SGACK|transport-0417|K|S|1|09:35|15285|1,[],,S,True,09:35,15285,1,417
transport-0418,A,242368698335100,242368698491500,242368706635000,8.2999,SGACK|transport-0418|A|A|1|09:35|15294|1,[],,A,True,09:35,15294,1,418
transport-0419,T,242368718678600,242368718868700,242368720362000,1.6834,SGACK|transport-0419|T|S|1|09:35|15307|1,[],,S,True,09:35,15307,1,419
transport-0420,S,242368720612300,242368720791000,242368732776400,12.1641,SGACK|transport-0420|S|S|1|09:35|15320|1,[],,S,True,09:35,15320,1,420
transport-0421,P,242368733053200,242368733307100,242368745207900,12.1547,SGACK|transport-0421|P|S|1|09:35|15332|1,[],,S,True,09:35,15332,1,421
transport-0422,C,242368745660900,242368745946500,242368757420000,11.7591,SGACK|transport-0422|C|S|1|09:35|15344|1,[],,S,True,09:35,15344,1,422
transport-0423,E,242368757736200,242368757935600,242368766413600,8.6774,SGACK|transport-0423|E|A|1|09:35|15354|1,[],,A,True,09:35,15354,1,423
transport-0424,K,242368778655700,242368778865100,242368780329800,1.6741,SGACK|transport-0424|K|S|1|09:35|15368|1,[],,S,True,09:35,15368,1,424
transport-0425,A,242368780566500,242368780731800,242368789419800,8.8533,SGACK|transport-0425|A|A|1|09:35|15377|1,[],,A,True,09:35,15377,1,425
transport-0426,T,242368801615300,242368801804200,242368803339700,1.7244,SGACK|transport-0426|T|S|1|09:35|15390|1,[],,S,True,09:35,15390,1,426
transport-0427,S,242368803589100,242368803803100,242368815898900,12.3098,SGACK|transport-0427|S|S|1|09:35|15403|1,[],,S,True,09:35,15403,1,427
transport-0428,P,242368816177800,242368816420000,242368827621700,11.4439,SGACK|transport-0428|P|S|1|09:35|15415|1,[],,S,True,09:35,15415,1,428
transport-0429,C,242368827945300,242368828199300,242368839419400,11.4741,SGACK|transport-0429|C|S|1|09:35|15426|1,[],,S,True,09:35,15426,1,429
transport-0430,E,242368839749300,242368839936600,242368848504900,8.7556,SGACK|transport-0430|E|A|1|09:35|15436|1,[],,A,True,09:35,15436,1,430
transport-0431,K,242368860626600,242368860875400,242368862331900,1.7053,SGACK|transport-0431|K|S|1|09:35|15450|1,[],,S,True,09:35,15450,1,431
transport-0432,A,242368862541300,242368862777900,242368871433800,8.8925,SGACK|transport-0432|A|A|1|09:35|15459|1,[],,A,True,09:35,15459,1,432
transport-0433,T,242368883534400,242368883685300,242368885580500,2.0461,SGACK|transport-0433|T|S|1|09:35|15472|1,[],,S,True,09:35,15472,1,433
transport-0434,S,242368885983400,242368886178800,242368897841000,11.8576,SGACK|transport-0434|S|S|1|09:35|15485|1,[],,S,True,09:35,15485,1,434
transport-0435,P,242368898192600,242368898338700,242368909642200,11.4496,SGACK|transport-0435|P|S|1|09:35|15497|1,[],,S,True,09:35,15497,1,435
transport-0436,C,242368909964000,242368910141700,242368921407900,11.4439,SGACK|transport-0436|C|S|1|09:35|15508|1,[],,S,True,09:35,15508,1,436
transport-0437,E,242368921703400,242368921831100,242368930390100,8.6867,SGACK|transport-0437|E|A|1|09:35|15518|1,[],,A,True,09:35,15518,1,437
transport-0438,K,242368942603000,242368942777200,242368944418200,1.8152,SGACK|transport-0438|K|S|1|09:35|15532|1,[],,S,True,09:35,15532,1,438
transport-0439,A,242368944627900,242368944779300,242368953524800,8.8969,SGACK|transport-0439|A|A|1|09:35|15541|1,[],,A,True,09:35,15541,1,439
transport-0440,T,242368965605500,242368965759700,242368967302800,1.6973,SGACK|transport-0440|T|S|1|09:35|15554|1,[],,S,True,09:35,15554,1,440
transport-0441,S,242368967544400,242368967742600,242368979994200,12.4498,SGACK|transport-0441|S|S|1|09:35|15567|1,[],,S,True,09:35,15567,1,441
transport-0442,P,242368980331100,242368980490200,242368991571200,11.2401,SGACK|transport-0442|P|S|1|09:35|15579|1,[],,S,True,09:35,15579,1,442
transport-0443,C,242368991878200,242368992057900,242369003571900,11.6937,SGACK|transport-0443|C|S|1|09:35|15590|1,[],,S,True,09:35,15590,1,443
transport-0444,E,242369003887000,242369004073000,242369012436300,8.5493,SGACK|transport-0444|E|A|1|09:35|15600|1,[],,A,True,09:35,15600,1,444
transport-0445,K,242369024573300,242369024741800,242369026342200,1.7689,SGACK|transport-0445|K|S|1|09:35|15614|1,[],,S,True,09:35,15614,1,445
transport-0446,A,242369026615900,242369026763000,242369035480100,8.8642,SGACK|transport-0446|A|A|1|09:35|15623|1,[],,A,True,09:35,15623,1,446
transport-0447,T,242369047625800,242369047751200,242369049328100,1.7023,SGACK|transport-0447|T|S|1|09:35|15636|1,[],,S,True,09:35,15636,1,447
transport-0448,S,242369049542900,242369049670200,242369061821300,12.2784,SGACK|transport-0448|S|S|1|09:35|15649|1,[],,S,True,09:35,15649,1,448
transport-0449,P,242369062132200,242369062272300,242369073532900,11.4007,SGACK|transport-0449|P|S|1|09:35|15661|1,[],,S,True,09:35,15661,1,449
transport-0450,C,242369073817300,242369073982900,242369085987800,12.1705,SGACK|transport-0450|C|S|1|09:35|15672|1,[],,S,True,09:35,15672,1,450
transport-0451,E,242369086382400,242369086561700,242369094481400,8.099,SGACK|transport-0451|E|A|1|09:35|15682|1,[],,A,True,09:35,15682,1,451
transport-0452,K,242369106654000,242369106886800,242369108340700,1.6867,SGACK|transport-0452|K|S|1|09:35|15696|1,[],,S,True,09:35,15696,1,452
transport-0453,A,242369108598400,242369108757100,242369117352000,8.7536,SGACK|transport-0453|A|A|1|09:35|15705|1,[],,A,True,09:35,15705,1,453
transport-0454,T,242369129671700,242369129843800,242369131348300,1.6766,SGACK|transport-0454|T|S|1|09:35|15718|1,[],,S,True,09:35,15718,1,454
transport-0455,S,242369131585700,242369131802400,242369143819700,12.234,SGACK|transport-0455|S|S|1|09:35|15731|1,[],,S,True,09:35,15731,1,455
transport-0456,P,242369144122600,242369144305400,242369155663600,11.541,SGACK|transport-0456|P|S|1|09:35|15743|1,[],,S,True,09:35,15743,1,456
transport-0457,C,242369155978300,242369156110400,242369167380100,11.4018,SGACK|transport-0457|C|S|1|09:35|15754|1,[],,S,True,09:35,15754,1,457
transport-0458,E,242369167688900,242369167824300,242369176346700,8.6578,SGACK|transport-0458|E|A|1|09:35|15764|1,[],,A,True,09:35,15764,1,458
transport-0459,K,242369188651300,242369188810700,242369190306700,1.6554,SGACK|transport-0459|K|S|1|09:35|15778|1,[],,S,True,09:35,15778,1,459
transport-0460,A,242369190522700,242369190692700,242369199376000,8.8533,SGACK|transport-0460|A|A|1|09:35|15787|1,[],,A,True,09:35,15787,1,460
transport-0461,T,242369211633900,242369211884300,242369213179700,1.5458,SGACK|transport-0461|T|S|1|09:35|15800|1,[],,S,True,09:35,15800,1,461
transport-0462,S,242369213392200,242369213630600,242369224998200,11.606,SGACK|transport-0462|S|S|1|09:35|15812|1,[],,S,True,09:35,15812,1,462
transport-0463,P,242369225307200,242369225552700,242369236743300,11.4361,SGACK|transport-0463|P|S|1|09:35|15824|1,[],,S,True,09:35,15824,1,463
transport-0464,C,242369237056300,242369237261000,242369248383100,11.3268,SGACK|transport-0464|C|S|1|09:35|15835|1,[],,S,True,09:35,15835,1,464
transport-0465,E,242369248665400,242369248885600,242369257447700,8.7823,SGACK|transport-0465|E|A|1|09:35|15845|1,[],,A,True,09:35,15845,1,465
transport-0466,K,242369269583000,242369269721800,242369271301400,1.7184,SGACK|transport-0466|K|S|1|09:35|15859|1,[],,S,True,09:35,15859,1,466
transport-0467,A,242369271517400,242369271633000,242369280473000,8.9556,SGACK|transport-0467|A|A|1|09:35|15868|1,[],,A,True,09:35,15868,1,467
transport-0468,T,242369292702600,242369292877700,242369294363100,1.6605,SGACK|transport-0468|T|S|1|09:35|15881|1,[],,S,True,09:35,15881,1,468
transport-0469,S,242369294657000,242369294787800,242369306789700,12.1327,SGACK|transport-0469|S|S|1|09:35|15894|1,[],,S,True,09:35,15894,1,469
transport-0470,P,242369307092600,242369307256800,242369319126100,12.0335,SGACK|transport-0470|P|S|1|09:35|15906|1,[],,S,True,09:35,15906,1,470
transport-0471,C,242369319519400,242369319707300,242369331368300,11.8489,SGACK|transport-0471|C|S|1|09:35|15918|1,[],,S,True,09:35,15918,1,471
transport-0472,E,242369331626100,242369331782600,242369340370600,8.7445,SGACK|transport-0472|E|A|1|09:35|15928|1,[],,A,True,09:35,15928,1,472
transport-0473,K,242369353099100,242369353272400,242369354782000,1.6829,SGACK|transport-0473|K|S|1|09:35|15942|1,[],,S,True,09:35,15942,1,473
transport-0474,A,242369355001900,242369355153500,242369363409400,8.4075,SGACK|transport-0474|A|A|1|09:35|15951|1,[],,A,True,09:35,15951,1,474
transport-0475,T,242369375590200,242369375815300,242369377184500,1.5943,SGACK|transport-0475|T|S|1|09:35|15964|1,[],,S,True,09:35,15964,1,475
transport-0476,S,242369377380300,242369377561700,242369388932800,11.5525,SGACK|transport-0476|S|S|1|09:35|15976|1,[],,S,True,09:35,15976,1,476
transport-0477,P,242369389182400,242369389409400,242369400551700,11.3693,SGACK|transport-0477|P|S|1|09:35|15988|1,[],,S,True,09:35,15988,1,477
transport-0478,C,242369400786900,242369400916900,242369412434800,11.6479,SGACK|transport-0478|C|S|1|09:35|15999|1,[],,S,True,09:35,15999,1,478
transport-0479,E,242369412750400,242369412886800,242369421856900,9.1065,SGACK|transport-0479|E|A|1|09:35|16009|1,[],,A,True,09:35,16009,1,479
transport-0480,K,242369433851800,242369434021900,242369439554400,5.7026,SGACK|transport-0480|K|S|1|09:35|16027|1,[],,S,True,09:35,16027,1,480
transport-0481,A,242369439957100,242369440119400,242369448552600,8.5955,SGACK|transport-0481|A|A|1|09:35|16036|1,[],,A,True,09:35,16036,1,481
transport-0482,T,242369460850200,242369461000600,242369462548100,1.6979,SGACK|transport-0482|T|S|1|09:35|16049|1,[],,S,True,09:35,16049,1,482
transport-0483,S,242369462829500,242369462992900,242369474806000,11.9765,SGACK|transport-0483|S|S|1|09:35|16062|1,[],,S,True,09:35,16062,1,483
transport-0484,P,242369475153300,242369475343900,242369487060400,11.9071,SGACK|transport-0484|P|S|1|09:35|16074|1,[],,S,True,09:35,16074,1,484
transport-0485,C,242369487523200,242369487727000,242369499828400,12.3052,SGACK|transport-0485|C|S|1|09:35|16086|1,[],,S,True,09:35,16086,1,485
transport-0486,E,242369500263000,242369500468400,242369508407200,8.1442,SGACK|transport-0486|E|A|1|09:35|16096|1,[],,A,True,09:35,16096,1,486
transport-0487,K,242369521173100,242369521361100,242369523176100,2.003,SGACK|transport-0487|K|S|1|09:35|16110|1,[],,S,True,09:35,16110,1,487
transport-0488,A,242369523551700,242369523729900,242369532342200,8.7905,SGACK|transport-0488|A|A|1|09:35|16120|1,[],,A,True,09:35,16120,1,488
transport-0489,T,242369544601700,242369544723500,242369546125400,1.5237,SGACK|transport-0489|T|S|1|09:35|16133|1,[],,S,True,09:35,16133,1,489
transport-0490,S,242369546369200,242369546501400,242369557835300,11.4661,SGACK|transport-0490|S|S|1|09:35|16145|1,[],,S,True,09:35,16145,1,490
transport-0491,P,242369558147100,242369558334300,242369569971400,11.8243,SGACK|transport-0491|P|S|1|09:35|16157|1,[],,S,True,09:35,16157,1,491
transport-0492,C,242369570432000,242369570602800,242369582890100,12.4581,SGACK|transport-0492|C|S|1|09:35|16169|1,[],,S,True,09:35,16169,1,492
transport-0493,E,242369583315700,242369583502200,242369591586900,8.2712,SGACK|transport-0493|E|A|1|09:35|16179|1,[],,A,True,09:35,16179,1,493
transport-0494,K,242369603701500,242369603874500,242369605979100,2.2776,SGACK|transport-0494|K|S|1|09:35|16193|1,[],,S,True,09:35,16193,1,494
transport-0495,A,242369606352400,242369606524100,242369614911700,8.5593,SGACK|transport-0495|A|A|1|09:35|16202|1,[],,A,True,09:35,16202,1,495
transport-0496,T,242369627216600,242369627394100,242369629586200,2.3696,SGACK|transport-0496|T|S|1|09:35|16215|1,[],,S,True,09:35,16215,1,496
transport-0497,S,242369629980200,242369630193200,242369642381500,12.4013,SGACK|transport-0497|S|S|1|09:35|16229|1,[],,S,True,09:35,16229,1,497
transport-0498,P,242369642844400,242369643071400,242369654744000,11.8996,SGACK|transport-0498|P|S|1|09:35|16242|1,[],,S,True,09:35,16242,1,498
transport-0499,C,242369655114500,242369655262800,242369666636700,11.5222,SGACK|transport-0499|C|S|1|09:35|16253|1,[],,S,True,09:35,16253,1,499
transport-0500,E,242369667045700,242369667216100,242369675644400,8.5987,SGACK|transport-0500|E|A|1|09:35|16263|1,[],,A,True,09:35,16263,1,500
transport-0501,K,242369687921300,242369688109000,242369689746800,1.8255,SGACK|transport-0501|K|S|1|09:35|16277|1,[],,S,True,09:35,16277,1,501
transport-0502,A,242369690136400,242369690307000,242369698641900,8.5055,SGACK|transport-0502|A|A|1|09:35|16286|1,[],,A,True,09:35,16286,1,502
transport-0503,T,242369710665500,242369710806800,242369712399100,1.7336,SGACK|transport-0503|T|S|1|09:35|16299|1,[],,S,True,09:35,16299,1,503
transport-0504,S,242369712679000,242369712823800,242369724899800,12.2208,SGACK|transport-0504|S|S|1|09:35|16312|1,[],,S,True,09:35,16312,1,504
transport-0505,P,242369725254000,242369725405000,242369736574200,11.3202,SGACK|transport-0505|P|S|1|09:35|16324|1,[],,S,True,09:35,16324,1,505
transport-0506,C,242369736811700,242369736976900,242369748376600,11.5649,SGACK|transport-0506|C|S|1|09:35|16335|1,[],,S,True,09:35,16335,1,506
transport-0507,E,242369748625600,242369748754600,242369757638900,9.0133,SGACK|transport-0507|E|A|1|09:35|16345|1,[],,A,True,09:35,16345,1,507
transport-0508,K,242369769829900,242369770009700,242369771530200,1.7003,SGACK|transport-0508|K|S|1|09:35|16359|1,[],,S,True,09:35,16359,1,508
transport-0509,A,242369771772500,242369772032100,242369780729500,8.957,SGACK|transport-0509|A|A|1|09:35|16368|1,[],,A,True,09:35,16368,1,509
transport-0510,T,242369793379800,242369793639100,242369796362100,2.9823,SGACK|transport-0510|T|S|1|09:35|16382|1,[],,S,True,09:35,16382,1,510
transport-0511,S,242369796783100,242369797110000,242369809966900,13.1838,SGACK|transport-0511|S|S|1|09:35|16396|1,[],,S,True,09:35,16396,1,511
transport-0512,P,242369810545300,242369810864600,242369823662000,13.1167,SGACK|transport-0512|P|S|1|09:35|16410|1,[],,S,True,09:35,16410,1,512
transport-0513,C,242369824327400,242369824623400,242369836901400,12.574,SGACK|transport-0513|C|S|1|09:35|16422|1,[],,S,True,09:35,16422,1,513
transport-0514,E,242369837524400,242369837851600,242369847691800,10.1674,SGACK|transport-0514|E|A|1|09:35|16434|1,[],,A,True,09:35,16434,1,514
transport-0515,K,242369862121800,242369862594700,242369865888800,3.767,SGACK|transport-0515|K|S|1|09:35|16451|1,[],,S,True,09:35,16451,1,515
transport-0516,A,242369866442100,242369866731300,242369876141700,9.6996,SGACK|transport-0516|A|A|1|09:35|16463|1,[],,A,True,09:35,16463,1,516
transport-0517,T,242369889373300,242369889628000,242369891891400,2.5181,SGACK|transport-0517|T|S|1|09:35|16478|1,[],,S,True,09:35,16478,1,517
transport-0518,S,242369892209800,242369892403400,242369904647700,12.4379,SGACK|transport-0518|S|S|1|09:35|16491|1,[],,S,True,09:35,16491,1,518
transport-0519,P,242369905195400,242369905542000,242369918037200,12.8418,SGACK|transport-0519|P|S|1|09:35|16504|1,[],,S,True,09:35,16504,1,519
transport-0520,C,242369919239200,242369919641500,242369931665100,12.4259,SGACK|transport-0520|C|S|1|09:35|16517|1,[],,S,True,09:35,16517,1,520
transport-0521,E,242369932427200,242369932900700,242369942739700,10.3125,SGACK|transport-0521|E|A|1|09:35|16529|1,[],,A,True,09:35,16529,1,521
transport-0522,K,242369956773500,242369957143600,242369959850000,3.0765,SGACK|transport-0522|K|S|1|09:35|16546|1,[],,S,True,09:35,16546,1,522
transport-0523,A,242369960240700,242369960459900,242369969581200,9.3405,SGACK|transport-0523|A|A|1|09:35|16556|1,[],,A,True,09:35,16556,1,523
transport-0524,T,242369983592500,242369984045500,242369987246600,3.6541,SGACK|transport-0524|T|S|1|09:35|16572|1,[],,S,True,09:35,16572,1,524
transport-0525,S,242369987846200,242369988152300,242370002041500,14.1953,SGACK|transport-0525|S|S|1|09:35|16587|1,[],,S,True,09:35,16587,1,525
transport-0526,P,242370003776200,242370004109100,242370017240500,13.4643,SGACK|transport-0526|P|S|1|09:35|16603|1,[],,S,True,09:35,16603,1,526
transport-0527,C,242370018917300,242370019617800,242370031160100,12.2428,SGACK|transport-0527|C|S|1|09:35|16617|1,[],,S,True,09:35,16617,1,527
transport-0528,E,242370031830700,242370032025500,242370041195000,9.3643,SGACK|transport-0528|E|A|1|09:35|16628|1,[],,A,True,09:35,16628,1,528
transport-0529,K,242370054844200,242370055195800,242370058249300,3.4051,SGACK|transport-0529|K|S|1|09:35|16644|1,[],,S,True,09:35,16644,1,529
transport-0530,A,242370058930000,242370059216300,242370068052900,9.1229,SGACK|transport-0530|A|A|1|09:35|16655|1,[],,A,True,09:35,16655,1,530
transport-0531,T,242370081192600,242370081484300,242370083374500,2.1819,SGACK|transport-0531|T|S|1|09:35|16669|1,[],,S,True,09:35,16669,1,531
transport-0532,S,242370083579100,242370083713300,242370096122800,12.5437,SGACK|transport-0532|S|S|1|09:35|16683|1,[],,S,True,09:35,16683,1,532
transport-0533,P,242370096579600,242370096812500,242370109133300,12.5537,SGACK|transport-0533|P|S|1|09:35|16696|1,[],,S,True,09:35,16696,1,533
transport-0534,C,242370109672200,242370109875500,242370121551300,11.8791,SGACK|transport-0534|C|S|1|09:35|16708|1,[],,S,True,09:35,16708,1,534
transport-0535,E,242370121998500,242370122198400,242370130970100,8.9716,SGACK|transport-0535|E|A|1|09:35|16718|1,[],,A,True,09:35,16718,1,535
transport-0536,K,242370144481300,242370144739800,242370147463600,2.9823,SGACK|transport-0536|K|S|1|09:35|16734|1,[],,S,True,09:35,16734,1,536
transport-0537,A,242370147971100,242370148240400,242370157021800,9.0507,SGACK|transport-0537|A|A|1|09:35|16744|1,[],,A,True,09:35,16744,1,537
transport-0538,T,242370170998400,242370171301100,242370173913600,2.9152,SGACK|transport-0538|T|S|1|09:35|16759|1,[],,S,True,09:35,16759,1,538
transport-0539,S,242370174356400,242370174646400,242370187448200,13.0918,SGACK|transport-0539|S|S|1|09:35|16774|1,[],,S,True,09:35,16774,1,539
transport-0540,P,242370187924300,242370188217400,242370200740600,12.8163,SGACK|transport-0540|P|S|1|09:35|16787|1,[],,S,True,09:35,16787,1,540
transport-0541,C,242370201717900,242370202127600,242370213826700,12.1088,SGACK|transport-0541|C|S|1|09:35|16800|1,[],,S,True,09:35,16800,1,541
transport-0542,E,242370214361700,242370214573200,242370224124300,9.7626,SGACK|transport-0542|E|A|1|09:35|16811|1,[],,A,True,09:35,16811,1,542
transport-0543,K,242370237673600,242370238009400,242370241125800,3.4522,SGACK|transport-0543|K|S|1|09:35|16827|1,[],,S,True,09:35,16827,1,543
transport-0544,A,242370241692600,242370241934600,242370251387700,9.6951,SGACK|transport-0544|A|A|1|09:35|16838|1,[],,A,True,09:35,16838,1,544
transport-0545,T,242370265740200,242370266083500,242370269403400,3.6632,SGACK|transport-0545|T|S|1|09:35|16854|1,[],,S,True,09:35,16854,1,545
transport-0546,S,242370270039400,242370270455100,242370283195400,13.156,SGACK|transport-0546|S|S|1|09:35|16869|1,[],,S,True,09:35,16869,1,546
transport-0547,P,242370283951800,242370284388000,242370297171100,13.2193,SGACK|transport-0547|P|S|1|09:35|16883|1,[],,S,True,09:35,16883,1,547
transport-0548,C,242370298260100,242370298689200,242370311832800,13.5727,SGACK|transport-0548|C|S|1|09:35|16897|1,[],,S,True,09:35,16897,1,548
transport-0549,E,242370312748300,242370313124800,242370322707500,9.9592,SGACK|transport-0549|E|A|1|09:35|16909|1,[],,A,True,09:35,16909,1,549
transport-0550,K,242370337422100,242370337847800,242370341041700,3.6196,SGACK|transport-0550|K|S|1|09:35|16927|1,[],,S,True,09:35,16927,1,550
transport-0551,A,242370341492700,242370341840500,242370351312200,9.8195,SGACK|transport-0551|A|A|1|09:35|16938|1,[],,A,True,09:35,16938,1,551
transport-0552,T,242370365146100,242370365463000,242370367649000,2.5029,SGACK|transport-0552|T|S|1|09:35|16953|1,[],,S,True,09:35,16953,1,552
transport-0553,S,242370368070500,242370368350000,242370380980800,12.9103,SGACK|transport-0553|S|S|1|09:35|16967|1,[],,S,True,09:35,16967,1,553
transport-0554,P,242370381581900,242370381996900,242370394954100,13.3722,SGACK|transport-0554|P|S|1|09:35|16981|1,[],,S,True,09:35,16981,1,554
transport-0555,C,242370395634000,242370396011900,242370408584100,12.9501,SGACK|transport-0555|C|S|1|09:35|16994|1,[],,S,True,09:35,16994,1,555
transport-0556,E,242370409367200,242370409724600,242370419399300,10.0321,SGACK|transport-0556|E|A|1|09:35|17006|1,[],,A,True,09:35,17006,1,556
transport-0557,K,242370433424300,242370433957500,242370436983400,3.5591,SGACK|transport-0557|K|S|1|09:35|17023|1,[],,S,True,09:35,17023,1,557
transport-0558,A,242370437404500,242370437652400,242370447635700,10.2312,SGACK|transport-0558|A|A|1|09:35|17034|1,[],,A,True,09:35,17034,1,558
transport-0559,T,242370461942500,242370462312200,242370466226000,4.2835,SGACK|transport-0559|T|S|1|09:35|17050|1,[],,S,True,09:35,17050,1,559
transport-0560,S,242370466749600,242370467071800,242370480348300,13.5987,SGACK|transport-0560|S|S|1|09:35|17066|1,[],,S,True,09:35,17066,1,560
transport-0561,P,242370481055500,242370481391600,242370493857000,12.8015,SGACK|transport-0561|P|S|1|09:35|17080|1,[],,S,True,09:35,17080,1,561
transport-0562,C,242370494946500,242370495292100,242370507422100,12.4756,SGACK|transport-0562|C|S|1|09:35|17093|1,[],,S,True,09:35,17093,1,562
transport-0563,E,242370508037000,242370508321100,242370517489400,9.4524,SGACK|transport-0563|E|A|1|09:35|17104|1,[],,A,True,09:35,17104,1,563
transport-0564,K,242370531916400,242370532556500,242370536921800,5.0054,SGACK|transport-0564|K|S|1|09:35|17121|1,[],,S,True,09:35,17121,1,564
transport-0565,A,242370537448200,242370537680000,242370547358200,9.91,SGACK|transport-0565|A|A|1|09:35|17134|1,[],,A,True,09:35,17134,1,565
transport-0566,T,242370560356700,242370560711900,242370563164000,2.8073,SGACK|transport-0566|T|S|1|09:35|17149|1,[],,S,True,09:35,17149,1,566
transport-0567,S,242370563684200,242370564065100,242370576467500,12.7833,SGACK|transport-0567|S|S|1|09:35|17163|1,[],,S,True,09:35,17163,1,567
transport-0568,P,242370576990900,242370577368400,242370589735800,12.7449,SGACK|transport-0568|P|S|1|09:35|17176|1,[],,S,True,09:35,17176,1,568
transport-0569,C,242370590453100,242370590896800,242370603697500,13.2444,SGACK|transport-0569|C|S|1|09:35|17189|1,[],,S,True,09:35,17189,1,569
transport-0570,E,242370604381000,242370604790200,242370614690800,10.3098,SGACK|transport-0570|E|A|1|09:35|17201|1,[],,A,True,09:35,17201,1,570
transport-0571,K,242370629455000,242370629789300,242370634607600,5.1526,SGACK|transport-0571|K|S|1|09:35|17219|1,[],,S,True,09:35,17219,1,571
transport-0572,A,242370635401800,242370635720100,242370644619400,9.2176,SGACK|transport-0572|A|A|1|09:35|17232|1,[],,A,True,09:35,17232,1,572
transport-0573,T,242370657661000,242370657894400,242370660878100,3.2171,SGACK|transport-0573|T|S|1|09:35|17246|1,[],,S,True,09:35,17246,1,573
transport-0574,S,242370661640100,242370661886500,242370674456300,12.8162,SGACK|transport-0574|S|S|1|09:35|17261|1,[],,S,True,09:35,17261,1,574
transport-0575,P,242370674847900,242370675091600,242370688038300,13.1904,SGACK|transport-0575|P|S|1|09:35|17274|1,[],,S,True,09:35,17274,1,575
transport-0576,C,242370688711400,242370689103900,242370701084500,12.3731,SGACK|transport-0576|C|S|1|09:35|17287|1,[],,S,True,09:35,17287,1,576
transport-0577,E,242370701667000,242370701944400,242370710940500,9.2735,SGACK|transport-0577|E|A|1|09:35|17298|1,[],,A,True,09:35,17298,1,577
transport-0578,K,242370722781800,242370723107700,242370724727700,1.9459,SGACK|transport-0578|K|S|1|09:35|17312|1,[],,S,True,09:35,17312,1,578
transport-0579,A,242370725037000,242370725255600,242370733378000,8.341,SGACK|transport-0579|A|A|1|09:35|17321|1,[],,A,True,09:35,17321,1,579
transport-0580,T,242370746877500,242370747208000,242370750618300,3.7408,SGACK|transport-0580|T|S|1|09:35|17335|1,[],,S,True,09:35,17335,1,580
transport-0581,S,242370751425700,242370751933800,242370764505700,13.08,SGACK|transport-0581|S|S|1|09:35|17351|1,[],,S,True,09:35,17351,1,581
transport-0582,P,242370764996900,242370765361200,242370777125400,12.1285,SGACK|transport-0582|P|S|1|09:35|17364|1,[],,S,True,09:35,17364,1,582
transport-0583,C,242370777590700,242370777827200,242370790018900,12.4282,SGACK|transport-0583|C|S|1|09:35|17376|1,[],,S,True,09:35,17376,1,583
transport-0584,E,242370790524100,242370790794600,242370800163700,9.6396,SGACK|transport-0584|E|A|1|09:35|17387|1,[],,A,True,09:35,17387,1,584
transport-0585,K,242370813762100,242370814106400,242370816312000,2.5499,SGACK|transport-0585|K|S|1|09:35|17403|1,[],,S,True,09:35,17403,1,585
transport-0586,A,242370816549200,242370816740800,242370825573400,9.0242,SGACK|transport-0586|A|A|1|09:35|17413|1,[],,A,True,09:35,17413,1,586
transport-0587,T,242370838716800,242370838900000,242370840263600,1.5468,SGACK|transport-0587|T|S|1|09:35|17427|1,[],,S,True,09:35,17427,1,587
transport-0588,S,242370840472700,242370840673300,242370852840800,12.3681,SGACK|transport-0588|S|S|1|09:35|17440|1,[],,S,True,09:35,17440,1,588
transport-0589,P,242370853141300,242370853277400,242370865150800,12.0095,SGACK|transport-0589|P|S|1|09:35|17452|1,[],,S,True,09:35,17452,1,589
transport-0590,C,242370865562600,242370865774000,242370877544400,11.9818,SGACK|transport-0590|C|S|1|09:35|17464|1,[],,S,True,09:35,17464,1,590
transport-0591,E,242370877849200,242370878032000,242370886952800,9.1036,SGACK|transport-0591|E|A|1|09:35|17474|1,[],,A,True,09:35,17474,1,591
transport-0592,K,242370899604600,242370899956600,242370903584500,3.9799,SGACK|transport-0592|K|S|1|09:35|17489|1,[],,S,True,09:35,17489,1,592
transport-0593,A,242370904053200,242370904312000,242370914654900,10.6017,SGACK|transport-0593|A|A|1|09:35|17500|1,[],,A,True,09:35,17500,1,593
transport-0594,T,242370928352400,242370928784400,242370932446600,4.0942,SGACK|transport-0594|T|S|1|09:35|17517|1,[],,S,True,09:35,17517,1,594
transport-0595,S,242370932912500,242370933197800,242370946966500,14.054,SGACK|transport-0595|S|S|1|09:35|17532|1,[],,S,True,09:35,17532,1,595
transport-0596,P,242370947637300,242370947912400,242370960512100,12.8748,SGACK|transport-0596|P|S|1|09:35|17547|1,[],,S,True,09:35,17547,1,596
transport-0597,C,242370961196600,242370961638500,242370973308600,12.112,SGACK|transport-0597|C|S|1|09:35|17559|1,[],,S,True,09:35,17559,1,597
transport-0598,E,242370973898000,242370974302200,242370983278400,9.3804,SGACK|transport-0598|E|A|1|09:35|17570|1,[],,A,True,09:35,17570,1,598
transport-0599,K,242370997247900,242370997733400,242371001136700,3.8888,SGACK|transport-0599|K|S|1|09:35|17587|1,[],,S,True,09:35,17587,1,599
transport-0600,A,242371001801800,242371002078400,242371011042400,9.2406,SGACK|transport-0600|A|A|1|09:35|17598|1,[],,A,True,09:35,17598,1,600
transport-0601,T,242371025115200,242371025414400,242371028158200,3.043,SGACK|transport-0601|T|S|1|09:35|17613|1,[],,S,True,09:35,17613,1,601
transport-0602,S,242371028575100,242371028847500,242371041652900,13.0778,SGACK|transport-0602|S|S|1|09:35|17628|1,[],,S,True,09:35,17628,1,602
transport-0603,P,242371042391200,242371042783200,242371055257300,12.8661,SGACK|transport-0603|P|S|1|09:35|17642|1,[],,S,True,09:35,17642,1,603
transport-0604,C,242371055787400,242371056177300,242371070616900,14.8295,SGACK|transport-0604|C|S|1|09:35|17654|1,[],,S,True,09:35,17654,1,604
transport-0605,E,242371071659900,242371072172200,242371081643900,9.984,SGACK|transport-0605|E|A|1|09:35|17668|1,[],,A,True,09:35,17668,1,605
transport-0606,K,242371094854300,242371095215900,242371098234800,3.3805,SGACK|transport-0606|K|S|1|09:35|17684|1,[],,S,True,09:35,17684,1,606
transport-0607,A,242371098658400,242371098857000,242371108002700,9.3443,SGACK|transport-0607|A|A|1|09:35|17695|1,[],,A,True,09:35,17695,1,607
transport-0608,T,242371121809500,242371122126800,242371125186600,3.3771,SGACK|transport-0608|T|S|1|09:35|17710|1,[],,S,True,09:35,17710,1,608
transport-0609,S,242371125598000,242371125917200,242371138630800,13.0328,SGACK|transport-0609|S|S|1|09:35|17725|1,[],,S,True,09:35,17725,1,609
transport-0610,P,242371139141900,242371139482500,242371151598300,12.4564,SGACK|transport-0610|P|S|1|09:35|17738|1,[],,S,True,09:35,17738,1,610
transport-0611,C,242371152521200,242371152922200,242371165786300,13.2651,SGACK|transport-0611|C|S|1|09:35|17751|1,[],,S,True,09:35,17751,1,611
transport-0612,E,242371166668000,242371167062100,242371176862900,10.1949,SGACK|transport-0612|E|A|1|09:35|17763|1,[],,A,True,09:35,17763,1,612
transport-0613,K,242371190710400,242371191114900,242371193840900,3.1305,SGACK|transport-0613|K|S|1|09:35|17780|1,[],,S,True,09:35,17780,1,613
transport-0614,A,242371194245500,242371194570200,242371202861000,8.6155,SGACK|transport-0614|A|A|1|09:35|17790|1,[],,A,True,09:35,17790,1,614
transport-0615,T,242371218294700,242371219050700,242371221576600,3.2819,SGACK|transport-0615|T|S|1|09:35|17807|1,[],,S,True,09:35,17807,1,615
transport-0616,S,242371222034600,242371222382000,242371235844800,13.8102,SGACK|transport-0616|S|S|1|09:35|17821|1,[],,S,True,09:35,17821,1,616
transport-0617,P,242371236529000,242371236855000,242371249576700,13.0477,SGACK|transport-0617|P|S|1|09:35|17836|1,[],,S,True,09:35,17836,1,617
transport-0618,C,242371250261900,242371250832300,242371262281500,12.0196,SGACK|transport-0618|C|S|1|09:35|17848|1,[],,S,True,09:35,17848,1,618
transport-0619,E,242371262869400,242371263100000,242371272082000,9.2126,SGACK|transport-0619|E|A|1|09:35|17859|1,[],,A,True,09:35,17859,1,619
transport-0620,K,242371284960200,242371285093800,242371286522000,1.5618,SGACK|transport-0620|K|S|1|09:35|17874|1,[],,S,True,09:35,17874,1,620
transport-0621,A,242371286720900,242371286833300,242371295967500,9.2466,SGACK|transport-0621|A|A|1|09:35|17883|1,[],,A,True,09:35,17883,1,621
transport-0622,T,242371308189000,242371308384500,242371310609400,2.4204,SGACK|transport-0622|T|S|1|09:35|17896|1,[],,S,True,09:35,17896,1,622
transport-0623,S,242371310921200,242371311118300,242371323560800,12.6396,SGACK|transport-0623|S|S|1|09:35|17910|1,[],,S,True,09:35,17910,1,623
transport-0624,P,242371324073700,242371324431600,242371336535800,12.4621,SGACK|transport-0624|P|S|1|09:35|17923|1,[],,S,True,09:35,17923,1,624
transport-0625,C,242371337068400,242371337340200,242371349801500,12.7331,SGACK|transport-0625|C|S|1|09:35|17935|1,[],,S,True,09:35,17935,1,625
transport-0626,E,242371350718400,242371351084100,242371361002500,10.2841,SGACK|transport-0626|E|A|1|09:35|17947|1,[],,A,True,09:35,17947,1,626
transport-0627,K,242371374229400,242371374442400,242371377096600,2.8672,SGACK|transport-0627|K|S|1|09:35|17963|1,[],,S,True,09:35,17963,1,627
transport-0628,A,242371377405000,242371377568300,242371386622800,9.2178,SGACK|transport-0628|A|A|1|09:35|17974|1,[],,A,True,09:35,17974,1,628
transport-0629,T,242371399540400,242371399965100,242371402570500,3.0301,SGACK|transport-0629|T|S|1|09:35|17988|1,[],,S,True,09:35,17988,1,629
transport-0630,S,242371403004500,242371403348100,242371416489700,13.4852,SGACK|transport-0630|S|S|1|09:35|18002|1,[],,S,True,09:35,18002,1,630
transport-0631,P,242371417415200,242371417856400,242371430885900,13.4707,SGACK|transport-0631|P|S|1|09:35|18017|1,[],,S,True,09:35,18017,1,631
transport-0632,C,242371431691300,242371432215500,242371444886100,13.1948,SGACK|transport-0632|C|S|1|09:35|18030|1,[],,S,True,09:35,18030,1,632
transport-0633,E,242371445675000,242371446124600,242371457613200,11.9382,SGACK|transport-0633|E|A|1|09:35|18044|1,[],,A,True,09:35,18044,1,633
transport-0634,K,242371471001700,242371471603000,242371475638600,4.6369,SGACK|transport-0634|K|S|1|09:35|18060|1,[],,S,True,09:35,18060,1,634
transport-0635,A,242371476128600,242371476518800,242371485654200,9.5256,SGACK|transport-0635|A|A|1|09:35|18072|1,[],,A,True,09:35,18072,1,635
transport-0636,T,242371499375600,242371499797500,242371502694100,3.3185,SGACK|transport-0636|T|S|1|09:35|18088|1,[],,S,True,09:35,18088,1,636
transport-0637,S,242371503230100,242371503636800,242371515787600,12.5575,SGACK|transport-0637|S|S|1|09:35|18102|1,[],,S,True,09:35,18102,1,637
transport-0638,P,242371516333100,242371516773200,242371529957500,13.6244,SGACK|transport-0638|P|S|1|09:35|18116|1,[],,S,True,09:35,18116,1,638
transport-0639,C,242371530755300,242371531232100,242371544145800,13.3905,SGACK|transport-0639|C|S|1|09:35|18129|1,[],,S,True,09:35,18129,1,639
transport-0640,E,242371545062700,242371545586400,242371554243900,9.1812,SGACK|transport-0640|E|A|1|09:35|18141|1,[],,A,True,09:35,18141,1,640
transport-0641,K,242371568993100,242371569512800,242371573105600,4.1125,SGACK|transport-0641|K|S|1|09:35|18158|1,[],,S,True,09:35,18158,1,641
transport-0642,A,242371573632500,242371574001600,242371583177000,9.5445,SGACK|transport-0642|A|A|1|09:35|18170|1,[],,A,True,09:35,18170,1,642
transport-0643,T,242371597620700,242371597999000,242371602669400,5.0487,SGACK|transport-0643|T|S|1|09:35|18186|1,[],,S,True,09:35,18186,1,643
transport-0644,S,242371603214900,242371603518900,242371616400300,13.1854,SGACK|transport-0644|S|S|1|09:35|18202|1,[],,S,True,09:35,18202,1,644
transport-0645,P,242371617650400,242371618079300,242371630274500,12.6241,SGACK|transport-0645|P|S|1|09:35|18217|1,[],,S,True,09:35,18217,1,645
transport-0646,C,242371630824600,242371631222300,242371643760300,12.9357,SGACK|transport-0646|C|S|1|09:35|18229|1,[],,S,True,09:35,18229,1,646
transport-0647,E,242371644538300,242371644855100,242371654503400,9.9651,SGACK|transport-0647|E|A|1|09:35|18241|1,[],,A,True,09:35,18241,1,647
transport-0648,K,242371667990900,242371668487900,242371671760200,3.7693,SGACK|transport-0648|K|S|1|09:35|18257|1,[],,S,True,09:35,18257,1,648
transport-0649,A,242371672219800,242371672482900,242371681115700,8.8959,SGACK|transport-0649|A|A|1|09:35|18268|1,[],,A,True,09:35,18268,1,649
transport-0650,T,242371695438500,242371695788600,242371698731300,3.2928,SGACK|transport-0650|T|S|1|09:35|18284|1,[],,S,True,09:35,18284,1,650
transport-0651,S,242371699287800,242371699659000,242371713176700,13.8889,SGACK|transport-0651|S|S|1|09:35|18299|1,[],,S,True,09:35,18299,1,651
transport-0652,P,242371714013500,242371714369000,242371726657400,12.6439,SGACK|transport-0652|P|S|1|09:35|18313|1,[],,S,True,09:35,18313,1,652
transport-0653,C,242371727454200,242371727765300,242371740486500,13.0323,SGACK|transport-0653|C|S|1|09:35|18326|1,[],,S,True,09:35,18326,1,653
transport-0654,E,242371741383900,242371741780100,242371752969500,11.5856,SGACK|transport-0654|E|A|1|09:35|18338|1,[],,A,True,09:35,18338,1,654
transport-0655,K,242371767769000,242371768248700,242371771827500,4.0585,SGACK|transport-0655|K|S|1|09:35|18357|1,[],,S,True,09:35,18357,1,655
transport-0656,A,242371772447300,242371772855700,242371782833600,10.3863,SGACK|transport-0656|A|A|1|09:35|18369|1,[],,A,True,09:35,18369,1,656
transport-0657,T,242371796596000,242371796910100,242371799819100,3.2231,SGACK|transport-0657|T|S|1|09:35|18385|1,[],,S,True,09:35,18385,1,657
transport-0658,S,242371800134800,242371800378900,242371812874800,12.74,SGACK|transport-0658|S|S|1|09:35|18399|1,[],,S,True,09:35,18399,1,658
transport-0659,P,242371813429100,242371813835100,242371826249900,12.8208,SGACK|transport-0659|P|S|1|09:35|18413|1,[],,S,True,09:35,18413,1,659
transport-0660,C,242371826819000,242371827112300,242371839398200,12.5792,SGACK|transport-0660|C|S|1|09:35|18425|1,[],,S,True,09:35,18425,1,660
transport-0661,E,242371840048500,242371840471000,242371849237000,9.1885,SGACK|transport-0661|E|A|1|09:35|18436|1,[],,A,True,09:35,18436,1,661
transport-0662,K,242371862715700,242371863266800,242371866673100,3.9574,SGACK|transport-0662|K|S|1|09:35|18452|1,[],,S,True,09:35,18452,1,662
transport-0663,A,242371867120200,242371867446400,242371876203000,9.0828,SGACK|transport-0663|A|A|1|09:35|18463|1,[],,A,True,09:35,18463,1,663
transport-0664,T,242371889554400,242371889735600,242371891930800,2.3764,SGACK|transport-0664|T|S|1|09:35|18478|1,[],,S,True,09:35,18478,1,664
transport-0665,S,242371892447700,242371892707300,242371904826400,12.3787,SGACK|transport-0665|S|S|1|09:35|18492|1,[],,S,True,09:35,18492,1,665
transport-0666,P,242371905171500,242371905363500,242371916618900,11.4474,SGACK|transport-0666|P|S|1|09:35|18504|1,[],,S,True,09:35,18504,1,666
transport-0667,C,242371917065000,242371917240700,242371928272100,11.2071,SGACK|transport-0667|C|S|1|09:35|18515|1,[],,S,True,09:35,18515,1,667
transport-0668,E,242371928614300,242371928743900,242371937435900,8.8216,SGACK|transport-0668|E|A|1|09:35|18525|1,[],,A,True,09:35,18525,1,668
transport-0669,K,242371949599400,242371949841000,242371951485400,1.886,SGACK|transport-0669|K|S|1|09:35|18539|1,[],,S,True,09:35,18539,1,669
transport-0670,A,242371951729400,242371951956200,242371960416400,8.687,SGACK|transport-0670|A|A|1|09:35|18548|1,[],,A,True,09:35,18548,1,670
transport-0671,T,242371972612600,242371972741700,242371974498000,1.8854,SGACK|transport-0671|T|S|1|09:35|18561|1,[],,S,True,09:35,18561,1,671
transport-0672,S,242371974751500,242371974899600,242371986825500,12.074,SGACK|transport-0672|S|S|1|09:35|18574|1,[],,S,True,09:35,18574,1,672
transport-0673,P,242371987196300,242371987345100,242371998546500,11.3502,SGACK|transport-0673|P|S|1|09:35|18586|1,[],,S,True,09:35,18586,1,673
transport-0674,C,242371998875000,242371999039000,242372010322600,11.4476,SGACK|transport-0674|C|S|1|09:35|18597|1,[],,S,True,09:35,18597,1,674
transport-0675,E,242372010669800,242372010797600,242372019528200,8.8584,SGACK|transport-0675|E|A|1|09:35|18607|1,[],,A,True,09:35,18607,1,675
transport-0676,K,242372031658300,242372031861000,242372033481000,1.8227,SGACK|transport-0676|K|S|1|09:35|18621|1,[],,S,True,09:35,18621,1,676
transport-0677,A,242372033832300,242372034056400,242372042441600,8.6093,SGACK|transport-0677|A|A|1|09:35|18630|1,[],,A,True,09:35,18630,1,677
transport-0678,T,242372054684500,242372054827400,242372056695100,2.0106,SGACK|transport-0678|T|S|1|09:35|18643|1,[],,S,True,09:35,18643,1,678
transport-0679,S,242372056929000,242372057077800,242372068765200,11.8362,SGACK|transport-0679|S|S|1|09:35|18656|1,[],,S,True,09:35,18656,1,679
transport-0680,P,242372069088200,242372069284000,242372080522200,11.434,SGACK|transport-0680|P|S|1|09:35|18668|1,[],,S,True,09:35,18668,1,680
transport-0681,C,242372080835900,242372081026000,242372092415800,11.5799,SGACK|transport-0681|C|S|1|09:35|18679|1,[],,S,True,09:35,18679,1,681
transport-0682,E,242372092756100,242372092950200,242372101842500,9.0864,SGACK|transport-0682|E|A|1|09:35|18689|1,[],,A,True,09:35,18689,1,682
transport-0683,K,242372113629100,242372113854600,242372115810900,2.1818,SGACK|transport-0683|K|S|1|09:35|18703|1,[],,S,True,09:35,18703,1,683
transport-0684,A,242372116034800,242372116226400,242372124419200,8.3844,SGACK|transport-0684|A|A|1|09:35|18712|1,[],,A,True,09:35,18712,1,684
transport-0685,T,242372136478900,242372136602800,242372138424100,1.9452,SGACK|transport-0685|T|S|1|09:35|18725|1,[],,S,True,09:35,18725,1,685
transport-0686,S,242372138638400,242372138765100,242372150922500,12.2841,SGACK|transport-0686|S|S|1|09:35|18738|1,[],,S,True,09:35,18738,1,686
transport-0687,P,242372151292400,242372151514200,242372163616000,12.3236,SGACK|transport-0687|P|S|1|09:35|18751|1,[],,S,True,09:35,18751,1,687
transport-0688,C,242372163880900,242372164130600,242372176253900,12.373,SGACK|transport-0688|C|S|1|09:35|18762|1,[],,S,True,09:35,18762,1,688
transport-0689,E,242372176911100,242372177260800,242372185540500,8.6294,SGACK|transport-0689|E|A|1|09:35|18773|1,[],,A,True,09:35,18773,1,689
transport-0690,K,242372198316900,242372198591400,242372202699300,4.3824,SGACK|transport-0690|K|S|1|09:35|18788|1,[],,S,True,09:35,18788,1,690
transport-0691,A,242372203205600,242372203510300,242372211926300,8.7207,SGACK|transport-0691|A|A|1|09:35|18799|1,[],,A,True,09:35,18799,1,691
transport-0692,T,242372225682600,242372226213100,242372229746000,4.0634,SGACK|transport-0692|T|S|1|09:35|18814|1,[],,S,True,09:35,18814,1,692
transport-0693,S,242372230210500,242372230569500,242372242811800,12.6013,SGACK|transport-0693|S|S|1|09:35|18829|1,[],,S,True,09:35,18829,1,693
transport-0694,P,242372243423100,242372243872200,242372256740100,13.317,SGACK|transport-0694|P|S|1|09:35|18843|1,[],,S,True,09:35,18843,1,694
transport-0695,C,242372257462400,242372257741100,242372270624300,13.1619,SGACK|transport-0695|C|S|1|09:35|18856|1,[],,S,True,09:35,18856,1,695
transport-0696,E,242372271269600,242372271622600,242372281675600,10.406,SGACK|transport-0696|E|A|1|09:35|18868|1,[],,A,True,09:35,18868,1,696
transport-0697,K,242372295718400,242372296079900,242372299090300,3.3719,SGACK|transport-0697|K|S|1|09:35|18885|1,[],,S,True,09:35,18885,1,697
transport-0698,A,242372299582100,242372299822900,242372309384600,9.8025,SGACK|transport-0698|A|A|1|09:35|18896|1,[],,A,True,09:35,18896,1,698
transport-0699,T,242372322529900,242372322789800,242372325363300,2.8334,SGACK|transport-0699|T|S|1|09:35|18911|1,[],,S,True,09:35,18911,1,699
transport-0700,S,242372325701900,242372325898900,242372338576200,12.8743,SGACK|transport-0700|S|S|1|09:35|18925|1,[],,S,True,09:35,18925,1,700
transport-0701,P,242372339137500,242372339400000,242372351152900,12.0154,SGACK|transport-0701|P|S|1|09:35|18938|1,[],,S,True,09:35,18938,1,701
transport-0702,C,242372351806900,242372352049900,242372363860700,12.0538,SGACK|transport-0702|C|S|1|09:35|18950|1,[],,S,True,09:35,18950,1,702
transport-0703,E,242372364352100,242372364609400,242372374312900,9.9608,SGACK|transport-0703|E|A|1|09:35|18961|1,[],,A,True,09:35,18961,1,703
transport-0704,K,242372387393800,242372387719700,242372389992600,2.5988,SGACK|transport-0704|K|S|1|09:35|18977|1,[],,S,True,09:35,18977,1,704
transport-0705,A,242372390316100,242372390499800,242372399849900,9.5338,SGACK|transport-0705|A|A|1|09:35|18987|1,[],,A,True,09:35,18987,1,705
transport-0706,T,242372414099000,242372414380000,242372417511200,3.4122,SGACK|transport-0706|T|S|1|09:35|19002|1,[],,S,True,09:35,19002,1,706
transport-0707,S,242372418225800,242372418569900,242372431939400,13.7136,SGACK|transport-0707|S|S|1|09:35|19018|1,[],,S,True,09:35,19018,1,707
transport-0708,P,242372432629800,242372433119400,242372445814900,13.1851,SGACK|transport-0708|P|S|1|09:35|19032|1,[],,S,True,09:35,19032,1,708
transport-0709,C,242372446697200,242372447087600,242372459602500,12.9053,SGACK|transport-0709|C|S|1|09:35|19045|1,[],,S,True,09:35,19045,1,709
transport-0710,E,242372460503800,242372460999700,242372470139700,9.6359,SGACK|transport-0710|E|A|1|09:35|19057|1,[],,A,True,09:35,19057,1,710
transport-0711,K,242372486863000,242372487176300,242372490151700,3.2887,SGACK|transport-0711|K|S|1|09:35|19076|1,[],,S,True,09:35,19076,1,711
transport-0712,A,242372490630000,242372490841700,242372499896200,9.2662,SGACK|transport-0712|A|A|1|09:35|19087|1,[],,A,True,09:35,19087,1,712
transport-0713,T,242372513398900,242372513632100,242372516313800,2.9149,SGACK|transport-0713|T|S|1|09:35|19102|1,[],,S,True,09:35,19102,1,713
transport-0714,S,242372516835300,242372517121000,242372529394700,12.5594,SGACK|transport-0714|S|S|1|09:35|19116|1,[],,S,True,09:35,19116,1,714
transport-0715,P,242372529971300,242372530243700,242372543112700,13.1414,SGACK|transport-0715|P|S|1|09:35|19129|1,[],,S,True,09:35,19129,1,715
transport-0716,C,242372543948700,242372544434100,242372555972000,12.0233,SGACK|transport-0716|C|S|1|09:35|19142|1,[],,S,True,09:35,19142,1,716
transport-0717,E,242372556557100,242372556751200,242372565867600,9.3105,SGACK|transport-0717|E|A|1|09:35|19153|1,[],,A,True,09:35,19153,1,717
transport-0718,K,242372580313700,242372580456200,242372582521800,2.2081,SGACK|transport-0718|K|S|1|09:35|19170|1,[],,S,True,09:35,19170,1,718
transport-0719,A,242372582800700,242372583063200,242372592126600,9.3259,SGACK|transport-0719|A|A|1|09:35|19179|1,[],,A,True,09:35,19179,1,719
transport-0720,T,242372605975300,242372606450700,242372609668700,3.6934,SGACK|transport-0720|T|S|1|09:35|19194|1,[],,S,True,09:35,19194,1,720
transport-0721,S,242372610107100,242372610378700,242372622896000,12.7889,SGACK|transport-0721|S|S|1|09:35|19209|1,[],,S,True,09:35,19209,1,721
transport-0722,P,242372623552100,242372623996900,242372636872400,13.3203,SGACK|transport-0722|P|S|1|09:35|19223|1,[],,S,True,09:35,19223,1,722
transport-0723,C,242372637700300,242372638118400,242372650664900,12.9646,SGACK|transport-0723|C|S|1|09:35|19236|1,[],,S,True,09:35,19236,1,723
transport-0724,E,242372651875300,242372652161700,242372662193100,10.3178,SGACK|transport-0724|E|A|1|09:35|19248|1,[],,A,True,09:35,19248,1,724
transport-0725,K,242372675035000,242372675297700,242372677374100,2.3391,SGACK|transport-0725|K|S|1|09:35|19264|1,[],,S,True,09:35,19264,1,725
transport-0726,A,242372677706500,242372677963400,242372686945400,9.2389,SGACK|transport-0726|A|A|1|09:35|19274|1,[],,A,True,09:35,19274,1,726
transport-0727,T,242372701276800,242372701861500,242372704949600,3.6728,SGACK|transport-0727|T|S|1|09:35|19290|1,[],,S,True,09:35,19290,1,727
transport-0728,S,242372705456100,242372705701400,242372718287400,12.8313,SGACK|transport-0728|S|S|1|09:35|19305|1,[],,S,True,09:35,19305,1,728
transport-0729,P,242372718767000,242372719123400,242372731503200,12.7362,SGACK|transport-0729|P|S|1|09:35|19318|1,[],,S,True,09:35,19318,1,729
transport-0730,C,242372732189500,242372732501000,242372745854300,13.6648,SGACK|transport-0730|C|S|1|09:35|19331|1,[],,S,True,09:35,19331,1,730
transport-0731,E,242372746796600,242372747132000,242372756069200,9.2726,SGACK|transport-0731|E|A|1|09:35|19343|1,[],,A,True,09:35,19343,1,731
transport-0732,K,242372770145600,242372770608500,242372773813000,3.6674,SGACK|transport-0732|K|S|1|09:35|19359|1,[],,S,True,09:35,19359,1,732
transport-0733,A,242372774368300,242372774634700,242372784246400,9.8781,SGACK|transport-0733|A|A|1|09:35|19371|1,[],,A,True,09:35,19371,1,733
transport-0734,T,242372798006000,242372798400200,242372801500500,3.4945,SGACK|transport-0734|T|S|1|09:35|19386|1,[],,S,True,09:35,19386,1,734
transport-0735,S,242372801929500,242372802145800,242372814235600,12.3061,SGACK|transport-0735|S|S|1|09:35|19401|1,[],,S,True,09:35,19401,1,735
transport-0736,P,242372814836700,242372815262900,242372827612100,12.7754,SGACK|transport-0736|P|S|1|09:35|19414|1,[],,S,True,09:35,19414,1,736
transport-0737,C,242372828472000,242372828852200,242372841430800,12.9588,SGACK|transport-0737|C|S|1|09:35|19427|1,[],,S,True,09:35,19427,1,737
transport-0738,E,242372842167900,242372842535700,242372851309200,9.1413,SGACK|transport-0738|E|A|1|09:35|19438|1,[],,A,True,09:35,19438,1,738
transport-0739,K,242372865201600,242372865630700,242372869246000,4.0444,SGACK|transport-0739|K|S|1|09:35|19455|1,[],,S,True,09:35,19455,1,739
transport-0740,A,242372869848700,242372870247900,242372879030100,9.1814,SGACK|transport-0740|A|A|1|09:35|19466|1,[],,A,True,09:35,19466,1,740
transport-0741,T,242372893662700,242372894131800,242372897871700,4.209,SGACK|transport-0741|T|S|1|09:35|19482|1,[],,S,True,09:35,19482,1,741
transport-0742,S,242372898585900,242372899050400,242372910816200,12.2303,SGACK|transport-0742|S|S|1|09:35|19498|1,[],,S,True,09:35,19498,1,742
transport-0743,P,242372911202300,242372911496900,242372923304400,12.1021,SGACK|transport-0743|P|S|1|09:35|19510|1,[],,S,True,09:35,19510,1,743
transport-0744,C,242372923721300,242372923932200,242372935525800,11.8045,SGACK|transport-0744|C|S|1|09:35|19522|1,[],,S,True,09:35,19522,1,744
transport-0745,E,242372935787300,242372936053700,242372944762800,8.9755,SGACK|transport-0745|E|A|1|09:35|19532|1,[],,A,True,09:35,19532,1,745
transport-0746,K,242372957188700,242372957466800,242372960198800,3.0101,SGACK|transport-0746|K|S|1|09:35|19546|1,[],,S,True,09:35,19546,1,746
transport-0747,A,242372960528600,242372960808000,242372969941200,9.4126,SGACK|transport-0747|A|A|1|09:35|19557|1,[],,A,True,09:35,19557,1,747
transport-0748,T,242372983664000,242372983952600,242372987500400,3.8364,SGACK|transport-0748|T|S|1|09:35|19572|1,[],,S,True,09:35,19572,1,748
transport-0749,S,242372988063800,242372988361300,242373001059800,12.996,SGACK|transport-0749|S|S|1|09:35|19587|1,[],,S,True,09:35,19587,1,749
transport-0750,P,242373001770400,242373002362000,242373014983800,13.2134,SGACK|transport-0750|P|S|1|09:35|19601|1,[],,S,True,09:35,19601,1,750
transport-0751,C,242373016158900,242373016700300,242373029837200,13.6783,SGACK|transport-0751|C|S|1|09:35|19615|1,[],,S,True,09:35,19615,1,751
transport-0752,E,242373030879200,242373031281000,242373040168900,9.2897,SGACK|transport-0752|E|A|1|09:35|19627|1,[],,A,True,09:35,19627,1,752
transport-0753,K,242373054458800,242373054799700,242373058233900,3.7751,SGACK|transport-0753|K|S|1|09:35|19644|1,[],,S,True,09:35,19644,1,753
transport-0754,A,242373058753000,242373059095400,242373068005300,9.2523,SGACK|transport-0754|A|A|1|09:35|19655|1,[],,A,True,09:35,19655,1,754
transport-0755,T,242373081855900,242373082309100,242373085412900,3.557,SGACK|transport-0755|T|S|1|09:35|19670|1,[],,S,True,09:35,19670,1,755
transport-0756,S,242373085872200,242373086203800,242373098827500,12.9553,SGACK|transport-0756|S|S|1|09:35|19685|1,[],,S,True,09:35,19685,1,756
transport-0757,P,242373099626600,242373100101500,242373112964800,13.3382,SGACK|transport-0757|P|S|1|09:35|19699|1,[],,S,True,09:35,19699,1,757
transport-0758,C,242373113932600,242373114336800,242373126381900,12.4493,SGACK|transport-0758|C|S|1|09:35|19712|1,[],,S,True,09:35,19712,1,758
transport-0759,E,242373127223000,242373127612700,242373137311900,10.0889,SGACK|transport-0759|E|A|1|09:35|19724|1,[],,A,True,09:35,19724,1,759
transport-0760,K,242373151841400,242373152305500,242373155580500,3.7391,SGACK|transport-0760|K|S|1|09:35|19741|1,[],,S,True,09:35,19741,1,760
transport-0761,A,242373156123900,242373156382000,242373165438700,9.3148,SGACK|transport-0761|A|A|1|09:35|19752|1,[],,A,True,09:35,19752,1,761
transport-0762,T,242373179305700,242373179830500,242373183239800,3.9341,SGACK|transport-0762|T|S|1|09:35|19768|1,[],,S,True,09:35,19768,1,762
transport-0763,S,242373183787700,242373184123300,242373196250100,12.4624,SGACK|transport-0763|S|S|1|09:35|19783|1,[],,S,True,09:35,19783,1,763
transport-0764,P,242373196693500,242373196972700,242373208989500,12.296,SGACK|transport-0764|P|S|1|09:35|19796|1,[],,S,True,09:35,19796,1,764
transport-0765,C,242373209514500,242373209751700,242373221977500,12.463,SGACK|transport-0765|C|S|1|09:35|19808|1,[],,S,True,09:35,19808,1,765
transport-0766,E,242373222520300,242373222743400,242373231915600,9.3953,SGACK|transport-0766|E|A|1|09:35|19819|1,[],,A,True,09:35,19819,1,766
transport-0767,K,242373246363300,242373246731000,242373249555200,3.1919,SGACK|transport-0767|K|S|1|09:35|19836|1,[],,S,True,09:35,19836,1,767
transport-0768,A,242373250084600,242373250354900,242373259235100,9.1505,SGACK|transport-0768|A|A|1|09:35|19846|1,[],,A,True,09:35,19846,1,768
transport-0769,T,242373272601700,242373272866000,242373275707000,3.1053,SGACK|transport-0769|T|S|1|09:35|19861|1,[],,S,True,09:35,19861,1,769
transport-0770,S,242373276143500,242373276383600,242373288417200,12.2737,SGACK|transport-0770|S|S|1|09:35|19875|1,[],,S,True,09:35,19875,1,770
transport-0771,P,242373288992500,242373289229700,242373302492900,13.5004,SGACK|transport-0771|P|S|1|09:35|19888|1,[],,S,True,09:35,19888,1,771
transport-0772,C,242373303294200,242373303572500,242373316414300,13.1201,SGACK|transport-0772|C|S|1|09:35|19902|1,[],,S,True,09:35,19902,1,772
transport-0773,E,242373317127100,242373317430400,242373326409600,9.2825,SGACK|transport-0773|E|A|1|09:35|19913|1,[],,A,True,09:35,19913,1,773
transport-0774,K,242373339909600,242373340208700,242373342969000,3.0594,SGACK|transport-0774|K|S|1|09:35|19929|1,[],,S,True,09:35,19929,1,774
transport-0775,A,242373343344900,242373343570400,242373353023200,9.6783,SGACK|transport-0775|A|A|1|09:35|19940|1,[],,A,True,09:35,19940,1,775
transport-0776,T,242373366725000,242373367053100,242373370973500,4.2485,SGACK|transport-0776|T|S|1|09:35|19955|1,[],,S,True,09:35,19955,1,776
transport-0777,S,242373371411200,242373371648600,242373385849100,14.4379,SGACK|transport-0777|S|S|1|09:35|19971|1,[],,S,True,09:35,19971,1,777
transport-0778,P,242373386550800,242373386855900,242373399457300,12.9065,SGACK|transport-0778|P|S|1|09:35|19986|1,[],,S,True,09:35,19986,1,778
transport-0779,C,242373400121800,242373400352800,242373412359500,12.2377,SGACK|transport-0779|C|S|1|09:35|19998|1,[],,S,True,09:35,19998,1,779
transport-0780,E,242373413025300,242373413306900,242373422193600,9.1683,SGACK|transport-0780|E|A|1|09:35|20009|1,[],,A,True,09:35,20009,1,780
transport-0781,K,242373435127000,242373435310700,242373437767300,2.6403,SGACK|transport-0781|K|S|1|09:35|20024|1,[],,S,True,09:35,20024,1,781
transport-0782,A,242373438028700,242373438207900,242373446890100,8.8614,SGACK|transport-0782|A|A|1|09:35|20034|1,[],,A,True,09:35,20034,1,782
transport-0783,T,242373464109200,242373464651400,242373468163500,4.0543,SGACK|transport-0783|T|S|1|09:35|20052|1,[],,S,True,09:35,20052,1,783
transport-0784,S,242373468713000,242373469073400,242373482015600,13.3026,SGACK|transport-0784|S|S|1|09:35|20068|1,[],,S,True,09:35,20068,1,784
transport-0785,P,242373482704800,242373483232500,242373496256600,13.5518,SGACK|transport-0785|P|S|1|09:35|20082|1,[],,S,True,09:35,20082,1,785
transport-0786,C,242373497110600,242373497654100,242373509479100,12.3685,SGACK|transport-0786|C|S|1|09:35|20095|1,[],,S,True,09:35,20095,1,786
transport-0787,E,242373510352200,242373510874600,242373520187000,9.8348,SGACK|transport-0787|E|A|1|09:35|20107|1,[],,A,True,09:35,20107,1,787
transport-0788,K,242373534793400,242373535283900,242373538683100,3.8897,SGACK|transport-0788|K|S|1|09:35|20124|1,[],,S,True,09:35,20124,1,788
transport-0789,A,242373539218600,242373539476500,242373548890500,9.6719,SGACK|transport-0789|A|A|1|09:35|20136|1,[],,A,True,09:35,20136,1,789
transport-0790,T,242373562651000,242373562876300,242373565777200,3.1262,SGACK|transport-0790|T|S|1|09:35|20151|1,[],,S,True,09:35,20151,1,790
transport-0791,S,242373566160100,242373566423700,242373578811500,12.6514,SGACK|transport-0791|S|S|1|09:35|20165|1,[],,S,True,09:35,20165,1,791
transport-0792,P,242373579619100,242373580037700,242373592670900,13.0518,SGACK|transport-0792|P|S|1|09:35|20179|1,[],,S,True,09:35,20179,1,792
transport-0793,C,242373593440800,242373593791200,242373606374300,12.9335,SGACK|transport-0793|C|S|1|09:35|20192|1,[],,S,True,09:35,20192,1,793
transport-0794,E,242373607111300,242373607447900,242373616263400,9.1521,SGACK|transport-0794|E|A|1|09:35|20203|1,[],,A,True,09:35,20203,1,794
transport-0795,K,242373630235400,242373630616500,242373633887500,3.6521,SGACK|transport-0795|K|S|1|09:35|20220|1,[],,S,True,09:35,20220,1,795
transport-0796,A,242373634777700,242373635142100,242373644311200,9.5335,SGACK|transport-0796|A|A|1|09:35|20231|1,[],,A,True,09:35,20231,1,796
transport-0797,T,242373657913400,242373658297600,242373661019400,3.106,SGACK|transport-0797|T|S|1|09:35|20246|1,[],,S,True,09:35,20246,1,797
transport-0798,S,242373661479600,242373661804500,242373674618000,13.1384,SGACK|transport-0798|S|S|1|09:35|20261|1,[],,S,True,09:35,20261,1,798
transport-0799,P,242373675230200,242373675616300,242373688283400,13.0532,SGACK|transport-0799|P|S|1|09:35|20275|1,[],,S,True,09:35,20275,1,799
transport-0800,C,242373688920400,242373689275300,242373701969300,13.0489,SGACK|transport-0800|C|S|1|09:35|20287|1,[],,S,True,09:35,20287,1,800
transport-0801,E,242373702823500,242373703198800,242373712645100,9.8216,SGACK|transport-0801|E|A|1|09:35|20299|1,[],,A,True,09:35,20299,1,801
transport-0802,K,242373726223100,242373726513900,242373728467500,2.2444,SGACK|transport-0802|K|S|1|09:35|20316|1,[],,S,True,09:35,20316,1,802
transport-0803,A,242373728773900,242373729016900,242373737474500,8.7006,SGACK|transport-0803|A|A|1|09:35|20325|1,[],,A,True,09:35,20325,1,803
transport-0804,T,242373751463400,242373751957000,242373755118500,3.6551,SGACK|transport-0804|T|S|1|09:35|20340|1,[],,S,True,09:35,20340,1,804
transport-0805,S,242373755549600,242373755774600,242373769426100,13.8765,SGACK|transport-0805|S|S|1|09:35|20355|1,[],,S,True,09:35,20355,1,805
transport-0806,P,242373770092100,242373770452800,242373782914400,12.8223,SGACK|transport-0806|P|S|1|09:35|20369|1,[],,S,True,09:35,20369,1,806
transport-0807,C,242373784072200,242373784690900,242373797548100,13.4759,SGACK|transport-0807|C|S|1|09:35|20383|1,[],,S,True,09:35,20383,1,807
transport-0808,E,242373798574600,242373798936200,242373808670700,10.0961,SGACK|transport-0808|E|A|1|09:35|20395|1,[],,A,True,09:35,20395,1,808
transport-0809,K,242373822727200,242373823197500,242373826399100,3.6719,SGACK|transport-0809|K|S|1|09:35|20412|1,[],,S,True,09:35,20412,1,809
transport-0810,A,242373826810400,242373827075600,242373835743800,8.9334,SGACK|transport-0810|A|A|1|09:35|20423|1,[],,A,True,09:35,20423,1,810
transport-0811,T,242373848270600,242373848636300,242373850781200,2.5106,SGACK|transport-0811|T|S|1|09:35|20437|1,[],,S,True,09:35,20437,1,811
transport-0812,S,242373851145400,242373851406100,242373863571300,12.4259,SGACK|transport-0812|S|S|1|09:35|20450|1,[],,S,True,09:35,20450,1,812
transport-0813,P,242373864048400,242373864396600,242373876124400,12.076,SGACK|transport-0813|P|S|1|09:35|20463|1,[],,S,True,09:35,20463,1,813
transport-0814,C,242373876708500,242373876960300,242373889377600,12.6691,SGACK|transport-0814|C|S|1|09:35|20475|1,[],,S,True,09:35,20475,1,814
transport-0815,E,242373890073000,242373890416400,242373899237800,9.1648,SGACK|transport-0815|E|A|1|09:35|20486|1,[],,A,True,09:35,20486,1,815
transport-0816,K,242373912722900,242373913156000,242373916393600,3.6707,SGACK|transport-0816|K|S|1|09:35|20502|1,[],,S,True,09:35,20502,1,816
transport-0817,A,242373917107800,242373917742500,242373927039100,9.9313,SGACK|transport-0817|A|A|1|09:35|20514|1,[],,A,True,09:35,20514,1,817
transport-0818,T,242373940981300,242373941288200,242373944399300,3.418,SGACK|transport-0818|T|S|1|09:35|20529|1,[],,S,True,09:35,20529,1,818
transport-0819,S,242373944974900,242373945286100,242373957470600,12.4957,SGACK|transport-0819|S|S|1|09:35|20544|1,[],,S,True,09:35,20544,1,819
transport-0820,P,242373958064000,242373958336000,242373969963500,11.8995,SGACK|transport-0820|P|S|1|09:35|20557|1,[],,S,True,09:35,20557,1,820
transport-0821,C,242373970522500,242373970750500,242373983578000,13.0555,SGACK|transport-0821|C|S|1|09:35|20569|1,[],,S,True,09:35,20569,1,821
transport-0822,E,242373984451000,242373984979700,242373994431200,9.9802,SGACK|transport-0822|E|A|1|09:35|20581|1,[],,A,True,09:35,20581,1,822
transport-0823,K,242374008052300,242374008421600,242374011421300,3.369,SGACK|transport-0823|K|S|1|09:35|20597|1,[],,S,True,09:35,20597,1,823
transport-0824,A,242374011863500,242374012201900,242374021049900,9.1864,SGACK|transport-0824|A|A|1|09:35|20608|1,[],,A,True,09:35,20608,1,824
transport-0825,T,242374035197000,242374035539900,242374039313500,4.1165,SGACK|transport-0825|T|S|1|09:35|20624|1,[],,S,True,09:35,20624,1,825
transport-0826,S,242374039952400,242374040316700,242374052628500,12.6761,SGACK|transport-0826|S|S|1|09:35|20639|1,[],,S,True,09:35,20639,1,826
transport-0827,P,242374053161800,242374053500500,242374066013500,12.8517,SGACK|transport-0827|P|S|1|09:35|20653|1,[],,S,True,09:35,20653,1,827
transport-0828,C,242374066524100,242374066820300,242374078618700,12.0946,SGACK|transport-0828|C|S|1|09:35|20665|1,[],,S,True,09:35,20665,1,828
transport-0829,E,242374078956900,242374079126300,242374087718400,8.7615,SGACK|transport-0829|E|A|1|09:35|20675|1,[],,A,True,09:35,20675,1,829
transport-0830,K,242374100391100,242374100708400,242374103259600,2.8685,SGACK|transport-0830|K|S|1|09:35|20690|1,[],,S,True,09:35,20690,1,830
transport-0831,A,242374103757500,242374104046800,242374112884600,9.1271,SGACK|transport-0831|A|A|1|09:35|20700|1,[],,A,True,09:35,20700,1,831
transport-0832,T,242374127568800,242374128014100,242374131115600,3.5468,SGACK|transport-0832|T|S|1|09:35|20716|1,[],,S,True,09:35,20716,1,832
transport-0833,S,242374131685600,242374131951000,242374144831700,13.1461,SGACK|transport-0833|S|S|1|09:35|20731|1,[],,S,True,09:35,20731,1,833
transport-0834,P,242374145607900,242374146024400,242374158408200,12.8003,SGACK|transport-0834|P|S|1|09:35|20745|1,[],,S,True,09:35,20745,1,834
transport-0835,C,242374159120400,242374159574600,242374171105400,11.985,SGACK|transport-0835|C|S|1|09:35|20757|1,[],,S,True,09:35,20757,1,835
transport-0836,E,242374171801600,242374172109400,242374181695800,9.8942,SGACK|transport-0836|E|A|1|09:35|20768|1,[],,A,True,09:35,20768,1,836
transport-0837,K,242374195414100,242374195674000,242374198133300,2.7192,SGACK|transport-0837|K|S|1|09:35|20785|1,[],,S,True,09:35,20785,1,837
transport-0838,A,242374198490700,242374198689100,242374207865600,9.3749,SGACK|transport-0838|A|A|1|09:35|20795|1,[],,A,True,09:35,20795,1,838
transport-0839,T,242374221424800,242374222049400,242374224904100,3.4793,SGACK|transport-0839|T|S|1|09:35|20810|1,[],,S,True,09:35,20810,1,839
transport-0840,S,242374225286200,242374225678200,242374238474400,13.1882,SGACK|transport-0840|S|S|1|09:35|20825|1,[],,S,True,09:35,20825,1,840
transport-0841,P,242374239268300,242374239663200,242374252079900,12.8116,SGACK|transport-0841|P|S|1|09:35|20839|1,[],,S,True,09:35,20839,1,841
transport-0842,C,242374252711100,242374253306300,242374265223800,12.5127,SGACK|transport-0842|C|S|1|09:35|20851|1,[],,S,True,09:35,20851,1,842
transport-0843,E,242374265840600,242374266151900,242374275256500,9.4159,SGACK|transport-0843|E|A|1|09:35|20862|1,[],,A,True,09:35,20862,1,843
transport-0844,K,242374288439300,242374288761700,242374291390400,2.9511,SGACK|transport-0844|K|S|1|09:35|20878|1,[],,S,True,09:35,20878,1,844
transport-0845,A,242374291778800,242374292026200,242374301042600,9.2638,SGACK|transport-0845|A|A|1|09:35|20888|1,[],,A,True,09:35,20888,1,845
transport-0846,T,242374315833400,242374316385300,242374319485100,3.6517,SGACK|transport-0846|T|S|1|09:35|20904|1,[],,S,True,09:35,20904,1,846
transport-0847,S,242374320017400,242374320380900,242374333083100,13.0657,SGACK|transport-0847|S|S|1|09:35|20919|1,[],,S,True,09:35,20919,1,847
transport-0848,P,242374333937600,242374334508800,242374346369200,12.4316,SGACK|transport-0848|P|S|1|09:35|20933|1,[],,S,True,09:35,20933,1,848
transport-0849,C,242374346949700,242374347342000,242374359410500,12.4608,SGACK|transport-0849|C|S|1|09:35|20945|1,[],,S,True,09:35,20945,1,849
transport-0850,E,242374360062500,242374360499600,242374368830900,8.7684,SGACK|transport-0850|E|A|1|09:35|20956|1,[],,A,True,09:35,20956,1,850
transport-0851,K,242374383439000,242374383853500,242374387295800,3.8568,SGACK|transport-0851|K|S|1|09:35|20973|1,[],,S,True,09:35,20973,1,851
transport-0852,A,242374387806200,242374388159800,242374397289300,9.4831,SGACK|transport-0852|A|A|1|09:35|20984|1,[],,A,True,09:35,20984,1,852
transport-0853,T,242374410351300,242374410580100,242374413133000,2.7817,SGACK|transport-0853|T|S|1|09:35|20999|1,[],,S,True,09:35,20999,1,853
transport-0854,S,242374413458400,242374413664800,242374426266700,12.8083,SGACK|transport-0854|S|S|1|09:35|21013|1,[],,S,True,09:35,21013,1,854
transport-0855,P,242374426807800,242374427204300,242374439262700,12.4549,SGACK|transport-0855|P|S|1|09:35|21026|1,[],,S,True,09:35,21026,1,855
transport-0856,C,242374439880900,242374440264300,242374452730600,12.8497,SGACK|transport-0856|C|S|1|09:35|21038|1,[],,S,True,09:35,21038,1,856
transport-0857,E,242374453421700,242374453864300,242374463411600,9.9899,SGACK|transport-0857|E|A|1|09:35|21050|1,[],,A,True,09:35,21050,1,857
transport-0858,K,242374477384100,242374477772200,242374481430000,4.0459,SGACK|transport-0858|K|S|1|09:35|21067|1,[],,S,True,09:35,21067,1,858
transport-0859,A,242374482110400,242374482479800,242374491943100,9.8327,SGACK|transport-0859|A|A|1|09:35|21079|1,[],,A,True,09:35,21079,1,859
transport-0860,T,242374505807700,242374506259100,242374509722900,3.9152,SGACK|transport-0860|T|S|1|09:35|21094|1,[],,S,True,09:35,21094,1,860
transport-0861,S,242374510210600,242374510498500,242374523710500,13.4999,SGACK|transport-0861|S|S|1|09:35|21110|1,[],,S,True,09:35,21110,1,861
transport-0862,P,242374524484100,242374524912700,242374537278400,12.7943,SGACK|transport-0862|P|S|1|09:35|21124|1,[],,S,True,09:35,21124,1,862
transport-0863,C,242374537896200,242374538187400,242374550413200,12.517,SGACK|transport-0863|C|S|1|09:35|21136|1,[],,S,True,09:35,21136,1,863
transport-0864,E,242374551587400,242374551864500,242374560904900,9.3175,SGACK|transport-0864|E|A|1|09:35|21148|1,[],,A,True,09:35,21148,1,864
transport-0865,K,242374574775500,242374575158200,242374578204700,3.4292,SGACK|transport-0865|K|S|1|09:35|21164|1,[],,S,True,09:35,21164,1,865
transport-0866,A,242374578681800,242374578936400,242374588064700,9.3829,SGACK|transport-0866|A|A|1|09:35|21175|1,[],,A,True,09:35,21175,1,866
transport-0867,T,242374601937000,242374602286600,242374605642700,3.7057,SGACK|transport-0867|T|S|1|09:35|21190|1,[],,S,True,09:35,21190,1,867
transport-0868,S,242374606130000,242374606526800,242374618220400,12.0904,SGACK|transport-0868|S|S|1|09:35|21205|1,[],,S,True,09:35,21205,1,868
transport-0869,P,242374618778100,242374619118600,242374631618100,12.84,SGACK|transport-0869|P|S|1|09:35|21218|1,[],,S,True,09:35,21218,1,869
transport-0870,C,242374632509600,242374632923700,242374645737600,13.228,SGACK|transport-0870|C|S|1|09:35|21231|1,[],,S,True,09:35,21231,1,870
transport-0871,E,242374646709300,242374647247200,242374656218000,9.5087,SGACK|transport-0871|E|A|1|09:35|21243|1,[],,A,True,09:35,21243,1,871
transport-0872,K,242374670093900,242374670404300,242374673431300,3.3374,SGACK|transport-0872|K|S|1|09:35|21260|1,[],,S,True,09:35,21260,1,872
transport-0873,A,242374673888800,242374674100000,242374683331100,9.4423,SGACK|transport-0873|A|A|1|09:35|21270|1,[],,A,True,09:35,21270,1,873
transport-0874,T,242374698668600,242374698965600,242374702414700,3.7461,SGACK|transport-0874|T|S|1|09:35|21287|1,[],,S,True,09:35,21287,1,874
transport-0875,S,242374702943600,242374703188200,242374715723300,12.7797,SGACK|transport-0875|S|S|1|09:35|21302|1,[],,S,True,09:35,21302,1,875
transport-0876,P,242374717104000,242374717534300,242374731076200,13.9722,SGACK|transport-0876|P|S|1|09:35|21317|1,[],,S,True,09:35,21317,1,876
transport-0877,C,242374732337600,242374732870400,242374745829900,13.4923,SGACK|transport-0877|C|S|1|09:35|21331|1,[],,S,True,09:35,21331,1,877
transport-0878,E,242374746821500,242374747258800,242374756669900,9.8484,SGACK|transport-0878|E|A|1|09:35|21343|1,[],,A,True,09:35,21343,1,878
transport-0879,K,242374770354900,242374770726400,242374774395400,4.0405,SGACK|transport-0879|K|S|1|09:35|21360|1,[],,S,True,09:35,21360,1,879
transport-0880,A,242374774878800,242374775127700,242374783808800,8.93,SGACK|transport-0880|A|A|1|09:35|21371|1,[],,A,True,09:35,21371,1,880
transport-0881,T,242374797421500,242374797808000,242374800706300,3.2848,SGACK|transport-0881|T|S|1|09:35|21386|1,[],,S,True,09:35,21386,1,881
transport-0882,S,242374801476900,242374802104100,242374814017700,12.5408,SGACK|transport-0882|S|S|1|09:35|21401|1,[],,S,True,09:35,21401,1,882
transport-0883,P,242374814555800,242374814961700,242374826861200,12.3054,SGACK|transport-0883|P|S|1|09:35|21414|1,[],,S,True,09:35,21414,1,883
transport-0884,C,242374827444300,242374827722100,242374840009800,12.5655,SGACK|transport-0884|C|S|1|09:35|21426|1,[],,S,True,09:35,21426,1,884
transport-0885,E,242374840973500,242374841357400,242374850495700,9.5222,SGACK|transport-0885|E|A|1|09:35|21437|1,[],,A,True,09:35,21437,1,885
transport-0886,K,242374865210200,242374865751500,242374868410900,3.2007,SGACK|transport-0886|K|S|1|09:35|21455|1,[],,S,True,09:35,21455,1,886
transport-0887,A,242374869079800,242374869418300,242374878457200,9.3774,SGACK|transport-0887|A|A|1|09:35|21466|1,[],,A,True,09:35,21466,1,887
transport-0888,T,242374890977100,242374891266800,242374893842000,2.8649,SGACK|transport-0888|T|S|1|09:35|21479|1,[],,S,True,09:35,21479,1,888
transport-0889,S,242374894607700,242374895004600,242374907454800,12.8471,SGACK|transport-0889|S|S|1|09:35|21494|1,[],,S,True,09:35,21494,1,889
transport-0890,P,242374908369000,242374908861800,242374921628800,13.2598,SGACK|transport-0890|P|S|1|09:35|21508|1,[],,S,True,09:35,21508,1,890
transport-0891,C,242374922213500,242374922426100,242374935624000,13.4105,SGACK|transport-0891|C|S|1|09:35|21521|1,[],,S,True,09:35,21521,1,891
transport-0892,E,242374935995400,242374936257900,242374945259700,9.2643,SGACK|transport-0892|E|A|1|09:35|21532|1,[],,A,True,09:35,21532,1,892
transport-0893,K,242374960106700,242374960603900,242374964168900,4.0622,SGACK|transport-0893|K|S|1|09:35|21550|1,[],,S,True,09:35,21550,1,893
transport-0894,A,242374964995000,242374965492000,242374974200900,9.2059,SGACK|transport-0894|A|A|1|09:35|21561|1,[],,A,True,09:35,21561,1,894
transport-0895,T,242374987931100,242374988414000,242374992047500,4.1164,SGACK|transport-0895|T|S|1|09:35|21576|1,[],,S,True,09:35,21576,1,895
transport-0896,S,242374992863900,242374993412700,242375005595200,12.7313,SGACK|transport-0896|S|S|1|09:35|21592|1,[],,S,True,09:35,21592,1,896
transport-0897,P,242375006448600,242375006877800,242375018961000,12.5124,SGACK|transport-0897|P|S|1|09:35|21606|1,[],,S,True,09:35,21606,1,897
transport-0898,C,242375019590300,242375019838500,242375031250100,11.6598,SGACK|transport-0898|C|S|1|09:35|21618|1,[],,S,True,09:35,21618,1,898
transport-0899,E,242375031741000,242375031993900,242375040182900,8.4419,SGACK|transport-0899|E|A|1|09:35|21628|1,[],,A,True,09:35,21628,1,899
transport-0900,K,242375053667200,242375053994700,242375056359600,2.6924,SGACK|transport-0900|K|S|1|09:35|21643|1,[],,S,True,09:35,21643,1,900
transport-0901,A,242375057270700,242375057622700,242375067643900,10.3732,SGACK|transport-0901|A|A|1|09:35|21654|1,[],,A,True,09:35,21654,1,901
transport-0902,T,242375080695600,242375080930300,242375082626400,1.9308,SGACK|transport-0902|T|S|1|09:35|21669|1,[],,S,True,09:35,21669,1,902
transport-0903,S,242375083063400,242375083279100,242375095424100,12.3607,SGACK|transport-0903|S|S|1|09:35|21682|1,[],,S,True,09:35,21682,1,903
transport-0904,P,242375095877800,242375096099100,242375108850400,12.9726,SGACK|transport-0904|P|S|1|09:35|21695|1,[],,S,True,09:35,21695,1,904
transport-0905,C,242375109752500,242375110009400,242375121576100,11.8236,SGACK|transport-0905|C|S|1|09:35|21708|1,[],,S,True,09:35,21708,1,905
transport-0906,E,242375122150900,242375122480700,242375131378100,9.2272,SGACK|transport-0906|E|A|1|09:35|21719|1,[],,A,True,09:35,21719,1,906
transport-0907,K,242375144669600,242375144908700,242375146670100,2.0005,SGACK|transport-0907|K|S|1|09:35|21734|1,[],,S,True,09:35,21734,1,907
transport-0908,A,242375147090400,242375147443100,242375157284200,10.1938,SGACK|transport-0908|A|A|1|09:35|21744|1,[],,A,True,09:35,21744,1,908
transport-0909,T,242375171878600,242375172276500,242375174590300,2.7117,SGACK|transport-0909|T|S|1|09:35|21760|1,[],,S,True,09:35,21760,1,909
transport-0910,S,242375175022200,242375175249400,242375187799600,12.7774,SGACK|transport-0910|S|S|1|09:35|21774|1,[],,S,True,09:35,21774,1,910
transport-0911,P,242375188476500,242375189037000,242375200963600,12.4871,SGACK|transport-0911|P|S|1|09:35|21788|1,[],,S,True,09:35,21788,1,911
transport-0912,C,242375201345400,242375201567600,242375214269600,12.9242,SGACK|transport-0912|C|S|1|09:35|21800|1,[],,S,True,09:35,21800,1,912
transport-0913,E,242375215140100,242375215520500,242375225274400,10.1343,SGACK|transport-0913|E|A|1|09:35|21812|1,[],,A,True,09:35,21812,1,913
transport-0914,K,242375238898300,242375239127400,242375241941200,3.0429,SGACK|transport-0914|K|S|1|09:35|21828|1,[],,S,True,09:35,21828,1,914
transport-0915,A,242375242757100,242375243165200,242375251258700,8.5016,SGACK|transport-0915|A|A|1|09:35|21839|1,[],,A,True,09:35,21839,1,915
transport-0916,T,242375264801000,242375265159800,242375267373400,2.5724,SGACK|transport-0916|T|S|1|09:35|21853|1,[],,S,True,09:35,21853,1,916
transport-0917,S,242375267726600,242375267907100,242375280566800,12.8402,SGACK|transport-0917|S|S|1|09:35|21867|1,[],,S,True,09:35,21867,1,917
transport-0918,P,242375281396200,242375281916500,242375294410800,13.0146,SGACK|transport-0918|P|S|1|09:35|21881|1,[],,S,True,09:35,21881,1,918
transport-0919,C,242375295254100,242375295755600,242375308083800,12.8297,SGACK|transport-0919|C|S|1|09:35|21894|1,[],,S,True,09:35,21894,1,919
transport-0920,E,242375308847600,242375309182300,242375317283900,8.4363,SGACK|transport-0920|E|A|1|09:35|21905|1,[],,A,True,09:35,21905,1,920
transport-0921,K,242375330636100,242375330890200,242375333223700,2.5876,SGACK|transport-0921|K|S|1|09:35|21920|1,[],,S,True,09:35,21920,1,921
transport-0922,A,242375333795000,242375334016100,242375343133900,9.3389,SGACK|transport-0922|A|A|1|09:35|21930|1,[],,A,True,09:35,21930,1,922
transport-0923,T,242375355649500,242375355882500,242375357874600,2.2251,SGACK|transport-0923|T|S|1|09:35|21944|1,[],,S,True,09:35,21944,1,923
transport-0924,S,242375358693200,242375358915700,242375371409800,12.7166,SGACK|transport-0924|S|S|1|09:35|21958|1,[],,S,True,09:35,21958,1,924
transport-0925,P,242375372225300,242375372719000,242375384458200,12.2329,SGACK|transport-0925|P|S|1|09:35|21972|1,[],,S,True,09:35,21972,1,925
transport-0926,C,242375384797000,242375384998600,242375396914300,12.1173,SGACK|transport-0926|C|S|1|09:35|21983|1,[],,S,True,09:35,21983,1,926
transport-0927,E,242375397335100,242375397544200,242375406389900,9.0548,SGACK|transport-0927|E|A|1|09:35|21994|1,[],,A,True,09:35,21994,1,927
transport-0928,K,242375419731500,242375420053300,242375423190800,3.4593,SGACK|transport-0928|K|S|1|09:35|22009|1,[],,S,True,09:35,22009,1,928
transport-0929,A,242375424024500,242375424526900,242375433792200,9.7677,SGACK|transport-0929|A|A|1|09:35|22021|1,[],,A,True,09:35,22021,1,929
transport-0930,T,242375447592400,242375448036400,242375453952500,6.3601,SGACK|transport-0930|T|S|1|09:35|22040|1,[],,S,True,09:35,22040,1,930
transport-0931,S,242375454794400,242375455218900,242375467639100,12.8447,SGACK|transport-0931|S|S|1|09:35|22054|1,[],,S,True,09:35,22054,1,931
transport-0932,P,242375468457400,242375468796200,242375480455000,11.9976,SGACK|transport-0932|P|S|1|09:35|22068|1,[],,S,True,09:35,22068,1,932
transport-0933,C,242375480812900,242375481025600,242375492199000,11.3861,SGACK|transport-0933|C|S|1|09:35|22079|1,[],,S,True,09:35,22079,1,933
transport-0934,E,242375492567800,242375492796900,242375501964900,9.3971,SGACK|transport-0934|E|A|1|09:35|22089|1,[],,A,True,09:35,22089,1,934
transport-0935,K,242375515712900,242375516034700,242375517910600,2.1977,SGACK|transport-0935|K|S|1|09:35|22105|1,[],,S,True,09:35,22105,1,935
transport-0936,A,242375518503100,242375518808700,242375528210900,9.7078,SGACK|transport-0936|A|A|1|09:35|22115|1,[],,A,True,09:35,22115,1,936
transport-0937,T,242375541724300,242375542072700,242375544883600,3.1593,SGACK|transport-0937|T|S|1|09:35|22130|1,[],,S,True,09:35,22130,1,937
transport-0938,S,242375545687300,242375546055100,242375557576800,11.8895,SGACK|transport-0938|S|S|1|09:35|22145|1,[],,S,True,09:35,22145,1,938
transport-0939,P,242375557962800,242375558147200,242375569389400,11.4266,SGACK|transport-0939|P|S|1|09:35|22157|1,[],,S,True,09:35,22157,1,939
transport-0940,C,242375569895200,242375570154200,242375582230900,12.3357,SGACK|transport-0940|C|S|1|09:35|22168|1,[],,S,True,09:35,22168,1,940
transport-0941,E,242375583063000,242375583300800,242375591652600,8.5896,SGACK|transport-0941|E|A|1|09:35|22179|1,[],,A,True,09:35,22179,1,941
transport-0942,K,242375604169400,242375604468800,242375606434200,2.2648,SGACK|transport-0942|K|S|1|09:35|22194|1,[],,S,True,09:35,22194,1,942
transport-0943,A,242375606721000,242375606908300,242375615544700,8.8237,SGACK|transport-0943|A|A|1|09:35|22203|1,[],,A,True,09:35,22203,1,943
transport-0944,T,242375627753400,242375627987000,242375630239300,2.4859,SGACK|transport-0944|T|S|1|09:35|22216|1,[],,S,True,09:35,22216,1,944
transport-0945,S,242375630568000,242375630745800,242375642743300,12.1753,SGACK|transport-0945|S|S|1|09:35|22230|1,[],,S,True,09:35,22230,1,945
transport-0946,P,242375643162900,242375643378800,242375656273100,13.1102,SGACK|transport-0946|P|S|1|09:35|22243|1,[],,S,True,09:35,22243,1,946
transport-0947,C,242375656657900,242375656958200,242375668813400,12.1555,SGACK|transport-0947|C|S|1|09:35|22255|1,[],,S,True,09:35,22255,1,947
transport-0948,E,242375669185200,242375669446900,242375678531300,9.3461,SGACK|transport-0948|E|A|1|09:35|22266|1,[],,A,True,09:35,22266,1,948
transport-0949,K,242375691581500,242375691987600,242375694613700,3.0322,SGACK|transport-0949|K|S|1|09:35|22281|1,[],,S,True,09:35,22281,1,949
transport-0950,A,242375695119300,242375695422100,242375704893100,9.7738,SGACK|transport-0950|A|A|1|09:35|22292|1,[],,A,True,09:35,22292,1,950
transport-0951,T,242375718259700,242375718699400,242375721661700,3.402,SGACK|transport-0951|T|S|1|09:35|22307|1,[],,S,True,09:35,22307,1,951
transport-0952,S,242375722332000,242375722714800,242375734668500,12.3365,SGACK|transport-0952|S|S|1|09:35|22322|1,[],,S,True,09:35,22322,1,952
transport-0953,P,242375735023500,242375735224400,242375746767600,11.7441,SGACK|transport-0953|P|S|1|09:35|22334|1,[],,S,True,09:35,22334,1,953
transport-0954,C,242375747240100,242375747584600,242375759751400,12.5113,SGACK|transport-0954|C|S|1|09:35|22346|1,[],,S,True,09:35,22346,1,954
transport-0955,E,242375760386700,242375760592000,242375769783100,9.3964,SGACK|transport-0955|E|A|1|09:35|22357|1,[],,A,True,09:35,22357,1,955
transport-0956,K,242375783987600,242375784541600,242375786585200,2.5976,SGACK|transport-0956|K|S|1|09:35|22374|1,[],,S,True,09:35,22374,1,956
transport-0957,A,242375786919100,242375787117200,242375795802900,8.8838,SGACK|transport-0957|A|A|1|09:35|22383|1,[],,A,True,09:35,22383,1,957
transport-0958,T,242375809523200,242375809859000,242375812341200,2.818,SGACK|transport-0958|T|S|1|09:35|22398|1,[],,S,True,09:35,22398,1,958
transport-0959,S,242375812851700,242375813147600,242375825101500,12.2498,SGACK|transport-0959|S|S|1|09:35|22412|1,[],,S,True,09:35,22412,1,959
transport-0960,P,242375825731300,242375826125400,242375837504500,11.7732,SGACK|transport-0960|P|S|1|09:35|22425|1,[],,S,True,09:35,22425,1,960
transport-0961,C,242375837914700,242375838060600,242375849882000,11.9673,SGACK|transport-0961|C|S|1|09:35|22436|1,[],,S,True,09:35,22436,1,961
transport-0962,E,242375850340500,242375850514200,242375859664100,9.3236,SGACK|transport-0962|E|A|1|09:35|22447|1,[],,A,True,09:35,22447,1,962
transport-0963,K,242375871706500,242375871895300,242375873864000,2.1575,SGACK|transport-0963|K|S|1|09:35|22461|1,[],,S,True,09:35,22461,1,963
transport-0964,A,242375874133000,242375874275900,242375882530600,8.3976,SGACK|transport-0964|A|A|1|09:35|22470|1,[],,A,True,09:35,22470,1,964
transport-0965,T,242375895670700,242375895953600,242375899545500,3.8748,SGACK|transport-0965|T|S|1|09:35|22484|1,[],,S,True,09:35,22484,1,965
transport-0966,S,242375900680100,242375901307000,242375913371500,12.6914,SGACK|transport-0966|S|S|1|09:35|22500|1,[],,S,True,09:35,22500,1,966
transport-0967,P,242375914154900,242375914571600,242375926937400,12.7825,SGACK|transport-0967|P|S|1|09:35|22514|1,[],,S,True,09:35,22514,1,967
transport-0968,C,242375927342600,242375927535500,242375939147600,11.805,SGACK|transport-0968|C|S|1|09:35|22526|1,[],,S,True,09:35,22526,1,968
transport-0969,E,242375939431700,242375939671600,242375948671600,9.2399,SGACK|transport-0969|E|A|1|09:35|22536|1,[],,A,True,09:35,22536,1,969
transport-0970,K,242375961460800,242375961693000,242375963449600,1.9888,SGACK|transport-0970|K|S|1|09:35|22551|1,[],,S,True,09:35,22551,1,970
transport-0971,A,242375963798500,242375964077400,242375972241800,8.4433,SGACK|transport-0971|A|A|1|09:35|22560|1,[],,A,True,09:35,22560,1,971
transport-0972,T,242375984454400,242375984654000,242375986161000,1.7066,SGACK|transport-0972|T|S|1|09:35|22573|1,[],,S,True,09:35,22573,1,972
transport-0973,S,242375986474600,242375986651700,242375998633200,12.1586,SGACK|transport-0973|S|S|1|09:35|22586|1,[],,S,True,09:35,22586,1,973
transport-0974,P,242375999120800,242375999412200,242376012094300,12.9735,SGACK|transport-0974|P|S|1|09:35|22599|1,[],,S,True,09:35,22599,1,974
transport-0975,C,242376012933900,242376013251000,242376025049700,12.1158,SGACK|transport-0975|C|S|1|09:35|22611|1,[],,S,True,09:35,22611,1,975
transport-0976,E,242376025996700,242376026323400,242376034375400,8.3787,SGACK|transport-0976|E|A|1|09:35|22622|1,[],,A,True,09:35,22622,1,976
transport-0977,K,242376047883500,242376048208200,242376050770000,2.8865,SGACK|transport-0977|K|S|1|09:35|22637|1,[],,S,True,09:35,22637,1,977
transport-0978,A,242376051089200,242376051270500,242376060061600,8.9724,SGACK|transport-0978|A|A|1|09:35|22647|1,[],,A,True,09:35,22647,1,978
transport-0979,T,242376072401500,242376072544300,242376073995500,1.594,SGACK|transport-0979|T|S|1|09:35|22661|1,[],,S,True,09:35,22661,1,979
transport-0980,S,242376074282600,242376074459500,242376087067400,12.7848,SGACK|transport-0980|S|S|1|09:35|22674|1,[],,S,True,09:35,22674,1,980
transport-0981,P,242376087402500,242376087642900,242376099820800,12.4183,SGACK|transport-0981|P|S|1|09:35|22687|1,[],,S,True,09:35,22687,1,981
transport-0982,C,242376100376200,242376100586300,242376112850400,12.4742,SGACK|transport-0982|C|S|1|09:35|22699|1,[],,S,True,09:35,22699,1,982
transport-0983,E,242376113431600,242376113666600,242376122646800,9.2152,SGACK|transport-0983|E|A|1|09:35|22710|1,[],,A,True,09:35,22710,1,983
transport-0984,K,242376135836800,242376136028800,242376138083900,2.2471,SGACK|transport-0984|K|S|1|09:35|22725|1,[],,S,True,09:35,22725,1,984
transport-0985,A,242376138520800,242376138684300,242376147322700,8.8019,SGACK|transport-0985|A|A|1|09:35|22735|1,[],,A,True,09:35,22735,1,985
transport-0986,T,242376159905100,242376160092200,242376161701500,1.7964,SGACK|transport-0986|T|S|1|09:35|22748|1,[],,S,True,09:35,22748,1,986
transport-0987,S,242376161919000,242376162074700,242376173884100,11.9651,SGACK|transport-0987|S|S|1|09:35|22761|1,[],,S,True,09:35,22761,1,987
transport-0988,P,242376174471200,242376174671300,242376186477800,12.0066,SGACK|transport-0988|P|S|1|09:35|22774|1,[],,S,True,09:35,22774,1,988
transport-0989,C,242376186804400,242376187047700,242376198454300,11.6499,SGACK|transport-0989|C|S|1|09:35|22785|1,[],,S,True,09:35,22785,1,989
transport-0990,E,242376198917900,242376199298600,242376207832600,8.9147,SGACK|transport-0990|E|A|1|09:35|22795|1,[],,A,True,09:35,22795,1,990
transport-0991,K,242376221414800,242376221677500,242376224513600,3.0988,SGACK|transport-0991|K|S|1|09:35|22811|1,[],,S,True,09:35,22811,1,991
transport-0992,A,242376225002700,242376225306300,242376233855600,8.8529,SGACK|transport-0992|A|A|1|09:35|22821|1,[],,A,True,09:35,22821,1,992
transport-0993,T,242376246724200,242376246966000,242376249026600,2.3024,SGACK|transport-0993|T|S|1|09:35|22835|1,[],,S,True,09:35,22835,1,993
transport-0994,S,242376249509400,242376249837300,242376261980900,12.4715,SGACK|transport-0994|S|S|1|09:35|22849|1,[],,S,True,09:35,22849,1,994
transport-0995,P,242376262486600,242376262775700,242376275290800,12.8042,SGACK|transport-0995|P|S|1|09:35|22862|1,[],,S,True,09:35,22862,1,995
transport-0996,C,242376276035100,242376276322300,242376288436500,12.4014,SGACK|transport-0996|C|S|1|09:35|22874|1,[],,S,True,09:35,22874,1,996
transport-0997,E,242376289226000,242376289658500,242376298876300,9.6503,SGACK|transport-0997|E|A|1|09:35|22886|1,[],,A,True,09:35,22886,1,997
transport-0998,K,242376312172900,242376312514100,242376314996400,2.8235,SGACK|transport-0998|K|S|1|09:35|22902|1,[],,S,True,09:35,22902,1,998
transport-0999,A,242376315424800,242376315668600,242376324716600,9.2918,SGACK|transport-0999|A|A|1|09:35|22912|1,[],,A,True,09:35,22912,1,999
transport-1000,T,242376338004500,242376338273700,242376340542300,2.5378,SGACK|transport-1000|T|S|1|09:35|22926|1,[],,S,True,09:35,22926,1,1000
transport-1001,S,242376341017800,242376341290600,242376353332400,12.3146,SGACK|transport-1001|S|S|1|09:35|22940|1,[],,S,True,09:35,22940,1,1001
transport-1002,P,242376354004500,242376354428400,242376368178700,14.1742,SGACK|transport-1002|P|S|1|09:35|22954|1,[],,S,True,09:35,22954,1,1002
transport-1003,C,242376369342200,242376369764500,242376381407800,12.0656,SGACK|transport-1003|C|S|1|09:35|22968|1,[],,S,True,09:35,22968,1,1003
transport-1004,E,242376381909000,242376382195700,242376390762400,8.8534,SGACK|transport-1004|E|A|1|09:35|22978|1,[],,A,True,09:35,22978,1,1004
transport-1005,K,242376404588700,242376404868700,242376407638700,3.05,SGACK|transport-1005|K|S|1|09:35|22994|1,[],,S,True,09:35,22994,1,1005
transport-1006,A,242376408079600,242376408344900,242376417527500,9.4479,SGACK|transport-1006|A|A|1|09:35|23004|1,[],,A,True,09:35,23004,1,1006
transport-1007,T,242376431708300,242376432204700,242376435005600,3.2973,SGACK|transport-1007|T|S|1|09:35|23020|1,[],,S,True,09:35,23020,1,1007
transport-1008,S,242376435443500,242376435737200,242376448710700,13.2672,SGACK|transport-1008|S|S|1|09:35|23035|1,[],,S,True,09:35,23035,1,1008
transport-1009,P,242376449575100,242376449943100,242376462594000,13.0189,SGACK|transport-1009|P|S|1|09:35|23049|1,[],,S,True,09:35,23049,1,1009
transport-1010,C,242376463512900,242376463952600,242376475394600,11.8817,SGACK|transport-1010|C|S|1|09:35|23062|1,[],,S,True,09:35,23062,1,1010
transport-1011,E,242376475722900,242376475899900,242376484557700,8.8348,SGACK|transport-1011|E|A|1|09:35|23072|1,[],,A,True,09:35,23072,1,1011
transport-1012,K,242376497310600,242376497638700,242376500360600,3.05,SGACK|transport-1012|K|S|1|09:35|23087|1,[],,S,True,09:35,23087,1,1012
transport-1013,A,242376500793500,242376501064100,242376509751200,8.9577,SGACK|transport-1013|A|A|1|09:35|23097|1,[],,A,True,09:35,23097,1,1013
transport-1014,T,242376524616000,242376525157000,242376528504600,3.8886,SGACK|transport-1014|T|S|1|09:35|23113|1,[],,S,True,09:35,23113,1,1014
transport-1015,S,242376529017600,242376529305400,242376540647100,11.6295,SGACK|transport-1015|S|S|1|09:35|23128|1,[],,S,True,09:35,23128,1,1015
transport-1016,P,242376541001100,242376541176800,242376552427200,11.4261,SGACK|transport-1016|P|S|1|09:35|23140|1,[],,S,True,09:35,23140,1,1016
transport-1017,C,242376552771300,242376552912400,242376564097500,11.3262,SGACK|transport-1017|C|S|1|09:35|23151|1,[],,S,True,09:35,23151,1,1017
transport-1018,E,242376564399500,242376564568900,242376573257300,8.8578,SGACK|transport-1018|E|A|1|09:35|23161|1,[],,A,True,09:35,23161,1,1018
transport-1019,K,242376585970100,242376586157100,242376588316300,2.3462,SGACK|transport-1019|K|S|1|09:35|23175|1,[],,S,True,09:35,23175,1,1019
transport-1020,A,242376588616500,242376588783100,242376597852600,9.2361,SGACK|transport-1020|A|A|1|09:35|23185|1,[],,A,True,09:35,23185,1,1020
transport-1021,T,242376611655600,242376612039200,242376615847900,4.1923,SGACK|transport-1021|T|S|1|09:35|23200|1,[],,S,True,09:35,23200,1,1021
transport-1022,S,242376616642200,242376617009700,242376629919200,13.277,SGACK|transport-1022|S|S|1|09:35|23216|1,[],,S,True,09:35,23216,1,1022
transport-1023,P,242376630693100,242376631119300,242376643923500,13.2304,SGACK|transport-1023|P|S|1|09:35|23230|1,[],,S,True,09:35,23230,1,1023
transport-1024,C,242376645028800,242376645434100,242376658209500,13.1807,SGACK|transport-1024|C|S|1|09:35|23244|1,[],,S,True,09:35,23244,1,1024
transport-1025,E,242376659057400,242376659368800,242376669023700,9.9663,SGACK|transport-1025|E|A|1|09:35|23256|1,[],,A,True,09:35,23256,1,1025
transport-1026,K,242376684220800,242376684588600,242376687449400,3.2286,SGACK|transport-1026|K|S|1|09:35|23274|1,[],,S,True,09:35,23274,1,1026
transport-1027,A,242376687951700,242376688329000,242376696811700,8.86,SGACK|transport-1027|A|A|1|09:35|23284|1,[],,A,True,09:35,23284,1,1027
transport-1028,T,242376710349400,242376710592200,242376712646100,2.2967,SGACK|transport-1028|T|S|1|09:35|23299|1,[],,S,True,09:35,23299,1,1028
transport-1029,S,242376713027600,242376713276100,242376725452200,12.4246,SGACK|transport-1029|S|S|1|09:35|23312|1,[],,S,True,09:35,23312,1,1029
transport-1030,P,242376726170100,242376726652500,242376739570200,13.4001,SGACK|transport-1030|P|S|1|09:35|23326|1,[],,S,True,09:35,23326,1,1030
transport-1031,C,242376740439600,242376740741800,242376753355100,12.9155,SGACK|transport-1031|C|S|1|09:35|23339|1,[],,S,True,09:35,23339,1,1031
transport-1032,E,242376754103500,242376754451400,242376764764800,10.6613,SGACK|transport-1032|E|A|1|09:35|23351|1,[],,A,True,09:35,23351,1,1032
transport-1033,K,242376777992900,242376778268200,242376780810700,2.8178,SGACK|transport-1033|K|S|1|09:35|23367|1,[],,S,True,09:35,23367,1,1033
transport-1034,A,242376781121900,242376781331300,242376790526600,9.4047,SGACK|transport-1034|A|A|1|09:35|23378|1,[],,A,True,09:35,23378,1,1034
transport-1035,T,242376803421300,242376803710300,242376806566000,3.1447,SGACK|transport-1035|T|S|1|09:35|23392|1,[],,S,True,09:35,23392,1,1035
transport-1036,S,242376807009000,242376807266800,242376819586500,12.5775,SGACK|transport-1036|S|S|1|09:35|23406|1,[],,S,True,09:35,23406,1,1036
transport-1037,P,242376820281800,242376820625100,242376833947700,13.6659,SGACK|transport-1037|P|S|1|09:35|23420|1,[],,S,True,09:35,23420,1,1037
transport-1038,C,242376834727600,242376835248000,242376847464700,12.7371,SGACK|transport-1038|C|S|1|09:35|23433|1,[],,S,True,09:35,23433,1,1038
transport-1039,E,242376848366200,242376848750500,242376858963700,10.5975,SGACK|transport-1039|E|A|1|09:35|23445|1,[],,A,True,09:35,23445,1,1039
transport-1040,K,242376871816000,242376872034700,242376874078300,2.2623,SGACK|transport-1040|K|S|1|09:35|23461|1,[],,S,True,09:35,23461,1,1040
transport-1041,A,242376874334100,242376874491700,242376883096800,8.7627,SGACK|transport-1041|A|A|1|09:35|23471|1,[],,A,True,09:35,23471,1,1041
transport-1042,T,242376897380400,242376897790400,242376901193700,3.8133,SGACK|transport-1042|T|S|1|09:35|23486|1,[],,S,True,09:35,23486,1,1042
transport-1043,S,242376901645700,242376901885500,242376914282200,12.6365,SGACK|transport-1043|S|S|1|09:35|23501|1,[],,S,True,09:35,23501,1,1043
transport-1044,P,242376914864800,242376915133400,242376927294200,12.4294,SGACK|transport-1044|P|S|1|09:35|23514|1,[],,S,True,09:35,23514,1,1044
transport-1045,C,242376927850600,242376928055300,242376940090200,12.2396,SGACK|transport-1045|C|S|1|09:35|23526|1,[],,S,True,09:35,23526,1,1045
transport-1046,E,242376941011600,242376941528400,242376950877600,9.866,SGACK|transport-1046|E|A|1|09:35|23538|1,[],,A,True,09:35,23538,1,1046
transport-1047,K,242376965087800,242376965466400,242376968518600,3.4308,SGACK|transport-1047|K|S|1|09:35|23555|1,[],,S,True,09:35,23555,1,1047
transport-1048,A,242376969047400,242376969414500,242376978464300,9.4169,SGACK|transport-1048|A|A|1|09:35|23565|1,[],,A,True,09:35,23565,1,1048
transport-1049,T,242376992582100,242376992911600,242376996029600,3.4475,SGACK|transport-1049|T|S|1|09:35|23581|1,[],,S,True,09:35,23581,1,1049
transport-1050,S,242376996492400,242376996717800,242377009437800,12.9454,SGACK|transport-1050|S|S|1|09:35|23596|1,[],,S,True,09:35,23596,1,1050
transport-1051,P,242377010115600,242377010482800,242377023323000,13.2074,SGACK|transport-1051|P|S|1|09:35|23610|1,[],,S,True,09:35,23610,1,1051
transport-1052,C,242377024188200,242377024554800,242377037249700,13.0615,SGACK|transport-1052|C|S|1|09:35|23623|1,[],,S,True,09:35,23623,1,1052
transport-1053,E,242377038176300,242377038696000,242377048545900,10.3696,SGACK|transport-1053|E|A|1|09:35|23635|1,[],,A,True,09:35,23635,1,1053
transport-1054,K,242377063733900,242377064152700,242377067446500,3.7126,SGACK|transport-1054|K|S|1|09:35|23653|1,[],,S,True,09:35,23653,1,1054
transport-1055,A,242377067980200,242377068201900,242377077007300,9.0271,SGACK|transport-1055|A|A|1|09:35|23664|1,[],,A,True,09:35,23664,1,1055
transport-1056,T,242377091076800,242377091541900,242377094656300,3.5795,SGACK|transport-1056|T|S|1|09:35|23680|1,[],,S,True,09:35,23680,1,1056
transport-1057,S,242377095191700,242377095636500,242377109058300,13.8666,SGACK|transport-1057|S|S|1|09:35|23695|1,[],,S,True,09:35,23695,1,1057
transport-1058,P,242377110251200,242377110927500,242377123178900,12.9277,SGACK|transport-1058|P|S|1|09:35|23710|1,[],,S,True,09:35,23710,1,1058
transport-1059,C,242377123838600,242377124280100,242377136032600,12.194,SGACK|transport-1059|C|S|1|09:35|23722|1,[],,S,True,09:35,23722,1,1059
transport-1060,E,242377136743200,242377137241100,242377146331100,9.5879,SGACK|transport-1060|E|A|1|09:35|23733|1,[],,A,True,09:35,23733,1,1060
transport-1061,K,242377159809000,242377160202300,242377163291700,3.4827,SGACK|transport-1061|K|S|1|09:35|23749|1,[],,S,True,09:35,23749,1,1061
transport-1062,A,242377163749500,242377164045800,242377172812300,9.0628,SGACK|transport-1062|A|A|1|09:35|23760|1,[],,A,True,09:35,23760,1,1062
transport-1063,T,242377186271400,242377186546800,242377188616800,2.3454,SGACK|transport-1063|T|S|1|09:35|23775|1,[],,S,True,09:35,23775,1,1063
transport-1064,S,242377188952300,242377189179300,242377200920800,11.9685,SGACK|transport-1064|S|S|1|09:35|23788|1,[],,S,True,09:35,23788,1,1064
transport-1065,P,242377201504100,242377201737700,242377214300100,12.796,SGACK|transport-1065|P|S|1|09:35|23801|1,[],,S,True,09:35,23801,1,1065
transport-1066,C,242377214924700,242377215213900,242377227461200,12.5365,SGACK|transport-1066|C|S|1|09:35|23813|1,[],,S,True,09:35,23813,1,1066
transport-1067,E,242377228281600,242377228778500,242377238248900,9.9673,SGACK|transport-1067|E|A|1|09:35|23825|1,[],,A,True,09:35,23825,1,1067
transport-1068,K,242377252257600,242377252699300,242377256522200,4.2646,SGACK|transport-1068|K|S|1|09:35|23842|1,[],,S,True,09:35,23842,1,1068
transport-1069,A,242377257062200,242377257366400,242377267280200,10.218,SGACK|transport-1069|A|A|1|09:35|23854|1,[],,A,True,09:35,23854,1,1069
transport-1070,T,242377281441100,242377281972400,242377285336900,3.8958,SGACK|transport-1070|T|S|1|09:35|23870|1,[],,S,True,09:35,23870,1,1070
transport-1071,S,242377285929000,242377286352900,242377299434700,13.5057,SGACK|transport-1071|S|S|1|09:35|23885|1,[],,S,True,09:35,23885,1,1071
transport-1072,P,242377300860600,242377301317300,242377314090200,13.2296,SGACK|transport-1072|P|S|1|09:35|23900|1,[],,S,True,09:35,23900,1,1072
transport-1073,C,242377315185700,242377315831400,242377328693300,13.5076,SGACK|transport-1073|C|S|1|09:35|23914|1,[],,S,True,09:35,23914,1,1073
transport-1074,E,242377329646100,242377330095400,242377339695800,10.0497,SGACK|transport-1074|E|A|1|09:35|23926|1,[],,A,True,09:35,23926,1,1074
transport-1075,K,242377354151700,242377354628800,242377358230700,4.079,SGACK|transport-1075|K|S|1|09:35|23944|1,[],,S,True,09:35,23944,1,1075
transport-1076,A,242377358727100,242377359073500,242377367741500,9.0144,SGACK|transport-1076|A|A|1|09:35|23955|1,[],,A,True,09:35,23955,1,1076
transport-1077,T,242377382002500,242377382301500,242377385634700,3.6322,SGACK|transport-1077|T|S|1|09:35|23971|1,[],,S,True,09:35,23971,1,1077
transport-1078,S,242377386222200,242377386505600,242377399209100,12.9869,SGACK|transport-1078|S|S|1|09:35|23986|1,[],,S,True,09:35,23986,1,1078
transport-1079,P,242377400095800,242377400408300,242377412571400,12.4756,SGACK|transport-1079|P|S|1|09:35|24000|1,[],,S,True,09:35,24000,1,1079
transport-1080,C,242377412948800,242377413131000,242377424140300,11.1915,SGACK|transport-1080|C|S|1|09:35|24011|1,[],,S,True,09:35,24011,1,1080
transport-1081,E,242377424458500,242377424628300,242377433121400,8.6629,SGACK|transport-1081|E|A|1|09:35|24021|1,[],,A,True,09:35,24021,1,1081
transport-1082,K,242377445566900,242377445717600,242377449050400,3.4835,SGACK|transport-1082|K|S|1|09:35|24035|1,[],,S,True,09:35,24035,1,1082
transport-1083,A,242377449515900,242377449647800,242377461292100,11.7762,SGACK|transport-1083|A|A|1|09:35|24049|1,[],,A,True,09:35,24049,1,1083
transport-1084,T,242377473824700,242377474092600,242377476446700,2.622,SGACK|transport-1084|T|S|1|09:35|24062|1,[],,S,True,09:35,24062,1,1084
transport-1085,S,242377476820700,242377477073000,242377489162900,12.3422,SGACK|transport-1085|S|S|1|09:35|24076|1,[],,S,True,09:35,24076,1,1085
transport-1086,P,242377489783800,242377490134900,242377502127700,12.3439,SGACK|transport-1086|P|S|1|09:35|24089|1,[],,S,True,09:35,24089,1,1086
transport-1087,C,242377502830700,242377503049900,242377515378900,12.5482,SGACK|transport-1087|C|S|1|09:35|24101|1,[],,S,True,09:35,24101,1,1087
transport-1088,E,242377516236200,242377517021400,242377526456500,10.2203,SGACK|transport-1088|E|A|1|09:35|24113|1,[],,A,True,09:35,24113,1,1088
transport-1089,K,242377540996300,242377541388800,242377544585700,3.5894,SGACK|transport-1089|K|S|1|09:35|24131|1,[],,S,True,09:35,24131,1,1089
transport-1090,A,242377545020700,242377545272600,242377553511000,8.4903,SGACK|transport-1090|A|A|1|09:35|24141|1,[],,A,True,09:35,24141,1,1090
transport-1091,T,242377565424100,242377565826700,242377567776300,2.3522,SGACK|transport-1091|T|S|1|09:35|24154|1,[],,S,True,09:35,24154,1,1091
transport-1092,S,242377568038100,242377568296800,242377579946200,11.9081,SGACK|transport-1092|S|S|1|09:35|24167|1,[],,S,True,09:35,24167,1,1092
transport-1093,P,242377580365900,242377580644500,242377593105800,12.7399,SGACK|transport-1093|P|S|1|09:35|24180|1,[],,S,True,09:35,24180,1,1093
transport-1094,C,242377593651300,242377594239200,242377605615200,11.9639,SGACK|transport-1094|C|S|1|09:35|24192|1,[],,S,True,09:35,24192,1,1094
transport-1095,E,242377606105800,242377606436300,242377615458500,9.3527,SGACK|transport-1095|E|A|1|09:35|24203|1,[],,A,True,09:35,24203,1,1095
transport-1096,K,242377628279400,242377628554300,242377630274200,1.9948,SGACK|transport-1096|K|S|1|09:35|24218|1,[],,S,True,09:35,24218,1,1096
transport-1097,A,242377630504900,242377630650900,242377639385900,8.881,SGACK|transport-1097|A|A|1|09:35|24227|1,[],,A,True,09:35,24227,1,1097
transport-1098,T,242377651719000,242377651871900,242377653666100,1.9471,SGACK|transport-1098|T|S|1|09:35|24240|1,[],,S,True,09:35,24240,1,1098
transport-1099,S,242377653907400,242377654032700,242377665777700,11.8703,SGACK|transport-1099|S|S|1|09:35|24253|1,[],,S,True,09:35,24253,1,1099
transport-1100,P,242377666287100,242377666485500,242377678805000,12.5179,SGACK|transport-1100|P|S|1|09:35|24266|1,[],,S,True,09:35,24266,1,1100
transport-1101,C,242377679326300,242377679516900,242377692051400,12.7251,SGACK|transport-1101|C|S|1|09:35|24278|1,[],,S,True,09:35,24278,1,1101
transport-1102,E,242377692893600,242377693232200,242377701896000,9.0024,SGACK|transport-1102|E|A|1|09:35|24289|1,[],,A,True,09:35,24289,1,1102
transport-1103,K,242377715425200,242377715882700,242377718922300,3.4971,SGACK|transport-1103|K|S|1|09:35|24305|1,[],,S,True,09:35,24305,1,1103
transport-1104,A,242377719368000,242377719609400,242377728975600,9.6076,SGACK|transport-1104|A|A|1|09:35|24316|1,[],,A,True,09:35,24316,1,1104
transport-1105,T,242377743074700,242377743421000,242377746826700,3.752,SGACK|transport-1105|T|S|1|09:35|24332|1,[],,S,True,09:35,24332,1,1105
transport-1106,S,242377747328300,242377747706700,242377760450500,13.1222,SGACK|transport-1106|S|S|1|09:35|24347|1,[],,S,True,09:35,24347,1,1106
transport-1107,P,242377761123800,242377761429800,242377774646700,13.5229,SGACK|transport-1107|P|S|1|09:35|24361|1,[],,S,True,09:35,24361,1,1107
transport-1108,C,242377775612100,242377775940100,242377788149900,12.5378,SGACK|transport-1108|C|S|1|09:35|24374|1,[],,S,True,09:35,24374,1,1108
transport-1109,E,242377788962300,242377789276100,242377797797400,8.8351,SGACK|transport-1109|E|A|1|09:35|24385|1,[],,A,True,09:35,24385,1,1109
transport-1110,K,242377811294100,242377811541400,242377813839600,2.5455,SGACK|transport-1110|K|S|1|09:35|24401|1,[],,S,True,09:35,24401,1,1110
transport-1111,A,242377814262100,242377814481300,242377823757400,9.4953,SGACK|transport-1111|A|A|1|09:35|24411|1,[],,A,True,09:35,24411,1,1111
transport-1112,T,242377837362900,242377837691000,242377840705000,3.3421,SGACK|transport-1112|T|S|1|09:35|24426|1,[],,S,True,09:35,24426,1,1112
transport-1113,S,242377841179600,242377841476600,242377854707300,13.5277,SGACK|transport-1113|S|S|1|09:35|24441|1,[],,S,True,09:35,24441,1,1113
transport-1114,P,242377855389600,242377855772400,242377868588200,13.1986,SGACK|transport-1114|P|S|1|09:35|24455|1,[],,S,True,09:35,24455,1,1114
transport-1115,C,242377869438900,242377869699600,242377882594000,13.1551,SGACK|transport-1115|C|S|1|09:35|24468|1,[],,S,True,09:35,24468,1,1115
transport-1116,E,242377883881700,242377884343200,242377892769400,8.8877,SGACK|transport-1116|E|A|1|09:35|24480|1,[],,A,True,09:35,24480,1,1116
transport-1117,K,242377907138700,242377907363400,242377910128100,2.9894,SGACK|transport-1117|K|S|1|09:35|24497|1,[],,S,True,09:35,24497,1,1117
transport-1118,A,242377910565100,242377910844300,242377919970100,9.405,SGACK|transport-1118|A|A|1|09:35|24507|1,[],,A,True,09:35,24507,1,1118
transport-1119,T,242377934842800,242377935205200,242377939175600,4.3328,SGACK|transport-1119|T|S|1|09:35|24523|1,[],,S,True,09:35,24523,1,1119
transport-1120,S,242377940018000,242377940260300,242377953202200,13.1842,SGACK|transport-1120|S|S|1|09:35|24540|1,[],,S,True,09:35,24540,1,1120
transport-1121,P,242377954301500,242377954499300,242377966969500,12.668,SGACK|transport-1121|P|S|1|09:35|24554|1,[],,S,True,09:35,24554,1,1121
transport-1122,C,242377967724800,242377968077600,242377979481600,11.7568,SGACK|transport-1122|C|S|1|09:35|24566|1,[],,S,True,09:35,24566,1,1122
transport-1123,E,242377979810900,242377980028800,242377988439600,8.6287,SGACK|transport-1123|E|A|1|09:35|24576|1,[],,A,True,09:35,24576,1,1123
transport-1124,K,242378001455900,242378001803900,242378004007800,2.5519,SGACK|transport-1124|K|S|1|09:35|24591|1,[],,S,True,09:35,24591,1,1124
transport-1125,A,242378004382600,242378004643100,242378013653300,9.2707,SGACK|transport-1125|A|A|1|09:35|24601|1,[],,A,True,09:35,24601,1,1125
transport-1126,T,242378027717100,242378028057400,242378031508200,3.7911,SGACK|transport-1126|T|S|1|09:35|24616|1,[],,S,True,09:35,24616,1,1126
transport-1127,S,242378032153700,242378032690000,242378045435400,13.2817,SGACK|transport-1127|S|S|1|09:35|24632|1,[],,S,True,09:35,24632,1,1127
transport-1128,P,242378046131000,242378046428300,242378059168700,13.0377,SGACK|transport-1128|P|S|1|09:35|24646|1,[],,S,True,09:35,24646,1,1128
transport-1129,C,242378059850800,242378060160900,242378071673900,11.8231,SGACK|transport-1129|C|S|1|09:35|24658|1,[],,S,True,09:35,24658,1,1129
transport-1130,E,242378072158300,242378072380800,242378081597200,9.4389,SGACK|transport-1130|E|A|1|09:35|24669|1,[],,A,True,09:35,24669,1,1130
transport-1131,K,242378094984000,242378095213700,242378097930300,2.9463,SGACK|transport-1131|K|S|1|09:35|24684|1,[],,S,True,09:35,24684,1,1131
transport-1132,A,242378098427600,242378098767000,242378107510300,9.0827,SGACK|transport-1132|A|A|1|09:35|24695|1,[],,A,True,09:35,24695,1,1132
transport-1133,T,242378120042400,242378120335100,242378122909600,2.8672,SGACK|transport-1133|T|S|1|09:35|24709|1,[],,S,True,09:35,24709,1,1133
transport-1134,S,242378123316000,242378123647700,242378135816200,12.5002,SGACK|transport-1134|S|S|1|09:35|24723|1,[],,S,True,09:35,24723,1,1134
transport-1135,P,242378136313400,242378136640100,242378149030900,12.7175,SGACK|transport-1135|P|S|1|09:35|24736|1,[],,S,True,09:35,24736,1,1135
transport-1136,C,242378150047400,242378150376500,242378163039000,12.9916,SGACK|transport-1136|C|S|1|09:35|24749|1,[],,S,True,09:35,24749,1,1136
transport-1137,E,242378163883800,242378164310500,242378172810500,8.9267,SGACK|transport-1137|E|A|1|09:35|24760|1,[],,A,True,09:35,24760,1,1137
transport-1138,K,242378186281400,242378186569500,242378189300700,3.0193,SGACK|transport-1138|K|S|1|09:35|24776|1,[],,S,True,09:35,24776,1,1138
transport-1139,A,242378189945900,242378190198900,242378199108500,9.1626,SGACK|transport-1139|A|A|1|09:35|24786|1,[],,A,True,09:35,24786,1,1139
transport-1140,T,242378212477000,242378212891700,242378215934000,3.457,SGACK|transport-1140|T|S|1|09:35|24801|1,[],,S,True,09:35,24801,1,1140
transport-1141,S,242378216472800,242378216800300,242378229779300,13.3065,SGACK|transport-1141|S|S|1|09:35|24816|1,[],,S,True,09:35,24816,1,1141
transport-1142,P,242378230561500,242378231014900,242378243917500,13.356,SGACK|transport-1142|P|S|1|09:35|24830|1,[],,S,True,09:35,24830,1,1142
transport-1143,C,242378244851400,242378245204800,242378257364600,12.5132,SGACK|transport-1143|C|S|1|09:35|24843|1,[],,S,True,09:35,24843,1,1143
transport-1144,E,242378258173500,242378258665300,242378267914700,9.7412,SGACK|transport-1144|E|A|1|09:35|24855|1,[],,A,True,09:35,24855,1,1144
transport-1145,K,242378282253200,242378282673900,242378286006600,3.7534,SGACK|transport-1145|K|S|1|09:35|24872|1,[],,S,True,09:35,24872,1,1145
transport-1146,A,242378286503100,242378286856000,242378297024700,10.5216,SGACK|transport-1146|A|A|1|09:35|24883|1,[],,A,True,09:35,24883,1,1146
transport-1147,T,242378309916200,242378310156500,242378312036900,2.1207,SGACK|transport-1147|T|S|1|09:35|24898|1,[],,S,True,09:35,24898,1,1147
transport-1148,S,242378312313100,242378312614100,242378325170100,12.857,SGACK|transport-1148|S|S|1|09:35|24912|1,[],,S,True,09:35,24912,1,1148
transport-1149,P,242378325748500,242378326105700,242378338380900,12.6324,SGACK|transport-1149|P|S|1|09:35|24925|1,[],,S,True,09:35,24925,1,1149
transport-1150,C,242378339171900,242378339540600,242378352061700,12.8898,SGACK|transport-1150|C|S|1|09:35|24938|1,[],,S,True,09:35,24938,1,1150
transport-1151,E,242378352835400,242378353253200,242378362090100,9.2547,SGACK|transport-1151|E|A|1|09:35|24949|1,[],,A,True,09:35,24949,1,1151
transport-1152,K,242378375528800,242378375807900,242378379163600,3.6348,SGACK|transport-1152|K|S|1|09:35|24965|1,[],,S,True,09:35,24965,1,1152
transport-1153,A,242378379745200,242378380076900,242378389241900,9.4967,SGACK|transport-1153|A|A|1|09:35|24976|1,[],,A,True,09:35,24976,1,1153
transport-1154,T,242378402573800,242378402870700,242378405475000,2.9012,SGACK|transport-1154|T|S|1|09:35|24991|1,[],,S,True,09:35,24991,1,1154
transport-1155,S,242378405911500,242378406178200,242378418434700,12.5232,SGACK|transport-1155|S|S|1|09:35|25005|1,[],,S,True,09:35,25005,1,1155
transport-1156,P,242378419082900,242378419482700,242378432153400,13.0705,SGACK|transport-1156|P|S|1|09:35|25019|1,[],,S,True,09:35,25019,1,1156
transport-1157,C,242378432540400,242378432690300,242378444047500,11.5071,SGACK|transport-1157|C|S|1|09:35|25031|1,[],,S,True,09:35,25031,1,1157
transport-1158,E,242378444400000,242378444600100,242378453287100,8.8871,SGACK|transport-1158|E|A|1|09:35|25041|1,[],,A,True,09:35,25041,1,1158
transport-1159,K,242378465727200,242378466019100,242378467812400,2.0852,SGACK|transport-1159|K|S|1|09:35|25055|1,[],,S,True,09:35,25055,1,1159
transport-1160,A,242378468354000,242378468568800,242378477327200,8.9732,SGACK|transport-1160|A|A|1|09:35|25065|1,[],,A,True,09:35,25065,1,1160
transport-1161,T,242378489431200,242378489608400,242378491600200,2.169,SGACK|transport-1161|T|S|1|09:35|25078|1,[],,S,True,09:35,25078,1,1161
transport-1162,S,242378491878700,242378492066700,242378503924200,12.0455,SGACK|transport-1162|S|S|1|09:35|25091|1,[],,S,True,09:35,25091,1,1162
transport-1163,P,242378504258600,242378504446000,242378516393300,12.1347,SGACK|transport-1163|P|S|1|09:35|25104|1,[],,S,True,09:35,25104,1,1163
transport-1164,C,242378516738200,242378516924000,242378528013900,11.2757,SGACK|transport-1164|C|S|1|09:35|25115|1,[],,S,True,09:35,25115,1,1164
transport-1165,E,242378528338000,242378528529600,242378537994700,9.6567,SGACK|transport-1165|E|A|1|09:35|25125|1,[],,A,True,09:35,25125,1,1165
transport-1166,K,242378550869800,242378551155200,242378553579800,2.71,SGACK|transport-1166|K|S|1|09:35|25140|1,[],,S,True,09:35,25140,1,1166
transport-1167,A,242378553904200,242378554084800,242378562300200,8.396,SGACK|transport-1167|A|A|1|09:35|25150|1,[],,A,True,09:35,25150,1,1167
transport-1168,T,242378574367400,242378574521100,242378577447400,3.08,SGACK|transport-1168|T|S|1|09:35|25163|1,[],,S,True,09:35,25163,1,1168
transport-1169,S,242378577733900,242378577930200,242378589980200,12.2463,SGACK|transport-1169|S|S|1|09:35|25177|1,[],,S,True,09:35,25177,1,1169
transport-1170,P,242378590722000,242378591216500,242378603037900,12.3159,SGACK|transport-1170|P|S|1|09:35|25190|1,[],,S,True,09:35,25190,1,1170
transport-1171,C,242378603710900,242378604053600,242378616196900,12.486,SGACK|transport-1171|C|S|1|09:35|25202|1,[],,S,True,09:35,25202,1,1171
transport-1172,E,242378617070200,242378617402400,242378626409800,9.3396,SGACK|transport-1172|E|A|1|09:35|25214|1,[],,A,True,09:35,25214,1,1172
transport-1173,K,242378639605200,242378639977400,242378643368200,3.763,SGACK|transport-1173|K|S|1|09:35|25229|1,[],,S,True,09:35,25229,1,1173
transport-1174,A,242378643958400,242378644254500,242378653134300,9.1759,SGACK|transport-1174|A|A|1|09:35|25240|1,[],,A,True,09:35,25240,1,1174
transport-1175,T,242378667617200,242378667875100,242378670613200,2.996,SGACK|transport-1175|T|S|1|09:35|25256|1,[],,S,True,09:35,25256,1,1175
transport-1176,S,242378671121300,242378671441500,242378684142100,13.0208,SGACK|transport-1176|S|S|1|09:35|25271|1,[],,S,True,09:35,25271,1,1176
transport-1177,P,242378684854300,242378685115600,242378697633700,12.7794,SGACK|transport-1177|P|S|1|09:35|25284|1,[],,S,True,09:35,25284,1,1177
transport-1178,C,242378698674200,242378699165600,242378711366800,12.6926,SGACK|transport-1178|C|S|1|09:35|25297|1,[],,S,True,09:35,25297,1,1178
transport-1179,E,242378712766400,242378713212700,242378721780600,9.0142,SGACK|transport-1179|E|A|1|09:35|25309|1,[],,A,True,09:35,25309,1,1179
transport-1180,K,242378735254200,242378735530400,242378737574200,2.32,SGACK|transport-1180|K|S|1|09:35|25325|1,[],,S,True,09:35,25325,1,1180
transport-1181,A,242378737860600,242378738155000,242378746901700,9.0411,SGACK|transport-1181|A|A|1|09:35|25334|1,[],,A,True,09:35,25334,1,1181
transport-1182,T,242378761996600,242378762336800,242378765063400,3.0668,SGACK|transport-1182|T|S|1|09:35|25351|1,[],,S,True,09:35,25351,1,1182
transport-1183,S,242378765782300,242378766110100,242378778456400,12.6741,SGACK|transport-1183|S|S|1|09:35|25365|1,[],,S,True,09:35,25365,1,1183
transport-1184,P,242378779261800,242378779606700,242378792293300,13.0315,SGACK|transport-1184|P|S|1|09:35|25379|1,[],,S,True,09:35,25379,1,1184
transport-1185,C,242378793075700,242378793382700,242378806327800,13.2521,SGACK|transport-1185|C|S|1|09:35|25392|1,[],,S,True,09:35,25392,1,1185
transport-1186,E,242378807244400,242378807734900,242378817481300,10.2369,SGACK|transport-1186|E|A|1|09:35|25404|1,[],,A,True,09:35,25404,1,1186
transport-1187,K,242378832383200,242378832839600,242378836004900,3.6217,SGACK|transport-1187|K|S|1|09:35|25422|1,[],,S,True,09:35,25422,1,1187
transport-1188,A,242378836599300,242378836887500,242378846334800,9.7355,SGACK|transport-1188|A|A|1|09:35|25433|1,[],,A,True,09:35,25433,1,1188
transport-1189,T,242378859970000,242378860372100,242378864038700,4.0687,SGACK|transport-1189|T|S|1|09:35|25449|1,[],,S,True,09:35,25449,1,1189
transport-1190,S,242378864596200,242378864878300,242378877777000,13.1808,SGACK|transport-1190|S|S|1|09:35|25464|1,[],,S,True,09:35,25464,1,1190
transport-1191,P,242378878565800,242378878893700,242378891490800,12.925,SGACK|transport-1191|P|S|1|09:35|25478|1,[],,S,True,09:35,25478,1,1191
transport-1192,C,242378892346400,242378892680200,242378905199900,12.8535,SGACK|transport-1192|C|S|1|09:35|25491|1,[],,S,True,09:35,25491,1,1192
transport-1193,E,242378905970700,242378906279200,242378916536700,10.566,SGACK|transport-1193|E|A|1|09:35|25503|1,[],,A,True,09:35,25503,1,1193
transport-1194,K,242378931064300,242378931789400,242378934691100,3.6268,SGACK|transport-1194|K|S|1|09:35|25521|1,[],,S,True,09:35,25521,1,1194
transport-1195,A,242378935363500,242378935785500,242378944747300,9.3838,SGACK|transport-1195|A|A|1|09:35|25532|1,[],,A,True,09:35,25532,1,1195
transport-1196,T,242378958623600,242378958968300,242378962005200,3.3816,SGACK|transport-1196|T|S|1|09:35|25547|1,[],,S,True,09:35,25547,1,1196
transport-1197,S,242378962311800,242378962477400,242378975597800,13.286,SGACK|transport-1197|S|S|1|09:35|25562|1,[],,S,True,09:35,25562,1,1197
transport-1198,P,242378976370700,242378977216200,242378989524400,13.1537,SGACK|transport-1198|P|S|1|09:35|25576|1,[],,S,True,09:35,25576,1,1198
transport-1199,C,242378990493900,242378990920600,242379003216800,12.7229,SGACK|transport-1199|C|S|1|09:35|25589|1,[],,S,True,09:35,25589,1,1199
transport-1200,E,242379004058100,242379004443300,242379014871300,10.8132,SGACK|transport-1200|E|A|1|09:35|25601|1,[],,A,True,09:35,25601,1,1200
transport-1201,K,242379028648100,242379029093100,242379032376000,3.7279,SGACK|transport-1201|K|S|1|09:35|25618|1,[],,S,True,09:35,25618,1,1201
transport-1202,A,242379032831100,242379033251200,242379041845300,9.0142,SGACK|transport-1202|A|A|1|09:35|25629|1,[],,A,True,09:35,25629,1,1202
transport-1203,T,242379055618600,242379056213900,242379059162400,3.5438,SGACK|transport-1203|T|S|1|09:35|25644|1,[],,S,True,09:35,25644,1,1203
transport-1204,S,242379059640800,242379059941200,242379072437400,12.7966,SGACK|transport-1204|S|S|1|09:35|25659|1,[],,S,True,09:35,25659,1,1204
transport-1205,P,242379073361200,242379073820900,242379086531800,13.1706,SGACK|transport-1205|P|S|1|09:35|25673|1,[],,S,True,09:35,25673,1,1205
transport-1206,C,242379087281400,242379087754100,242379100669300,13.3879,SGACK|transport-1206|C|S|1|09:35|25686|1,[],,S,True,09:35,25686,1,1206
transport-1207,E,242379101592300,242379102026600,242379111761200,10.1689,SGACK|transport-1207|E|A|1|09:35|25698|1,[],,A,True,09:35,25698,1,1207
transport-1208,K,242379126385700,242379126793800,242379130220200,3.8345,SGACK|transport-1208|K|S|1|09:35|25716|1,[],,S,True,09:35,25716,1,1208
transport-1209,A,242379130725900,242379131056000,242379140225400,9.4995,SGACK|transport-1209|A|A|1|09:35|25727|1,[],,A,True,09:35,25727,1,1209
transport-1210,T,242379153692300,242379154023900,242379157395200,3.7029,SGACK|transport-1210|T|S|1|09:35|25742|1,[],,S,True,09:35,25742,1,1210
transport-1211,S,242379157817700,242379158095900,242379170466300,12.6486,SGACK|transport-1211|S|S|1|09:35|25757|1,[],,S,True,09:35,25757,1,1211
transport-1212,P,242379171138500,242379171559800,242379184338400,13.1999,SGACK|transport-1212|P|S|1|09:35|25771|1,[],,S,True,09:35,25771,1,1212
transport-1213,C,242379184953600,242379185291400,242379196955400,12.0018,SGACK|transport-1213|C|S|1|09:35|25783|1,[],,S,True,09:35,25783,1,1213
transport-1214,E,242379197647500,242379198033300,242379207119600,9.4721,SGACK|transport-1214|E|A|1|09:35|25794|1,[],,A,True,09:35,25794,1,1214
transport-1215,K,242379220465500,242379220816700,242379223682000,3.2165,SGACK|transport-1215|K|S|1|09:35|25810|1,[],,S,True,09:35,25810,1,1215
transport-1216,A,242379224115400,242379224373600,242379233565600,9.4502,SGACK|transport-1216|A|A|1|09:35|25821|1,[],,A,True,09:35,25821,1,1216
transport-1217,T,242379247481200,242379247707400,242379250040500,2.5593,SGACK|transport-1217|T|S|1|09:35|25836|1,[],,S,True,09:35,25836,1,1217
transport-1218,S,242379250459200,242379250678900,242379263072500,12.6133,SGACK|transport-1218|S|S|1|09:35|25850|1,[],,S,True,09:35,25850,1,1218
transport-1219,P,242379263568300,242379263817300,242379276839300,13.271,SGACK|transport-1219|P|S|1|09:35|25863|1,[],,S,True,09:35,25863,1,1219
transport-1220,C,242379277745300,242379278079400,242379290484700,12.7394,SGACK|transport-1220|C|S|1|09:35|25876|1,[],,S,True,09:35,25876,1,1220
transport-1221,E,242379291441300,242379291758200,242379300723200,9.2819,SGACK|transport-1221|E|A|1|09:35|25888|1,[],,A,True,09:35,25888,1,1221
transport-1222,K,242379315174300,242379315464300,242379318407600,3.2333,SGACK|transport-1222|K|S|1|09:35|25905|1,[],,S,True,09:35,25905,1,1222
transport-1223,A,242379318866000,242379319126300,242379327892900,9.0269,SGACK|transport-1223|A|A|1|09:35|25915|1,[],,A,True,09:35,25915,1,1223
transport-1224,T,242379341731100,242379342121500,242379345796500,4.0654,SGACK|transport-1224|T|S|1|09:35|25930|1,[],,S,True,09:35,25930,1,1224
transport-1225,S,242379346325900,242379346614600,242379359496400,13.1705,SGACK|transport-1225|S|S|1|09:35|25946|1,[],,S,True,09:35,25946,1,1225
transport-1226,P,242379360280000,242379360664800,242379373685300,13.4053,SGACK|transport-1226|P|S|1|09:35|25960|1,[],,S,True,09:35,25960,1,1226
transport-1227,C,242379374618600,242379375070100,242379387142300,12.5237,SGACK|transport-1227|C|S|1|09:35|25973|1,[],,S,True,09:35,25973,1,1227
transport-1228,E,242379387905700,242379388370300,242379397379900,9.4742,SGACK|transport-1228|E|A|1|09:35|25984|1,[],,A,True,09:35,25984,1,1228
transport-1229,K,242379412535600,242379413007600,242379416560800,4.0252,SGACK|transport-1229|K|S|1|09:35|26002|1,[],,S,True,09:35,26002,1,1229
transport-1230,A,242379417207400,242379417592300,242379427153300,9.9459,SGACK|transport-1230|A|A|1|09:35|26014|1,[],,A,True,09:35,26014,1,1230
transport-1231,T,242379441081600,242379441597800,242379445156500,4.0749,SGACK|transport-1231|T|S|1|09:35|26030|1,[],,S,True,09:35,26030,1,1231
transport-1232,S,242379445666900,242379446062900,242379459034600,13.3677,SGACK|transport-1232|S|S|1|09:35|26045|1,[],,S,True,09:35,26045,1,1232
transport-1233,P,242379459980600,242379460439300,242379475584300,15.6037,SGACK|transport-1233|P|S|1|09:35|26062|1,[],,S,True,09:35,26062,1,1233
transport-1234,C,242379476609500,242379477073500,242379489315700,12.7062,SGACK|transport-1234|C|S|1|09:35|26075|1,[],,S,True,09:35,26075,1,1234
transport-1235,E,242379490260500,242379490618700,242379500148000,9.8875,SGACK|transport-1235|E|A|1|09:35|26087|1,[],,A,True,09:35,26087,1,1235
transport-1236,K,242379513720900,242379514126200,242379516842700,3.1218,SGACK|transport-1236|K|S|1|09:35|26103|1,[],,S,True,09:35,26103,1,1236
transport-1237,A,242379517363400,242379517608300,242379527190700,9.8273,SGACK|transport-1237|A|A|1|09:35|26114|1,[],,A,True,09:35,26114,1,1237
transport-1238,T,242379541646400,242379542176500,242379545052900,3.4065,SGACK|transport-1238|T|S|1|09:35|26130|1,[],,S,True,09:35,26130,1,1238
transport-1239,S,242379545475500,242379545700300,242379557571200,12.0957,SGACK|transport-1239|S|S|1|09:35|26145|1,[],,S,True,09:35,26145,1,1239
transport-1240,P,242379557904700,242379558099800,242379569631500,11.7268,SGACK|transport-1240|P|S|1|09:35|26157|1,[],,S,True,09:35,26157,1,1240
transport-1241,C,242379569962500,242379570205200,242379581597500,11.635,SGACK|transport-1241|C|S|1|09:35|26168|1,[],,S,True,09:35,26168,1,1241
transport-1242,E,242379582132000,242379582402000,242379591626600,9.4946,SGACK|transport-1242|E|A|1|09:35|26179|1,[],,A,True,09:35,26179,1,1242
transport-1243,K,242379605982600,242379606444700,242379609595200,3.6126,SGACK|transport-1243|K|S|1|09:35|26196|1,[],,S,True,09:35,26196,1,1243
transport-1244,A,242379610078000,242379610399800,242379619713100,9.6351,SGACK|transport-1244|A|A|1|09:35|26207|1,[],,A,True,09:35,26207,1,1244
transport-1245,T,242379633943400,242379634294700,242379637583900,3.6405,SGACK|transport-1245|T|S|1|09:35|26223|1,[],,S,True,09:35,26223,1,1245
transport-1246,S,242379638139000,242379638527400,242379651189700,13.0507,SGACK|transport-1246|S|S|1|09:35|26238|1,[],,S,True,09:35,26238,1,1246
transport-1247,P,242379651963900,242379652333900,242379665218600,13.2547,SGACK|transport-1247|P|S|1|09:35|26252|1,[],,S,True,09:35,26252,1,1247
transport-1248,C,242379666017500,242379666250500,242379679311300,13.2938,SGACK|transport-1248|C|S|1|09:35|26265|1,[],,S,True,09:35,26265,1,1248
transport-1249,E,242379680175100,242379680524800,242379690357200,10.1821,SGACK|transport-1249|E|A|1|09:35|26277|1,[],,A,True,09:35,26277,1,1249
transport-1250,K,242379705243000,242379705755100,242379709136400,3.8934,SGACK|transport-1250|K|S|1|09:35|26295|1,[],,S,True,09:35,26295,1,1250
transport-1251,A,242379709621600,242379709879500,242379718662000,9.0404,SGACK|transport-1251|A|A|1|09:35|26306|1,[],,A,True,09:35,26306,1,1251
transport-1252,T,242379732594200,242379733023000,242379735995700,3.4015,SGACK|transport-1252|T|S|1|09:35|26321|1,[],,S,True,09:35,26321,1,1252
transport-1253,S,242379736395100,242379736796400,242379749711500,13.3164,SGACK|transport-1253|S|S|1|09:35|26336|1,[],,S,True,09:35,26336,1,1253
transport-1254,P,242379750400800,242379750911400,242379763000800,12.6,SGACK|transport-1254|P|S|1|09:35|26350|1,[],,S,True,09:35,26350,1,1254
transport-1255,C,242379763569600,242379763830900,242379775691000,12.1214,SGACK|transport-1255|C|S|1|09:35|26362|1,[],,S,True,09:35,26362,1,1255
transport-1256,E,242379776289200,242379776675900,242379786034100,9.7449,SGACK|transport-1256|E|A|1|09:35|26373|1,[],,A,True,09:35,26373,1,1256
transport-1257,K,242379801454100,242379801978700,242379805387500,3.9334,SGACK|transport-1257|K|S|1|09:35|26391|1,[],,S,True,09:35,26391,1,1257
transport-1258,A,242379805932800,242379806183900,242379816357900,10.4251,SGACK|transport-1258|A|A|1|09:35|26403|1,[],,A,True,09:35,26403,1,1258
transport-1259,T,242379831530100,242379831930200,242379835432400,3.9023,SGACK|transport-1259|T|S|1|09:35|26420|1,[],,S,True,09:35,26420,1,1259
transport-1260,S,242379836008300,242379836330600,242379850057600,14.0493,SGACK|transport-1260|S|S|1|09:35|26436|1,[],,S,True,09:35,26436,1,1260
transport-1261,P,242379850752200,242379851187900,242379863868300,13.1161,SGACK|transport-1261|P|S|1|09:35|26450|1,[],,S,True,09:35,26450,1,1261
transport-1262,C,242379865297800,242379865882100,242379878464400,13.1666,SGACK|transport-1262|C|S|1|09:35|26464|1,[],,S,True,09:35,26464,1,1262
transport-1263,E,242379879415500,242379879808300,242379889339800,9.9243,SGACK|transport-1263|E|A|1|09:35|26476|1,[],,A,True,09:35,26476,1,1263
transport-1264,K,242379903570100,242379904048900,242379907381300,3.8112,SGACK|transport-1264|K|S|1|09:35|26493|1,[],,S,True,09:35,26493,1,1264
transport-1265,A,242379907906300,242379908311900,242379916536900,8.6306,SGACK|transport-1265|A|A|1|09:35|26504|1,[],,A,True,09:35,26504,1,1265
transport-1266,T,242379930767000,242379931183600,242379934242300,3.4753,SGACK|transport-1266|T|S|1|09:35|26519|1,[],,S,True,09:35,26519,1,1266
transport-1267,S,242379934786100,242379935178400,242379947051700,12.2656,SGACK|transport-1267|S|S|1|09:35|26534|1,[],,S,True,09:35,26534,1,1267
transport-1268,P,242379947561100,242379947857300,242379960911900,13.3508,SGACK|transport-1268|P|S|1|09:35|26547|1,[],,S,True,09:35,26547,1,1268
transport-1269,C,242379962077400,242379962358900,242379975161800,13.0844,SGACK|transport-1269|C|S|1|09:35|26561|1,[],,S,True,09:35,26561,1,1269
transport-1270,E,242379976009400,242379976355600,242379985883500,9.8741,SGACK|transport-1270|E|A|1|09:35|26573|1,[],,A,True,09:35,26573,1,1270
transport-1271,K,242379999387700,242379999686700,242380002391000,3.0033,SGACK|transport-1271|K|S|1|09:35|26589|1,[],,S,True,09:35,26589,1,1271
transport-1272,A,242380002850400,242380003146400,242380011612000,8.7616,SGACK|transport-1272|A|A|1|09:35|26599|1,[],,A,True,09:35,26599,1,1272
transport-1273,T,242380025401700,242380025763200,242380028469100,3.0674,SGACK|transport-1273|T|S|1|09:35|26614|1,[],,S,True,09:35,26614,1,1273
transport-1274,S,242380029163900,242380029465500,242380042311400,13.1475,SGACK|transport-1274|S|S|1|09:35|26629|1,[],,S,True,09:35,26629,1,1274
transport-1275,P,242380043128900,242380043473600,242380055968800,12.8399,SGACK|transport-1275|P|S|1|09:35|26643|1,[],,S,True,09:35,26643,1,1275
transport-1276,C,242380056604400,242380056905100,242380068351500,11.7471,SGACK|transport-1276|C|S|1|09:35|26655|1,[],,S,True,09:35,26655,1,1276
transport-1277,E,242380068950900,242380069210600,242380078765500,9.8146,SGACK|transport-1277|E|A|1|09:35|26666|1,[],,A,True,09:35,26666,1,1277
transport-1278,K,242380092105300,242380092436200,242380095439500,3.3342,SGACK|transport-1278|K|S|1|09:35|26682|1,[],,S,True,09:35,26682,1,1278
transport-1279,A,242380095933400,242380096172100,242380105645900,9.7125,SGACK|transport-1279|A|A|1|09:35|26693|1,[],,A,True,09:35,26693,1,1279
transport-1280,T,242380119153300,242380119552300,242380121591000,2.4377,SGACK|transport-1280|T|S|1|09:35|26708|1,[],,S,True,09:35,26708,1,1280
transport-1281,S,242380121882800,242380122093200,242380134269500,12.3867,SGACK|transport-1281|S|S|1|09:35|26721|1,[],,S,True,09:35,26721,1,1281
transport-1282,P,242380134802500,242380135106500,242380147475900,12.6734,SGACK|transport-1282|P|S|1|09:35|26734|1,[],,S,True,09:35,26734,1,1282
transport-1283,C,242380148579700,242380149009000,242380161126800,12.5471,SGACK|transport-1283|C|S|1|09:35|26747|1,[],,S,True,09:35,26747,1,1283
transport-1284,E,242380161967700,242380162363000,242380171710200,9.7425,SGACK|transport-1284|E|A|1|09:35|26759|1,[],,A,True,09:35,26759,1,1284
transport-1285,K,242380185637300,242380186041500,242380188906000,3.2687,SGACK|transport-1285|K|S|1|09:35|26775|1,[],,S,True,09:35,26775,1,1285
transport-1286,A,242380189369900,242380189591900,242380199656800,10.2869,SGACK|transport-1286|A|A|1|09:35|26786|1,[],,A,True,09:35,26786,1,1286
transport-1287,T,242380214295700,242380214626300,242380217353000,3.0573,SGACK|transport-1287|T|S|1|09:35|26803|1,[],,S,True,09:35,26803,1,1287
transport-1288,S,242380217919400,242380218225400,242380231208500,13.2891,SGACK|transport-1288|S|S|1|09:35|26818|1,[],,S,True,09:35,26818,1,1288
transport-1289,P,242380231800200,242380232391000,242380245592500,13.7923,SGACK|transport-1289|P|S|1|09:35|26832|1,[],,S,True,09:35,26832,1,1289
transport-1290,C,242380246506600,242380246956400,242380259291900,12.7853,SGACK|transport-1290|C|S|1|09:35|26845|1,[],,S,True,09:35,26845,1,1290
transport-1291,E,242380260168300,242380260594300,242380270328700,10.1604,SGACK|transport-1291|E|A|1|09:35|26857|1,[],,A,True,09:35,26857,1,1291
transport-1292,K,242380285720200,242380286107300,242380290016600,4.2964,SGACK|transport-1292|K|S|1|09:35|26875|1,[],,S,True,09:35,26875,1,1292
transport-1293,A,242380290555600,242380290883000,242380299673900,9.1183,SGACK|transport-1293|A|A|1|09:35|26887|1,[],,A,True,09:35,26887,1,1293
transport-1294,T,242380312759400,242380313065200,242380314979300,2.2199,SGACK|transport-1294|T|S|1|09:35|26901|1,[],,S,True,09:35,26901,1,1294
transport-1295,S,242380315336400,242380315577600,242380328106600,12.7702,SGACK|transport-1295|S|S|1|09:35|26915|1,[],,S,True,09:35,26915,1,1295
transport-1296,P,242380328745700,242380329050100,242380341005800,12.2601,SGACK|transport-1296|P|S|1|09:35|26928|1,[],,S,True,09:35,26928,1,1296
transport-1297,C,242380341675600,242380342047700,242380353858600,12.183,SGACK|transport-1297|C|S|1|09:35|26940|1,[],,S,True,09:35,26940,1,1297
transport-1298,E,242380354530400,242380354848500,242380364544700,10.0143,SGACK|transport-1298|E|A|1|09:35|26951|1,[],,A,True,09:35,26951,1,1298
transport-1299,K,242380379855800,242380380167000,242380383170600,3.3148,SGACK|transport-1299|K|S|1|09:35|26969|1,[],,S,True,09:35,26969,1,1299
transport-1300,A,242380383608900,242380383785400,242380392927600,9.3187,SGACK|transport-1300|A|A|1|09:35|26980|1,[],,A,True,09:35,26980,1,1300
transport-1301,T,242380406266600,242380406591300,242380409506200,3.2396,SGACK|transport-1301|T|S|1|09:35|26995|1,[],,S,True,09:35,26995,1,1301
transport-1302,S,242380410064200,242380410320600,242380423845300,13.7811,SGACK|transport-1302|S|S|1|09:35|27010|1,[],,S,True,09:35,27010,1,1302
transport-1303,P,242380424783300,242380425145900,242380436850600,12.0673,SGACK|transport-1303|P|S|1|09:35|27024|1,[],,S,True,09:35,27024,1,1303
transport-1304,C,242380437403600,242380437659200,242380450412200,13.0086,SGACK|transport-1304|C|S|1|09:35|27036|1,[],,S,True,09:35,27036,1,1304
transport-1305,E,242380451079000,242380451457000,242380460732400,9.6534,SGACK|transport-1305|E|A|1|09:35|27048|1,[],,A,True,09:35,27048,1,1305
transport-1306,K,242380474603200,242380474912400,242380477936300,3.3331,SGACK|transport-1306|K|S|1|09:35|27064|1,[],,S,True,09:35,27064,1,1306
transport-1307,A,242380478398200,242380478657800,242380487748200,9.35,SGACK|transport-1307|A|A|1|09:35|27075|1,[],,A,True,09:35,27075,1,1307
transport-1308,T,242380501314900,242380501606500,242380504527300,3.2124,SGACK|transport-1308|T|S|1|09:35|27090|1,[],,S,True,09:35,27090,1,1308
transport-1309,S,242380504930000,242380505196900,242380518070300,13.1403,SGACK|transport-1309|S|S|1|09:35|27105|1,[],,S,True,09:35,27105,1,1309
transport-1310,P,242380518584200,242380518865400,242380531310800,12.7266,SGACK|transport-1310|P|S|1|09:35|27118|1,[],,S,True,09:35,27118,1,1310
transport-1311,C,242380532574500,242380532887600,242380544949200,12.3747,SGACK|transport-1311|C|S|1|09:35|27131|1,[],,S,True,09:35,27131,1,1311
transport-1312,E,242380545560000,242380545852900,242380554316800,8.7568,SGACK|transport-1312|E|A|1|09:35|27142|1,[],,A,True,09:35,27142,1,1312
transport-1313,K,242380566539900,242380566817700,242380569334800,2.7949,SGACK|transport-1313|K|S|1|09:35|27156|1,[],,S,True,09:35,27156,1,1313
transport-1314,A,242380569655800,242380569905600,242380578527400,8.8716,SGACK|transport-1314|A|A|1|09:35|27166|1,[],,A,True,09:35,27166,1,1314
transport-1315,T,242380591474100,242380591637200,242380593537900,2.0638,SGACK|transport-1315|T|S|1|09:35|27180|1,[],,S,True,09:35,27180,1,1315
transport-1316,S,242380593818900,242380593989000,242380605685100,11.8662,SGACK|transport-1316|S|S|1|09:35|27193|1,[],,S,True,09:35,27193,1,1316
transport-1317,P,242380606049500,242380606209400,242380618621000,12.5715,SGACK|transport-1317|P|S|1|09:35|27206|1,[],,S,True,09:35,27206,1,1317
transport-1318,C,242380619043300,242380619216800,242380631849800,12.8065,SGACK|transport-1318|C|S|1|09:35|27218|1,[],,S,True,09:35,27218,1,1318
transport-1319,E,242380632393200,242380632596000,242380641564500,9.1713,SGACK|transport-1319|E|A|1|09:35|27229|1,[],,A,True,09:35,27229,1,1319
transport-1320,K,242380655761600,242380656042300,242380658580700,2.8191,SGACK|transport-1320|K|S|1|09:35|27245|1,[],,S,True,09:35,27245,1,1320
transport-1321,A,242380659135600,242380659501300,242380668321200,9.1856,SGACK|transport-1321|A|A|1|09:35|27256|1,[],,A,True,09:35,27256,1,1321
transport-1322,T,242380682003000,242380682154400,242380683816200,1.8132,SGACK|transport-1322|T|S|1|09:35|27271|1,[],,S,True,09:35,27271,1,1322
transport-1323,S,242380684392900,242380684662400,242380697779500,13.3866,SGACK|transport-1323|S|S|1|09:35|27284|1,[],,S,True,09:35,27284,1,1323
transport-1324,P,242380699011100,242380699303200,242380712800300,13.7892,SGACK|transport-1324|P|S|1|09:35|27299|1,[],,S,True,09:35,27299,1,1324
transport-1325,C,242380713707600,242380714237900,242380725904200,12.1966,SGACK|transport-1325|C|S|1|09:35|27312|1,[],,S,True,09:35,27312,1,1325
transport-1326,E,242380726948000,242380727344600,242380737053700,10.1057,SGACK|transport-1326|E|A|1|09:35|27324|1,[],,A,True,09:35,27324,1,1326
transport-1327,K,242380750700200,242380751175500,242380754232000,3.5318,SGACK|transport-1327|K|S|1|09:35|27340|1,[],,S,True,09:35,27340,1,1327
transport-1328,A,242380754883200,242380755191800,242380765027200,10.144,SGACK|transport-1328|A|A|1|09:35|27352|1,[],,A,True,09:35,27352,1,1328
transport-1329,T,242380780091400,242380780538000,242380784149000,4.0576,SGACK|transport-1329|T|S|1|09:35|27369|1,[],,S,True,09:35,27369,1,1329
transport-1330,S,242380784770000,242380785142900,242380797945900,13.1759,SGACK|transport-1330|S|S|1|09:35|27384|1,[],,S,True,09:35,27384,1,1330
transport-1331,P,242380799073100,242380799628400,242380812835600,13.7625,SGACK|transport-1331|P|S|1|09:35|27399|1,[],,S,True,09:35,27399,1,1331
transport-1332,C,242380813710900,242380814197600,242380825549000,11.8381,SGACK|transport-1332|C|S|1|09:35|27412|1,[],,S,True,09:35,27412,1,1332
transport-1333,E,242380826086500,242380826339600,242380835580100,9.4936,SGACK|transport-1333|E|A|1|09:35|27423|1,[],,A,True,09:35,27423,1,1333
transport-1334,K,242380850751300,242380851164700,242380854419300,3.668,SGACK|transport-1334|K|S|1|09:35|27440|1,[],,S,True,09:35,27440,1,1334
transport-1335,A,242380855029400,242380855439300,242380865042600,10.0132,SGACK|transport-1335|A|A|1|09:35|27452|1,[],,A,True,09:35,27452,1,1335
transport-1336,T,242380879497700,242380879808900,242380883150500,3.6528,SGACK|transport-1336|T|S|1|09:35|27468|1,[],,S,True,09:35,27468,1,1336
transport-1337,S,242380883740900,242380884132400,242380897007800,13.2669,SGACK|transport-1337|S|S|1|09:35|27483|1,[],,S,True,09:35,27483,1,1337
transport-1338,P,242380897836000,242380898240600,242380912461800,14.6258,SGACK|transport-1338|P|S|1|09:35|27498|1,[],,S,True,09:35,27498,1,1338
transport-1339,C,242380913418600,242380913820800,242380926675800,13.2572,SGACK|transport-1339|C|S|1|09:35|27512|1,[],,S,True,09:35,27512,1,1339
transport-1340,E,242380927504700,242380927776200,242380936877400,9.3727,SGACK|transport-1340|E|A|1|09:35|27524|1,[],,A,True,09:35,27524,1,1340
transport-1341,K,242380950291700,242380950664300,242380953268700,2.977,SGACK|transport-1341|K|S|1|09:35|27540|1,[],,S,True,09:35,27540,1,1341
transport-1342,A,242380953785600,242380954080600,242380962782600,8.997,SGACK|transport-1342|A|A|1|09:35|27550|1,[],,A,True,09:35,27550,1,1342
transport-1343,T,242380977207800,242380977452300,242380979732000,2.5242,SGACK|transport-1343|T|S|1|09:35|27566|1,[],,S,True,09:35,27566,1,1343
transport-1344,S,242380980118500,242380980371800,242380993350900,13.2324,SGACK|transport-1344|S|S|1|09:35|27580|1,[],,S,True,09:35,27580,1,1344
transport-1345,P,242380993985300,242380994374100,242381007278900,13.2936,SGACK|transport-1345|P|S|1|09:35|27594|1,[],,S,True,09:35,27594,1,1345
transport-1346,C,242381008127200,242381008409700,242381020536200,12.409,SGACK|transport-1346|C|S|1|09:35|27607|1,[],,S,True,09:35,27607,1,1346
transport-1347,E,242381021223500,242381021516400,242381030633100,9.4096,SGACK|transport-1347|E|A|1|09:35|27618|1,[],,A,True,09:35,27618,1,1347
transport-1348,K,242381043961500,242381044267500,242381046861600,2.9001,SGACK|transport-1348|K|S|1|09:35|27634|1,[],,S,True,09:35,27634,1,1348
transport-1349,A,242381047364200,242381047627400,242381056514000,9.1498,SGACK|transport-1349|A|A|1|09:35|27644|1,[],,A,True,09:35,27644,1,1349
transport-1350,T,242381070007600,242381070339400,242381072841500,2.8339,SGACK|transport-1350|T|S|1|09:35|27659|1,[],,S,True,09:35,27659,1,1350
transport-1351,S,242381073321300,242381073542800,242381086023200,12.7019,SGACK|transport-1351|S|S|1|09:35|27673|1,[],,S,True,09:35,27673,1,1351
transport-1352,P,242381086578900,242381086822500,242381098483100,11.9042,SGACK|transport-1352|P|S|1|09:35|27686|1,[],,S,True,09:35,27686,1,1352
transport-1353,C,242381098875900,242381099021000,242381110633800,11.7579,SGACK|transport-1353|C|S|1|09:35|27697|1,[],,S,True,09:35,27697,1,1353
transport-1354,E,242381111249700,242381111441900,242381120713600,9.4639,SGACK|transport-1354|E|A|1|09:35|27708|1,[],,A,True,09:35,27708,1,1354
transport-1355,K,242381134113900,242381134404500,242381136345200,2.2313,SGACK|transport-1355|K|S|1|09:35|27724|1,[],,S,True,09:35,27724,1,1355
transport-1356,A,242381136660600,242381136851000,242381145020700,8.3601,SGACK|transport-1356|A|A|1|09:35|27733|1,[],,A,True,09:35,27733,1,1356
transport-1357,T,242381157366200,242381157547700,242381159480500,2.1143,SGACK|transport-1357|T|S|1|09:35|27746|1,[],,S,True,09:35,27746,1,1357
transport-1358,S,242381159871400,242381160109100,242381171882400,12.011,SGACK|transport-1358|S|S|1|09:35|27759|1,[],,S,True,09:35,27759,1,1358
transport-1359,P,242381172285800,242381172487200,242381184462100,12.1763,SGACK|transport-1359|P|S|1|09:35|27772|1,[],,S,True,09:35,27772,1,1359
transport-1360,C,242381184822600,242381185052400,242381196268800,11.4462,SGACK|transport-1360|C|S|1|09:35|27783|1,[],,S,True,09:35,27783,1,1360
transport-1361,E,242381196657400,242381197085100,242381205637600,8.9802,SGACK|transport-1361|E|A|1|09:35|27793|1,[],,A,True,09:35,27793,1,1361
transport-1362,K,242381218611600,242381218814300,242381221244900,2.6333,SGACK|transport-1362|K|S|1|09:35|27808|1,[],,S,True,09:35,27808,1,1362
transport-1363,A,242381221663600,242381221920300,242381230402300,8.7387,SGACK|transport-1363|A|A|1|09:35|27818|1,[],,A,True,09:35,27818,1,1363
transport-1364,T,242381244337600,242381244688900,242381246613900,2.2763,SGACK|transport-1364|T|S|1|09:35|27833|1,[],,S,True,09:35,27833,1,1364
transport-1365,S,242381247252900,242381247591500,242381259850700,12.5978,SGACK|transport-1365|S|S|1|09:35|27847|1,[],,S,True,09:35,27847,1,1365
transport-1366,P,242381260530100,242381260847700,242381272276300,11.7462,SGACK|transport-1366|P|S|1|09:35|27860|1,[],,S,True,09:35,27860,1,1366
transport-1367,C,242381272591800,242381272865600,242381284452800,11.861,SGACK|transport-1367|C|S|1|09:35|27871|1,[],,S,True,09:35,27871,1,1367
transport-1368,E,242381285148500,242381285484000,242381294404700,9.2562,SGACK|transport-1368|E|A|1|09:35|27882|1,[],,A,True,09:35,27882,1,1368
transport-1369,K,242381307194000,242381307341600,242381309265600,2.0716,SGACK|transport-1369|K|S|1|09:35|27897|1,[],,S,True,09:35,27897,1,1369
transport-1370,A,242381309538900,242381309675600,242381319149800,9.6109,SGACK|transport-1370|A|A|1|09:35|27906|1,[],,A,True,09:35,27906,1,1370
transport-1371,T,242381332376100,242381332621500,242381334520300,2.1442,SGACK|transport-1371|T|S|1|09:35|27921|1,[],,S,True,09:35,27921,1,1371
transport-1372,S,242381334774300,242381334911700,242381347177700,12.4034,SGACK|transport-1372|S|S|1|09:35|27934|1,[],,S,True,09:35,27934,1,1372
transport-1373,P,242381347945500,242381348426700,242381360846300,12.9008,SGACK|transport-1373|P|S|1|09:35|27948|1,[],,S,True,09:35,27948,1,1373
transport-1374,C,242381361447600,242381361770600,242381373920700,12.4731,SGACK|transport-1374|C|S|1|09:35|27960|1,[],,S,True,09:35,27960,1,1374
transport-1375,E,242381374647500,242381374983200,242381383263000,8.6155,SGACK|transport-1375|E|A|1|09:35|27971|1,[],,A,True,09:35,27971,1,1375
transport-1376,K,242381397031900,242381397316100,242381400091100,3.0592,SGACK|transport-1376|K|S|1|09:35|27987|1,[],,S,True,09:35,27987,1,1376
transport-1377,A,242381400604500,242381400930200,242381409812200,9.2077,SGACK|transport-1377|A|A|1|09:35|27997|1,[],,A,True,09:35,27997,1,1377
transport-1378,T,242381424069900,242381424515900,242381426996400,2.9265,SGACK|transport-1378|T|S|1|09:35|28013|1,[],,S,True,09:35,28013,1,1378
transport-1379,S,242381427660800,242381428077000,242381440562700,12.9019,SGACK|transport-1379|S|S|1|09:35|28027|1,[],,S,True,09:35,28027,1,1379
transport-1380,P,242381441511000,242381441950900,242381454174500,12.6635,SGACK|transport-1380|P|S|1|09:35|28041|1,[],,S,True,09:35,28041,1,1380
transport-1381,C,242381454873900,242381455205300,242381468031500,13.1576,SGACK|transport-1381|C|S|1|09:35|28054|1,[],,S,True,09:35,28054,1,1381
transport-1382,E,242381468751000,242381469084100,242381481399200,12.6482,SGACK|transport-1382|E|A|1|09:35|28068|1,[],,A,True,09:35,28068,1,1382
transport-1383,K,242381495400200,242381495806400,242381499813100,4.4129,SGACK|transport-1383|K|S|1|09:35|28085|1,[],,S,True,09:35,28085,1,1383
transport-1384,A,242381500535300,242381500899000,242381510451900,9.9166,SGACK|transport-1384|A|A|1|09:35|28097|1,[],,A,True,09:35,28097,1,1384
transport-1385,T,242381524594300,242381524996000,242381528764400,4.1701,SGACK|transport-1385|T|S|1|09:35|28113|1,[],,S,True,09:35,28113,1,1385
transport-1386,S,242381529219800,242381529518900,242381541384900,12.1651,SGACK|transport-1386|S|S|1|09:35|28129|1,[],,S,True,09:35,28129,1,1386
transport-1387,P,242381541655500,242381541874700,242381553392400,11.7369,SGACK|transport-1387|P|S|1|09:35|28141|1,[],,S,True,09:35,28141,1,1387
transport-1388,C,242381553686500,242381553813000,242381565344500,11.658,SGACK|transport-1388|C|S|1|09:35|28152|1,[],,S,True,09:35,28152,1,1388
transport-1389,E,242381565773700,242381565982700,242381574112300,8.3386,SGACK|transport-1389|E|A|1|09:35|28162|1,[],,A,True,09:35,28162,1,1389
transport-1390,K,242381586512700,242381586788700,242381589124400,2.6117,SGACK|transport-1390|K|S|1|09:35|28176|1,[],,S,True,09:35,28176,1,1390
transport-1391,A,242381589494800,242381589799400,242381598729500,9.2347,SGACK|transport-1391|A|A|1|09:35|28186|1,[],,A,True,09:35,28186,1,1391
transport-1392,T,242381612169600,242381612435600,242381615371700,3.2021,SGACK|transport-1392|T|S|1|09:35|28201|1,[],,S,True,09:35,28201,1,1392
transport-1393,S,242381615944600,242381616334300,242381630341300,14.3967,SGACK|transport-1393|S|S|1|09:35|28216|1,[],,S,True,09:35,28216,1,1393
transport-1394,P,242381631519700,242381632027800,242381643628200,12.1085,SGACK|transport-1394|P|S|1|09:35|28231|1,[],,S,True,09:35,28231,1,1394
transport-1395,C,242381644114100,242381644400200,242381656270300,12.1562,SGACK|transport-1395|C|S|1|09:35|28243|1,[],,S,True,09:35,28243,1,1395
transport-1396,E,242381656973400,242381657211400,242381666768200,9.7948,SGACK|transport-1396|E|A|1|09:35|28254|1,[],,A,True,09:35,28254,1,1396
transport-1397,K,242381679735500,242381680172800,242381682912800,3.1773,SGACK|transport-1397|K|S|1|09:35|28270|1,[],,S,True,09:35,28270,1,1397
transport-1398,A,242381683207700,242381683413400,242381692757200,9.5495,SGACK|transport-1398|A|A|1|09:35|28280|1,[],,A,True,09:35,28280,1,1398
transport-1399,T,242381705738000,242381705944700,242381708274200,2.5362,SGACK|transport-1399|T|S|1|09:35|28294|1,[],,S,True,09:35,28294,1,1399
transport-1400,S,242381708972700,242381709271900,242381722337000,13.3643,SGACK|transport-1400|S|S|1|09:35|28309|1,[],,S,True,09:35,28309,1,1400
transport-1401,P,242381723062700,242381723414900,242381735440300,12.3776,SGACK|transport-1401|P|S|1|09:35|28323|1,[],,S,True,09:35,28323,1,1401
transport-1402,C,242381735984000,242381736302100,242381748158300,12.1743,SGACK|transport-1402|C|S|1|09:35|28335|1,[],,S,True,09:35,28335,1,1402
transport-1403,E,242381749393900,242381749730400,242381758599200,9.2053,SGACK|transport-1403|E|A|1|09:35|28346|1,[],,A,True,09:35,28346,1,1403
transport-1404,K,242381772823800,242381773282700,242381776462900,3.6391,SGACK|transport-1404|K|S|1|09:35|28363|1,[],,S,True,09:35,28363,1,1404
transport-1405,A,242381776925200,242381777178000,242381786663700,9.7385,SGACK|transport-1405|A|A|1|09:35|28374|1,[],,A,True,09:35,28374,1,1405
transport-1406,T,242381800051200,242381800474900,242381802730100,2.6789,SGACK|transport-1406|T|S|1|09:35|28389|1,[],,S,True,09:35,28389,1,1406
transport-1407,S,242381803394600,242381803763700,242381816455300,13.0607,SGACK|transport-1407|S|S|1|09:35|28403|1,[],,S,True,09:35,28403,1,1407
transport-1408,P,242381816937700,242381817166500,242381830032600,13.0949,SGACK|transport-1408|P|S|1|09:35|28417|1,[],,S,True,09:35,28417,1,1408
transport-1409,C,242381830678800,242381831014100,242381842554900,11.8761,SGACK|transport-1409|C|S|1|09:35|28429|1,[],,S,True,09:35,28429,1,1409
transport-1410,E,242381843225700,242381843524800,242381852853200,9.6275,SGACK|transport-1410|E|A|1|09:35|28440|1,[],,A,True,09:35,28440,1,1410
transport-1411,K,242381866036700,242381866240400,242381867953300,1.9166,SGACK|transport-1411|K|S|1|09:35|28456|1,[],,S,True,09:35,28456,1,1411
transport-1412,A,242381868285800,242381868510500,242381877427400,9.1416,SGACK|transport-1412|A|A|1|09:35|28465|1,[],,A,True,09:35,28465,1,1412
transport-1413,T,242381890885300,242381891203500,242381894017700,3.1324,SGACK|transport-1413|T|S|1|09:35|28480|1,[],,S,True,09:35,28480,1,1413
transport-1414,S,242381894457300,242381894712400,242381906938200,12.4809,SGACK|transport-1414|S|S|1|09:35|28494|1,[],,S,True,09:35,28494,1,1414
transport-1415,P,242381907512500,242381907821900,242381919688000,12.1755,SGACK|transport-1415|P|S|1|09:35|28507|1,[],,S,True,09:35,28507,1,1415
transport-1416,C,242381920075200,242381920345400,242381932396100,12.3209,SGACK|transport-1416|C|S|1|09:35|28519|1,[],,S,True,09:35,28519,1,1416
transport-1417,E,242381932899800,242381933210700,242381942192600,9.2928,SGACK|transport-1417|E|A|1|09:35|28530|1,[],,A,True,09:35,28530,1,1417
transport-1418,K,242381955223700,242381955544700,242381957284100,2.0604,SGACK|transport-1418|K|S|1|09:35|28545|1,[],,S,True,09:35,28545,1,1418
transport-1419,A,242381957802300,242381958205600,242381966069600,8.2673,SGACK|transport-1419|A|A|1|09:35|28554|1,[],,A,True,09:35,28554,1,1419
transport-1420,T,242381978908000,242381979218300,242381981658300,2.7503,SGACK|transport-1420|T|S|1|09:35|28568|1,[],,S,True,09:35,28568,1,1420
transport-1421,S,242381982170100,242381982476700,242381994490100,12.32,SGACK|transport-1421|S|S|1|09:35|28582|1,[],,S,True,09:35,28582,1,1421
transport-1422,P,242381994847400,242381995039400,242382008277400,13.43,SGACK|transport-1422|P|S|1|09:35|28594|1,[],,S,True,09:35,28594,1,1422
transport-1423,C,242382009144100,242382009525500,242382021793500,12.6494,SGACK|transport-1423|C|S|1|09:35|28608|1,[],,S,True,09:35,28608,1,1423
transport-1424,E,242382022704400,242382023038300,242382032546100,9.8417,SGACK|transport-1424|E|A|1|09:35|28619|1,[],,A,True,09:35,28619,1,1424
transport-1425,K,242382046469800,242382046777500,242382048944800,2.475,SGACK|transport-1425|K|S|1|09:35|28636|1,[],,S,True,09:35,28636,1,1425
transport-1426,A,242382049771100,242382050178200,242382059805100,10.034,SGACK|transport-1426|A|A|1|09:35|28647|1,[],,A,True,09:35,28647,1,1426
transport-1427,T,242382073627800,242382073883000,242382076119900,2.4921,SGACK|transport-1427|T|S|1|09:35|28662|1,[],,S,True,09:35,28662,1,1427
transport-1428,S,242382076501000,242382076691300,242382088786000,12.285,SGACK|transport-1428|S|S|1|09:35|28676|1,[],,S,True,09:35,28676,1,1428
transport-1429,P,242382089164600,242382089344300,242382101972300,12.8077,SGACK|transport-1429|P|S|1|09:35|28689|1,[],,S,True,09:35,28689,1,1429
transport-1430,C,242382102808300,242382103077900,242382114526400,11.7181,SGACK|transport-1430|C|S|1|09:35|28701|1,[],,S,True,09:35,28701,1,1430
transport-1431,E,242382115169000,242382115338200,242382124747300,9.5783,SGACK|transport-1431|E|A|1|09:35|28712|1,[],,A,True,09:35,28712,1,1431
transport-1432,K,242382137719800,242382137921400,242382139356300,1.6365,SGACK|transport-1432|K|S|1|09:35|28727|1,[],,S,True,09:35,28727,1,1432
transport-1433,A,242382139766800,242382140022800,242382148148100,8.3813,SGACK|transport-1433|A|A|1|09:35|28736|1,[],,A,True,09:35,28736,1,1433
transport-1434,T,242382160346700,242382160561400,242382162119600,1.7729,SGACK|transport-1434|T|S|1|09:35|28749|1,[],,S,True,09:35,28749,1,1434
transport-1435,S,242382162600500,242382162819500,242382174325600,11.7251,SGACK|transport-1435|S|S|1|09:35|28762|1,[],,S,True,09:35,28762,1,1435
transport-1436,P,242382174821000,242382175044300,242382186253100,11.4321,SGACK|transport-1436|P|S|1|09:35|28774|1,[],,S,True,09:35,28774,1,1436
transport-1437,C,242382186734400,242382186932300,242382197818200,11.0838,SGACK|transport-1437|C|S|1|09:35|28785|1,[],,S,True,09:35,28785,1,1437
transport-1438,E,242382198292600,242382198549000,242382206920400,8.6278,SGACK|transport-1438|E|A|1|09:35|28795|1,[],,A,True,09:35,28795,1,1438
transport-1439,K,242382219194700,242382219387700,242382221002600,1.8079,SGACK|transport-1439|K|S|1|09:35|28809|1,[],,S,True,09:35,28809,1,1439
transport-1440,A,242382221269000,242382221474000,242382229997400,8.7284,SGACK|transport-1440|A|A|1|09:35|28818|1,[],,A,True,09:35,28818,1,1440
transport-1441,T,242382242293700,242382242500100,242382243875400,1.5817,SGACK|transport-1441|T|S|1|09:35|28831|1,[],,S,True,09:35,28831,1,1441
transport-1442,S,242382244188000,242382244422400,242382256278000,12.09,SGACK|transport-1442|S|S|1|09:35|28844|1,[],,S,True,09:35,28844,1,1442
transport-1443,P,242382256758200,242382257031000,242382268124200,11.366,SGACK|transport-1443|P|S|1|09:35|28856|1,[],,S,True,09:35,28856,1,1443
transport-1444,C,242382268493300,242382268723400,242382279863100,11.3698,SGACK|transport-1444|C|S|1|09:35|28867|1,[],,S,True,09:35,28867,1,1444
transport-1445,E,242382280256800,242382280383600,242382288954100,8.6973,SGACK|transport-1445|E|A|1|09:35|28877|1,[],,A,True,09:35,28877,1,1445
transport-1446,K,242382301223400,242382301451700,242382303623300,2.3999,SGACK|transport-1446|K|S|1|09:35|28891|1,[],,S,True,09:35,28891,1,1446
transport-1447,A,242382304120300,242382304321900,242382313437700,9.3174,SGACK|transport-1447|A|A|1|09:35|28901|1,[],,A,True,09:35,28901,1,1447
transport-1448,T,242382326273900,242382326583700,242382327950900,1.677,SGACK|transport-1448|T|S|1|09:35|28915|1,[],,S,True,09:35,28915,1,1448
transport-1449,S,242382328198200,242382328363200,242382340262600,12.0644,SGACK|transport-1449|S|S|1|09:35|28928|1,[],,S,True,09:35,28928,1,1449
transport-1450,P,242382340675800,242382340886400,242382352082700,11.4069,SGACK|transport-1450|P|S|1|09:35|28940|1,[],,S,True,09:35,28940,1,1450
transport-1451,C,242382352435500,242382352568100,242382363724600,11.2891,SGACK|transport-1451|C|S|1|09:35|28951|1,[],,S,True,09:35,28951,1,1451
transport-1452,E,242382363944100,242382364044700,242382373197800,9.2537,SGACK|transport-1452|E|A|1|09:35|28961|1,[],,A,True,09:35,28961,1,1452
transport-1453,K,242382385688200,242382385965400,242382388160600,2.4724,SGACK|transport-1453|K|S|1|09:35|28975|1,[],,S,True,09:35,28975,1,1453
transport-1454,A,242382388554200,242382388837200,242382397483200,8.929,SGACK|transport-1454|A|A|1|09:35|28985|1,[],,A,True,09:35,28985,1,1454
transport-1455,T,242382410807200,242382411023900,242382413324900,2.5177,SGACK|transport-1455|T|S|1|09:35|28999|1,[],,S,True,09:35,28999,1,1455
transport-1456,S,242382413834200,242382414149600,242382426387800,12.5536,SGACK|transport-1456|S|S|1|09:35|29014|1,[],,S,True,09:35,29014,1,1456
transport-1457,P,242382426616000,242382426761200,242382438129200,11.5132,SGACK|transport-1457|P|S|1|09:35|29026|1,[],,S,True,09:35,29026,1,1457
transport-1458,C,242382438461100,242382438634700,242382449738100,11.277,SGACK|transport-1458|C|S|1|09:35|29037|1,[],,S,True,09:35,29037,1,1458
transport-1459,E,242382450184600,242382450393300,242382458993300,8.8087,SGACK|transport-1459|E|A|1|09:35|29047|1,[],,A,True,09:35,29047,1,1459
transport-1460,K,242382471132900,242382471303100,242382472899500,1.7666,SGACK|transport-1460|K|S|1|09:35|29061|1,[],,S,True,09:35,29061,1,1460
transport-1461,A,242382473093600,242382473218700,242382481931900,8.8383,SGACK|transport-1461|A|A|1|09:35|29070|1,[],,A,True,09:35,29070,1,1461
transport-1462,T,242382494871200,242382495134800,242382496621500,1.7503,SGACK|transport-1462|T|S|1|09:35|29084|1,[],,S,True,09:35,29084,1,1462
transport-1463,S,242382496909900,242382497058900,242382509320000,12.4101,SGACK|transport-1463|S|S|1|09:35|29097|1,[],,S,True,09:35,29097,1,1463
transport-1464,P,242382509699400,242382510008400,242382521064900,11.3655,SGACK|transport-1464|P|S|1|09:35|29109|1,[],,S,True,09:35,29109,1,1464
transport-1465,C,242382521547900,242382521750000,242382532789600,11.2417,SGACK|transport-1465|C|S|1|09:35|29120|1,[],,S,True,09:35,29120,1,1465
transport-1466,E,242382533307400,242382533499800,242382541958200,8.6508,SGACK|transport-1466|E|A|1|09:35|29130|1,[],,A,True,09:35,29130,1,1466
transport-1467,K,242382554847600,242382555083500,242382556771200,1.9236,SGACK|transport-1467|K|S|1|09:35|29145|1,[],,S,True,09:35,29145,1,1467
transport-1468,A,242382557149800,242382557332500,242382566402400,9.2526,SGACK|transport-1468|A|A|1|09:35|29154|1,[],,A,True,09:35,29154,1,1468
transport-1469,T,242382579652700,242382579873500,242382581497400,1.8447,SGACK|transport-1469|T|S|1|09:35|29168|1,[],,S,True,09:35,29168,1,1469
transport-1470,S,242382581873700,242382582078800,242382594828500,12.9548,SGACK|transport-1470|S|S|1|09:35|29182|1,[],,S,True,09:35,29182,1,1470
transport-1471,P,242382595361900,242382595884500,242382607511200,12.1493,SGACK|transport-1471|P|S|1|09:35|29195|1,[],,S,True,09:35,29195,1,1471
transport-1472,C,242382608016600,242382608294400,242382619782700,11.7661,SGACK|transport-1472|C|S|1|09:35|29207|1,[],,S,True,09:35,29207,1,1472
transport-1473,E,242382620172400,242382620348400,242382628896600,8.7242,SGACK|transport-1473|E|A|1|09:35|29217|1,[],,A,True,09:35,29217,1,1473
transport-1474,K,242382641839100,242382642077600,242382644485900,2.6468,SGACK|transport-1474|K|S|1|09:35|29232|1,[],,S,True,09:35,29232,1,1474
transport-1475,A,242382645006200,242382645792100,242382654281000,9.2748,SGACK|transport-1475|A|A|1|09:35|29242|1,[],,A,True,09:35,29242,1,1475
transport-1476,T,242382666566900,242382666742700,242382669024600,2.4577,SGACK|transport-1476|T|S|1|09:35|29255|1,[],,S,True,09:35,29255,1,1476
transport-1477,S,242382669386300,242382669588400,242382681462300,12.076,SGACK|transport-1477|S|S|1|09:35|29269|1,[],,S,True,09:35,29269,1,1477
transport-1478,P,242382681804700,242382682001800,242382693144800,11.3401,SGACK|transport-1478|P|S|1|09:35|29281|1,[],,S,True,09:35,29281,1,1478
transport-1479,C,242382693474100,242382693623300,242382704687500,11.2134,SGACK|transport-1479|C|S|1|09:35|29292|1,[],,S,True,09:35,29292,1,1479
transport-1480,E,242382704959800,242382705159000,242382713839200,8.8794,SGACK|transport-1480|E|A|1|09:35|29302|1,[],,A,True,09:35,29302,1,1480
transport-1481,K,242382726503700,242382726644000,242382728341600,1.8379,SGACK|transport-1481|K|S|1|09:35|29316|1,[],,S,True,09:35,29316,1,1481
transport-1482,A,242382728540400,242382728670300,242382736744000,8.2036,SGACK|transport-1482|A|A|1|09:35|29325|1,[],,A,True,09:35,29325,1,1482
transport-1483,T,242382749012800,242382749139300,242382750616000,1.6032,SGACK|transport-1483|T|S|1|09:35|29338|1,[],,S,True,09:35,29338,1,1483
transport-1484,S,242382750814100,242382751053000,242382762473000,11.6589,SGACK|transport-1484|S|S|1|09:35|29350|1,[],,S,True,09:35,29350,1,1484
transport-1485,P,242382762665900,242382762801500,242382774125000,11.4591,SGACK|transport-1485|P|S|1|09:35|29362|1,[],,S,True,09:35,29362,1,1485
transport-1486,C,242382774316900,242382774465100,242382785816700,11.4998,SGACK|transport-1486|C|S|1|09:35|29373|1,[],,S,True,09:35,29373,1,1486
transport-1487,E,242382786004000,242382786145000,242382794747800,8.7438,SGACK|transport-1487|E|A|1|09:35|29383|1,[],,A,True,09:35,29383,1,1487
transport-1488,K,242382807014200,242382807176200,242382808728700,1.7145,SGACK|transport-1488|K|S|1|09:35|29397|1,[],,S,True,09:35,29397,1,1488
transport-1489,A,242382808916800,242382809074600,242382817739300,8.8225,SGACK|transport-1489|A|A|1|09:35|29406|1,[],,A,True,09:35,29406,1,1489
transport-1490,T,242382830724500,242382830898700,242382832249200,1.5247,SGACK|transport-1490|T|S|1|09:35|29419|1,[],,S,True,09:35,29419,1,1490
transport-1491,S,242382832439300,242382832592200,242382844339500,11.9002,SGACK|transport-1491|S|S|1|09:35|29432|1,[],,S,True,09:35,29432,1,1491
transport-1492,P,242382844524300,242382844694100,242382856081400,11.5571,SGACK|transport-1492|P|S|1|09:35|29444|1,[],,S,True,09:35,29444,1,1492
transport-1493,C,242382856263000,242382856376500,242382868073400,11.8104,SGACK|transport-1493|C|S|1|09:35|29455|1,[],,S,True,09:35,29455,1,1493
transport-1494,E,242382868261400,242382868366900,242382876751000,8.4896,SGACK|transport-1494|E|A|1|09:35|29465|1,[],,A,True,09:35,29465,1,1494
transport-1495,K,242382889149900,242382889320500,242382890794900,1.645,SGACK|transport-1495|K|S|1|09:35|29479|1,[],,S,True,09:35,29479,1,1495
transport-1496,A,242382890989700,242382891091900,242382899898400,8.9087,SGACK|transport-1496|A|A|1|09:35|29488|1,[],,A,True,09:35,29488,1,1496
transport-1497,T,242382912418600,242382912513400,242382914052200,1.6336,SGACK|transport-1497|T|S|1|09:35|29501|1,[],,S,True,09:35,29501,1,1497
transport-1498,S,242382914221200,242382914355500,242382926284700,12.0635,SGACK|transport-1498|S|S|1|09:35|29514|1,[],,S,True,09:35,29514,1,1498
transport-1499,P,242382926515300,242382926669700,242382938303000,11.7877,SGACK|transport-1499|P|S|1|09:35|29526|1,[],,S,True,09:35,29526,1,1499
transport-1500,C,242382938539500,242382938640500,242382949866300,11.3268,SGACK|transport-1500|C|S|1|09:35|29537|1,[],,S,True,09:35,29537,1,1500
transport-1501,E,242382950067600,242382950236800,242382958901800,8.8342,SGACK|transport-1501|E|A|1|09:35|29547|1,[],,A,True,09:35,29547,1,1501
transport-1502,K,242382971009500,242382971182900,242382972756100,1.7466,SGACK|transport-1502|K|S|1|09:35|29561|1,[],,S,True,09:35,29561,1,1502
transport-1503,A,242382972967600,242382973125800,242382981763500,8.7959,SGACK|transport-1503|A|A|1|09:35|29570|1,[],,A,True,09:35,29570,1,1503
transport-1504,T,242382994015900,242382994182000,242382995609100,1.5932,SGACK|transport-1504|T|S|1|09:35|29583|1,[],,S,True,09:35,29583,1,1504
transport-1505,S,242382995799400,242382996033700,242383007396700,11.5973,SGACK|transport-1505|S|S|1|09:35|29595|1,[],,S,True,09:35,29595,1,1505
transport-1506,P,242383007775000,242383007996800,242383020105800,12.3308,SGACK|transport-1506|P|S|1|09:35|29608|1,[],,S,True,09:35,29608,1,1506
transport-1507,C,242383020555000,242383020779700,242383032086400,11.5314,SGACK|transport-1507|C|S|1|09:35|29619|1,[],,S,True,09:35,29619,1,1507
transport-1508,E,242383032538600,242383032743800,242383041535300,8.9967,SGACK|transport-1508|E|A|1|09:35|29629|1,[],,A,True,09:35,29629,1,1508
transport-1509,K,242383054920700,242383055132100,242383056730100,1.8094,SGACK|transport-1509|K|S|1|09:35|29645|1,[],,S,True,09:35,29645,1,1509
transport-1510,A,242383057013200,242383057246700,242383065813300,8.8001,SGACK|transport-1510|A|A|1|09:35|29654|1,[],,A,True,09:35,29654,1,1510
transport-1511,T,242383078025300,242383078189200,242383079961500,1.9362,SGACK|transport-1511|T|S|1|09:35|29667|1,[],,S,True,09:35,29667,1,1511
transport-1512,S,242383080364100,242383080580500,242383092291900,11.9278,SGACK|transport-1512|S|S|1|09:35|29680|1,[],,S,True,09:35,29680,1,1512
transport-1513,P,242383092628200,242383092855900,242383103942800,11.3146,SGACK|transport-1513|P|S|1|09:35|29692|1,[],,S,True,09:35,29692,1,1513
transport-1514,C,242383104192700,242383104369500,242383115673600,11.4809,SGACK|transport-1514|C|S|1|09:35|29703|1,[],,S,True,09:35,29703,1,1514
transport-1515,E,242383115916600,242383116140100,242383124835100,8.9185,SGACK|transport-1515|E|A|1|09:35|29713|1,[],,A,True,09:35,29713,1,1515
transport-1516,K,242383137110500,242383137258800,242383138818700,1.7082,SGACK|transport-1516|K|S|1|09:35|29727|1,[],,S,True,09:35,29727,1,1516
transport-1517,A,242383139029500,242383139145100,242383147789100,8.7596,SGACK|transport-1517|A|A|1|09:35|29736|1,[],,A,True,09:35,29736,1,1517
transport-1518,T,242383159937900,242383160096400,242383161611200,1.6733,SGACK|transport-1518|T|S|1|09:35|29749|1,[],,S,True,09:35,29749,1,1518
transport-1519,S,242383161818900,242383162007900,242383174849700,13.0308,SGACK|transport-1519|S|S|1|09:35|29762|1,[],,S,True,09:35,29762,1,1519
transport-1520,P,242383175215300,242383175456000,242383187006700,11.7914,SGACK|transport-1520|P|S|1|09:35|29775|1,[],,S,True,09:35,29775,1,1520
transport-1521,C,242383187277500,242383187458200,242383198716600,11.4391,SGACK|transport-1521|C|S|1|09:35|29786|1,[],,S,True,09:35,29786,1,1521
transport-1522,E,242383199030600,242383199246000,242383207877100,8.8465,SGACK|transport-1522|E|A|1|09:35|29796|1,[],,A,True,09:35,29796,1,1522
transport-1523,K,242383220090900,242383220331800,242383222541600,2.4507,SGACK|transport-1523|K|S|1|09:35|29810|1,[],,S,True,09:35,29810,1,1523
transport-1524,A,242383222796200,242383223031800,242383231926200,9.13,SGACK|transport-1524|A|A|1|09:35|29820|1,[],,A,True,09:35,29820,1,1524
transport-1525,T,242383244125200,242383244246100,242383245841800,1.7166,SGACK|transport-1525|T|S|1|09:35|29833|1,[],,S,True,09:35,29833,1,1525
transport-1526,S,242383246062600,242383246200100,242383258324300,12.2617,SGACK|transport-1526|S|S|1|09:35|29846|1,[],,S,True,09:35,29846,1,1526
transport-1527,P,242383258646300,242383258872800,242383269939900,11.2936,SGACK|transport-1527|P|S|1|09:35|29858|1,[],,S,True,09:35,29858,1,1527
transport-1528,C,242383270227000,242383270410400,242383281841800,11.6148,SGACK|transport-1528|C|S|1|09:35|29869|1,[],,S,True,09:35,29869,1,1528
transport-1529,E,242383282131500,242383282256100,242383290998300,8.8668,SGACK|transport-1529|E|A|1|09:35|29879|1,[],,A,True,09:35,29879,1,1529
transport-1530,K,242383303268500,242383303418900,242383305021300,1.7528,SGACK|transport-1530|K|S|1|09:35|29893|1,[],,S,True,09:35,29893,1,1530
transport-1531,A,242383305252700,242383305379700,242383313816900,8.5642,SGACK|transport-1531|A|A|1|09:35|29902|1,[],,A,True,09:35,29902,1,1531
transport-1532,T,242383325945000,242383326096400,242383327589600,1.6446,SGACK|transport-1532|T|S|1|09:35|29915|1,[],,S,True,09:35,29915,1,1532
transport-1533,S,242383327819600,242383328006800,242383340410800,12.5912,SGACK|transport-1533|S|S|1|09:35|29928|1,[],,S,True,09:35,29928,1,1533
transport-1534,P,242383340743000,242383340908900,242383351992300,11.2493,SGACK|transport-1534|P|S|1|09:35|29940|1,[],,S,True,09:35,29940,1,1534
transport-1535,C,242383352309300,242383352450000,242383363828900,11.5196,SGACK|transport-1535|C|S|1|09:35|29951|1,[],,S,True,09:35,29951,1,1535
transport-1536,E,242383364128400,242383364241000,242383372812600,8.6842,SGACK|transport-1536|E|A|1|09:35|29961|1,[],,A,True,09:35,29961,1,1536
transport-1537,K,242383384930700,242383385113100,242383387317400,2.3867,SGACK|transport-1537|K|S|1|09:35|29975|1,[],,S,True,09:35,29975,1,1537
transport-1538,A,242383387650000,242383387865300,242383395902400,8.2524,SGACK|transport-1538|A|A|1|09:35|29984|1,[],,A,True,09:35,29984,1,1538
transport-1539,T,242383407973700,242383408094500,242383409623900,1.6502,SGACK|transport-1539|T|S|1|09:35|29997|1,[],,S,True,09:35,29997,1,1539
transport-1540,S,242383409834400,242383410077900,242383422199300,12.3649,SGACK|transport-1540|S|S|1|09:35|30010|1,[],,S,True,09:35,30010,1,1540
transport-1541,P,242383422503800,242383422643100,242383434026600,11.5228,SGACK|transport-1541|P|S|1|09:35|30022|1,[],,S,True,09:35,30022,1,1541
transport-1542,C,242383434308200,242383434437300,242383446298600,11.9904,SGACK|transport-1542|C|S|1|09:35|30033|1,[],,S,True,09:35,30033,1,1542
transport-1543,E,242383446689500,242383446856000,242383455341300,8.6518,SGACK|transport-1543|E|A|1|09:35|30043|1,[],,A,True,09:35,30043,1,1543
transport-1544,K,242383468598000,242383468782500,242383474735700,6.1377,SGACK|transport-1544|K|S|1|09:35|30063|1,[],,S,True,09:35,30063,1,1544
transport-1545,A,242383474986200,242383475156300,242383484315600,9.3294,SGACK|transport-1545|A|A|1|09:35|30072|1,[],,A,True,09:35,30072,1,1545
transport-1546,T,242383496886900,242383497030500,242383498802200,1.9153,SGACK|transport-1546|T|S|1|09:35|30086|1,[],,S,True,09:35,30086,1,1546
transport-1547,S,242383499137800,242383499331300,242383511165400,12.0276,SGACK|transport-1547|S|S|1|09:35|30099|1,[],,S,True,09:35,30099,1,1547
transport-1548,P,242383511465400,242383511609800,242383523228500,11.7631,SGACK|transport-1548|P|S|1|09:35|30111|1,[],,S,True,09:35,30111,1,1548
transport-1549,C,242383523486900,242383523692200,242383534834900,11.348,SGACK|transport-1549|C|S|1|09:35|30122|1,[],,S,True,09:35,30122,1,1549
transport-1550,E,242383535078900,242383535266300,242383544048000,8.9691,SGACK|transport-1550|E|A|1|09:35|30132|1,[],,A,True,09:35,30132,1,1550
transport-1551,K,242383556793500,242383557023700,242383559125200,2.3317,SGACK|transport-1551|K|S|1|09:35|30147|1,[],,S,True,09:35,30147,1,1551
transport-1552,A,242383559466000,242383559662500,242383568250600,8.7846,SGACK|transport-1552|A|A|1|09:35|30156|1,[],,A,True,09:35,30156,1,1552
transport-1553,T,242383580885600,242383581227100,242383582702800,1.8172,SGACK|transport-1553|T|S|1|09:35|30170|1,[],,S,True,09:35,30170,1,1553
transport-1554,S,242383582913500,242383583056000,242383596630800,13.7173,SGACK|transport-1554|S|S|1|09:35|30183|1,[],,S,True,09:35,30183,1,1554
transport-1555,P,242383597576100,242383597928800,242383610309600,12.7335,SGACK|transport-1555|P|S|1|09:35|30197|1,[],,S,True,09:35,30197,1,1555
transport-1556,C,242383611226400,242383611634600,242383624811100,13.5847,SGACK|transport-1556|C|S|1|09:35|30210|1,[],,S,True,09:35,30210,1,1556
transport-1557,E,242383625690800,242383626134600,242383636122700,10.4319,SGACK|transport-1557|E|A|1|09:35|30223|1,[],,A,True,09:35,30223,1,1557
transport-1558,K,242383650107100,242383650361800,242383653590800,3.4837,SGACK|transport-1558|K|S|1|09:35|30240|1,[],,S,True,09:35,30240,1,1558
transport-1559,A,242383654149200,242383654502900,242383664137500,9.9883,SGACK|transport-1559|A|A|1|09:35|30251|1,[],,A,True,09:35,30251,1,1559
transport-1560,T,242383679231600,242383679802700,242383683229300,3.9977,SGACK|transport-1560|T|S|1|09:35|30268|1,[],,S,True,09:35,30268,1,1560
transport-1561,S,242383683751100,242383684128000,242383698010800,14.2597,SGACK|transport-1561|S|S|1|09:35|30284|1,[],,S,True,09:35,30284,1,1561
transport-1562,P,242383698944300,242383699304900,242383712540200,13.5959,SGACK|transport-1562|P|S|1|09:35|30299|1,[],,S,True,09:35,30299,1,1562
transport-1563,C,242383713494300,242383713845700,242383725732300,12.238,SGACK|transport-1563|C|S|1|09:35|30312|1,[],,S,True,09:35,30312,1,1563
transport-1564,E,242383726315400,242383726619200,242383736188500,9.8731,SGACK|transport-1564|E|A|1|09:35|30323|1,[],,A,True,09:35,30323,1,1564
transport-1565,K,242383750748300,242383751078500,242383754373900,3.6256,SGACK|transport-1565|K|S|1|09:35|30341|1,[],,S,True,09:35,30341,1,1565
transport-1566,A,242383754836900,242383755166300,242383764881700,10.0448,SGACK|transport-1566|A|A|1|09:35|30352|1,[],,A,True,09:35,30352,1,1566
transport-1567,T,242383779112400,242383779420500,242383783533300,4.4209,SGACK|transport-1567|T|S|1|09:35|30368|1,[],,S,True,09:35,30368,1,1567
transport-1568,S,242383784081900,242383784358100,242383797293600,13.2117,SGACK|transport-1568|S|S|1|09:35|30384|1,[],,S,True,09:35,30384,1,1568
transport-1569,P,242383798104800,242383798400400,242383811363700,13.2589,SGACK|transport-1569|P|S|1|09:35|30398|1,[],,S,True,09:35,30398,1,1569
transport-1570,C,242383812095600,242383812395800,242383825627800,13.5322,SGACK|transport-1570|C|S|1|09:35|30411|1,[],,S,True,09:35,30411,1,1570
transport-1571,E,242383826655100,242383827137400,242383837325300,10.6702,SGACK|transport-1571|E|A|1|09:35|30424|1,[],,A,True,09:35,30424,1,1571
transport-1572,K,242383852200300,242383852759000,242383857563800,5.3635,SGACK|transport-1572|K|S|1|09:35|30442|1,[],,S,True,09:35,30442,1,1572
transport-1573,A,242383858052100,242383858347500,242383868150900,10.0988,SGACK|transport-1573|A|A|1|09:35|30455|1,[],,A,True,09:35,30455,1,1573
transport-1574,T,242383881062200,242383881191200,242383883028700,1.9665,SGACK|transport-1574|T|S|1|09:35|30470|1,[],,S,True,09:35,30470,1,1574
transport-1575,S,242383883262700,242383883410800,242383895595000,12.3323,SGACK|transport-1575|S|S|1|09:35|30483|1,[],,S,True,09:35,30483,1,1575
transport-1576,P,242383895986200,242383896295900,242383909099400,13.1132,SGACK|transport-1576|P|S|1|09:35|30496|1,[],,S,True,09:35,30496,1,1576
transport-1577,C,242383909859000,242383910216000,242383922634700,12.7757,SGACK|transport-1577|C|S|1|09:35|30509|1,[],,S,True,09:35,30509,1,1577
transport-1578,E,242383923232700,242383923470700,242383932405800,9.1731,SGACK|transport-1578|E|A|1|09:35|30520|1,[],,A,True,09:35,30520,1,1578
transport-1579,K,242383945703500,242383946007900,242383948603400,2.8999,SGACK|transport-1579|K|S|1|09:35|30535|1,[],,S,True,09:35,30535,1,1579
transport-1580,A,242383949049800,242383949258800,242383958519600,9.4698,SGACK|transport-1580|A|A|1|09:35|30546|1,[],,A,True,09:35,30546,1,1580
transport-1581,T,242383972872000,242383973280100,242383976563800,3.6918,SGACK|transport-1581|T|S|1|09:35|30562|1,[],,S,True,09:35,30562,1,1581
transport-1582,S,242383976996000,242383977349800,242383989642800,12.6468,SGACK|transport-1582|S|S|1|09:35|30577|1,[],,S,True,09:35,30577,1,1582
transport-1583,P,242383990207200,242383990455500,242384002633600,12.4264,SGACK|transport-1583|P|S|1|09:35|30590|1,[],,S,True,09:35,30590,1,1583
transport-1584,C,242384003247500,242384003464200,242384017379500,14.132,SGACK|transport-1584|C|S|1|09:35|30602|1,[],,S,True,09:35,30602,1,1584
transport-1585,E,242384018176800,242384018387900,242384027967100,9.7903,SGACK|transport-1585|E|A|1|09:35|30615|1,[],,A,True,09:35,30615,1,1585
transport-1586,K,242384042157200,242384042388800,242384045630100,3.4729,SGACK|transport-1586|K|S|1|09:35|30632|1,[],,S,True,09:35,30632,1,1586
transport-1587,A,242384045944800,242384046159400,242384055223800,9.279,SGACK|transport-1587|A|A|1|09:35|30643|1,[],,A,True,09:35,30643,1,1587
transport-1588,T,242384067632900,242384067872600,242384070403900,2.771,SGACK|transport-1588|T|S|1|09:35|30656|1,[],,S,True,09:35,30656,1,1588
transport-1589,S,242384070823900,242384071103100,242384083603100,12.7792,SGACK|transport-1589|S|S|1|09:35|30671|1,[],,S,True,09:35,30671,1,1589
transport-1590,P,242384084003800,242384084271600,242384096439200,12.4354,SGACK|transport-1590|P|S|1|09:35|30684|1,[],,S,True,09:35,30684,1,1590
transport-1591,C,242384096955000,242384097257700,242384109226900,12.2719,SGACK|transport-1591|C|S|1|09:35|30696|1,[],,S,True,09:35,30696,1,1591
transport-1592,E,242384109688900,242384109945300,242384118369900,8.681,SGACK|transport-1592|E|A|1|09:35|30706|1,[],,A,True,09:35,30706,1,1592
transport-1593,K,242384132923900,242384133379600,242384135608200,2.6843,SGACK|transport-1593|K|S|1|09:35|30723|1,[],,S,True,09:35,30723,1,1593
transport-1594,A,242384135881400,242384136117400,242384145975400,10.094,SGACK|transport-1594|A|A|1|09:35|30733|1,[],,A,True,09:35,30733,1,1594
transport-1595,T,242384160608700,242384160984300,242384164140400,3.5317,SGACK|transport-1595|T|S|1|09:35|30749|1,[],,S,True,09:35,30749,1,1595
transport-1596,S,242384164676400,242384165036200,242384176477800,11.8014,SGACK|transport-1596|S|S|1|09:35|30764|1,[],,S,True,09:35,30764,1,1596
transport-1597,P,242384177014800,242384177329700,242384189314500,12.2997,SGACK|transport-1597|P|S|1|09:35|30777|1,[],,S,True,09:35,30777,1,1597
transport-1598,C,242384189817600,242384190102400,242384202659400,12.8418,SGACK|transport-1598|C|S|1|09:35|30789|1,[],,S,True,09:35,30789,1,1598
transport-1599,E,242384203319400,242384203612700,242384213200400,9.881,SGACK|transport-1599|E|A|1|09:35|30800|1,[],,A,True,09:35,30800,1,1599
transport-1600,K,242384227038700,242384227376000,242384231211700,4.173,SGACK|transport-1600|K|S|1|09:35|30817|1,[],,S,True,09:35,30817,1,1600
transport-1601,A,242384231886100,242384232256100,242384242239800,10.3537,SGACK|transport-1601|A|A|1|09:35|30829|1,[],,A,True,09:35,30829,1,1601
transport-1602,T,242384256288400,242384256604600,242384259927500,3.6391,SGACK|transport-1602|T|S|1|09:35|30845|1,[],,S,True,09:35,30845,1,1602
transport-1603,S,242384260484600,242384260751600,242384273346300,12.8617,SGACK|transport-1603|S|S|1|09:35|30860|1,[],,S,True,09:35,30860,1,1603
transport-1604,P,242384274003800,242384274471400,242384287547300,13.5435,SGACK|transport-1604|P|S|1|09:35|30874|1,[],,S,True,09:35,30874,1,1604
transport-1605,C,242384288340000,242384288849400,242384301707200,13.3672,SGACK|transport-1605|C|S|1|09:35|30887|1,[],,S,True,09:35,30887,1,1605
transport-1606,E,242384302782600,242384303415800,242384312451600,9.669,SGACK|transport-1606|E|A|1|09:35|30900|1,[],,A,True,09:35,30900,1,1606
transport-1607,K,242384326656000,242384326994100,242384330516300,3.8603,SGACK|transport-1607|K|S|1|09:35|30916|1,[],,S,True,09:35,30916,1,1607
transport-1608,A,242384331019600,242384331384400,242384340928800,9.9092,SGACK|transport-1608|A|A|1|09:35|30928|1,[],,A,True,09:35,30928,1,1608
transport-1609,T,242384354786600,242384355073600,242384358530700,3.7441,SGACK|transport-1609|T|S|1|09:35|30944|1,[],,S,True,09:35,30944,1,1609
transport-1610,S,242384359007800,242384359359800,242384372647300,13.6395,SGACK|transport-1610|S|S|1|09:35|30959|1,[],,S,True,09:35,30959,1,1610
transport-1611,P,242384373522900,242384374057300,242384386659100,13.1362,SGACK|transport-1611|P|S|1|09:35|30973|1,[],,S,True,09:35,30973,1,1611
transport-1612,C,242384387702400,242384388106500,242384401889900,14.1875,SGACK|transport-1612|C|S|1|09:35|30987|1,[],,S,True,09:35,30987,1,1612
transport-1613,E,242384402711400,242384403097500,242384413298500,10.5871,SGACK|transport-1613|E|A|1|09:35|31000|1,[],,A,True,09:35,31000,1,1613
transport-1614,K,242384427285500,242384427601800,242384430354500,3.069,SGACK|transport-1614|K|S|1|09:35|31017|1,[],,S,True,09:35,31017,1,1614
transport-1615,A,242384430805800,242384431067200,242384440480000,9.6742,SGACK|transport-1615|A|A|1|09:35|31028|1,[],,A,True,09:35,31028,1,1615
transport-1616,T,242384453594000,242384453790900,242384455521500,1.9275,SGACK|transport-1616|T|S|1|09:35|31042|1,[],,S,True,09:35,31042,1,1616
transport-1617,S,242384455796500,242384456034800,242384468676300,12.8798,SGACK|transport-1617|S|S|1|09:35|31056|1,[],,S,True,09:35,31056,1,1617
transport-1618,P,242384468978500,242384469270600,242384481571800,12.5933,SGACK|transport-1618|P|S|1|09:35|31069|1,[],,S,True,09:35,31069,1,1618
transport-1619,C,242384482468300,242384482923400,242384494765300,12.297,SGACK|transport-1619|C|S|1|09:35|31081|1,[],,S,True,09:35,31081,1,1619
transport-1620,E,242384495460900,242384495725600,242384504704400,9.2435,SGACK|transport-1620|E|A|1|09:35|31092|1,[],,A,True,09:35,31092,1,1620
transport-1621,K,242384517992200,242384518328500,242384521126400,3.1342,SGACK|transport-1621|K|S|1|09:35|31108|1,[],,S,True,09:35,31108,1,1621
transport-1622,A,242384521541900,242384521877100,242384530344200,8.8023,SGACK|transport-1622|A|A|1|09:35|31118|1,[],,A,True,09:35,31118,1,1622
transport-1623,T,242384543917400,242384544157700,242384546858400,2.941,SGACK|transport-1623|T|S|1|09:35|31133|1,[],,S,True,09:35,31133,1,1623
transport-1624,S,242384547413500,242384547694600,242384559870000,12.4565,SGACK|transport-1624|S|S|1|09:35|31147|1,[],,S,True,09:35,31147,1,1624
transport-1625,P,242384560547500,242384560870600,242384573308900,12.7614,SGACK|transport-1625|P|S|1|09:35|31160|1,[],,S,True,09:35,31160,1,1625
transport-1626,C,242384573904200,242384574190200,242384586733000,12.8288,SGACK|transport-1626|C|S|1|09:35|31173|1,[],,S,True,09:35,31173,1,1626
transport-1627,E,242384587478000,242384587810200,242384596627000,9.149,SGACK|transport-1627|E|A|1|09:35|31184|1,[],,A,True,09:35,31184,1,1627
transport-1628,K,242384610591700,242384610846200,242384613800200,3.2085,SGACK|transport-1628|K|S|1|09:35|31200|1,[],,S,True,09:35,31200,1,1628
transport-1629,A,242384614322800,242384614580900,242384623655100,9.3323,SGACK|transport-1629|A|A|1|09:35|31211|1,[],,A,True,09:35,31211,1,1629
transport-1630,T,242384637213700,242384637616200,242384640779600,3.5659,SGACK|transport-1630|T|S|1|09:35|31226|1,[],,S,True,09:35,31226,1,1630
transport-1631,S,242384641376100,242384641655600,242384654180600,12.8045,SGACK|transport-1631|S|S|1|09:35|31241|1,[],,S,True,09:35,31241,1,1631
transport-1632,P,242384654946100,242384655296000,242384667924400,12.9783,SGACK|transport-1632|P|S|1|09:35|31255|1,[],,S,True,09:35,31255,1,1632
transport-1633,C,242384668596300,242384668874900,242384680965900,12.3696,SGACK|transport-1633|C|S|1|09:35|31267|1,[],,S,True,09:35,31267,1,1633
transport-1634,E,242384681718300,242384682010100,242384690575500,8.8572,SGACK|transport-1634|E|A|1|09:35|31278|1,[],,A,True,09:35,31278,1,1634
transport-1635,K,242384703789400,242384704111000,242384706457700,2.6683,SGACK|transport-1635|K|S|1|09:35|31294|1,[],,S,True,09:35,31294,1,1635
transport-1636,A,242384706718800,242384706859900,242384715701500,8.9827,SGACK|transport-1636|A|A|1|09:35|31303|1,[],,A,True,09:35,31303,1,1636
transport-1637,T,242384728932800,242384729213000,242384731511700,2.5789,SGACK|transport-1637|T|S|1|09:35|31318|1,[],,S,True,09:35,31318,1,1637
transport-1638,S,242384732024400,242384732302800,242384745422100,13.3977,SGACK|transport-1638|S|S|1|09:35|31332|1,[],,S,True,09:35,31332,1,1638
transport-1639,P,242384745870600,242384746052900,242384759263400,13.3928,SGACK|transport-1639|P|S|1|09:35|31346|1,[],,S,True,09:35,31346,1,1639
transport-1640,C,242384760037900,242384760258300,242384772551800,12.5139,SGACK|transport-1640|C|S|1|09:35|31359|1,[],,S,True,09:35,31359,1,1640
transport-1641,E,242384773111200,242384773388500,242384782836900,9.7257,SGACK|transport-1641|E|A|1|09:35|31370|1,[],,A,True,09:35,31370,1,1641
transport-1642,K,242384796776400,242384797153000,242384799163700,2.3873,SGACK|transport-1642|K|S|1|09:35|31387|1,[],,S,True,09:35,31387,1,1642
transport-1643,A,242384799369000,242384799583400,242384808567200,9.1982,SGACK|transport-1643|A|A|1|09:35|31396|1,[],,A,True,09:35,31396,1,1643
transport-1644,T,242384822628400,242384823306300,242384825556900,2.9285,SGACK|transport-1644|T|S|1|09:35|31412|1,[],,S,True,09:35,31412,1,1644
transport-1645,S,242384826075900,242384826377400,242384839010300,12.9344,SGACK|transport-1645|S|S|1|09:35|31426|1,[],,S,True,09:35,31426,1,1645
transport-1646,P,242384839647500,242384839931500,242384851826300,12.1788,SGACK|transport-1646|P|S|1|09:35|31439|1,[],,S,True,09:35,31439,1,1646
transport-1647,C,242384852701500,242384853078300,242384865737100,13.0356,SGACK|transport-1647|C|S|1|09:35|31452|1,[],,S,True,09:35,31452,1,1647
transport-1648,E,242384866477700,242384866889700,242384875174400,8.6967,SGACK|transport-1648|E|A|1|09:35|31463|1,[],,A,True,09:35,31463,1,1648
transport-1649,K,242384889177600,242384889544800,242384892694800,3.5172,SGACK|transport-1649|K|S|1|09:35|31479|1,[],,S,True,09:35,31479,1,1649
transport-1650,A,242384893276300,242384893644900,242384901994200,8.7179,SGACK|transport-1650|A|A|1|09:35|31490|1,[],,A,True,09:35,31490,1,1650
transport-1651,T,242384914731000,242384915078100,242384918413700,3.6827,SGACK|transport-1651|T|S|1|09:35|31504|1,[],,S,True,09:35,31504,1,1651
transport-1652,S,242384919057900,242384919364700,242384931541900,12.484,SGACK|transport-1652|S|S|1|09:35|31519|1,[],,S,True,09:35,31519,1,1652
transport-1653,P,242384932066300,242384932433400,242384944630000,12.5637,SGACK|transport-1653|P|S|1|09:35|31532|1,[],,S,True,09:35,31532,1,1653
transport-1654,C,242384945201500,242384945559900,242384957852200,12.6507,SGACK|transport-1654|C|S|1|09:35|31544|1,[],,S,True,09:35,31544,1,1654
transport-1655,E,242384958703800,242384959020300,242384968805800,10.102,SGACK|transport-1655|E|A|1|09:35|31556|1,[],,A,True,09:35,31556,1,1655
transport-1656,K,242384982435300,242384982759100,242384986089600,3.6543,SGACK|transport-1656|K|S|1|09:35|31572|1,[],,S,True,09:35,31572,1,1656
transport-1657,A,242384986615700,242384986980800,242384995521700,8.906,SGACK|transport-1657|A|A|1|09:35|31583|1,[],,A,True,09:35,31583,1,1657
transport-1658,T,242385010795800,242385011426700,242385015037200,4.2414,SGACK|transport-1658|T|S|1|09:35|31600|1,[],,S,True,09:35,31600,1,1658
transport-1659,S,242385015618100,242385016042700,242385028152700,12.5346,SGACK|transport-1659|S|S|1|09:35|31615|1,[],,S,True,09:35,31615,1,1659
transport-1660,P,242385028867100,242385029300900,242385041957500,13.0904,SGACK|transport-1660|P|S|1|09:35|31629|1,[],,S,True,09:35,31629,1,1660
transport-1661,C,242385042728000,242385043134100,242385058222700,15.4947,SGACK|transport-1661|C|S|1|09:35|31642|1,[],,S,True,09:35,31642,1,1661
transport-1662,E,242385059083000,242385059450000,242385068620700,9.5377,SGACK|transport-1662|E|A|1|09:35|31656|1,[],,A,True,09:35,31656,1,1662
transport-1663,K,242385082625400,242385082953700,242385086105200,3.4798,SGACK|transport-1663|K|S|1|09:35|31672|1,[],,S,True,09:35,31672,1,1663
transport-1664,A,242385086715700,242385087038800,242385097220200,10.5045,SGACK|transport-1664|A|A|1|09:35|31684|1,[],,A,True,09:35,31684,1,1664
transport-1665,T,242385111862100,242385112191700,242385115715600,3.8535,SGACK|transport-1665|T|S|1|09:35|31701|1,[],,S,True,09:35,31701,1,1665
transport-1666,S,242385116412100,242385116863800,242385128837900,12.4258,SGACK|transport-1666|S|S|1|09:35|31716|1,[],,S,True,09:35,31716,1,1666
transport-1667,P,242385129343600,242385129579400,242385143173400,13.8298,SGACK|transport-1667|P|S|1|09:35|31729|1,[],,S,True,09:35,31729,1,1667
transport-1668,C,242385143806400,242385144065300,242385157383500,13.5771,SGACK|transport-1668|C|S|1|09:35|31743|1,[],,S,True,09:35,31743,1,1668
transport-1669,E,242385158418300,242385158853200,242385167933800,9.5155,SGACK|transport-1669|E|A|1|09:35|31755|1,[],,A,True,09:35,31755,1,1669
transport-1670,K,242385182347700,242385182589100,242385185050700,2.703,SGACK|transport-1670|K|S|1|09:35|31772|1,[],,S,True,09:35,31772,1,1670
transport-1671,A,242385185403800,242385185652500,242385194479200,9.0754,SGACK|transport-1671|A|A|1|09:35|31782|1,[],,A,True,09:35,31782,1,1671
transport-1672,T,242385209103100,242385209404500,242385212848200,3.7451,SGACK|transport-1672|T|S|1|09:35|31798|1,[],,S,True,09:35,31798,1,1672
transport-1673,S,242385213334100,242385213731300,242385226437400,13.1033,SGACK|transport-1673|S|S|1|09:35|31813|1,[],,S,True,09:35,31813,1,1673
transport-1674,P,242385227120900,242385227589500,242385240206900,13.086,SGACK|transport-1674|P|S|1|09:35|31827|1,[],,S,True,09:35,31827,1,1674
transport-1675,C,242385240922300,242385241321200,242385254485400,13.5631,SGACK|transport-1675|C|S|1|09:35|31840|1,[],,S,True,09:35,31840,1,1675
transport-1676,E,242385255430200,242385255790500,242385264669800,9.2396,SGACK|transport-1676|E|A|1|09:35|31852|1,[],,A,True,09:35,31852,1,1676
transport-1677,K,242385278047400,242385278397200,242385281253700,3.2063,SGACK|transport-1677|K|S|1|09:35|31868|1,[],,S,True,09:35,31868,1,1677
transport-1678,A,242385281720300,242385281924500,242385290336900,8.6166,SGACK|transport-1678|A|A|1|09:35|31878|1,[],,A,True,09:35,31878,1,1678
transport-1679,T,242385303614000,242385303808100,242385305674400,2.0604,SGACK|transport-1679|T|S|1|09:35|31892|1,[],,S,True,09:35,31892,1,1679
transport-1680,S,242385305931800,242385306070200,242385318111700,12.1799,SGACK|transport-1680|S|S|1|09:35|31906|1,[],,S,True,09:35,31906,1,1680
transport-1681,P,242385318401800,242385318559400,242385330004300,11.6025,SGACK|transport-1681|P|S|1|09:35|31918|1,[],,S,True,09:35,31918,1,1681
transport-1682,C,242385330309200,242385330428100,242385342083500,11.7743,SGACK|transport-1682|C|S|1|09:35|31929|1,[],,S,True,09:35,31929,1,1682
transport-1683,E,242385342496200,242385342663000,242385351827900,9.3317,SGACK|transport-1683|E|A|1|09:35|31939|1,[],,A,True,09:35,31939,1,1683
transport-1684,K,242385366101900,242385366805900,242385370383400,4.2815,SGACK|transport-1684|K|S|1|09:35|31956|1,[],,S,True,09:35,31956,1,1684
transport-1685,A,242385370918600,242385371228500,242385380610700,9.6921,SGACK|transport-1685|A|A|1|09:35|31968|1,[],,A,True,09:35,31968,1,1685
transport-1686,T,242385395412200,242385395702900,242385399727700,4.3155,SGACK|transport-1686|T|S|1|09:35|31984|1,[],,S,True,09:35,31984,1,1686
transport-1687,S,242385400223600,242385400582300,242385413367800,13.1442,SGACK|transport-1687|S|S|1|09:35|32000|1,[],,S,True,09:35,32000,1,1687
transport-1688,P,242385414188700,242385414762000,242385427597000,13.4083,SGACK|transport-1688|P|S|1|09:35|32014|1,[],,S,True,09:35,32014,1,1688
transport-1689,C,242385428787200,242385429346700,242385442358000,13.5708,SGACK|transport-1689|C|S|1|09:35|32028|1,[],,S,True,09:35,32028,1,1689
transport-1690,E,242385443276900,242385443845100,242385453131800,9.8549,SGACK|transport-1690|E|A|1|09:35|32040|1,[],,A,True,09:35,32040,1,1690
transport-1691,K,242385467898600,242385468362900,242385471722300,3.8237,SGACK|transport-1691|K|S|1|09:35|32058|1,[],,S,True,09:35,32058,1,1691
transport-1692,A,242385472257200,242385472610700,242385485189100,12.9319,SGACK|transport-1692|A|A|1|09:35|32072|1,[],,A,True,09:35,32072,1,1692
transport-1693,T,242385499742700,242385500281400,242385503820300,4.0776,SGACK|transport-1693|T|S|1|09:35|32089|1,[],,S,True,09:35,32089,1,1693
transport-1694,S,242385504318000,242385504694900,242385517618100,13.3001,SGACK|transport-1694|S|S|1|09:35|32104|1,[],,S,True,09:35,32104,1,1694
transport-1695,P,242385518646100,242385519118900,242385532574600,13.9285,SGACK|transport-1695|P|S|1|09:35|32119|1,[],,S,True,09:35,32119,1,1695
transport-1696,C,242385533296000,242385533654300,242385546129600,12.8336,SGACK|transport-1696|C|S|1|09:35|32132|1,[],,S,True,09:35,32132,1,1696
transport-1697,E,242385546844200,242385547305000,242385556471100,9.6269,SGACK|transport-1697|E|A|1|09:35|32144|1,[],,A,True,09:35,32144,1,1697
transport-1698,K,242385570470000,242385570767800,242385573939000,3.469,SGACK|transport-1698|K|S|1|09:35|32160|1,[],,S,True,09:35,32160,1,1698
transport-1699,A,242385574391500,242385574625000,242385583502800,9.1113,SGACK|transport-1699|A|A|1|09:35|32171|1,[],,A,True,09:35,32171,1,1699
transport-1700,T,242385597987900,242385598390800,242385601379300,3.3914,SGACK|transport-1700|T|S|1|09:35|32187|1,[],,S,True,09:35,32187,1,1700
transport-1701,S,242385601920800,242385602339500,242385615763300,13.8425,SGACK|transport-1701|S|S|1|09:35|32202|1,[],,S,True,09:35,32202,1,1701
transport-1702,P,242385616772900,242385617266000,242385630667000,13.8941,SGACK|transport-1702|P|S|1|09:35|32217|1,[],,S,True,09:35,32217,1,1702
transport-1703,C,242385631771600,242385632290000,242385645597400,13.8258,SGACK|transport-1703|C|S|1|09:35|32231|1,[],,S,True,09:35,32231,1,1703
transport-1704,E,242385646600900,242385646988600,242385656698100,10.0972,SGACK|transport-1704|E|A|1|09:35|32243|1,[],,A,True,09:35,32243,1,1704
transport-1705,K,242385671796800,242385672130200,242385675067800,3.271,SGACK|transport-1705|K|S|1|09:35|32262|1,[],,S,True,09:35,32262,1,1705
transport-1706,A,242385675472400,242385675757800,242385684571200,9.0988,SGACK|transport-1706|A|A|1|09:35|32272|1,[],,A,True,09:35,32272,1,1706
transport-1707,T,242385698949600,242385699507800,242385703418400,4.4688,SGACK|transport-1707|T|S|1|09:35|32288|1,[],,S,True,09:35,32288,1,1707
transport-1708,S,242385704056800,242385704379300,242385716854100,12.7973,SGACK|transport-1708|S|S|1|09:35|32304|1,[],,S,True,09:35,32304,1,1708
transport-1709,P,242385717236200,242385717439900,242385729908800,12.6726,SGACK|transport-1709|P|S|1|09:35|32317|1,[],,S,True,09:35,32317,1,1709
transport-1710,C,242385730485900,242385730755100,242385742585700,12.0998,SGACK|transport-1710|C|S|1|09:35|32329|1,[],,S,True,09:35,32329,1,1710
transport-1711,E,242385743129300,242385743379900,242385752391400,9.2621,SGACK|transport-1711|E|A|1|09:35|32340|1,[],,A,True,09:35,32340,1,1711
transport-1712,K,242385765622400,242385765856000,242385768234500,2.6121,SGACK|transport-1712|K|S|1|09:35|32355|1,[],,S,True,09:35,32355,1,1712
transport-1713,A,242385768922300,242385769135500,242385778509500,9.5872,SGACK|transport-1713|A|A|1|09:35|32366|1,[],,A,True,09:35,32366,1,1713
transport-1714,T,242385791491900,242385791653700,242385794210600,2.7187,SGACK|transport-1714|T|S|1|09:35|32380|1,[],,S,True,09:35,32380,1,1714
transport-1715,S,242385794508000,242385794729200,242385806812500,12.3045,SGACK|transport-1715|S|S|1|09:35|32394|1,[],,S,True,09:35,32394,1,1715
transport-1716,P,242385807251000,242385807564900,242385819719100,12.4681,SGACK|transport-1716|P|S|1|09:35|32407|1,[],,S,True,09:35,32407,1,1716
transport-1717,C,242385820233700,242385820526300,242385833695900,13.4622,SGACK|transport-1717|C|S|1|09:35|32419|1,[],,S,True,09:35,32419,1,1717
transport-1718,E,242385834551200,242385834877100,242385843757000,9.2058,SGACK|transport-1718|E|A|1|09:35|32431|1,[],,A,True,09:35,32431,1,1718
transport-1719,K,242385857911000,242385858407700,242385861918400,4.0074,SGACK|transport-1719|K|S|1|09:35|32448|1,[],,S,True,09:35,32448,1,1719
transport-1720,A,242385862411300,242385862688400,242385871372400,8.9611,SGACK|transport-1720|A|A|1|09:35|32459|1,[],,A,True,09:35,32459,1,1720
transport-1721,T,242385885831400,242385886214700,242385889672500,3.8411,SGACK|transport-1721|T|S|1|09:35|32475|1,[],,S,True,09:35,32475,1,1721
transport-1722,S,242385890217300,242385890544500,242385903538400,13.3211,SGACK|transport-1722|S|S|1|09:35|32490|1,[],,S,True,09:35,32490,1,1722
transport-1723,P,242385904234500,242385904577500,242385917589800,13.3553,SGACK|transport-1723|P|S|1|09:35|32504|1,[],,S,True,09:35,32504,1,1723
transport-1724,C,242385918093300,242385918428500,242385930710700,12.6174,SGACK|transport-1724|C|S|1|09:35|32517|1,[],,S,True,09:35,32517,1,1724
transport-1725,E,242385931468600,242385931775300,242385941056900,9.5883,SGACK|transport-1725|E|A|1|09:35|32528|1,[],,A,True,09:35,32528,1,1725
transport-1726,K,242385956014800,242385956440800,242385960023500,4.0087,SGACK|transport-1726|K|S|1|09:35|32546|1,[],,S,True,09:35,32546,1,1726
transport-1727,A,242385960512300,242385960878100,242385969828900,9.3166,SGACK|transport-1727|A|A|1|09:35|32557|1,[],,A,True,09:35,32557,1,1727
transport-1728,T,242385984064600,242385984459000,242385988947500,4.8829,SGACK|transport-1728|T|S|1|09:35|32573|1,[],,S,True,09:35,32573,1,1728
transport-1729,S,242385989564700,242385989957400,242386002455700,12.891,SGACK|transport-1729|S|S|1|09:35|32589|1,[],,S,True,09:35,32589,1,1729
transport-1730,P,242386003332200,242386003849700,242386015636400,12.3042,SGACK|transport-1730|P|S|1|09:35|32603|1,[],,S,True,09:35,32603,1,1730
transport-1731,C,242386016298600,242386016543900,242386028571600,12.273,SGACK|transport-1731|C|S|1|09:35|32615|1,[],,S,True,09:35,32615,1,1731
transport-1732,E,242386029305700,242386029573300,242386038578100,9.2724,SGACK|transport-1732|E|A|1|09:35|32626|1,[],,A,True,09:35,32626,1,1732
transport-1733,K,242386052350000,242386052722500,242386054986500,2.6365,SGACK|transport-1733|K|S|1|09:35|32642|1,[],,S,True,09:35,32642,1,1733
transport-1734,A,242386055369800,242386055573200,242386064397100,9.0273,SGACK|transport-1734|A|A|1|09:35|32652|1,[],,A,True,09:35,32652,1,1734
transport-1735,T,242386077771300,242386078047400,242386080789700,3.0184,SGACK|transport-1735|T|S|1|09:35|32667|1,[],,S,True,09:35,32667,1,1735
transport-1736,S,242386081296300,242386081613400,242386093850900,12.5546,SGACK|transport-1736|S|S|1|09:35|32681|1,[],,S,True,09:35,32681,1,1736
transport-1737,P,242386094364100,242386094578700,242386106668600,12.3045,SGACK|transport-1737|P|S|1|09:35|32694|1,[],,S,True,09:35,32694,1,1737
transport-1738,C,242386107236900,242386107498500,242386119713000,12.4761,SGACK|transport-1738|C|S|1|09:35|32706|1,[],,S,True,09:35,32706,1,1738
transport-1739,E,242386120472400,242386120835600,242386130607100,10.1347,SGACK|transport-1739|E|A|1|09:35|32717|1,[],,A,True,09:35,32717,1,1739
transport-1740,K,242386144929900,242386145416200,242386148538000,3.6081,SGACK|transport-1740|K|S|1|09:35|32735|1,[],,S,True,09:35,32735,1,1740
transport-1741,A,242386149042100,242386149341900,242386158937000,9.8949,SGACK|transport-1741|A|A|1|09:35|32746|1,[],,A,True,09:35,32746,1,1741
transport-1742,T,242386172834000,242386173438200,242386177299000,4.465,SGACK|transport-1742|T|S|1|09:35|32762|1,[],,S,True,09:35,32762,1,1742
transport-1743,S,242386177938600,242386178485200,242386191524200,13.5856,SGACK|transport-1743|S|S|1|09:35|32778|1,[],,S,True,09:35,32778,1,1743
transport-1744,P,242386192403700,242386192786600,242386205355600,12.9519,SGACK|transport-1744|P|S|1|09:35|32792|1,[],,S,True,09:35,32792,1,1744
transport-1745,C,242386206288700,242386206773700,242386219041900,12.7532,SGACK|transport-1745|C|S|1|09:35|32805|1,[],,S,True,09:35,32805,1,1745
transport-1746,E,242386219824100,242386220165200,242386229770500,9.9464,SGACK|transport-1746|E|A|1|09:35|32817|1,[],,A,True,09:35,32817,1,1746
transport-1747,K,242386243357800,242386243774800,242386247181800,3.824,SGACK|transport-1747|K|S|1|09:35|32833|1,[],,S,True,09:35,32833,1,1747
transport-1748,A,242386247681400,242386247999000,242386257327100,9.6457,SGACK|transport-1748|A|A|1|09:35|32845|1,[],,A,True,09:35,32845,1,1748
transport-1749,T,242386272067700,242386272490400,242386276221500,4.1538,SGACK|transport-1749|T|S|1|09:35|32861|1,[],,S,True,09:35,32861,1,1749
transport-1750,S,242386276792200,242386277141500,242386290382800,13.5906,SGACK|transport-1750|S|S|1|09:35|32877|1,[],,S,True,09:35,32877,1,1750
transport-1751,P,242386291098300,242386291531900,242386304402300,13.304,SGACK|transport-1751|P|S|1|09:35|32891|1,[],,S,True,09:35,32891,1,1751
transport-1752,C,242386305285700,242386305636200,242386321897700,16.612,SGACK|transport-1752|C|S|1|09:35|32904|1,[],,S,True,09:35,32904,1,1752
transport-1753,E,242386323078900,242386323517400,242386332058100,8.9792,SGACK|transport-1753|E|A|1|09:35|32920|1,[],,A,True,09:35,32920,1,1753
transport-1754,K,242386344473100,242386344802800,242386347146600,2.6735,SGACK|transport-1754|K|S|1|09:35|32934|1,[],,S,True,09:35,32934,1,1754
transport-1755,A,242386347559900,242386347767400,242386356254800,8.6949,SGACK|transport-1755|A|A|1|09:35|32944|1,[],,A,True,09:35,32944,1,1755
transport-1756,T,242386367958800,242386368178700,242386369772800,1.814,SGACK|transport-1756|T|S|1|09:35|32957|1,[],,S,True,09:35,32957,1,1756
transport-1757,S,242386370045400,242386370218300,242386382665400,12.62,SGACK|transport-1757|S|S|1|09:35|32970|1,[],,S,True,09:35,32970,1,1757
transport-1758,P,242386383053500,242386383266900,242386394969800,11.9163,SGACK|transport-1758|P|S|1|09:35|32983|1,[],,S,True,09:35,32983,1,1758
transport-1759,C,242386395278000,242386395424300,242386406811700,11.5337,SGACK|transport-1759|C|S|1|09:35|32994|1,[],,S,True,09:35,32994,1,1759
transport-1760,E,242386407172500,242386407378800,242386415820600,8.6481,SGACK|transport-1760|E|A|1|09:35|33004|1,[],,A,True,09:35,33004,1,1760
transport-1761,K,242386428658800,242386428835800,242386430721900,2.0631,SGACK|transport-1761|K|S|1|09:35|33018|1,[],,S,True,09:35,33018,1,1761
transport-1762,A,242386431182700,242386431437800,242386440210200,9.0275,SGACK|transport-1762|A|A|1|09:35|33028|1,[],,A,True,09:35,33028,1,1762
transport-1763,T,242386454097800,242386454425400,242386457383600,3.2858,SGACK|transport-1763|T|S|1|09:35|33043|1,[],,S,True,09:35,33043,1,1763
transport-1764,S,242386457978900,242386458284800,242386470416700,12.4378,SGACK|transport-1764|S|S|1|09:35|33058|1,[],,S,True,09:35,33058,1,1764
transport-1765,P,242386470896700,242386471265600,242386483680500,12.7838,SGACK|transport-1765|P|S|1|09:35|33071|1,[],,S,True,09:35,33071,1,1765
transport-1766,C,242386484389600,242386484674200,242386496250900,11.8613,SGACK|transport-1766|C|S|1|09:35|33083|1,[],,S,True,09:35,33083,1,1766
transport-1767,E,242386496876600,242386497088800,242386506206300,9.3297,SGACK|transport-1767|E|A|1|09:35|33094|1,[],,A,True,09:35,33094,1,1767
transport-1768,K,242386519729200,242386520030900,242386521643800,1.9146,SGACK|transport-1768|K|S|1|09:35|33110|1,[],,S,True,09:35,33110,1,1768
transport-1769,A,242386521830800,242386522023400,242386531335400,9.5046,SGACK|transport-1769|A|A|1|09:35|33119|1,[],,A,True,09:35,33119,1,1769
transport-1770,T,242386544048200,242386544209300,242386545474200,1.426,SGACK|transport-1770|T|S|1|09:35|33133|1,[],,S,True,09:35,33133,1,1770
transport-1771,S,242386545670300,242386545819900,242386557194600,11.5243,SGACK|transport-1771|S|S|1|09:35|33145|1,[],,S,True,09:35,33145,1,1771
transport-1772,P,242386557530500,242386557794000,242386569498800,11.9683,SGACK|transport-1772|P|S|1|09:35|33157|1,[],,S,True,09:35,33157,1,1772
transport-1773,C,242386570074900,242386570377900,242386582722800,12.6479,SGACK|transport-1773|C|S|1|09:35|33169|1,[],,S,True,09:35,33169,1,1773
transport-1774,E,242386583349400,242386583719800,242386592456800,9.1074,SGACK|transport-1774|E|A|1|09:35|33180|1,[],,A,True,09:35,33180,1,1774
transport-1775,K,242386605549800,242386605859600,242386608643900,3.0941,SGACK|transport-1775|K|S|1|09:35|33195|1,[],,S,True,09:35,33195,1,1775
transport-1776,A,242386609176900,242386609515400,242386618712000,9.5351,SGACK|transport-1776|A|A|1|09:35|33206|1,[],,A,True,09:35,33206,1,1776
transport-1777,T,242386631583900,242386631796700,242386634558300,2.9744,SGACK|transport-1777|T|S|1|09:35|33220|1,[],,S,True,09:35,33220,1,1777
transport-1778,S,242386635142600,242386635493800,242386648749900,13.6073,SGACK|transport-1778|S|S|1|09:35|33235|1,[],,S,True,09:35,33235,1,1778
transport-1779,P,242386650047000,242386650648200,242386663217300,13.1703,SGACK|transport-1779|P|S|1|09:35|33250|1,[],,S,True,09:35,33250,1,1779
transport-1780,C,242386664170200,242386664642700,242386677200500,13.0303,SGACK|transport-1780|C|S|1|09:35|33263|1,[],,S,True,09:35,33263,1,1780
transport-1781,E,242386678089400,242386678624500,242386688260800,10.1714,SGACK|transport-1781|E|A|1|09:35|33275|1,[],,A,True,09:35,33275,1,1781
transport-1782,K,242386703194500,242386703619100,242386707657000,4.4625,SGACK|transport-1782|K|S|1|09:35|33293|1,[],,S,True,09:35,33293,1,1782
transport-1783,A,242386708239500,242386708670400,242386717567600,9.3281,SGACK|transport-1783|A|A|1|09:35|33305|1,[],,A,True,09:35,33305,1,1783
transport-1784,T,242386732005600,242386732516700,242386736600400,4.5948,SGACK|transport-1784|T|S|1|09:35|33321|1,[],,S,True,09:35,33321,1,1784
transport-1785,S,242386737138800,242386737542500,242386750594900,13.4561,SGACK|transport-1785|S|S|1|09:35|33337|1,[],,S,True,09:35,33337,1,1785
transport-1786,P,242386751335500,242386751831900,242386763791900,12.4564,SGACK|transport-1786|P|S|1|09:35|33351|1,[],,S,True,09:35,33351,1,1786
transport-1787,C,242386764345200,242386764592900,242386777069200,12.724,SGACK|transport-1787|C|S|1|09:35|33363|1,[],,S,True,09:35,33363,1,1787
transport-1788,E,242386777988100,242386778492000,242386788086800,10.0987,SGACK|transport-1788|E|A|1|09:35|33375|1,[],,A,True,09:35,33375,1,1788
transport-1789,K,242386803063100,242386803615200,242386807409700,4.3466,SGACK|transport-1789|K|S|1|09:35|33393|1,[],,S,True,09:35,33393,1,1789
transport-1790,A,242386807963600,242386808303900,242386817775900,9.8123,SGACK|transport-1790|A|A|1|09:35|33405|1,[],,A,True,09:35,33405,1,1790
transport-1791,T,242386831633400,242386832040800,242386835873100,4.2397,SGACK|transport-1791|T|S|1|09:35|33421|1,[],,S,True,09:35,33421,1,1791
transport-1792,S,242386836343600,242386836702400,242386849680000,13.3364,SGACK|transport-1792|S|S|1|09:35|33436|1,[],,S,True,09:35,33436,1,1792
transport-1793,P,242386850710100,242386851108900,242386864355500,13.6454,SGACK|transport-1793|P|S|1|09:35|33451|1,[],,S,True,09:35,33451,1,1793
transport-1794,C,242386865225300,242386865600900,242386877936700,12.7114,SGACK|transport-1794|C|S|1|09:35|33464|1,[],,S,True,09:35,33464,1,1794
transport-1795,E,242386878862600,242386879289600,242386888362900,9.5003,SGACK|transport-1795|E|A|1|09:35|33476|1,[],,A,True,09:35,33476,1,1795
transport-1796,K,242386902315400,242386902661800,242386905874100,3.5587,SGACK|transport-1796|K|S|1|09:35|33492|1,[],,S,True,09:35,33492,1,1796
transport-1797,A,242386906389800,242386906623500,242386915733400,9.3436,SGACK|transport-1797|A|A|1|09:35|33503|1,[],,A,True,09:35,33503,1,1797
transport-1798,T,242386930286500,242386930650100,242386933980600,3.6941,SGACK|transport-1798|T|S|1|09:35|33519|1,[],,S,True,09:35,33519,1,1798
transport-1799,S,242386934547700,242386934880200,242386947095400,12.5477,SGACK|transport-1799|S|S|1|09:35|33534|1,[],,S,True,09:35,33534,1,1799
transport-1800,P,242386947704500,242386948046000,242386962100600,14.3961,SGACK|transport-1800|P|S|1|09:35|33548|1,[],,S,True,09:35,33548,1,1800
transport-1801,C,242386963289300,242386963724300,242386976030200,12.7409,SGACK|transport-1801|C|S|1|09:35|33562|1,[],,S,True,09:35,33562,1,1801
transport-1802,E,242386976949200,242386977493800,242386987306800,10.3576,SGACK|transport-1802|E|A|1|09:35|33574|1,[],,A,True,09:35,33574,1,1802
transport-1803,K,242387001651800,242387001999700,242387005344800,3.693,SGACK|transport-1803|K|S|1|09:35|33592|1,[],,S,True,09:35,33592,1,1803
transport-1804,A,242387005852200,242387006271200,242387015652000,9.7998,SGACK|transport-1804|A|A|1|09:35|33603|1,[],,A,True,09:35,33603,1,1804
transport-1805,T,242387029040200,242387029369000,242387032228600,3.1884,SGACK|transport-1805|T|S|1|09:35|33618|1,[],,S,True,09:35,33618,1,1805
transport-1806,S,242387032710400,242387032925600,242387046245300,13.5349,SGACK|transport-1806|S|S|1|09:35|33633|1,[],,S,True,09:35,33633,1,1806
transport-1807,P,242387047067900,242387047562700,242387060024900,12.957,SGACK|transport-1807|P|S|1|09:35|33647|1,[],,S,True,09:35,33647,1,1807
transport-1808,C,242387060874800,242387061144600,242387074191400,13.3166,SGACK|transport-1808|C|S|1|09:35|33660|1,[],,S,True,09:35,33660,1,1808
transport-1809,E,242387075175400,242387075601700,242387084797300,9.6219,SGACK|transport-1809|E|A|1|09:35|33672|1,[],,A,True,09:35,33672,1,1809
transport-1810,K,242387098104400,242387098559800,242387101716000,3.6116,SGACK|transport-1810|K|S|1|09:35|33688|1,[],,S,True,09:35,33688,1,1810
transport-1811,A,242387102189800,242387102576500,242387111585000,9.3952,SGACK|transport-1811|A|A|1|09:35|33699|1,[],,A,True,09:35,33699,1,1811
transport-1812,T,242387126025300,242387126587800,242387131123300,5.098,SGACK|transport-1812|T|S|1|09:35|33715|1,[],,S,True,09:35,33715,1,1812
transport-1813,S,242387131701800,242387132074600,242387146857700,15.1559,SGACK|transport-1813|S|S|1|09:35|33732|1,[],,S,True,09:35,33732,1,1813
transport-1814,P,242387147831200,242387148275700,242387160375500,12.5443,SGACK|transport-1814|P|S|1|09:35|33748|1,[],,S,True,09:35,33748,1,1814
transport-1815,C,242387161036100,242387161429800,242387172721400,11.6853,SGACK|transport-1815|C|S|1|09:35|33760|1,[],,S,True,09:35,33760,1,1815
transport-1816,E,242387173150000,242387173457300,242387183358400,10.2084,SGACK|transport-1816|E|A|1|09:35|33770|1,[],,A,True,09:35,33770,1,1816
transport-1817,K,242387197313300,242387197750300,242387200264800,2.9515,SGACK|transport-1817|K|S|1|09:35|33787|1,[],,S,True,09:35,33787,1,1817
transport-1818,A,242387200699800,242387201144600,242387210005000,9.3052,SGACK|transport-1818|A|A|1|09:35|33798|1,[],,A,True,09:35,33798,1,1818
transport-1819,T,242387222835700,242387223144100,242387225515900,2.6802,SGACK|transport-1819|T|S|1|09:35|33812|1,[],,S,True,09:35,33812,1,1819
transport-1820,S,242387225929100,242387226154800,242387238041100,12.112,SGACK|transport-1820|S|S|1|09:35|33826|1,[],,S,True,09:35,33826,1,1820
transport-1821,P,242387238309900,242387238505600,242387249875900,11.566,SGACK|transport-1821|P|S|1|09:35|33838|1,[],,S,True,09:35,33838,1,1821
transport-1822,C,242387250187100,242387250376300,242387262044800,11.8577,SGACK|transport-1822|C|S|1|09:35|33849|1,[],,S,True,09:35,33849,1,1822
transport-1823,E,242387262445800,242387262647200,242387271202200,8.7564,SGACK|transport-1823|E|A|1|09:35|33859|1,[],,A,True,09:35,33859,1,1823
transport-1824,K,242387283879000,242387284071100,242387286236200,2.3572,SGACK|transport-1824|K|S|1|09:35|33874|1,[],,S,True,09:35,33874,1,1824
transport-1825,A,242387286659700,242387286855700,242387296568500,9.9088,SGACK|transport-1825|A|A|1|09:35|33884|1,[],,A,True,09:35,33884,1,1825
transport-1826,T,242387309982900,242387310211500,242387312693800,2.7109,SGACK|transport-1826|T|S|1|09:35|33899|1,[],,S,True,09:35,33899,1,1826
transport-1827,S,242387313277300,242387313578000,242387325701500,12.4242,SGACK|transport-1827|S|S|1|09:35|33913|1,[],,S,True,09:35,33913,1,1827
transport-1828,P,242387326225300,242387326499300,242387338994100,12.7688,SGACK|transport-1828|P|S|1|09:35|33926|1,[],,S,True,09:35,33926,1,1828
transport-1829,C,242387339521000,242387339756000,242387351118900,11.5979,SGACK|transport-1829|C|S|1|09:35|33938|1,[],,S,True,09:35,33938,1,1829
transport-1830,E,242387351557000,242387351758700,242387359802000,8.245,SGACK|transport-1830|E|A|1|09:35|33948|1,[],,A,True,09:35,33948,1,1830
transport-1831,K,242387372434700,242387372658400,242387374916100,2.4814,SGACK|transport-1831|K|S|1|09:35|33962|1,[],,S,True,09:35,33962,1,1831
transport-1832,A,242387375323600,242387375538600,242387384205900,8.8823,SGACK|transport-1832|A|A|1|09:35|33972|1,[],,A,True,09:35,33972,1,1832
transport-1833,T,242387397501100,242387397701400,242387399852700,2.3516,SGACK|transport-1833|T|S|1|09:35|33986|1,[],,S,True,09:35,33986,1,1833
transport-1834,S,242387400317200,242387400535700,242387412560900,12.2437,SGACK|transport-1834|S|S|1|09:35|34000|1,[],,S,True,09:35,34000,1,1834
transport-1835,P,242387413332400,242387413728300,242387425522600,12.1902,SGACK|transport-1835|P|S|1|09:35|34013|1,[],,S,True,09:35,34013,1,1835
transport-1836,C,242387426016500,242387426369100,242387438116100,12.0996,SGACK|transport-1836|C|S|1|09:35|34025|1,[],,S,True,09:35,34025,1,1836
transport-1837,E,242387438537400,242387438713700,242387447488800,8.9514,SGACK|transport-1837|E|A|1|09:35|34035|1,[],,A,True,09:35,34035,1,1837
transport-1838,K,242387461619200,242387461902400,242387464222800,2.6036,SGACK|transport-1838|K|S|1|09:35|34051|1,[],,S,True,09:35,34051,1,1838
transport-1839,A,242387464599000,242387464799500,242387473450900,8.8519,SGACK|transport-1839|A|A|1|09:35|34061|1,[],,A,True,09:35,34061,1,1839
transport-1840,T,242387489834800,242387490141500,242387493046500,3.2117,SGACK|transport-1840|T|S|1|09:35|34079|1,[],,S,True,09:35,34079,1,1840
transport-1841,S,242387493493900,242387493731000,242387505678600,12.1847,SGACK|transport-1841|S|S|1|09:35|34093|1,[],,S,True,09:35,34093,1,1841
transport-1842,P,242387506251500,242387506538600,242387518380100,12.1286,SGACK|transport-1842|P|S|1|09:35|34106|1,[],,S,True,09:35,34106,1,1842
transport-1843,C,242387518929200,242387519227400,242387531116200,12.187,SGACK|transport-1843|C|S|1|09:35|34118|1,[],,S,True,09:35,34118,1,1843
transport-1844,E,242387531509900,242387531648100,242387540280800,8.7709,SGACK|transport-1844|E|A|1|09:35|34128|1,[],,A,True,09:35,34128,1,1844
transport-1845,K,242387553502300,242387553680400,242387555650000,2.1477,SGACK|transport-1845|K|S|1|09:35|34143|1,[],,S,True,09:35,34143,1,1845
transport-1846,A,242387556082900,242387556289400,242387564824300,8.7414,SGACK|transport-1846|A|A|1|09:35|34153|1,[],,A,True,09:35,34153,1,1846
transport-1847,T,242387577450500,242387577665100,242387579922200,2.4717,SGACK|transport-1847|T|S|1|09:35|34166|1,[],,S,True,09:35,34166,1,1847
transport-1848,S,242387580450700,242387580736200,242387593077800,12.6271,SGACK|transport-1848|S|S|1|09:35|34180|1,[],,S,True,09:35,34180,1,1848
transport-1849,P,242387593641200,242387593879400,242387606371400,12.7302,SGACK|transport-1849|P|S|1|09:35|34194|1,[],,S,True,09:35,34194,1,1849
transport-1850,C,242387607144000,242387607385400,242387619037700,11.8937,SGACK|transport-1850|C|S|1|09:35|34206|1,[],,S,True,09:35,34206,1,1850
transport-1851,E,242387619464500,242387619628700,242387628144800,8.6803,SGACK|transport-1851|E|A|1|09:35|34216|1,[],,A,True,09:35,34216,1,1851
transport-1852,K,242387640838300,242387641114900,242387642799200,1.9609,SGACK|transport-1852|K|S|1|09:35|34231|1,[],,S,True,09:35,34231,1,1852
transport-1853,A,242387643338400,242387643662500,242387652264300,8.9259,SGACK|transport-1853|A|A|1|09:35|34240|1,[],,A,True,09:35,34240,1,1853
transport-1854,T,242387664973200,242387665157900,242387667543000,2.5698,SGACK|transport-1854|T|S|1|09:35|34254|1,[],,S,True,09:35,34254,1,1854
transport-1855,S,242387667910400,242387668143500,242387680655300,12.7449,SGACK|transport-1855|S|S|1|09:35|34268|1,[],,S,True,09:35,34268,1,1855
transport-1856,P,242387681440900,242387681674300,242387693392900,11.952,SGACK|transport-1856|P|S|1|09:35|34281|1,[],,S,True,09:35,34281,1,1856
transport-1857,C,242387693780000,242387693992200,242387705991200,12.2112,SGACK|transport-1857|C|S|1|09:35|34293|1,[],,S,True,09:35,34293,1,1857
transport-1858,E,242387706409400,242387706568600,242387715054000,8.6446,SGACK|transport-1858|E|A|1|09:35|34303|1,[],,A,True,09:35,34303,1,1858
transport-1859,K,242387727081500,242387727212900,242387728563000,1.4815,SGACK|transport-1859|K|S|1|09:35|34317|1,[],,S,True,09:35,34317,1,1859
transport-1860,A,242387728776600,242387728925800,242387737985200,9.2086,SGACK|transport-1860|A|A|1|09:35|34326|1,[],,A,True,09:35,34326,1,1860
transport-1861,T,242387750375400,242387750576700,242387752224600,1.8492,SGACK|transport-1861|T|S|1|09:35|34339|1,[],,S,True,09:35,34339,1,1861
transport-1862,S,242387752632000,242387752813100,242387765565400,12.9334,SGACK|transport-1862|S|S|1|09:35|34353|1,[],,S,True,09:35,34353,1,1862
transport-1863,P,242387766092900,242387766412700,242387778625800,12.5329,SGACK|transport-1863|P|S|1|09:35|34366|1,[],,S,True,09:35,34366,1,1863
transport-1864,C,242387779201200,242387779453600,242387791156000,11.9548,SGACK|transport-1864|C|S|1|09:35|34378|1,[],,S,True,09:35,34378,1,1864
transport-1865,E,242387791721000,242387791888800,242387801047000,9.326,SGACK|transport-1865|E|A|1|09:35|34389|1,[],,A,True,09:35,34389,1,1865
transport-1866,K,242387813676400,242387813905400,242387816364500,2.6881,SGACK|transport-1866|K|S|1|09:35|34404|1,[],,S,True,09:35,34404,1,1866
transport-1867,A,242387816843400,242387817060700,242387826154900,9.3115,SGACK|transport-1867|A|A|1|09:35|34414|1,[],,A,True,09:35,34414,1,1867
transport-1868,T,242387839407800,242387839591600,242387841672600,2.2648,SGACK|transport-1868|T|S|1|09:35|34428|1,[],,S,True,09:35,34428,1,1868
transport-1869,S,242387842141700,242387842343700,242387854677200,12.5355,SGACK|transport-1869|S|S|1|09:35|34442|1,[],,S,True,09:35,34442,1,1869
transport-1870,P,242387855200700,242387855458000,242387867364700,12.164,SGACK|transport-1870|P|S|1|09:35|34455|1,[],,S,True,09:35,34455,1,1870
transport-1871,C,242387867865100,242387868143000,242387880146300,12.2812,SGACK|transport-1871|C|S|1|09:35|34467|1,[],,S,True,09:35,34467,1,1871
transport-1872,E,242387880602500,242387880881500,242387889226300,8.6238,SGACK|transport-1872|E|A|1|09:35|34477|1,[],,A,True,09:35,34477,1,1872
transport-1873,K,242387903285600,242387903457900,242387904916400,1.6308,SGACK|transport-1873|K|S|1|09:35|34493|1,[],,S,True,09:35,34493,1,1873
transport-1874,A,242387905444700,242387905627800,242387914250500,8.8058,SGACK|transport-1874|A|A|1|09:35|34502|1,[],,A,True,09:35,34502,1,1874
transport-1875,T,242387927343900,242387927540900,242387929844100,2.5002,SGACK|transport-1875|T|S|1|09:35|34516|1,[],,S,True,09:35,34516,1,1875
transport-1876,S,242387930308300,242387930555300,242387942512700,12.2044,SGACK|transport-1876|S|S|1|09:35|34530|1,[],,S,True,09:35,34530,1,1876
transport-1877,P,242387943003700,242387943458600,242387955351700,12.348,SGACK|transport-1877|P|S|1|09:35|34543|1,[],,S,True,09:35,34543,1,1877
transport-1878,C,242387955792800,242387955996700,242387968063100,12.2703,SGACK|transport-1878|C|S|1|09:35|34555|1,[],,S,True,09:35,34555,1,1878
transport-1879,E,242387968446700,242387968632700,242387977358800,8.9121,SGACK|transport-1879|E|A|1|09:35|34565|1,[],,A,True,09:35,34565,1,1879
transport-1880,K,242387990487300,242387990712600,242387992834700,2.3474,SGACK|transport-1880|K|S|1|09:35|34580|1,[],,S,True,09:35,34580,1,1880
transport-1881,A,242387993260300,242387993445100,242388002079500,8.8192,SGACK|transport-1881|A|A|1|09:35|34590|1,[],,A,True,09:35,34590,1,1881
transport-1882,T,242388014104900,242388014320300,242388016544200,2.4393,SGACK|transport-1882|T|S|1|09:35|34603|1,[],,S,True,09:35,34603,1,1882
transport-1883,S,242388017038000,242388017257300,242388029804800,12.7668,SGACK|transport-1883|S|S|1|09:35|34617|1,[],,S,True,09:35,34617,1,1883
transport-1884,P,242388030335300,242388030602500,242388042299000,11.9637,SGACK|transport-1884|P|S|1|09:35|34630|1,[],,S,True,09:35,34630,1,1884
transport-1885,C,242388042794300,242388043001600,242388055064000,12.2697,SGACK|transport-1885|C|S|1|09:35|34642|1,[],,S,True,09:35,34642,1,1885
transport-1886,E,242388055476600,242388055653500,242388063965800,8.4892,SGACK|transport-1886|E|A|1|09:35|34652|1,[],,A,True,09:35,34652,1,1886
transport-1887,K,242388076468900,242388076676800,242388078537900,2.069,SGACK|transport-1887|K|S|1|09:35|34666|1,[],,S,True,09:35,34666,1,1887
transport-1888,A,242388078848200,242388079056500,242388088124700,9.2765,SGACK|transport-1888|A|A|1|09:35|34676|1,[],,A,True,09:35,34676,1,1888
transport-1889,T,242388101699000,242388102067600,242388104364000,2.665,SGACK|transport-1889|T|S|1|09:35|34691|1,[],,S,True,09:35,34691,1,1889
transport-1890,S,242388104743000,242388105034200,242388117483300,12.7403,SGACK|transport-1890|S|S|1|09:35|34705|1,[],,S,True,09:35,34705,1,1890
transport-1891,P,242388117874900,242388118082300,242388130452000,12.5771,SGACK|transport-1891|P|S|1|09:35|34718|1,[],,S,True,09:35,34718,1,1891
transport-1892,C,242388135323100,242388135578300,242388146749300,11.4262,SGACK|transport-1892|C|S|1|09:35|34734|1,[],,S,True,09:35,34734,1,1892
transport-1893,E,242388147049000,242388147164600,242388156519800,9.4708,SGACK|transport-1893|E|A|1|09:35|34744|1,[],,A,True,09:35,34744,1,1893
transport-1894,K,242388169574000,242388169758400,242388171826000,2.252,SGACK|transport-1894|K|S|1|09:35|34759|1,[],,S,True,09:35,34759,1,1894
transport-1895,A,242388172172500,242388172348700,242388181280000,9.1075,SGACK|transport-1895|A|A|1|09:35|34769|1,[],,A,True,09:35,34769,1,1895
transport-1896,T,242388195689700,242388196136500,242388198665000,2.9753,SGACK|transport-1896|T|S|1|09:35|34785|1,[],,S,True,09:35,34785,1,1896
transport-1897,S,242388199154100,242388199400100,242388212747000,13.5929,SGACK|transport-1897|S|S|1|09:35|34799|1,[],,S,True,09:35,34799,1,1897
transport-1898,P,242388213247100,242388213480400,242388225846100,12.599,SGACK|transport-1898|P|S|1|09:35|34813|1,[],,S,True,09:35,34813,1,1898
transport-1899,C,242388226415800,242388226764700,242388239064800,12.649,SGACK|transport-1899|C|S|1|09:35|34825|1,[],,S,True,09:35,34825,1,1899
transport-1900,E,242388239619700,242388240133400,242388250943600,11.3239,SGACK|transport-1900|E|A|1|09:35|34837|1,[],,A,True,09:35,34837,1,1900
transport-1901,K,242388266989600,242388267487600,242388271878100,4.8885,SGACK|transport-1901|K|S|1|09:35|34857|1,[],,S,True,09:35,34857,1,1901
transport-1902,A,242388272551900,242388272925300,242388283501900,10.95,SGACK|transport-1902|A|A|1|09:35|34870|1,[],,A,True,09:35,34870,1,1902
transport-1903,T,242388298437900,242388298912500,242388302646300,4.2084,SGACK|transport-1903|T|S|1|09:35|34887|1,[],,S,True,09:35,34887,1,1903
transport-1904,S,242388303173200,242388303416000,242388317340600,14.1674,SGACK|transport-1904|S|S|1|09:35|34903|1,[],,S,True,09:35,34903,1,1904
transport-1905,P,242388318738800,242388319205900,242388332526600,13.7878,SGACK|transport-1905|P|S|1|09:35|34919|1,[],,S,True,09:35,34919,1,1905
transport-1906,C,242388333327200,242388333786800,242388347507300,14.1801,SGACK|transport-1906|C|S|1|09:35|34932|1,[],,S,True,09:35,34932,1,1906
transport-1907,E,242388348363700,242388348784900,242388358802000,10.4383,SGACK|transport-1907|E|A|1|09:35|34945|1,[],,A,True,09:35,34945,1,1907
transport-1908,K,242388374760400,242388375208600,242388378595600,3.8352,SGACK|transport-1908|K|S|1|09:35|34965|1,[],,S,True,09:35,34965,1,1908
transport-1909,A,242388379086500,242388379389800,242388390021100,10.9346,SGACK|transport-1909|A|A|1|09:35|34976|1,[],,A,True,09:35,34976,1,1909
transport-1910,T,242388405632400,242388406143500,242388410175000,4.5426,SGACK|transport-1910|T|S|1|09:35|34995|1,[],,S,True,09:35,34995,1,1910
transport-1911,S,242388410950600,242388411394900,242388425098600,14.148,SGACK|transport-1911|S|S|1|09:35|35011|1,[],,S,True,09:35,35011,1,1911
transport-1912,P,242388426087900,242388426609200,242388442183700,16.0958,SGACK|transport-1912|P|S|1|09:35|35026|1,[],,S,True,09:35,35026,1,1912
transport-1913,C,242388443485500,242388443908900,242388455760900,12.2754,SGACK|transport-1913|C|S|1|09:35|35043|1,[],,S,True,09:35,35043,1,1913
transport-1914,E,242388456138100,242388456263000,242388465173100,9.035,SGACK|transport-1914|E|A|1|09:35|35053|1,[],,A,True,09:35,35053,1,1914
transport-1915,K,242388478476200,242388478707800,242388481291700,2.8155,SGACK|transport-1915|K|S|1|09:35|35068|1,[],,S,True,09:35,35068,1,1915
transport-1916,A,242388481704200,242388481932200,242388492183100,10.4789,SGACK|transport-1916|A|A|1|09:35|35079|1,[],,A,True,09:35,35079,1,1916
transport-1917,T,242388506559100,242388506872900,242388511229700,4.6706,SGACK|transport-1917|T|S|1|09:35|35095|1,[],,S,True,09:35,35095,1,1917
transport-1918,S,242388511967400,242388512559100,242388526655900,14.6885,SGACK|transport-1918|S|S|1|09:35|35112|1,[],,S,True,09:35,35112,1,1918
transport-1919,P,242388527810600,242388528338200,242388541082600,13.272,SGACK|transport-1919|P|S|1|09:35|35128|1,[],,S,True,09:35,35128,1,1919
transport-1920,C,242388541710100,242388541992800,242388554260100,12.55,SGACK|transport-1920|C|S|1|09:35|35141|1,[],,S,True,09:35,35141,1,1920
transport-1921,E,242388555027300,242388555298900,242388563795000,8.7677,SGACK|transport-1921|E|A|1|09:35|35152|1,[],,A,True,09:35,35152,1,1921
transport-1922,K,242388576227400,242388576414400,242388578616300,2.3889,SGACK|transport-1922|K|S|1|09:35|35166|1,[],,S,True,09:35,35166,1,1922
transport-1923,A,242388578930100,242388579266600,242388588187000,9.2569,SGACK|transport-1923|A|A|1|09:35|35176|1,[],,A,True,09:35,35176,1,1923
transport-1924,T,242388600638000,242388601271500,242388603496000,2.858,SGACK|transport-1924|T|S|1|09:35|35190|1,[],,S,True,09:35,35190,1,1924
transport-1925,S,242388603822300,242388604157300,242388616871200,13.0489,SGACK|transport-1925|S|S|1|09:35|35204|1,[],,S,True,09:35,35204,1,1925
transport-1926,P,242388617361100,242388617971500,242388630743200,13.3821,SGACK|transport-1926|P|S|1|09:35|35218|1,[],,S,True,09:35,35218,1,1926
transport-1927,C,242388631559400,242388631976200,242388646000200,14.4408,SGACK|transport-1927|C|S|1|09:35|35231|1,[],,S,True,09:35,35231,1,1927
transport-1928,E,242388646992300,242388647519100,242388656833200,9.8409,SGACK|transport-1928|E|A|1|09:35|35244|1,[],,A,True,09:35,35244,1,1928
transport-1929,K,242388670696300,242388671233300,242388674240900,3.5446,SGACK|transport-1929|K|S|1|09:35|35261|1,[],,S,True,09:35,35261,1,1929
transport-1930,A,242388674886700,242388675113400,242388684253300,9.3666,SGACK|transport-1930|A|A|1|09:35|35272|1,[],,A,True,09:35,35272,1,1930
transport-1931,T,242388698653200,242388698938800,242388701437100,2.7839,SGACK|transport-1931|T|S|1|09:35|35288|1,[],,S,True,09:35,35288,1,1931
transport-1932,S,242388701940800,242388702243000,242388714854000,12.9132,SGACK|transport-1932|S|S|1|09:35|35302|1,[],,S,True,09:35,35302,1,1932
transport-1933,P,242388715429500,242388715736300,242388727693000,12.2635,SGACK|transport-1933|P|S|1|09:35|35315|1,[],,S,True,09:35,35315,1,1933
transport-1934,C,242388728315700,242388728688400,242388740388600,12.0729,SGACK|transport-1934|C|S|1|09:35|35327|1,[],,S,True,09:35,35327,1,1934
transport-1935,E,242388741007100,242388741235300,242388750170200,9.1631,SGACK|transport-1935|E|A|1|09:35|35338|1,[],,A,True,09:35,35338,1,1935
transport-1936,K,242388763300400,242388763649300,242388767272300,3.9719,SGACK|transport-1936|K|S|1|09:35|35353|1,[],,S,True,09:35,35353,1,1936
transport-1937,A,242388767867500,242388768188800,242388777766800,9.8993,SGACK|transport-1937|A|A|1|09:35|35365|1,[],,A,True,09:35,35365,1,1937
transport-1938,T,242388791958700,242388792305400,242388795331600,3.3729,SGACK|transport-1938|T|S|1|09:35|35381|1,[],,S,True,09:35,35381,1,1938
transport-1939,S,242388795794900,242388796030700,242388809601000,13.8061,SGACK|transport-1939|S|S|1|09:35|35396|1,[],,S,True,09:35,35396,1,1939
transport-1940,P,242388810571900,242388811114500,242388824456800,13.8849,SGACK|transport-1940|P|S|1|09:35|35411|1,[],,S,True,09:35,35411,1,1940
transport-1941,C,242388825522800,242388825889900,242388837976200,12.4534,SGACK|transport-1941|C|S|1|09:35|35424|1,[],,S,True,09:35,35424,1,1941
transport-1942,E,242388838661600,242388838954100,242388848558100,9.8965,SGACK|transport-1942|E|A|1|09:35|35436|1,[],,A,True,09:35,35436,1,1942
transport-1943,K,242388862063200,242388862339700,242388864633700,2.5705,SGACK|transport-1943|K|S|1|09:35|35452|1,[],,S,True,09:35,35452,1,1943
transport-1944,A,242388865006400,242388865201600,242388874594800,9.5884,SGACK|transport-1944|A|A|1|09:35|35462|1,[],,A,True,09:35,35462,1,1944
transport-1945,T,242388889086200,242388889357900,242388892342800,3.2566,SGACK|transport-1945|T|S|1|09:35|35478|1,[],,S,True,09:35,35478,1,1945
transport-1946,S,242388892724500,242388892918100,242388906659000,13.9345,SGACK|transport-1946|S|S|1|09:35|35493|1,[],,S,True,09:35,35493,1,1946
transport-1947,P,242388907604400,242388907974500,242388920988200,13.3838,SGACK|transport-1947|P|S|1|09:35|35508|1,[],,S,True,09:35,35508,1,1947
transport-1948,C,242388921714700,242388922050600,242388934917600,13.2029,SGACK|transport-1948|C|S|1|09:35|35521|1,[],,S,True,09:35,35521,1,1948
transport-1949,E,242388935643500,242388935965000,242388945500000,9.8565,SGACK|transport-1949|E|A|1|09:35|35533|1,[],,A,True,09:35,35533,1,1949
transport-1950,K,242388958940200,242388959202200,242388961911800,2.9716,SGACK|transport-1950|K|S|1|09:35|35549|1,[],,S,True,09:35,35549,1,1950
transport-1951,A,242388962276100,242388962487700,242388972042700,9.7666,SGACK|transport-1951|A|A|1|09:35|35559|1,[],,A,True,09:35,35559,1,1951
transport-1952,T,242388986030300,242388986271500,242388989626600,3.5963,SGACK|transport-1952|T|S|1|09:35|35575|1,[],,S,True,09:35,35575,1,1952
transport-1953,S,242388990233600,242388990488100,242389003570000,13.3364,SGACK|transport-1953|S|S|1|09:35|35590|1,[],,S,True,09:35,35590,1,1953
transport-1954,P,242389004245800,242389005201900,242389017909000,13.6632,SGACK|transport-1954|P|S|1|09:35|35604|1,[],,S,True,09:35,35604,1,1954
transport-1955,C,242389018913400,242389019155300,242389032866800,13.9534,SGACK|transport-1955|C|S|1|09:35|35618|1,[],,S,True,09:35,35618,1,1955
transport-1956,E,242389033589000,242389033902000,242389044287100,10.6981,SGACK|transport-1956|E|A|1|09:35|35631|1,[],,A,True,09:35,35631,1,1956
transport-1957,K,242389058556000,242389058860500,242389062879500,4.3235,SGACK|transport-1957|K|S|1|09:35|35649|1,[],,S,True,09:35,35649,1,1957
transport-1958,A,242389063669500,242389064065700,242389074423800,10.7543,SGACK|transport-1958|A|A|1|09:35|35661|1,[],,A,True,09:35,35661,1,1958
transport-1959,T,242389088564900,242389088861300,242389091936800,3.3719,SGACK|transport-1959|T|S|1|09:35|35678|1,[],,S,True,09:35,35678,1,1959
transport-1960,S,242389092386200,242389092671400,242389105088200,12.702,SGACK|transport-1960|S|S|1|09:35|35692|1,[],,S,True,09:35,35692,1,1960
transport-1961,P,242389105597500,242389105855300,242389119098800,13.5013,SGACK|transport-1961|P|S|1|09:35|35706|1,[],,S,True,09:35,35706,1,1961
transport-1962,C,242389119423500,242389119646100,242389132167300,12.7438,SGACK|transport-1962|C|S|1|09:35|35718|1,[],,S,True,09:35,35718,1,1962
transport-1963,E,242389132714500,242389132948400,242389143260700,10.5462,SGACK|transport-1963|E|A|1|09:35|35730|1,[],,A,True,09:35,35730,1,1963
transport-1964,K,242389157663700,242389157974500,242389160895700,3.232,SGACK|transport-1964|K|S|1|09:35|35748|1,[],,S,True,09:35,35748,1,1964
transport-1965,A,242389161324200,242389161619800,242389170277500,8.9533,SGACK|transport-1965|A|A|1|09:35|35758|1,[],,A,True,09:35,35758,1,1965
transport-1966,T,242389185159900,242389185416900,242389188241100,3.0812,SGACK|transport-1966|T|S|1|09:35|35774|1,[],,S,True,09:35,35774,1,1966
transport-1967,S,242389188756500,242389189188100,242389202078800,13.3223,SGACK|transport-1967|S|S|1|09:35|35789|1,[],,S,True,09:35,35789,1,1967
transport-1968,P,242389202868100,242389203188200,242389216501800,13.6337,SGACK|transport-1968|P|S|1|09:35|35803|1,[],,S,True,09:35,35803,1,1968
transport-1969,C,242389217616800,242389217888300,242389230300500,12.6837,SGACK|transport-1969|C|S|1|09:35|35817|1,[],,S,True,09:35,35817,1,1969
transport-1970,E,242389230922600,242389231162300,242389240777000,9.8544,SGACK|transport-1970|E|A|1|09:35|35828|1,[],,A,True,09:35,35828,1,1970
transport-1971,K,242389255273700,242389255747500,242389259781800,4.5081,SGACK|transport-1971|K|S|1|09:35|35845|1,[],,S,True,09:35,35845,1,1971
transport-1972,A,242389260275900,242389260643300,242389269963000,9.6871,SGACK|transport-1972|A|A|1|09:35|35857|1,[],,A,True,09:35,35857,1,1972
transport-1973,T,242389283461600,242389283720100,242389286934900,3.4733,SGACK|transport-1973|T|S|1|09:35|35872|1,[],,S,True,09:35,35872,1,1973
transport-1974,S,242389287419400,242389287787400,242389300189500,12.7701,SGACK|transport-1974|S|S|1|09:35|35887|1,[],,S,True,09:35,35887,1,1974
transport-1975,P,242389300898200,242389301466400,242389314221800,13.3236,SGACK|transport-1975|P|S|1|09:35|35901|1,[],,S,True,09:35,35901,1,1975
transport-1976,C,242389315104500,242389315396500,242389328017000,12.9125,SGACK|transport-1976|C|S|1|09:35|35914|1,[],,S,True,09:35,35914,1,1976
transport-1977,E,242389328907900,242389329341100,242389338665100,9.7572,SGACK|transport-1977|E|A|1|09:35|35926|1,[],,A,True,09:35,35926,1,1977
transport-1978,K,242389351769500,242389352154600,242389354636600,2.8671,SGACK|transport-1978|K|S|1|09:35|35942|1,[],,S,True,09:35,35942,1,1978
transport-1979,A,242389354992500,242389355220800,242389364319400,9.3269,SGACK|transport-1979|A|A|1|09:35|35952|1,[],,A,True,09:35,35952,1,1979
transport-1980,T,242389378251000,242389378497300,242389380697500,2.4465,SGACK|transport-1980|T|S|1|09:35|35967|1,[],,S,True,09:35,35967,1,1980
transport-1981,S,242389381003400,242389381271600,242389393616200,12.6128,SGACK|transport-1981|S|S|1|09:35|35981|1,[],,S,True,09:35,35981,1,1981
transport-1982,P,242389394117000,242389394333700,242389406602700,12.4857,SGACK|transport-1982|P|S|1|09:35|35994|1,[],,S,True,09:35,35994,1,1982
transport-1983,C,242389407096700,242389407362000,242389419604900,12.5082,SGACK|transport-1983|C|S|1|09:35|36006|1,[],,S,True,09:35,36006,1,1983
transport-1984,E,242389420415600,242389420748900,242389429775200,9.3596,SGACK|transport-1984|E|A|1|09:35|36017|1,[],,A,True,09:35,36017,1,1984
transport-1985,K,242389442937900,242389443214200,242389445675300,2.7374,SGACK|transport-1985|K|S|1|09:35|36033|1,[],,S,True,09:35,36033,1,1985
transport-1986,A,242389445984200,242389446184000,242389455087800,9.1036,SGACK|transport-1986|A|A|1|09:35|36043|1,[],,A,True,09:35,36043,1,1986
transport-1987,T,242389467770500,242389468132200,242389470096200,2.3257,SGACK|transport-1987|T|S|1|09:35|36057|1,[],,S,True,09:35,36057,1,1987
transport-1988,S,242389470473700,242389470695800,242389483083500,12.6098,SGACK|transport-1988|S|S|1|09:35|36070|1,[],,S,True,09:35,36070,1,1988
transport-1989,P,242389483586400,242389484335700,242389500019700,16.4333,SGACK|transport-1989|P|S|1|09:35|36087|1,[],,S,True,09:35,36087,1,1989
transport-1990,C,242389500679000,242389501022300,242389513760900,13.0819,SGACK|transport-1990|C|S|1|09:35|36100|1,[],,S,True,09:35,36100,1,1990
transport-1991,E,242389514590400,242389514899000,242389524047900,9.4575,SGACK|transport-1991|E|A|1|09:35|36112|1,[],,A,True,09:35,36112,1,1991
transport-1992,K,242389537052400,242389537320800,242389539823200,2.7708,SGACK|transport-1992|K|S|1|09:35|36127|1,[],,S,True,09:35,36127,1,1992
transport-1993,A,242389540123800,242389540319500,242389548795100,8.6713,SGACK|transport-1993|A|A|1|09:35|36137|1,[],,A,True,09:35,36137,1,1993
transport-1994,T,242389560944000,242389561049000,242389563150800,2.2068,SGACK|transport-1994|T|S|1|09:35|36150|1,[],,S,True,09:35,36150,1,1994
transport-1995,S,242389563401300,242389563589500,242389575421600,12.0203,SGACK|transport-1995|S|S|1|09:35|36163|1,[],,S,True,09:35,36163,1,1995
transport-1996,P,242389575781700,242389576050100,242389588350100,12.5684,SGACK|transport-1996|P|S|1|09:35|36176|1,[],,S,True,09:35,36176,1,1996
transport-1997,C,242389588774300,242389589056800,242389600903600,12.1293,SGACK|transport-1997|C|S|1|09:35|36188|1,[],,S,True,09:35,36188,1,1997
transport-1998,E,242389601234600,242389601382200,242389610138900,8.9043,SGACK|transport-1998|E|A|1|09:35|36198|1,[],,A,True,09:35,36198,1,1998
transport-1999,K,242389622395200,242389622562700,242389624516500,2.1213,SGACK|transport-1999|K|S|1|09:35|36212|1,[],,S,True,09:35,36212,1,1999
