trial_id,message_type,t_before_ns,t_send_ns,t_render_ack_ns,latency_ms,ack,skipped_acks,failure,screen,clock_synchronized,clock_text,firmware_ms,protocol_version,sequence
transport-0000,S,201706309245400,201706309396300,201706320476600,11.2312,SGACK|transport-0000|S|S|1|22:17|79186|1,[],,S,True,22:17,79186,1,0
transport-0001,P,201706320755800,201706320887000,201706332242500,11.4867,SGACK|transport-0001|P|S|1|22:17|79198|1,[],,S,True,22:17,79198,1,1
transport-0002,C,201706332478400,201706332658200,201706344159600,11.6812,SGACK|transport-0002|C|S|1|22:17|79210|1,[],,S,True,22:17,79210,1,2
transport-0003,E,201706344405300,201706344514400,201706353254500,8.8492,SGACK|transport-0003|E|A|1|22:17|79219|1,[],,A,True,22:17,79219,1,3
transport-0004,K,201706365474400,201706365670100,201706367348500,1.8741,SGACK|transport-0004|K|S|1|22:17|79232|1,[],,S,True,22:17,79232,1,4
transport-0005,A,201706367558800,201706367678300,201706376303500,8.7447,SGACK|transport-0005|A|A|1|22:17|79242|1,[],,A,True,22:17,79242,1,5
transport-0006,T,201706388327900,201706388517400,201706390063000,1.7351,SGACK|transport-0006|T|S|1|22:17|79254|1,[],,S,True,22:17,79254,1,6
transport-0007,S,201706390276400,201706390411400,201706401634500,11.3581,SGACK|transport-0007|S|S|1|22:17|79267|1,[],,S,True,22:17,79267,1,7
transport-0008,P,201706401877800,201706402020100,201706413386800,11.509,SGACK|transport-0008|P|S|1|22:17|79279|1,[],,S,True,22:17,79279,1,8
transport-0009,C,201706413652300,201706413876700,201706425140400,11.4881,SGACK|transport-0009|C|S|1|22:17|79290|1,[],,S,True,22:17,79290,1,9
transport-0010,E,201706425388200,201706425523600,201706434184300,8.7961,SGACK|transport-0010|E|A|1|22:17|79300|1,[],,A,True,22:17,79300,1,10
transport-0011,K,201706446350500,201706446537000,201706448156000,1.8055,SGACK|transport-0011|K|S|1|22:17|79313|1,[],,S,True,22:17,79313,1,11
transport-0012,A,201706448370400,201706448563900,201706457321300,8.9509,SGACK|transport-0012|A|A|1|22:17|79323|1,[],,A,True,22:17,79323,1,12
transport-0013,T,201706469381400,201706469509700,201706471127400,1.746,SGACK|transport-0013|T|S|1|22:17|79336|1,[],,S,True,22:17,79336,1,13
transport-0014,S,201706471399200,201706471638000,201706483599000,12.1998,SGACK|transport-0014|S|S|1|22:17|79349|1,[],,S,True,22:17,79349,1,14
transport-0015,P,201706483828200,201706484004700,201706495371800,11.5436,SGACK|transport-0015|P|S|1|22:17|79361|1,[],,S,True,22:17,79361,1,15
transport-0016,C,201706495622700,201706495744100,201706507158100,11.5354,SGACK|transport-0016|C|S|1|22:17|79372|1,[],,S,True,22:17,79372,1,16
transport-0017,E,201706507411400,201706507601000,201706516320200,8.9088,SGACK|transport-0017|E|A|1|22:17|79382|1,[],,A,True,22:17,79382,1,17
transport-0018,K,201706528731600,201706528980200,201706531060200,2.3286,SGACK|transport-0018|K|S|1|22:17|79395|1,[],,S,True,22:17,79395,1,18
transport-0019,A,201706531303700,201706531452800,201706539405100,8.1014,SGACK|transport-0019|A|A|1|22:17|79405|1,[],,A,True,22:17,79405,1,19
transport-0020,T,201706551515400,201706551867900,201706553372700,1.8573,SGACK|transport-0020|T|S|1|22:17|79418|1,[],,S,True,22:17,79418,1,20
transport-0021,S,201706553599000,201706553765500,201706566387000,12.788,SGACK|transport-0021|S|S|1|22:17|79431|1,[],,S,True,22:17,79431,1,21
transport-0022,P,201706566839300,201706567178900,201706579456500,12.6172,SGACK|transport-0022|P|S|1|22:17|79444|1,[],,S,True,22:17,79444,1,22
transport-0023,C,201706580057300,201706580320900,201706592354600,12.2973,SGACK|transport-0023|C|S|1|22:17|79456|1,[],,S,True,22:17,79456,1,23
transport-0024,E,201706593296000,201706593633800,201706602366600,9.0706,SGACK|transport-0024|E|A|1|22:17|79468|1,[],,A,True,22:17,79468,1,24
transport-0025,K,201706614450400,201706614621500,201706616469600,2.0192,SGACK|transport-0025|K|S|1|22:17|79481|1,[],,S,True,22:17,79481,1,25
transport-0026,A,201706616683700,201706616833800,201706625216600,8.5329,SGACK|transport-0026|A|A|1|22:17|79491|1,[],,A,True,22:17,79491,1,26
transport-0027,T,201706638001300,201706638207100,201706640015800,2.0145,SGACK|transport-0027|T|S|1|22:17|79504|1,[],,S,True,22:17,79504,1,27
transport-0028,S,201706640234400,201706640478700,201706651576200,11.3418,SGACK|transport-0028|S|S|1|22:17|79517|1,[],,S,True,22:17,79517,1,28
transport-0029,P,201706651849500,201706652023800,201706663492900,11.6434,SGACK|transport-0029|P|S|1|22:17|79529|1,[],,S,True,22:17,79529,1,29
transport-0030,C,201706663801900,201706664014500,201706675143100,11.3412,SGACK|transport-0030|C|S|1|22:17|79540|1,[],,S,True,22:17,79540,1,30
transport-0031,E,201706675436600,201706675616600,201706684737500,9.3009,SGACK|transport-0031|E|A|1|22:17|79550|1,[],,A,True,22:17,79550,1,31
transport-0032,K,201706697018600,201706697241500,201706699501900,2.4833,SGACK|transport-0032|K|S|1|22:17|79563|1,[],,S,True,22:17,79563,1,32
transport-0033,A,201706699908800,201706700101600,201706708662400,8.7536,SGACK|transport-0033|A|A|1|22:17|79574|1,[],,A,True,22:17,79574,1,33
transport-0034,T,201706721036700,201706721251100,201706722869400,1.8327,SGACK|transport-0034|T|S|1|22:17|79587|1,[],,S,True,22:17,79587,1,34
transport-0035,S,201706723104500,201706723262400,201706734563600,11.4591,SGACK|transport-0035|S|S|1|22:17|79600|1,[],,S,True,22:17,79600,1,35
transport-0036,P,201706734807900,201706734996800,201706746379100,11.5712,SGACK|transport-0036|P|S|1|22:17|79612|1,[],,S,True,22:17,79612,1,36
transport-0037,C,201706746718200,201706746899400,201706758152200,11.434,SGACK|transport-0037|C|S|1|22:17|79623|1,[],,S,True,22:17,79623,1,37
transport-0038,E,201706758473400,201706758666700,201706767183700,8.7103,SGACK|transport-0038|E|A|1|22:17|79633|1,[],,A,True,22:17,79633,1,38
transport-0039,K,201706779404900,201706779598000,201706781602100,2.1972,SGACK|transport-0039|K|S|1|22:17|79646|1,[],,S,True,22:17,79646,1,39
transport-0040,A,201706781824300,201706781989300,201706790258900,8.4346,SGACK|transport-0040|A|A|1|22:17|79656|1,[],,A,True,22:17,79656,1,40
transport-0041,T,201706802438500,201706802703000,201706804309200,1.8707,SGACK|transport-0041|T|S|1|22:17|79669|1,[],,S,True,22:17,79669,1,41
transport-0042,S,201706804574000,201706804801800,201706816605700,12.0317,SGACK|transport-0042|S|S|1|22:17|79682|1,[],,S,True,22:17,79682,1,42
transport-0043,P,201706816870600,201706817029800,201706828394900,11.5243,SGACK|transport-0043|P|S|1|22:17|79694|1,[],,S,True,22:17,79694,1,43
transport-0044,C,201706828697700,201706828938700,201706840135600,11.4379,SGACK|transport-0044|C|S|1|22:17|79705|1,[],,S,True,22:17,79705,1,44
transport-0045,E,201706840434500,201706840627900,201706849258100,8.8236,SGACK|transport-0045|E|A|1|22:17|79715|1,[],,A,True,22:17,79715,1,45
transport-0046,K,201706861394900,201706861562100,201706863106000,1.7111,SGACK|transport-0046|K|S|1|22:17|79728|1,[],,S,True,22:17,79728,1,46
transport-0047,A,201706863329000,201706863559700,201706872169500,8.8405,SGACK|transport-0047|A|A|1|22:17|79738|1,[],,A,True,22:17,79738,1,47
transport-0048,T,201706884504900,201706884709500,201706886708000,2.2031,SGACK|transport-0048|T|S|1|22:17|79751|1,[],,S,True,22:17,79751,1,48
transport-0049,S,201706887140400,201706887455600,201706898648000,11.5076,SGACK|transport-0049|S|S|1|22:17|79764|1,[],,S,True,22:17,79764,1,49
transport-0050,P,201706898979500,201706899121200,201706910364100,11.3846,SGACK|transport-0050|P|S|1|22:17|79776|1,[],,S,True,22:17,79776,1,50
transport-0051,C,201706910728800,201706910984700,201706922119600,11.3908,SGACK|transport-0051|C|S|1|22:17|79787|1,[],,S,True,22:17,79787,1,51
transport-0052,E,201706922456200,201706922612300,201706931233600,8.7774,SGACK|transport-0052|E|A|1|22:17|79797|1,[],,A,True,22:17,79797,1,52
transport-0053,K,201706944061100,201706944301400,201706945896200,1.8351,SGACK|transport-0053|K|S|1|22:17|79810|1,[],,S,True,22:17,79810,1,53
transport-0054,A,201706946145300,201706946351700,201706954227700,8.0824,SGACK|transport-0054|A|A|1|22:17|79820|1,[],,A,True,22:17,79820,1,54
transport-0055,T,201706966967400,201706967182100,201706969769800,2.8024,SGACK|transport-0055|T|S|1|22:17|79833|1,[],,S,True,22:17,79833,1,55
transport-0056,S,201706970273100,201706970499900,201706982135100,11.862,SGACK|transport-0056|S|S|1|22:17|79847|1,[],,S,True,22:17,79847,1,56
transport-0057,P,201706982603600,201706982815300,201706994421000,11.8174,SGACK|transport-0057|P|S|1|22:17|79860|1,[],,S,True,22:17,79860,1,57
transport-0058,C,201706994790300,201706995020800,201707006167800,11.3775,SGACK|transport-0058|C|S|1|22:17|79871|1,[],,S,True,22:17,79871,1,58
transport-0059,E,201707006576300,201707006758800,201707015254000,8.6777,SGACK|transport-0059|E|A|1|22:17|79881|1,[],,A,True,22:17,79881,1,59
transport-0060,K,201707027447500,201707027596300,201707029118100,1.6706,SGACK|transport-0060|K|S|1|22:17|79894|1,[],,S,True,22:17,79894,1,60
transport-0061,A,201707029366300,201707029572600,201707038242300,8.876,SGACK|transport-0061|A|A|1|22:17|79904|1,[],,A,True,22:17,79904,1,61
transport-0062,T,201707050770800,201707050949000,201707052431800,1.661,SGACK|transport-0062|T|S|1|22:17|79917|1,[],,S,True,22:17,79917,1,62
transport-0063,S,201707052750800,201707052988700,201707064627500,11.8767,SGACK|transport-0063|S|S|1|22:17|79930|1,[],,S,True,22:17,79930,1,63
transport-0064,P,201707064931400,201707065126800,201707076394400,11.463,SGACK|transport-0064|P|S|1|22:17|79942|1,[],,S,True,22:17,79942,1,64
transport-0065,C,201707076741400,201707076897800,201707088122000,11.3806,SGACK|transport-0065|C|S|1|22:17|79953|1,[],,S,True,22:17,79953,1,65
transport-0066,E,201707088450300,201707088614200,201707097156800,8.7065,SGACK|transport-0066|E|A|1|22:17|79963|1,[],,A,True,22:17,79963,1,66
transport-0067,K,201707109370900,201707109588800,201707111074000,1.7031,SGACK|transport-0067|K|S|1|22:17|79976|1,[],,S,True,22:17,79976,1,67
transport-0068,A,201707111315200,201707111464200,201707119198700,7.8835,SGACK|transport-0068|A|A|1|22:17|79985|1,[],,A,True,22:17,79985,1,68
transport-0069,T,201707132157100,201707132388500,201707133868000,1.7109,SGACK|transport-0069|T|S|1|22:17|79998|1,[],,S,True,22:17,79998,1,69
transport-0070,S,201707134093000,201707134306500,201707145591200,11.4982,SGACK|transport-0070|S|S|1|22:17|80011|1,[],,S,True,22:17,80011,1,70
transport-0071,P,201707145878400,201707146018100,201707157378200,11.4998,SGACK|transport-0071|P|S|1|22:17|80023|1,[],,S,True,22:17,80023,1,71
transport-0072,C,201707157659400,201707157777500,201707169097100,11.4377,SGACK|transport-0072|C|S|1|22:17|80034|1,[],,S,True,22:17,80034,1,72
transport-0073,E,201707169365700,201707169550600,201707179055400,9.6897,SGACK|transport-0073|E|A|1|22:17|80044|1,[],,A,True,22:17,80044,1,73
transport-0074,K,201707191382000,201707191539100,201707193535800,2.1538,SGACK|transport-0074|K|S|1|22:17|80058|1,[],,S,True,22:17,80058,1,74
transport-0075,A,201707193837300,201707193979600,201707202252900,8.4156,SGACK|transport-0075|A|A|1|22:17|80068|1,[],,A,True,22:17,80068,1,75
transport-0076,T,201707214400600,201707214513800,201707215994200,1.5936,SGACK|transport-0076|T|S|1|22:17|80081|1,[],,S,True,22:17,80081,1,76
transport-0077,S,201707216186800,201707216362500,201707227621200,11.4344,SGACK|transport-0077|S|S|1|22:17|80093|1,[],,S,True,22:17,80093,1,77
transport-0078,P,201707227939100,201707228172700,201707244331700,16.3926,SGACK|transport-0078|P|S|1|22:17|80110|1,[],,S,True,22:17,80110,1,78
transport-0079,C,201707244643600,201707244868900,201707256107300,11.4637,SGACK|transport-0079|C|S|1|22:17|80121|1,[],,S,True,22:17,80121,1,79
transport-0080,E,201707256394300,201707256594100,201707265156800,8.7625,SGACK|transport-0080|E|A|1|22:17|80131|1,[],,A,True,22:17,80131,1,80
transport-0081,K,201707277380700,201707277566400,201707279138300,1.7576,SGACK|transport-0081|K|S|1|22:17|80144|1,[],,S,True,22:17,80144,1,81
transport-0082,A,201707279338100,201707279596300,201707288253300,8.9152,SGACK|transport-0082|A|A|1|22:17|80154|1,[],,A,True,22:17,80154,1,82
transport-0083,T,201707300319000,201707300458300,201707302008900,1.6899,SGACK|transport-0083|T|S|1|22:17|80166|1,[],,S,True,22:17,80166,1,83
transport-0084,S,201707302204000,201707302367600,201707313550300,11.3463,SGACK|transport-0084|S|S|1|22:17|80179|1,[],,S,True,22:17,80179,1,84
transport-0085,P,201707313841800,201707314072900,201707325355700,11.5139,SGACK|transport-0085|P|S|1|22:17|80191|1,[],,S,True,22:17,80191,1,85
transport-0086,C,201707325653900,201707325863200,201707337087400,11.4335,SGACK|transport-0086|C|S|1|22:17|80202|1,[],,S,True,22:17,80202,1,86
transport-0087,E,201707337389400,201707337575700,201707346131500,8.7421,SGACK|transport-0087|E|A|1|22:17|80212|1,[],,A,True,22:17,80212,1,87
transport-0088,K,201707358528700,201707358728900,201707360178800,1.6501,SGACK|transport-0088|K|S|1|22:17|80225|1,[],,S,True,22:17,80225,1,88
transport-0089,A,201707360410500,201707360559000,201707369910800,9.5003,SGACK|transport-0089|A|A|1|22:17|80235|1,[],,A,True,22:17,80235,1,89
transport-0090,T,201707382451100,201707382568200,201707383990800,1.5397,SGACK|transport-0090|T|S|1|22:17|80249|1,[],,S,True,22:17,80249,1,90
transport-0091,S,201707384225900,201707384375200,201707395641300,11.4154,SGACK|transport-0091|S|S|1|22:17|80261|1,[],,S,True,22:17,80261,1,91
transport-0092,P,201707395968200,201707396140300,201707407303700,11.3355,SGACK|transport-0092|P|S|1|22:17|80273|1,[],,S,True,22:17,80273,1,92
transport-0093,C,201707407544900,201707407698300,201707419250700,11.7058,SGACK|transport-0093|C|S|1|22:17|80284|1,[],,S,True,22:17,80284,1,93
transport-0094,E,201707419710300,201707419901800,201707428215100,8.5048,SGACK|transport-0094|E|A|1|22:17|80294|1,[],,A,True,22:17,80294,1,94
transport-0095,K,201707440337800,201707440571300,201707442565500,2.2277,SGACK|transport-0095|K|S|1|22:17|80307|1,[],,S,True,22:17,80307,1,95
transport-0096,A,201707442905300,201707443106500,201707451171300,8.266,SGACK|transport-0096|A|A|1|22:17|80317|1,[],,A,True,22:17,80317,1,96
transport-0097,T,201707463837300,201707464047500,201707466104000,2.2667,SGACK|transport-0097|T|S|1|22:17|80330|1,[],,S,True,22:17,80330,1,97
transport-0098,S,201707466464500,201707466661900,201707478705500,12.241,SGACK|transport-0098|S|S|1|22:17|80344|1,[],,S,True,22:17,80344,1,98
transport-0099,P,201707478994000,201707479194800,201707490819800,11.8258,SGACK|transport-0099|P|S|1|22:17|80356|1,[],,S,True,22:17,80356,1,99
transport-0100,C,201707491327900,201707491546300,201707503255500,11.9276,SGACK|transport-0100|C|S|1|22:17|80368|1,[],,S,True,22:17,80368,1,100
transport-0101,E,201707503625900,201707503850300,201707512565300,8.9394,SGACK|transport-0101|E|A|1|22:17|80378|1,[],,A,True,22:17,80378,1,101
transport-0102,K,201707524876400,201707525051100,201707526871100,1.9947,SGACK|transport-0102|K|S|1|22:17|80391|1,[],,S,True,22:17,80391,1,102
transport-0103,A,201707527160600,201707527312400,201707535379500,8.2189,SGACK|transport-0103|A|A|1|22:17|80401|1,[],,A,True,22:17,80401,1,103
transport-0104,T,201707547383000,201707547560300,201707549015900,1.6329,SGACK|transport-0104|T|S|1|22:17|80414|1,[],,S,True,22:17,80414,1,104
transport-0105,S,201707549210200,201707549331200,201707560668300,11.4581,SGACK|transport-0105|S|S|1|22:17|80426|1,[],,S,True,22:17,80426,1,105
transport-0106,P,201707560955200,201707561123400,201707572321700,11.3665,SGACK|transport-0106|P|S|1|22:17|80438|1,[],,S,True,22:17,80438,1,106
transport-0107,C,201707572649600,201707572836500,201707584073000,11.4234,SGACK|transport-0107|C|S|1|22:17|80449|1,[],,S,True,22:17,80449,1,107
transport-0108,E,201707584323000,201707584595000,201707593610100,9.2871,SGACK|transport-0108|E|A|1|22:17|80459|1,[],,A,True,22:17,80459,1,108
transport-0109,K,201707605406600,201707605609500,201707607419100,2.0125,SGACK|transport-0109|K|S|1|22:17|80472|1,[],,S,True,22:17,80472,1,109
transport-0110,A,201707607639400,201707607791600,201707616117500,8.4781,SGACK|transport-0110|A|A|1|22:17|80482|1,[],,A,True,22:17,80482,1,110
transport-0111,T,201707629163700,201707629331200,201707631379200,2.2155,SGACK|transport-0111|T|S|1|22:17|80495|1,[],,S,True,22:17,80495,1,111
transport-0112,S,201707631602500,201707631767100,201707643786400,12.1839,SGACK|transport-0112|S|S|1|22:17|80509|1,[],,S,True,22:17,80509,1,112
transport-0113,P,201707644053900,201707644218800,201707655391500,11.3376,SGACK|transport-0113|P|S|1|22:17|80521|1,[],,S,True,22:17,80521,1,113
transport-0114,C,201707655698900,201707655846400,201707667245600,11.5467,SGACK|transport-0114|C|S|1|22:17|80532|1,[],,S,True,22:17,80532,1,114
transport-0115,E,201707667547800,201707667677300,201707676155700,8.6079,SGACK|transport-0115|E|A|1|22:17|80542|1,[],,A,True,22:17,80542,1,115
transport-0116,K,201707688436700,201707688613800,201707690277700,1.841,SGACK|transport-0116|K|S|1|22:17|80555|1,[],,S,True,22:17,80555,1,116
transport-0117,A,201707690490800,201707690652500,201707699176500,8.6857,SGACK|transport-0117|A|A|1|22:17|80565|1,[],,A,True,22:17,80565,1,117
transport-0118,T,201707711881400,201707712106800,201707713923400,2.042,SGACK|transport-0118|T|S|1|22:17|80578|1,[],,S,True,22:17,80578,1,118
transport-0119,S,201707714179700,201707714340600,201707725728700,11.549,SGACK|transport-0119|S|S|1|22:17|80591|1,[],,S,True,22:17,80591,1,119
transport-0120,P,201707725996700,201707726198800,201707737306000,11.3093,SGACK|transport-0120|P|S|1|22:17|80603|1,[],,S,True,22:17,80603,1,120
transport-0121,C,201707737572400,201707737710500,201707749106400,11.534,SGACK|transport-0121|C|S|1|22:17|80614|1,[],,S,True,22:17,80614,1,121
transport-0122,E,201707749318300,201707749532700,201707758243400,8.9251,SGACK|transport-0122|E|A|1|22:17|80624|1,[],,A,True,22:17,80624,1,122
transport-0123,K,201707770387900,201707770595000,201707772347300,1.9594,SGACK|transport-0123|K|S|1|22:17|80637|1,[],,S,True,22:17,80637,1,123
transport-0124,A,201707772558700,201707772831200,201707781218300,8.6596,SGACK|transport-0124|A|A|1|22:17|80647|1,[],,A,True,22:17,80647,1,124
transport-0125,T,201707793373900,201707793697200,201707795383900,2.01,SGACK|transport-0125|T|S|1|22:17|80660|1,[],,S,True,22:17,80660,1,125
transport-0126,S,201707795595700,201707795833600,201707807572400,11.9767,SGACK|transport-0126|S|S|1|22:17|80673|1,[],,S,True,22:17,80673,1,126
transport-0127,P,201707807828100,201707807987100,201707819854900,12.0268,SGACK|transport-0127|P|S|1|22:17|80685|1,[],,S,True,22:17,80685,1,127
transport-0128,C,201707820219000,201707820411900,201707831031400,10.8124,SGACK|transport-0128|C|S|1|22:17|80696|1,[],,S,True,22:17,80696,1,128
transport-0129,E,201707831293000,201707831407100,201707839218200,7.9252,SGACK|transport-0129|E|A|1|22:17|80705|1,[],,A,True,22:17,80705,1,129
transport-0130,K,201707851340600,201707851595800,201707853317000,1.9764,SGACK|transport-0130|K|S|1|22:17|80718|1,[],,S,True,22:17,80718,1,130
transport-0131,A,201707853568400,201707853743800,201707862094700,8.5263,SGACK|transport-0131|A|A|1|22:17|80728|1,[],,A,True,22:17,80728,1,131
transport-0132,T,201707873320800,201707873538200,201707875231500,1.9107,SGACK|transport-0132|T|S|1|22:17|80740|1,[],,S,True,22:17,80740,1,132
transport-0133,S,201707875480300,201707875625200,201707888160000,12.6797,SGACK|transport-0133|S|S|1|22:17|80753|1,[],,S,True,22:17,80753,1,133
transport-0134,P,201707888565700,201707888783900,201707900317200,11.7515,SGACK|transport-0134|P|S|1|22:17|80766|1,[],,S,True,22:17,80766,1,134
transport-0135,C,201707900596300,201707900740500,201707912138100,11.5418,SGACK|transport-0135|C|S|1|22:17|80777|1,[],,S,True,22:17,80777,1,135
transport-0136,E,201707912386400,201707912577600,201707921322200,8.9358,SGACK|transport-0136|E|A|1|22:17|80787|1,[],,A,True,22:17,80787,1,136
transport-0137,K,201707933376700,201707933602700,201707935425300,2.0486,SGACK|transport-0137|K|S|1|22:17|80800|1,[],,S,True,22:17,80800,1,137
transport-0138,A,201707935644200,201707935801700,201707944097300,8.4531,SGACK|transport-0138|A|A|1|22:17|80810|1,[],,A,True,22:17,80810,1,138
transport-0139,T,201707956350100,201707956572600,201707957977600,1.6275,SGACK|transport-0139|T|S|1|22:17|80823|1,[],,S,True,22:17,80823,1,139
transport-0140,S,201707958187100,201707958352100,201707970088400,11.9013,SGACK|transport-0140|S|S|1|22:17|80835|1,[],,S,True,22:17,80835,1,140
transport-0141,P,201707970656000,201707970917300,201707982347600,11.6916,SGACK|transport-0141|P|S|1|22:17|80848|1,[],,S,True,22:17,80848,1,141
transport-0142,C,201707982596700,201707982739100,201707994084100,11.4874,SGACK|transport-0142|C|S|1|22:17|80859|1,[],,S,True,22:17,80859,1,142
transport-0143,E,201707994349800,201707994594000,201708003239500,8.8897,SGACK|transport-0143|E|A|1|22:17|80869|1,[],,A,True,22:17,80869,1,143
transport-0144,K,201708015479400,201708015692800,201708017157100,1.6777,SGACK|transport-0144|K|S|1|22:17|80882|1,[],,S,True,22:17,80882,1,144
transport-0145,A,201708017357600,201708017543200,201708026223600,8.866,SGACK|transport-0145|A|A|1|22:17|80892|1,[],,A,True,22:17,80892,1,145
transport-0146,T,201708038302900,201708038508200,201708039965000,1.6621,SGACK|transport-0146|T|S|1|22:17|80905|1,[],,S,True,22:17,80905,1,146
transport-0147,S,201708040154700,201708040344500,201708051721300,11.5666,SGACK|transport-0147|S|S|1|22:17|80917|1,[],,S,True,22:17,80917,1,147
transport-0148,P,201708052118800,201708052385600,201708063458500,11.3397,SGACK|transport-0148|P|S|1|22:17|80929|1,[],,S,True,22:17,80929,1,148
transport-0149,C,201708063731700,201708063852400,201708075209700,11.478,SGACK|transport-0149|C|S|1|22:17|80940|1,[],,S,True,22:17,80940,1,149
transport-0150,E,201708075483700,201708075685500,201708084112200,8.6285,SGACK|transport-0150|E|A|1|22:17|80950|1,[],,A,True,22:17,80950,1,150
transport-0151,K,201708096882500,201708097071300,201708098864500,1.982,SGACK|transport-0151|K|S|1|22:17|80963|1,[],,S,True,22:17,80963,1,151
transport-0152,A,201708099092000,201708099218000,201708107130700,8.0387,SGACK|transport-0152|A|A|1|22:17|80973|1,[],,A,True,22:17,80973,1,152
transport-0153,T,201708119797100,201708119922400,201708121529100,1.732,SGACK|transport-0153|T|S|1|22:17|80986|1,[],,S,True,22:17,80986,1,153
transport-0154,S,201708121744500,201708121916900,201708133550200,11.8057,SGACK|transport-0154|S|S|1|22:17|80999|1,[],,S,True,22:17,80999,1,154
transport-0155,P,201708133792100,201708133997000,201708145362600,11.5705,SGACK|transport-0155|P|S|1|22:17|81011|1,[],,S,True,22:17,81011,1,155
transport-0156,C,201708145604100,201708145823200,201708157213200,11.6091,SGACK|transport-0156|C|S|1|22:17|81022|1,[],,S,True,22:17,81022,1,156
transport-0157,E,201708157501000,201708157620600,201708166099800,8.5988,SGACK|transport-0157|E|A|1|22:17|81032|1,[],,A,True,22:17,81032,1,157
transport-0158,K,201708178297700,201708178513800,201708180154200,1.8565,SGACK|transport-0158|K|S|1|22:17|81045|1,[],,S,True,22:17,81045,1,158
transport-0159,A,201708180348700,201708180584600,201708189151100,8.8024,SGACK|transport-0159|A|A|1|22:17|81055|1,[],,A,True,22:17,81055,1,159
transport-0160,T,201708201282900,201708201415300,201708203122700,1.8398,SGACK|transport-0160|T|S|1|22:17|81067|1,[],,S,True,22:17,81067,1,160
transport-0161,S,201708203338100,201708203568700,201708215896600,12.5585,SGACK|transport-0161|S|S|1|22:17|81081|1,[],,S,True,22:17,81081,1,161
transport-0162,P,201708216288600,201708216537700,201708228375800,12.0872,SGACK|transport-0162|P|S|1|22:17|81094|1,[],,S,True,22:17,81094,1,162
transport-0163,C,201708228634400,201708228830600,201708240101300,11.4669,SGACK|transport-0163|C|S|1|22:17|81105|1,[],,S,True,22:17,81105,1,163
transport-0164,E,201708240349200,201708240567100,201708249092400,8.7432,SGACK|transport-0164|E|A|1|22:17|81115|1,[],,A,True,22:17,81115,1,164
transport-0165,K,201708261282200,201708261413100,201708263091300,1.8091,SGACK|transport-0165|K|S|1|22:17|81128|1,[],,S,True,22:17,81128,1,165
transport-0166,A,201708263288500,201708263414900,201708272180900,8.8924,SGACK|transport-0166|A|A|1|22:17|81138|1,[],,A,True,22:17,81138,1,166
transport-0167,T,201708284319300,201708284532900,201708286371400,2.0521,SGACK|transport-0167|T|S|1|22:17|81151|1,[],,S,True,22:17,81151,1,167
transport-0168,S,201708286581200,201708286743400,201708298556100,11.9749,SGACK|transport-0168|S|S|1|22:17|81164|1,[],,S,True,22:17,81164,1,168
transport-0169,P,201708298780500,201708298941700,201708310311800,11.5313,SGACK|transport-0169|P|S|1|22:17|81176|1,[],,S,True,22:17,81176,1,169
transport-0170,C,201708310550000,201708310726300,201708322029500,11.4795,SGACK|transport-0170|C|S|1|22:17|81187|1,[],,S,True,22:17,81187,1,170
transport-0171,E,201708322259400,201708322402500,201708330185700,7.9263,SGACK|transport-0171|E|A|1|22:17|81196|1,[],,A,True,22:17,81196,1,171
transport-0172,K,201708342272600,201708342418400,201708344025600,1.753,SGACK|transport-0172|K|S|1|22:17|81209|1,[],,S,True,22:17,81209,1,172
transport-0173,A,201708344267800,201708344390400,201708352424400,8.1566,SGACK|transport-0173|A|A|1|22:17|81218|1,[],,A,True,22:17,81218,1,173
transport-0174,T,201708364248200,201708364410600,201708365857300,1.6091,SGACK|transport-0174|T|S|1|22:17|81230|1,[],,S,True,22:17,81230,1,174
transport-0175,S,201708366062200,201708366291600,201708377571600,11.5094,SGACK|transport-0175|S|S|1|22:17|81243|1,[],,S,True,22:17,81243,1,175
transport-0176,P,201708377912100,201708378059400,201708389361300,11.4492,SGACK|transport-0176|P|S|1|22:17|81255|1,[],,S,True,22:17,81255,1,176
transport-0177,C,201708389613100,201708389750800,201708401087000,11.4739,SGACK|transport-0177|C|S|1|22:17|81266|1,[],,S,True,22:17,81266,1,177
transport-0178,E,201708401342300,201708401618200,201708410074900,8.7326,SGACK|transport-0178|E|A|1|22:17|81276|1,[],,A,True,22:17,81276,1,178
transport-0179,K,201708422345400,201708422614300,201708424100700,1.7553,SGACK|transport-0179|K|S|1|22:17|81289|1,[],,S,True,22:17,81289,1,179
transport-0180,A,201708424307400,201708424536500,201708433057000,8.7496,SGACK|transport-0180|A|A|1|22:17|81299|1,[],,A,True,22:17,81299,1,180
transport-0181,T,201708444266700,201708444499600,201708445918900,1.6522,SGACK|transport-0181|T|S|1|22:17|81311|1,[],,S,True,22:17,81311,1,181
transport-0182,S,201708446116000,201708446348100,201708457591900,11.4759,SGACK|transport-0182|S|S|1|22:17|81323|1,[],,S,True,22:17,81323,1,182
transport-0183,P,201708457863200,201708458042700,201708470009600,12.1464,SGACK|transport-0183|P|S|1|22:17|81335|1,[],,S,True,22:17,81335,1,183
transport-0184,C,201708470417300,201708470659000,201708482109100,11.6918,SGACK|transport-0184|C|S|1|22:17|81347|1,[],,S,True,22:17,81347,1,184
transport-0185,E,201708482397500,201708482560100,201708491213200,8.8157,SGACK|transport-0185|E|A|1|22:17|81357|1,[],,A,True,22:17,81357,1,185
transport-0186,K,201708503763300,201708504011600,201708505369100,1.6058,SGACK|transport-0186|K|S|1|22:17|81370|1,[],,S,True,22:17,81370,1,186
transport-0187,A,201708505588700,201708505732200,201708514069600,8.4809,SGACK|transport-0187|A|A|1|22:17|81380|1,[],,A,True,22:17,81380,1,187
transport-0188,T,201708525402100,201708525615700,201708527181100,1.779,SGACK|transport-0188|T|S|1|22:17|81392|1,[],,S,True,22:17,81392,1,188
transport-0189,S,201708527395600,201708527617100,201708539513100,12.1175,SGACK|transport-0189|S|S|1|22:17|81405|1,[],,S,True,22:17,81405,1,189
transport-0190,P,201708539778700,201708539978000,201708552113500,12.3348,SGACK|transport-0190|P|S|1|22:17|81417|1,[],,S,True,22:17,81417,1,190
transport-0191,C,201708552545300,201708552807700,201708564178700,11.6334,SGACK|transport-0191|C|S|1|22:17|81429|1,[],,S,True,22:17,81429,1,191
transport-0192,E,201708564443300,201708564697300,201708573161700,8.7184,SGACK|transport-0192|E|A|1|22:17|81439|1,[],,A,True,22:17,81439,1,192
transport-0193,K,201708585817100,201708586065600,201708587673000,1.8559,SGACK|transport-0193|K|S|1|22:17|81452|1,[],,S,True,22:17,81452,1,193
transport-0194,A,201708587922200,201708588074400,201708596104500,8.1823,SGACK|transport-0194|A|A|1|22:17|81462|1,[],,A,True,22:17,81462,1,194
transport-0195,T,201708608359100,201708608537400,201708609907300,1.5482,SGACK|transport-0195|T|S|1|22:17|81475|1,[],,S,True,22:17,81475,1,195
transport-0196,S,201708610118900,201708610274100,201708621539500,11.4206,SGACK|transport-0196|S|S|1|22:17|81487|1,[],,S,True,22:17,81487,1,196
transport-0197,P,201708621808200,201708622024000,201708633336200,11.528,SGACK|transport-0197|P|S|1|22:17|81499|1,[],,S,True,22:17,81499,1,197
transport-0198,C,201708633566000,201708633724100,201708645134800,11.5688,SGACK|transport-0198|C|S|1|22:17|81510|1,[],,S,True,22:17,81510,1,198
transport-0199,E,201708645404400,201708645561000,201708654091600,8.6872,SGACK|transport-0199|E|A|1|22:17|81520|1,[],,A,True,22:17,81520,1,199
transport-0200,K,201708666242400,201708666426100,201708668007100,1.7647,SGACK|transport-0200|K|S|1|22:17|81533|1,[],,S,True,22:17,81533,1,200
transport-0201,A,201708668208300,201708668346500,201708676124800,7.9165,SGACK|transport-0201|A|A|1|22:17|81542|1,[],,A,True,22:17,81542,1,201
transport-0202,T,201708688309900,201708688441900,201708689914500,1.6046,SGACK|transport-0202|T|S|1|22:17|81555|1,[],,S,True,22:17,81555,1,202
transport-0203,S,201708690120600,201708690255400,201708701536600,11.416,SGACK|transport-0203|S|S|1|22:17|81567|1,[],,S,True,22:17,81567,1,203
transport-0204,P,201708701763100,201708701895500,201708713260000,11.4969,SGACK|transport-0204|P|S|1|22:17|81579|1,[],,S,True,22:17,81579,1,204
transport-0205,C,201708713517200,201708713640000,201708725075300,11.5581,SGACK|transport-0205|C|S|1|22:17|81590|1,[],,S,True,22:17,81590,1,205
transport-0206,E,201708725328500,201708725518400,201708734619600,9.2911,SGACK|transport-0206|E|A|1|22:17|81600|1,[],,A,True,22:17,81600,1,206
transport-0207,K,201708748308500,201708748445700,201708750170100,1.8616,SGACK|transport-0207|K|S|1|22:17|81615|1,[],,S,True,22:17,81615,1,207
transport-0208,A,201708750389300,201708750522900,201708759162600,8.7733,SGACK|transport-0208|A|A|1|22:17|81625|1,[],,A,True,22:17,81625,1,208
transport-0209,T,201708771303300,201708771520200,201708773406300,2.103,SGACK|transport-0209|T|S|1|22:17|81638|1,[],,S,True,22:17,81638,1,209
transport-0210,S,201708773624300,201708773753900,201708786009000,12.3847,SGACK|transport-0210|S|S|1|22:17|81651|1,[],,S,True,22:17,81651,1,210
transport-0211,P,201708786378600,201708786561100,201708798281500,11.9029,SGACK|transport-0211|P|S|1|22:17|81664|1,[],,S,True,22:17,81664,1,211
transport-0212,C,201708798506800,201708798620500,201708810032300,11.5255,SGACK|transport-0212|C|S|1|22:17|81675|1,[],,S,True,22:17,81675,1,212
transport-0213,E,201708810271600,201708810426800,201708819628500,9.3569,SGACK|transport-0213|E|A|1|22:17|81685|1,[],,A,True,22:17,81685,1,213
transport-0214,K,201708831736000,201708831934300,201708834015200,2.2792,SGACK|transport-0214|K|S|1|22:17|81698|1,[],,S,True,22:17,81698,1,214
transport-0215,A,201708834431800,201708834713300,201708843169300,8.7375,SGACK|transport-0215|A|A|1|22:17|81709|1,[],,A,True,22:17,81709,1,215
transport-0216,T,201708855468800,201708855628500,201708857234000,1.7652,SGACK|transport-0216|T|S|1|22:17|81722|1,[],,S,True,22:17,81722,1,216
transport-0217,S,201708857644000,201708857882800,201708869662800,12.0188,SGACK|transport-0217|S|S|1|22:17|81735|1,[],,S,True,22:17,81735,1,217
transport-0218,P,201708869965800,201708870157100,201708881539400,11.5736,SGACK|transport-0218|P|S|1|22:17|81747|1,[],,S,True,22:17,81747,1,218
transport-0219,C,201708881963800,201708882157800,201708893178300,11.2145,SGACK|transport-0219|C|S|1|22:17|81758|1,[],,S,True,22:17,81758,1,219
transport-0220,E,201708893535100,201708893778100,201708902811800,9.2767,SGACK|transport-0220|E|A|1|22:17|81768|1,[],,A,True,22:17,81768,1,220
transport-0221,K,201708915390000,201708915624600,201708917078900,1.6889,SGACK|transport-0221|K|S|1|22:17|81782|1,[],,S,True,22:17,81782,1,221
transport-0222,A,201708917409100,201708917683300,201708926756200,9.3471,SGACK|transport-0222|A|A|1|22:17|81792|1,[],,A,True,22:17,81792,1,222
transport-0223,T,201708939370700,201708939570100,201708941540300,2.1696,SGACK|transport-0223|T|S|1|22:17|81806|1,[],,S,True,22:17,81806,1,223
transport-0224,S,201708941833000,201708942086600,201708953602600,11.7696,SGACK|transport-0224|S|S|1|22:17|81819|1,[],,S,True,22:17,81819,1,224
transport-0225,P,201708953890600,201708954052400,201708965362400,11.4718,SGACK|transport-0225|P|S|1|22:17|81831|1,[],,S,True,22:17,81831,1,225
transport-0226,C,201708965642400,201708965833700,201708977493400,11.851,SGACK|transport-0226|C|S|1|22:17|81842|1,[],,S,True,22:17,81842,1,226
transport-0227,E,201708977928900,201708978142600,201708986610500,8.6816,SGACK|transport-0227|E|A|1|22:17|81852|1,[],,A,True,22:17,81852,1,227
transport-0228,K,201708998263000,201708998426800,201709000208400,1.9454,SGACK|transport-0228|K|S|1|22:17|81865|1,[],,S,True,22:17,81865,1,228
transport-0229,A,201709000433200,201709000564800,201709009582700,9.1495,SGACK|transport-0229|A|A|1|22:17|81875|1,[],,A,True,22:17,81875,1,229
transport-0230,T,201709021750200,201709021982700,201709023982500,2.2323,SGACK|transport-0230|T|S|1|22:17|81888|1,[],,S,True,22:17,81888,1,230
transport-0231,S,201709024302100,201709024537900,201709036915600,12.6135,SGACK|transport-0231|S|S|1|22:17|81902|1,[],,S,True,22:17,81902,1,231
transport-0232,P,201709037298700,201709037567800,201709049251100,11.9524,SGACK|transport-0232|P|S|1|22:17|81915|1,[],,S,True,22:17,81915,1,232
transport-0233,C,201709049505300,201709049699300,201709061236000,11.7307,SGACK|transport-0233|C|S|1|22:17|81926|1,[],,S,True,22:17,81926,1,233
transport-0234,E,201709061564200,201709061709700,201709070120800,8.5566,SGACK|transport-0234|E|A|1|22:17|81936|1,[],,A,True,22:17,81936,1,234
transport-0235,K,201709082271600,201709082408000,201709084104600,1.833,SGACK|transport-0235|K|S|1|22:17|81949|1,[],,S,True,22:17,81949,1,235
transport-0236,A,201709084339900,201709084561800,201709093126100,8.7862,SGACK|transport-0236|A|A|1|22:17|81959|1,[],,A,True,22:17,81959,1,236
transport-0237,T,201709105284400,201709105466000,201709107281400,1.997,SGACK|transport-0237|T|S|1|22:17|81972|1,[],,S,True,22:17,81972,1,237
transport-0238,S,201709107499200,201709107641100,201709119827200,12.328,SGACK|transport-0238|S|S|1|22:17|81985|1,[],,S,True,22:17,81985,1,238
transport-0239,P,201709120098800,201709120290000,201709131265200,11.1664,SGACK|transport-0239|P|S|1|22:17|81997|1,[],,S,True,22:17,81997,1,239
transport-0240,C,201709131555900,201709131695100,201709143109600,11.5537,SGACK|transport-0240|C|S|1|22:17|82008|1,[],,S,True,22:17,82008,1,240
transport-0241,E,201709143369700,201709143541100,201709152621800,9.2521,SGACK|transport-0241|E|A|1|22:17|82018|1,[],,A,True,22:17,82018,1,241
transport-0242,K,201709164220900,201709164358700,201709165837100,1.6162,SGACK|transport-0242|K|S|1|22:17|82031|1,[],,S,True,22:17,82031,1,242
transport-0243,A,201709166054600,201709166164300,201709174238700,8.1841,SGACK|transport-0243|A|A|1|22:17|82040|1,[],,A,True,22:17,82040,1,243
transport-0244,T,201709186722100,201709186956100,201709188335300,1.6132,SGACK|transport-0244|T|S|1|22:17|82053|1,[],,S,True,22:17,82053,1,244
transport-0245,S,201709188549300,201709188788200,201709200460800,11.9115,SGACK|transport-0245|S|S|1|22:17|82066|1,[],,S,True,22:17,82066,1,245
transport-0246,P,201709200661400,201709200826600,201709212288200,11.6268,SGACK|transport-0246|P|S|1|22:17|82078|1,[],,S,True,22:17,82078,1,246
transport-0247,C,201709212546500,201709212684900,201709224091100,11.5446,SGACK|transport-0247|C|S|1|22:17|82089|1,[],,S,True,22:17,82089,1,247
transport-0248,E,201709224338600,201709224527200,201709233119500,8.7809,SGACK|transport-0248|E|A|1|22:17|82099|1,[],,A,True,22:17,82099,1,248
transport-0249,K,201709249320900,201709249526400,201709251510300,2.1894,SGACK|transport-0249|K|S|1|22:17|82116|1,[],,S,True,22:17,82116,1,249
transport-0250,A,201709251744200,201709251858300,201709260162900,8.4187,SGACK|transport-0250|A|A|1|22:17|82126|1,[],,A,True,22:17,82126,1,250
transport-0251,T,201709272320800,201709272617100,201709274352500,2.0317,SGACK|transport-0251|T|S|1|22:17|82139|1,[],,S,True,22:17,82139,1,251
transport-0252,S,201709274557700,201709274792000,201709286439500,11.8818,SGACK|transport-0252|S|S|1|22:17|82152|1,[],,S,True,22:17,82152,1,252
transport-0253,P,201709286687000,201709286944700,201709298382100,11.6951,SGACK|transport-0253|P|S|1|22:17|82164|1,[],,S,True,22:17,82164,1,253
transport-0254,C,201709298619100,201709298797700,201709310151500,11.5324,SGACK|transport-0254|C|S|1|22:17|82175|1,[],,S,True,22:17,82175,1,254
transport-0255,E,201709310394700,201709310532900,201709319237300,8.8426,SGACK|transport-0255|E|A|1|22:17|82185|1,[],,A,True,22:17,82185,1,255
transport-0256,K,201709331233900,201709331378200,201709332982900,1.749,SGACK|transport-0256|K|S|1|22:17|82198|1,[],,S,True,22:17,82198,1,256
transport-0257,A,201709333192700,201709333306000,201709341111200,7.9185,SGACK|transport-0257|A|A|1|22:17|82207|1,[],,A,True,22:17,82207,1,257
transport-0258,T,201709353378500,201709353514800,201709354887400,1.5089,SGACK|transport-0258|T|S|1|22:17|82220|1,[],,S,True,22:17,82220,1,258
transport-0259,S,201709355085100,201709355218200,201709366444400,11.3593,SGACK|transport-0259|S|S|1|22:17|82232|1,[],,S,True,22:17,82232,1,259
transport-0260,P,201709366693100,201709366920200,201709378230800,11.5377,SGACK|transport-0260|P|S|1|22:17|82244|1,[],,S,True,22:17,82244,1,260
transport-0261,C,201709378525800,201709378643300,201709390069700,11.5439,SGACK|transport-0261|C|S|1|22:17|82255|1,[],,S,True,22:17,82255,1,261
transport-0262,E,201709390338000,201709390528800,201709399122800,8.7848,SGACK|transport-0262|E|A|1|22:17|82265|1,[],,A,True,22:17,82265,1,262
transport-0263,K,201709411285400,201709411436900,201709413168900,1.8835,SGACK|transport-0263|K|S|1|22:17|82278|1,[],,S,True,22:17,82278,1,263
transport-0264,A,201709413364600,201709413524400,201709422047300,8.6827,SGACK|transport-0264|A|A|1|22:17|82288|1,[],,A,True,22:17,82288,1,264
transport-0265,T,201709434870200,201709435107700,201709436489700,1.6195,SGACK|transport-0265|T|S|1|22:17|82301|1,[],,S,True,22:17,82301,1,265
transport-0266,S,201709436732100,201709436855100,201709448539400,11.8073,SGACK|transport-0266|S|S|1|22:17|82314|1,[],,S,True,22:17,82314,1,266
transport-0267,P,201709448784100,201709448917600,201709460237500,11.4534,SGACK|transport-0267|P|S|1|22:17|82326|1,[],,S,True,22:17,82326,1,267
transport-0268,C,201709460557900,201709460677800,201709472018700,11.4608,SGACK|transport-0268|C|S|1|22:17|82337|1,[],,S,True,22:17,82337,1,268
transport-0269,E,201709472350200,201709472574300,201709481053900,8.7037,SGACK|transport-0269|E|A|1|22:17|82347|1,[],,A,True,22:17,82347,1,269
transport-0270,K,201709493339800,201709493522400,201709495119200,1.7794,SGACK|transport-0270|K|S|1|22:17|82360|1,[],,S,True,22:17,82360,1,270
transport-0271,A,201709495352100,201709495569900,201709504138900,8.7868,SGACK|transport-0271|A|A|1|22:17|82370|1,[],,A,True,22:17,82370,1,271
transport-0272,T,201709516252300,201709516389600,201709517911400,1.6591,SGACK|transport-0272|T|S|1|22:17|82383|1,[],,S,True,22:17,82383,1,272
transport-0273,S,201709518139100,201709518353200,201709530041500,11.9024,SGACK|transport-0273|S|S|1|22:17|82395|1,[],,S,True,22:17,82395,1,273
transport-0274,P,201709530652000,201709530935800,201709542277200,11.6252,SGACK|transport-0274|P|S|1|22:17|82408|1,[],,S,True,22:17,82408,1,274
transport-0275,C,201709542588800,201709542732300,201709553993200,11.4044,SGACK|transport-0275|C|S|1|22:17|82419|1,[],,S,True,22:17,82419,1,275
transport-0276,E,201709554311100,201709554541900,201709563187000,8.8759,SGACK|transport-0276|E|A|1|22:17|82429|1,[],,A,True,22:17,82429,1,276
transport-0277,K,201709575223200,201709575427900,201709577005500,1.7823,SGACK|transport-0277|K|S|1|22:17|82442|1,[],,S,True,22:17,82442,1,277
transport-0278,A,201709577267400,201709577402500,201709586622800,9.3554,SGACK|transport-0278|A|A|1|22:17|82452|1,[],,A,True,22:17,82452,1,278
transport-0279,T,201709598271600,201709598475000,201709600204900,1.9333,SGACK|transport-0279|T|S|1|22:17|82465|1,[],,S,True,22:17,82465,1,279
transport-0280,S,201709600428400,201709600613600,201709612517100,12.0887,SGACK|transport-0280|S|S|1|22:17|82478|1,[],,S,True,22:17,82478,1,280
transport-0281,P,201709612765700,201709612968200,201709624213700,11.448,SGACK|transport-0281|P|S|1|22:17|82490|1,[],,S,True,22:17,82490,1,281
transport-0282,C,201709624548700,201709624723600,201709635966600,11.4179,SGACK|transport-0282|C|S|1|22:17|82501|1,[],,S,True,22:17,82501,1,282
transport-0283,E,201709636214600,201709636324800,201709644117100,7.9025,SGACK|transport-0283|E|A|1|22:17|82510|1,[],,A,True,22:17,82510,1,283
transport-0284,K,201709656394200,201709656572400,201709658067600,1.6734,SGACK|transport-0284|K|S|1|22:17|82523|1,[],,S,True,22:17,82523,1,284
transport-0285,A,201709658315500,201709658441700,201709667695100,9.3796,SGACK|transport-0285|A|A|1|22:17|82533|1,[],,A,True,22:17,82533,1,285
transport-0286,T,201709679289300,201709679420200,201709680931600,1.6423,SGACK|transport-0286|T|S|1|22:17|82546|1,[],,S,True,22:17,82546,1,286
transport-0287,S,201709681157200,201709681295500,201709692479900,11.3227,SGACK|transport-0287|S|S|1|22:17|82558|1,[],,S,True,22:17,82558,1,287
transport-0288,P,201709692777500,201709692915900,201709704302000,11.5245,SGACK|transport-0288|P|S|1|22:17|82570|1,[],,S,True,22:17,82570,1,288
transport-0289,C,201709704615600,201709704739400,201709716432300,11.8167,SGACK|transport-0289|C|S|1|22:17|82581|1,[],,S,True,22:17,82581,1,289
transport-0290,E,201709716839000,201709717010800,201709725622000,8.783,SGACK|transport-0290|E|A|1|22:17|82591|1,[],,A,True,22:17,82591,1,290
transport-0291,K,201709737743100,201709737977700,201709739343700,1.6006,SGACK|transport-0291|K|S|1|22:17|82604|1,[],,S,True,22:17,82604,1,291
transport-0292,A,201709739585300,201709739718900,201709748058400,8.4731,SGACK|transport-0292|A|A|1|22:17|82614|1,[],,A,True,22:17,82614,1,292
transport-0293,T,201709760289100,201709760502900,201709762038900,1.7498,SGACK|transport-0293|T|S|1|22:17|82627|1,[],,S,True,22:17,82627,1,293
transport-0294,S,201709762266600,201709762431600,201709774473900,12.2073,SGACK|transport-0294|S|S|1|22:17|82640|1,[],,S,True,22:17,82640,1,294
transport-0295,P,201709774736100,201709774899800,201709786286400,11.5503,SGACK|transport-0295|P|S|1|22:17|82652|1,[],,S,True,22:17,82652,1,295
transport-0296,C,201709786607800,201709786792000,201709798463700,11.8559,SGACK|transport-0296|C|S|1|22:17|82663|1,[],,S,True,22:17,82663,1,296
transport-0297,E,201709798817400,201709799008600,201709807029400,8.212,SGACK|transport-0297|E|A|1|22:17|82673|1,[],,A,True,22:17,82673,1,297
transport-0298,K,201709819316100,201709819489000,201709820989500,1.6734,SGACK|transport-0298|K|S|1|22:17|82686|1,[],,S,True,22:17,82686,1,298
transport-0299,A,201709821195200,201709821311200,201709829499700,8.3045,SGACK|transport-0299|A|A|1|22:17|82695|1,[],,A,True,22:17,82695,1,299
transport-0300,T,201709841367100,201709841512800,201709843609700,2.2426,SGACK|transport-0300|T|S|1|22:17|82708|1,[],,S,True,22:17,82708,1,300
transport-0301,S,201709843942700,201709844116900,201709855417500,11.4748,SGACK|transport-0301|S|S|1|22:17|82721|1,[],,S,True,22:17,82721,1,301
transport-0302,P,201709855860300,201709856080600,201709867265400,11.4051,SGACK|transport-0302|P|S|1|22:17|82733|1,[],,S,True,22:17,82733,1,302
transport-0303,C,201709867537100,201709867655300,201709878970100,11.433,SGACK|transport-0303|C|S|1|22:17|82744|1,[],,S,True,22:17,82744,1,303
transport-0304,E,201709879218100,201709879353100,201709887078400,7.8603,SGACK|transport-0304|E|A|1|22:17|82753|1,[],,A,True,22:17,82753,1,304
transport-0305,K,201709899209900,201709899334900,201709901072400,1.8625,SGACK|transport-0305|K|S|1|22:17|82766|1,[],,S,True,22:17,82766,1,305
transport-0306,A,201709901366400,201709901516300,201709910025100,8.6587,SGACK|transport-0306|A|A|1|22:17|82776|1,[],,A,True,22:17,82776,1,306
transport-0307,T,201709922290600,201709922440900,201709923863200,1.5726,SGACK|transport-0307|T|S|1|22:17|82789|1,[],,S,True,22:17,82789,1,307
transport-0308,S,201709924093300,201709924222700,201709935796000,11.7027,SGACK|transport-0308|S|S|1|22:17|82801|1,[],,S,True,22:17,82801,1,308
transport-0309,P,201709936122400,201709936289000,201709947279100,11.1567,SGACK|transport-0309|P|S|1|22:17|82813|1,[],,S,True,22:17,82813,1,309
transport-0310,C,201709947580700,201709947726900,201709959006300,11.4256,SGACK|transport-0310|C|S|1|22:17|82824|1,[],,S,True,22:17,82824,1,310
transport-0311,E,201709959268800,201709959401300,201709968186400,8.9176,SGACK|transport-0311|E|A|1|22:17|82834|1,[],,A,True,22:17,82834,1,311
transport-0312,K,201709980429300,201709980671200,201709982202100,1.7728,SGACK|transport-0312|K|S|1|22:17|82847|1,[],,S,True,22:17,82847,1,312
transport-0313,A,201709982507800,201709982653200,201709991014700,8.5069,SGACK|transport-0313|A|A|1|22:17|82857|1,[],,A,True,22:17,82857,1,313
transport-0314,T,201710003337500,201710003597300,201710004983900,1.6464,SGACK|transport-0314|T|S|1|22:17|82870|1,[],,S,True,22:17,82870,1,314
transport-0315,S,201710005202700,201710005403800,201710017957100,12.7544,SGACK|transport-0315|S|S|1|22:17|82883|1,[],,S,True,22:17,82883,1,315
transport-0316,P,201710018472100,201710018722800,201710030235000,11.7629,SGACK|transport-0316|P|S|1|22:17|82896|1,[],,S,True,22:17,82896,1,316
transport-0317,C,201710030541900,201710030690400,201710042157200,11.6153,SGACK|transport-0317|C|S|1|22:17|82907|1,[],,S,True,22:17,82907,1,317
transport-0318,E,201710042613600,201710042777800,201710051052700,8.4391,SGACK|transport-0318|E|A|1|22:17|82917|1,[],,A,True,22:17,82917,1,318
transport-0319,K,201710063522300,201710063655800,201710065128700,1.6064,SGACK|transport-0319|K|S|1|22:17|82930|1,[],,S,True,22:17,82930,1,319
transport-0320,A,201710065361900,201710065517200,201710074097300,8.7354,SGACK|transport-0320|A|A|1|22:17|82940|1,[],,A,True,22:17,82940,1,320
transport-0321,T,201710086728100,201710086949100,201710088440200,1.7121,SGACK|transport-0321|T|S|1|22:17|82953|1,[],,S,True,22:17,82953,1,321
transport-0322,S,201710088672400,201710088808100,201710100549400,11.877,SGACK|transport-0322|S|S|1|22:17|82966|1,[],,S,True,22:17,82966,1,322
transport-0323,P,201710100864600,201710101005100,201710112800100,11.9355,SGACK|transport-0323|P|S|1|22:17|82978|1,[],,S,True,22:17,82978,1,323
transport-0324,C,201710113190700,201710113389500,201710125028500,11.8378,SGACK|transport-0324|C|S|1|22:17|82990|1,[],,S,True,22:17,82990,1,324
transport-0325,E,201710125345300,201710125569500,201710134700400,9.3551,SGACK|transport-0325|E|A|1|22:17|83000|1,[],,A,True,22:17,83000,1,325
transport-0326,K,201710146798100,201710147037300,201710148434800,1.6367,SGACK|transport-0326|K|S|1|22:17|83013|1,[],,S,True,22:17,83013,1,326
transport-0327,A,201710148667400,201710148797700,201710157103200,8.4358,SGACK|transport-0327|A|A|1|22:17|83023|1,[],,A,True,22:17,83023,1,327
transport-0328,T,201710169811800,201710169997200,201710171430900,1.6191,SGACK|transport-0328|T|S|1|22:17|83036|1,[],,S,True,22:17,83036,1,328
transport-0329,S,201710171668800,201710171915000,201710183469900,11.8011,SGACK|transport-0329|S|S|1|22:17|83049|1,[],,S,True,22:17,83049,1,329
transport-0330,P,201710183741400,201710183889300,201710195764000,12.0226,SGACK|transport-0330|P|S|1|22:17|83061|1,[],,S,True,22:17,83061,1,330
transport-0331,C,201710196145800,201710196358000,201710207069100,10.9233,SGACK|transport-0331|C|S|1|22:17|83073|1,[],,S,True,22:17,83073,1,331
transport-0332,E,201710207372100,201710207518100,201710216139900,8.7678,SGACK|transport-0332|E|A|1|22:17|83082|1,[],,A,True,22:17,83082,1,332
transport-0333,K,201710228313400,201710228573100,201710230075000,1.7616,SGACK|transport-0333|K|S|1|22:17|83095|1,[],,S,True,22:17,83095,1,333
transport-0334,A,201710230305200,201710230465200,201710238988400,8.6832,SGACK|transport-0334|A|A|1|22:17|83105|1,[],,A,True,22:17,83105,1,334
transport-0335,T,201710251285900,201710251494300,201710253056600,1.7707,SGACK|transport-0335|T|S|1|22:17|83118|1,[],,S,True,22:17,83118,1,335
transport-0336,S,201710253300900,201710253586800,201710265474800,12.1739,SGACK|transport-0336|S|S|1|22:17|83131|1,[],,S,True,22:17,83131,1,336
transport-0337,P,201710265757600,201710265901300,201710277744000,11.9864,SGACK|transport-0337|P|S|1|22:17|83143|1,[],,S,True,22:17,83143,1,337
transport-0338,C,201710278127700,201710278296900,201710288947900,10.8202,SGACK|transport-0338|C|S|1|22:17|83155|1,[],,S,True,22:17,83155,1,338
transport-0339,E,201710289236200,201710289379200,201710298100100,8.8639,SGACK|transport-0339|E|A|1|22:17|83164|1,[],,A,True,22:17,83164,1,339
transport-0340,K,201710310865400,201710311132700,201710312494000,1.6286,SGACK|transport-0340|K|S|1|22:17|83177|1,[],,S,True,22:17,83177,1,340
transport-0341,A,201710312726400,201710312863700,201710321011100,8.2847,SGACK|transport-0341|A|A|1|22:17|83187|1,[],,A,True,22:17,83187,1,341
transport-0342,T,201710333275200,201710333485200,201710334912600,1.6374,SGACK|transport-0342|T|S|1|22:17|83200|1,[],,S,True,22:17,83200,1,342
transport-0343,S,201710335363600,201710335527500,201710348052900,12.6893,SGACK|transport-0343|S|S|1|22:17|83213|1,[],,S,True,22:17,83213,1,343
transport-0344,P,201710348426200,201710348608500,201710360221100,11.7949,SGACK|transport-0344|P|S|1|22:17|83226|1,[],,S,True,22:17,83226,1,344
transport-0345,C,201710360547100,201710360695200,201710371948600,11.4015,SGACK|transport-0345|C|S|1|22:17|83237|1,[],,S,True,22:17,83237,1,345
transport-0346,E,201710372248600,201710372379600,201710381113700,8.8651,SGACK|transport-0346|E|A|1|22:17|83247|1,[],,A,True,22:17,83247,1,346
transport-0347,K,201710393219200,201710393367700,201710395288700,2.0695,SGACK|transport-0347|K|S|1|22:17|83260|1,[],,S,True,22:17,83260,1,347
transport-0348,A,201710395526000,201710395648900,201710404048500,8.5225,SGACK|transport-0348|A|A|1|22:17|83270|1,[],,A,True,22:17,83270,1,348
transport-0349,T,201710416621400,201710416782300,201710418795100,2.1737,SGACK|transport-0349|T|S|1|22:17|83283|1,[],,S,True,22:17,83283,1,349
transport-0350,S,201710419247500,201710419551300,201710431910800,12.6633,SGACK|transport-0350|S|S|1|22:17|83297|1,[],,S,True,22:17,83297,1,350
transport-0351,P,201710432293100,201710432531700,201710444171900,11.8788,SGACK|transport-0351|P|S|1|22:17|83310|1,[],,S,True,22:17,83310,1,351
transport-0352,C,201710444485300,201710444626800,201710456469200,11.9839,SGACK|transport-0352|C|S|1|22:17|83321|1,[],,S,True,22:17,83321,1,352
transport-0353,E,201710456826400,201710457081100,201710465060100,8.2337,SGACK|transport-0353|E|A|1|22:17|83331|1,[],,A,True,22:17,83331,1,353
transport-0354,K,201710477221300,201710477421400,201710478963700,1.7424,SGACK|transport-0354|K|S|1|22:17|83344|1,[],,S,True,22:17,83344,1,354
transport-0355,A,201710479213800,201710479398800,201710488407600,9.1938,SGACK|transport-0355|A|A|1|22:17|83354|1,[],,A,True,22:17,83354,1,355
transport-0356,T,201710500214400,201710500370500,201710502143600,1.9292,SGACK|transport-0356|T|S|1|22:17|83367|1,[],,S,True,22:17,83367,1,356
transport-0357,S,201710502422000,201710502567300,201710514528300,12.1063,SGACK|transport-0357|S|S|1|22:17|83380|1,[],,S,True,22:17,83380,1,357
transport-0358,P,201710514791700,201710515018600,201710526595800,11.8041,SGACK|transport-0358|P|S|1|22:17|83392|1,[],,S,True,22:17,83392,1,358
transport-0359,C,201710527030200,201710527167800,201710538185000,11.1548,SGACK|transport-0359|C|S|1|22:17|83403|1,[],,S,True,22:17,83403,1,359
transport-0360,E,201710538451600,201710538574400,201710547040700,8.5891,SGACK|transport-0360|E|A|1|22:17|83413|1,[],,A,True,22:17,83413,1,360
transport-0361,K,201710560157100,201710560298100,201710562509700,2.3526,SGACK|transport-0361|K|S|1|22:17|83427|1,[],,S,True,22:17,83427,1,361
transport-0362,A,201710562924000,201710563154700,201710571084100,8.1601,SGACK|transport-0362|A|A|1|22:17|83437|1,[],,A,True,22:17,83437,1,362
transport-0363,T,201710583791600,201710583984500,201710585765600,1.974,SGACK|transport-0363|T|S|1|22:17|83450|1,[],,S,True,22:17,83450,1,363
transport-0364,S,201710586167500,201710586431200,201710599017700,12.8502,SGACK|transport-0364|S|S|1|22:17|83464|1,[],,S,True,22:17,83464,1,364
transport-0365,P,201710599544400,201710599802900,201710611660600,12.1162,SGACK|transport-0365|P|S|1|22:17|83477|1,[],,S,True,22:17,83477,1,365
transport-0366,C,201710612100300,201710612303100,201710622985500,10.8852,SGACK|transport-0366|C|S|1|22:17|83489|1,[],,S,True,22:17,83489,1,366
transport-0367,E,201710623324900,201710623541200,201710631975900,8.651,SGACK|transport-0367|E|A|1|22:17|83498|1,[],,A,True,22:17,83498,1,367
transport-0368,K,201710644152000,201710644287600,201710645669300,1.5173,SGACK|transport-0368|K|S|1|22:17|83511|1,[],,S,True,22:17,83511,1,368
transport-0369,A,201710645892500,201710646023700,201710654545600,8.6531,SGACK|transport-0369|A|A|1|22:17|83520|1,[],,A,True,22:17,83520,1,369
transport-0370,T,201710666209500,201710666326400,201710667829200,1.6197,SGACK|transport-0370|T|S|1|22:17|83533|1,[],,S,True,22:17,83533,1,370
transport-0371,S,201710668041500,201710668201200,201710679396600,11.3551,SGACK|transport-0371|S|S|1|22:17|83545|1,[],,S,True,22:17,83545,1,371
transport-0372,P,201710679632700,201710679829500,201710691182300,11.5496,SGACK|transport-0372|P|S|1|22:17|83557|1,[],,S,True,22:17,83557,1,372
transport-0373,C,201710691459900,201710691580400,201710703056600,11.5967,SGACK|transport-0373|C|S|1|22:17|83568|1,[],,S,True,22:17,83568,1,373
transport-0374,E,201710703422300,201710703573700,201710712040800,8.6185,SGACK|transport-0374|E|A|1|22:17|83578|1,[],,A,True,22:17,83578,1,374
transport-0375,K,201710724210100,201710724361100,201710726020700,1.8106,SGACK|transport-0375|K|S|1|22:17|83591|1,[],,S,True,22:17,83591,1,375
transport-0376,A,201710726247400,201710726366600,201710735414200,9.1668,SGACK|transport-0376|A|A|1|22:17|83601|1,[],,A,True,22:17,83601,1,376
transport-0377,T,201710747273300,201710747432900,201710749162500,1.8892,SGACK|transport-0377|T|S|1|22:17|83614|1,[],,S,True,22:17,83614,1,377
transport-0378,S,201710749395500,201710749534400,201710761449400,12.0539,SGACK|transport-0378|S|S|1|22:17|83627|1,[],,S,True,22:17,83627,1,378
transport-0379,P,201710761765900,201710761914200,201710773233600,11.4677,SGACK|transport-0379|P|S|1|22:17|83639|1,[],,S,True,22:17,83639,1,379
transport-0380,C,201710773542200,201710773720300,201710785302700,11.7605,SGACK|transport-0380|C|S|1|22:17|83650|1,[],,S,True,22:17,83650,1,380
transport-0381,E,201710785856200,201710786057200,201710793957600,8.1014,SGACK|transport-0381|E|A|1|22:17|83660|1,[],,A,True,22:17,83660,1,381
transport-0382,K,201710806194200,201710806362300,201710808106000,1.9118,SGACK|transport-0382|K|S|1|22:17|83673|1,[],,S,True,22:17,83673,1,382
transport-0383,A,201710808329000,201710808451800,201710816973200,8.6442,SGACK|transport-0383|A|A|1|22:17|83683|1,[],,A,True,22:17,83683,1,383
transport-0384,T,201710829176900,201710829348800,201710830885000,1.7081,SGACK|transport-0384|T|S|1|22:17|83696|1,[],,S,True,22:17,83696,1,384
transport-0385,S,201710831095000,201710831240500,201710842423900,11.3289,SGACK|transport-0385|S|S|1|22:17|83708|1,[],,S,True,22:17,83708,1,385
transport-0386,P,201710842706500,201710842991300,201710854193500,11.487,SGACK|transport-0386|P|S|1|22:17|83720|1,[],,S,True,22:17,83720,1,386
transport-0387,C,201710854465500,201710854585600,201710865959700,11.4942,SGACK|transport-0387|C|S|1|22:17|83731|1,[],,S,True,22:17,83731,1,387
transport-0388,E,201710866252200,201710866387200,201710875015400,8.7632,SGACK|transport-0388|E|A|1|22:17|83741|1,[],,A,True,22:17,83741,1,388
transport-0389,K,201710887128600,201710887256800,201710888687900,1.5593,SGACK|transport-0389|K|S|1|22:17|83754|1,[],,S,True,22:17,83754,1,389
transport-0390,A,201710888897500,201710889013700,201710896967300,8.0698,SGACK|transport-0390|A|A|1|22:17|83763|1,[],,A,True,22:17,83763,1,390
transport-0391,T,201710908215700,201710908348100,201710909818700,1.603,SGACK|transport-0391|T|S|1|22:17|83775|1,[],,S,True,22:17,83775,1,391
transport-0392,S,201710910021800,201710910143100,201710921381600,11.3598,SGACK|transport-0392|S|S|1|22:17|83787|1,[],,S,True,22:17,83787,1,392
transport-0393,P,201710921636600,201710921765100,201710933155300,11.5187,SGACK|transport-0393|P|S|1|22:17|83799|1,[],,S,True,22:17,83799,1,393
transport-0394,C,201710933405100,201710933533600,201710944967700,11.5626,SGACK|transport-0394|C|S|1|22:17|83810|1,[],,S,True,22:17,83810,1,394
transport-0395,E,201710945232900,201710945353900,201710953979900,8.747,SGACK|transport-0395|E|A|1|22:17|83820|1,[],,A,True,22:17,83820,1,395
transport-0396,K,201710966182500,201710966317000,201710968099800,1.9173,SGACK|transport-0396|K|S|1|22:17|83833|1,[],,S,True,22:17,83833,1,396
transport-0397,A,201710968570200,201710968695600,201710977001300,8.4311,SGACK|transport-0397|A|A|1|22:17|83843|1,[],,A,True,22:17,83843,1,397
transport-0398,T,201710989174600,201710989317700,201710990813700,1.6391,SGACK|transport-0398|T|S|1|22:17|83856|1,[],,S,True,22:17,83856,1,398
transport-0399,S,201710991031900,201710991160700,201711002461400,11.4295,SGACK|transport-0399|S|S|1|22:17|83868|1,[],,S,True,22:17,83868,1,399
transport-0400,P,201711002770000,201711002915000,201711014535900,11.7659,SGACK|transport-0400|P|S|1|22:17|83880|1,[],,S,True,22:17,83880,1,400
transport-0401,C,201711015009300,201711015168600,201711026077500,11.0682,SGACK|transport-0401|C|S|1|22:17|83891|1,[],,S,True,22:17,83891,1,401
transport-0402,E,201711026423700,201711026552800,201711035501300,9.0776,SGACK|transport-0402|E|A|1|22:17|83901|1,[],,A,True,22:17,83901,1,402
transport-0403,K,201711047748300,201711048003200,201711049799900,2.0516,SGACK|transport-0403|K|S|1|22:17|83914|1,[],,S,True,22:17,83914,1,403
transport-0404,A,201711050053900,201711050264800,201711058004900,7.951,SGACK|transport-0404|A|A|1|22:17|83924|1,[],,A,True,22:17,83924,1,404
transport-0405,T,201711070237000,201711070386300,201711072128600,1.8916,SGACK|transport-0405|T|S|1|22:17|83937|1,[],,S,True,22:17,83937,1,405
transport-0406,S,201711072377700,201711072525200,201711084473000,12.0953,SGACK|transport-0406|S|S|1|22:17|83950|1,[],,S,True,22:17,83950,1,406
transport-0407,P,201711084837000,201711085069300,201711096257000,11.42,SGACK|transport-0407|P|S|1|22:17|83962|1,[],,S,True,22:17,83962,1,407
transport-0408,C,201711096513800,201711096694700,201711107985800,11.472,SGACK|transport-0408|C|S|1|22:17|83973|1,[],,S,True,22:17,83973,1,408
transport-0409,E,201711108270000,201711108434500,201711117010300,8.7403,SGACK|transport-0409|E|A|1|22:17|83983|1,[],,A,True,22:17,83983,1,409
transport-0410,K,201711129231500,201711129375500,201711131079600,1.8481,SGACK|transport-0410|K|S|1|22:17|83996|1,[],,S,True,22:17,83996,1,410
transport-0411,A,201711131286700,201711131428100,201711140452600,9.1659,SGACK|transport-0411|A|A|1|22:17|84006|1,[],,A,True,22:17,84006,1,411
transport-0412,T,201711152453600,201711152591700,201711153973400,1.5198,SGACK|transport-0412|T|S|1|22:17|84019|1,[],,S,True,22:17,84019,1,412
transport-0413,S,201711154228100,201711154429600,201711166430100,12.202,SGACK|transport-0413|S|S|1|22:17|84032|1,[],,S,True,22:17,84032,1,413
transport-0414,P,201711166681000,201711166842200,201711178256200,11.5752,SGACK|transport-0414|P|S|1|22:17|84044|1,[],,S,True,22:17,84044,1,414
transport-0415,C,201711178520300,201711178652500,201711190351400,11.8311,SGACK|transport-0415|C|S|1|22:17|84055|1,[],,S,True,22:17,84055,1,415
transport-0416,E,201711190732200,201711190927400,201711199006400,8.2742,SGACK|transport-0416|E|A|1|22:17|84065|1,[],,A,True,22:17,84065,1,416
transport-0417,K,201711211125500,201711211337100,201711212613600,1.4881,SGACK|transport-0417|K|S|1|22:17|84078|1,[],,S,True,22:17,84078,1,417
transport-0418,A,201711212827800,201711212956200,201711221001000,8.1732,SGACK|transport-0418|A|A|1|22:17|84087|1,[],,A,True,22:17,84087,1,418
transport-0419,T,201711233147700,201711233261200,201711235065900,1.9182,SGACK|transport-0419|T|S|1|22:17|84099|1,[],,S,True,22:17,84099,1,419
transport-0420,S,201711235327800,201711235543600,201711250420900,15.0931,SGACK|transport-0420|S|S|1|22:17|84116|1,[],,S,True,22:17,84116,1,420
transport-0421,P,201711250675900,201711250907200,201711262272500,11.5966,SGACK|transport-0421|P|S|1|22:17|84128|1,[],,S,True,22:17,84128,1,421
transport-0422,C,201711262587700,201711262714200,201711273914800,11.3271,SGACK|transport-0422|C|S|1|22:17|84139|1,[],,S,True,22:17,84139,1,422
transport-0423,E,201711274173400,201711274301900,201711283029500,8.8561,SGACK|transport-0423|E|A|1|22:17|84149|1,[],,A,True,22:17,84149,1,423
transport-0424,K,201711295214400,201711295367100,201711297353600,2.1392,SGACK|transport-0424|K|S|1|22:17|84162|1,[],,S,True,22:17,84162,1,424
transport-0425,A,201711297572900,201711297690400,201711305973200,8.4003,SGACK|transport-0425|A|A|1|22:17|84172|1,[],,A,True,22:17,84172,1,425
transport-0426,T,201711318421000,201711318544800,201711319996300,1.5753,SGACK|transport-0426|T|S|1|22:17|84185|1,[],,S,True,22:17,84185,1,426
transport-0427,S,201711320212600,201711320339500,201711332362900,12.1503,SGACK|transport-0427|S|S|1|22:17|84198|1,[],,S,True,22:17,84198,1,427
transport-0428,P,201711332583900,201711332720600,201711344219300,11.6354,SGACK|transport-0428|P|S|1|22:17|84210|1,[],,S,True,22:17,84210,1,428
transport-0429,C,201711344528000,201711344653300,201711355890400,11.3624,SGACK|transport-0429|C|S|1|22:17|84221|1,[],,S,True,22:17,84221,1,429
transport-0430,E,201711356160100,201711356280500,201711364967500,8.8074,SGACK|transport-0430|E|A|1|22:17|84231|1,[],,A,True,22:17,84231,1,430
transport-0431,K,201711377223700,201711377353700,201711378900500,1.6768,SGACK|transport-0431|K|S|1|22:17|84244|1,[],,S,True,22:17,84244,1,431
transport-0432,A,201711379115300,201711379240200,201711387014800,7.8995,SGACK|transport-0432|A|A|1|22:17|84253|1,[],,A,True,22:17,84253,1,432
transport-0433,T,201711399132900,201711399247200,201711400556900,1.424,SGACK|transport-0433|T|S|1|22:17|84265|1,[],,S,True,22:17,84265,1,433
transport-0434,S,201711400751100,201711401034400,201711413282600,12.5315,SGACK|transport-0434|S|S|1|22:17|84278|1,[],,S,True,22:17,84278,1,434
transport-0435,P,201711413697800,201711413907600,201711425214100,11.5163,SGACK|transport-0435|P|S|1|22:17|84291|1,[],,S,True,22:17,84291,1,435
transport-0436,C,201711425496300,201711425615400,201711436983800,11.4875,SGACK|transport-0436|C|S|1|22:17|84302|1,[],,S,True,22:17,84302,1,436
transport-0437,E,201711437272300,201711437397800,201711445993300,8.721,SGACK|transport-0437|E|A|1|22:17|84312|1,[],,A,True,22:17,84312,1,437
transport-0438,K,201711458272900,201711458468800,201711460170500,1.8976,SGACK|transport-0438|K|S|1|22:17|84325|1,[],,S,True,22:17,84325,1,438
transport-0439,A,201711460391600,201711460573800,201711468953700,8.5621,SGACK|transport-0439|A|A|1|22:17|84335|1,[],,A,True,22:17,84335,1,439
transport-0440,T,201711481189200,201711481369400,201711483325400,2.1362,SGACK|transport-0440|T|S|1|22:17|84348|1,[],,S,True,22:17,84348,1,440
transport-0441,S,201711483545400,201711483754600,201711495367200,11.8218,SGACK|transport-0441|S|S|1|22:17|84361|1,[],,S,True,22:17,84361,1,441
transport-0442,P,201711495707300,201711496143600,201711507323700,11.6164,SGACK|transport-0442|P|S|1|22:17|84373|1,[],,S,True,22:17,84373,1,442
transport-0443,C,201711507607200,201711507724700,201711519016000,11.4088,SGACK|transport-0443|C|S|1|22:17|84384|1,[],,S,True,22:17,84384,1,443
transport-0444,E,201711519312300,201711519424600,201711528157800,8.8455,SGACK|transport-0444|E|A|1|22:17|84394|1,[],,A,True,22:17,84394,1,444
transport-0445,K,201711540353100,201711540520300,201711541966400,1.6133,SGACK|transport-0445|K|S|1|22:17|84407|1,[],,S,True,22:17,84407,1,445
transport-0446,A,201711542192200,201711542327000,201711550994600,8.8024,SGACK|transport-0446|A|A|1|22:17|84417|1,[],,A,True,22:17,84417,1,446
transport-0447,T,201711563236400,201711563393600,201711564907800,1.6714,SGACK|transport-0447|T|S|1|22:17|84430|1,[],,S,True,22:17,84430,1,447
transport-0448,S,201711565160700,201711565366300,201711577418400,12.2577,SGACK|transport-0448|S|S|1|22:17|84443|1,[],,S,True,22:17,84443,1,448
transport-0449,P,201711577696000,201711577842200,201711589129700,11.4337,SGACK|transport-0449|P|S|1|22:17|84455|1,[],,S,True,22:17,84455,1,449
transport-0450,C,201711589422100,201711589565300,201711601016600,11.5945,SGACK|transport-0450|C|S|1|22:17|84466|1,[],,S,True,22:17,84466,1,450
transport-0451,E,201711601317400,201711601596900,201711609981600,8.6642,SGACK|transport-0451|E|A|1|22:17|84476|1,[],,A,True,22:17,84476,1,451
transport-0452,K,201711622254200,201711622508100,201711624535200,2.281,SGACK|transport-0452|K|S|1|22:17|84489|1,[],,S,True,22:17,84489,1,452
transport-0453,A,201711624856500,201711625021400,201711632960000,8.1035,SGACK|transport-0453|A|A|1|22:17|84499|1,[],,A,True,22:17,84499,1,453
transport-0454,T,201711645212500,201711645349600,201711647032200,1.8197,SGACK|transport-0454|T|S|1|22:17|84512|1,[],,S,True,22:17,84512,1,454
transport-0455,S,201711647252200,201711647436800,201711659359100,12.1069,SGACK|transport-0455|S|S|1|22:17|84525|1,[],,S,True,22:17,84525,1,455
transport-0456,P,201711659673700,201711659834500,201711671200400,11.5267,SGACK|transport-0456|P|S|1|22:17|84537|1,[],,S,True,22:17,84537,1,456
transport-0457,C,201711671518400,201711671643100,201711682891300,11.3729,SGACK|transport-0457|C|S|1|22:17|84548|1,[],,S,True,22:17,84548,1,457
transport-0458,E,201711683131800,201711683345800,201711691016800,7.885,SGACK|transport-0458|E|A|1|22:17|84557|1,[],,A,True,22:17,84557,1,458
transport-0459,K,201711704380000,201711704629500,201711706710200,2.3302,SGACK|transport-0459|K|S|1|22:17|84571|1,[],,S,True,22:17,84571,1,459
transport-0460,A,201711707035700,201711707233400,201711715013900,7.9782,SGACK|transport-0460|A|A|1|22:17|84581|1,[],,A,True,22:17,84581,1,460
transport-0461,T,201711727211100,201711727335900,201711728957100,1.746,SGACK|transport-0461|T|S|1|22:17|84594|1,[],,S,True,22:17,84594,1,461
transport-0462,S,201711729181500,201711729365900,201711741373500,12.192,SGACK|transport-0462|S|S|1|22:17|84607|1,[],,S,True,22:17,84607,1,462
transport-0463,P,201711741626800,201711741797100,201711753689600,12.0628,SGACK|transport-0463|P|S|1|22:17|84619|1,[],,S,True,22:17,84619,1,463
transport-0464,C,201711754098800,201711754292500,201711764912700,10.8139,SGACK|transport-0464|C|S|1|22:17|84631|1,[],,S,True,22:17,84631,1,464
transport-0465,E,201711765191200,201711765354700,201711774399200,9.208,SGACK|transport-0465|E|A|1|22:17|84640|1,[],,A,True,22:17,84640,1,465
transport-0466,K,201711786678900,201711786858700,201711788218800,1.5399,SGACK|transport-0466|K|S|1|22:17|84653|1,[],,S,True,22:17,84653,1,466
transport-0467,A,201711788439500,201711788580000,201711796931500,8.492,SGACK|transport-0467|A|A|1|22:17|84663|1,[],,A,True,22:17,84663,1,467
transport-0468,T,201711809717000,201711809943700,201711811981800,2.2648,SGACK|transport-0468|T|S|1|22:17|84676|1,[],,S,True,22:17,84676,1,468
transport-0469,S,201711812411700,201711812622900,201711824428100,12.0164,SGACK|transport-0469|S|S|1|22:17|84690|1,[],,S,True,22:17,84690,1,469
transport-0470,P,201711824757300,201711824930800,201711836117300,11.36,SGACK|transport-0470|P|S|1|22:17|84702|1,[],,S,True,22:17,84702,1,470
transport-0471,C,201711836410500,201711836564900,201711847908200,11.4977,SGACK|transport-0471|C|S|1|22:17|84713|1,[],,S,True,22:17,84713,1,471
transport-0472,E,201711848186400,201711848309500,201711856980000,8.7936,SGACK|transport-0472|E|A|1|22:17|84723|1,[],,A,True,22:17,84723,1,472
transport-0473,K,201711869777800,201711870028500,201711871880300,2.1025,SGACK|transport-0473|K|S|1|22:17|84736|1,[],,S,True,22:17,84736,1,473
transport-0474,A,201711872273100,201711872629100,201711880949400,8.6763,SGACK|transport-0474|A|A|1|22:17|84747|1,[],,A,True,22:17,84747,1,474
transport-0475,T,201711893239500,201711893370000,201711894913000,1.6735,SGACK|transport-0475|T|S|1|22:17|84760|1,[],,S,True,22:17,84760,1,475
transport-0476,S,201711895187000,201711895356200,201711907367100,12.1801,SGACK|transport-0476|S|S|1|22:17|84773|1,[],,S,True,22:17,84773,1,476
transport-0477,P,201711907701300,201711907849400,201711919125200,11.4239,SGACK|transport-0477|P|S|1|22:17|84785|1,[],,S,True,22:17,84785,1,477
transport-0478,C,201711919465300,201711919655900,201711930888900,11.4236,SGACK|transport-0478|C|S|1|22:17|84796|1,[],,S,True,22:17,84796,1,478
transport-0479,E,201711931161800,201711931280100,201711939931100,8.7693,SGACK|transport-0479|E|A|1|22:17|84806|1,[],,A,True,22:17,84806,1,479
transport-0480,K,201711952535200,201711952804800,201711954337600,1.8024,SGACK|transport-0480|K|S|1|22:17|84819|1,[],,S,True,22:17,84819,1,480
transport-0481,A,201711954574500,201711954713800,201711962914000,8.3395,SGACK|transport-0481|A|A|1|22:17|84829|1,[],,A,True,22:17,84829,1,481
transport-0482,T,201711975243900,201711975415100,201711976891500,1.6476,SGACK|transport-0482|T|S|1|22:17|84842|1,[],,S,True,22:17,84842,1,482
transport-0483,S,201711977096700,201711977214900,201711988463700,11.367,SGACK|transport-0483|S|S|1|22:17|84854|1,[],,S,True,22:17,84854,1,483
transport-0484,P,201711988754000,201711988937800,201712000279500,11.5255,SGACK|transport-0484|P|S|1|22:17|84866|1,[],,S,True,22:17,84866,1,484
transport-0485,C,201712000808200,201712001094500,201712012323000,11.5148,SGACK|transport-0485|C|S|1|22:17|84877|1,[],,S,True,22:17,84877,1,485
transport-0486,E,201712012865700,201712013075700,201712021391200,8.5255,SGACK|transport-0486|E|A|1|22:17|84887|1,[],,A,True,22:17,84887,1,486
transport-0487,K,201712033352400,201712033602700,201712035725500,2.3731,SGACK|transport-0487|K|S|1|22:17|84900|1,[],,S,True,22:17,84900,1,487
transport-0488,A,201712036135100,201712036339000,201712045405900,9.2708,SGACK|transport-0488|A|A|1|22:17|84911|1,[],,A,True,22:17,84911,1,488
transport-0489,T,201712057696900,201712057896100,201712059398300,1.7014,SGACK|transport-0489|T|S|1|22:17|84924|1,[],,S,True,22:17,84924,1,489
transport-0490,S,201712059641100,201712059815200,201712071765900,12.1248,SGACK|transport-0490|S|S|1|22:17|84937|1,[],,S,True,22:17,84937,1,490
transport-0491,P,201712072163500,201712072382200,201712084134100,11.9706,SGACK|transport-0491|P|S|1|22:17|84950|1,[],,S,True,22:17,84950,1,491
transport-0492,C,201712084540500,201712084786500,201712095903900,11.3634,SGACK|transport-0492|C|S|1|22:17|84961|1,[],,S,True,22:17,84961,1,492
transport-0493,E,201712096203400,201712096337900,201712105077900,8.8745,SGACK|transport-0493|E|A|1|22:17|84971|1,[],,A,True,22:17,84971,1,493
transport-0494,K,201712117166000,201712117374800,201712119432000,2.266,SGACK|transport-0494|K|S|1|22:17|84984|1,[],,S,True,22:17,84984,1,494
transport-0495,A,201712119679600,201712119862400,201712127908100,8.2285,SGACK|transport-0495|A|A|1|22:17|84994|1,[],,A,True,22:17,84994,1,495
transport-0496,T,201712140757200,201712140935100,201712142244000,1.4868,SGACK|transport-0496|T|S|1|22:17|85007|1,[],,S,True,22:17,85007,1,496
transport-0497,S,201712142468300,201712142653500,201712154349400,11.8811,SGACK|transport-0497|S|S|1|22:17|85020|1,[],,S,True,22:17,85020,1,497
transport-0498,P,201712154624100,201712154777600,201712166605900,11.9818,SGACK|transport-0498|P|S|1|22:17|85032|1,[],,S,True,22:17,85032,1,498
transport-0499,C,201712166933400,201712167111900,201712177942100,11.0087,SGACK|transport-0499|C|S|1|22:17|85043|1,[],,S,True,22:17,85043,1,499
transport-0500,E,201712178205500,201712178380400,201712187570000,9.3645,SGACK|transport-0500|E|A|1|22:17|85053|1,[],,A,True,22:17,85053,1,500
transport-0501,K,201712199133500,201712199260600,201712201365300,2.2318,SGACK|transport-0501|K|S|1|22:17|85066|1,[],,S,True,22:17,85066,1,501
transport-0502,A,201712201759500,201712202142400,201712209943000,8.1835,SGACK|transport-0502|A|A|1|22:17|85076|1,[],,A,True,22:17,85076,1,502
transport-0503,T,201712222195900,201712222350000,201712224018700,1.8228,SGACK|transport-0503|T|S|1|22:17|85089|1,[],,S,True,22:17,85089,1,503
transport-0504,S,201712224243100,201712224375900,201712236409200,12.1661,SGACK|transport-0504|S|S|1|22:17|85102|1,[],,S,True,22:17,85102,1,504
transport-0505,P,201712236710200,201712236896500,201712248361300,11.6511,SGACK|transport-0505|P|S|1|22:17|85114|1,[],,S,True,22:17,85114,1,505
transport-0506,C,201712248619900,201712248788200,201712259862500,11.2426,SGACK|transport-0506|C|S|1|22:17|85125|1,[],,S,True,22:17,85125,1,506
transport-0507,E,201712260143500,201712260259100,201712269343100,9.1996,SGACK|transport-0507|E|A|1|22:17|85135|1,[],,A,True,22:17,85135,1,507
transport-0508,K,201712281158000,201712281299800,201712282859200,1.7012,SGACK|transport-0508|K|S|1|22:17|85148|1,[],,S,True,22:17,85148,1,508
transport-0509,A,201712283084200,201712283257100,201712290970400,7.8862,SGACK|transport-0509|A|A|1|22:17|85157|1,[],,A,True,22:17,85157,1,509
transport-0510,T,201712303716400,201712303897600,201712305245000,1.5286,SGACK|transport-0510|T|S|1|22:17|85170|1,[],,S,True,22:17,85170,1,510
transport-0511,S,201712305462700,201712305616400,201712317432200,11.9695,SGACK|transport-0511|S|S|1|22:17|85183|1,[],,S,True,22:17,85183,1,511
transport-0512,P,201712317708100,201712317985400,201712329113000,11.4049,SGACK|transport-0512|P|S|1|22:17|85195|1,[],,S,True,22:17,85195,1,512
transport-0513,C,201712329364900,201712329506800,201712340897300,11.5324,SGACK|transport-0513|C|S|1|22:17|85206|1,[],,S,True,22:17,85206,1,513
transport-0514,E,201712341175700,201712341509500,201712349906700,8.731,SGACK|transport-0514|E|A|1|22:17|85216|1,[],,A,True,22:17,85216,1,514
transport-0515,K,201712362716000,201712362960800,201712364532900,1.8169,SGACK|transport-0515|K|S|1|22:17|85229|1,[],,S,True,22:17,85229,1,515
transport-0516,A,201712364780700,201712364911000,201712372976900,8.1962,SGACK|transport-0516|A|A|1|22:17|85239|1,[],,A,True,22:17,85239,1,516
transport-0517,T,201712385243800,201712385382400,201712386786800,1.543,SGACK|transport-0517|T|S|1|22:17|85252|1,[],,S,True,22:17,85252,1,517
transport-0518,S,201712387027300,201712387181500,201712398353400,11.3261,SGACK|transport-0518|S|S|1|22:17|85264|1,[],,S,True,22:17,85264,1,518
transport-0519,P,201712398582100,201712398721900,201712410139100,11.557,SGACK|transport-0519|P|S|1|22:17|85276|1,[],,S,True,22:17,85276,1,519
transport-0520,C,201712410407700,201712410529500,201712421951000,11.5433,SGACK|transport-0520|C|S|1|22:17|85287|1,[],,S,True,22:17,85287,1,520
transport-0521,E,201712422233400,201712422348600,201712431416200,9.1828,SGACK|transport-0521|E|A|1|22:17|85297|1,[],,A,True,22:17,85297,1,521
transport-0522,K,201712443563300,201712443822300,201712445314800,1.7515,SGACK|transport-0522|K|S|1|22:17|85310|1,[],,S,True,22:17,85310,1,522
transport-0523,A,201712445547100,201712445718800,201712453941900,8.3948,SGACK|transport-0523|A|A|1|22:17|85320|1,[],,A,True,22:17,85320,1,523
transport-0524,T,201712466203300,201712466332400,201712468108500,1.9052,SGACK|transport-0524|T|S|1|22:17|85333|1,[],,S,True,22:17,85333,1,524
transport-0525,S,201712468461600,201712468644100,201712480311600,11.85,SGACK|transport-0525|S|S|1|22:17|85346|1,[],,S,True,22:17,85346,1,525
transport-0526,P,201712480553900,201712480704100,201712492144500,11.5906,SGACK|transport-0526|P|S|1|22:17|85358|1,[],,S,True,22:17,85358,1,526
transport-0527,C,201712492417300,201712492561900,201712504014600,11.5973,SGACK|transport-0527|C|S|1|22:17|85369|1,[],,S,True,22:17,85369,1,527
transport-0528,E,201712504274500,201712504419000,201712513538900,9.2644,SGACK|transport-0528|E|A|1|22:17|85379|1,[],,A,True,22:17,85379,1,528
transport-0529,K,201712525148100,201712525314900,201712527312100,2.164,SGACK|transport-0529|K|S|1|22:17|85392|1,[],,S,True,22:17,85392,1,529
transport-0530,A,201712527795600,201712527957100,201712535989400,8.1938,SGACK|transport-0530|A|A|1|22:17|85402|1,[],,A,True,22:17,85402,1,530
transport-0531,T,201712548203800,201712548338900,201712549870000,1.6662,SGACK|transport-0531|T|S|1|22:17|85415|1,[],,S,True,22:17,85415,1,531
transport-0532,S,201712550097300,201712550220900,201712562379200,12.2819,SGACK|transport-0532|S|S|1|22:17|85428|1,[],,S,True,22:17,85428,1,532
transport-0533,P,201712562650000,201712562802000,201712574513100,11.8631,SGACK|transport-0533|P|S|1|22:17|85440|1,[],,S,True,22:17,85440,1,533
transport-0534,C,201712574970200,201712575132300,201712586377800,11.4076,SGACK|transport-0534|C|S|1|22:17|85451|1,[],,S,True,22:17,85451,1,534
transport-0535,E,201712586828600,201712587011500,201712594940400,8.1118,SGACK|transport-0535|E|A|1|22:17|85461|1,[],,A,True,22:17,85461,1,535
transport-0536,K,201712607733500,201712607926600,201712610095700,2.3622,SGACK|transport-0536|K|S|1|22:17|85474|1,[],,S,True,22:17,85474,1,536
transport-0537,A,201712610501400,201712610693900,201712618909100,8.4077,SGACK|transport-0537|A|A|1|22:17|85485|1,[],,A,True,22:17,85485,1,537
transport-0538,T,201712631094600,201712631218100,201712632898200,1.8036,SGACK|transport-0538|T|S|1|22:17|85497|1,[],,S,True,22:17,85497,1,538
transport-0539,S,201712633118200,201712633353800,201712645277900,12.1597,SGACK|transport-0539|S|S|1|22:17|85511|1,[],,S,True,22:17,85511,1,539
transport-0540,P,201712645536700,201712645676300,201712657152200,11.6155,SGACK|transport-0540|P|S|1|22:17|85523|1,[],,S,True,22:17,85523,1,540
transport-0541,C,201712657457400,201712657664700,201712669035600,11.5782,SGACK|transport-0541|C|S|1|22:17|85534|1,[],,S,True,22:17,85534,1,541
transport-0542,E,201712669457500,201712669609000,201712677931300,8.4738,SGACK|transport-0542|E|A|1|22:17|85544|1,[],,A,True,22:17,85544,1,542
transport-0543,K,201712690455200,201712690670900,201712692271100,1.8159,SGACK|transport-0543|K|S|1|22:17|85557|1,[],,S,True,22:17,85557,1,543
transport-0544,A,201712692500700,201712692626000,201712701579800,9.0791,SGACK|transport-0544|A|A|1|22:17|85567|1,[],,A,True,22:17,85567,1,544
transport-0545,T,201712713778700,201712714012600,201712715790400,2.0117,SGACK|transport-0545|T|S|1|22:17|85580|1,[],,S,True,22:17,85580,1,545
transport-0546,S,201712716121300,201712716359500,201712728404500,12.2832,SGACK|transport-0546|S|S|1|22:17|85594|1,[],,S,True,22:17,85594,1,546
transport-0547,P,201712728686700,201712728914600,201712740170300,11.4836,SGACK|transport-0547|P|S|1|22:17|85606|1,[],,S,True,22:17,85606,1,547
transport-0548,C,201712740433200,201712740550600,201712751925500,11.4923,SGACK|transport-0548|C|S|1|22:17|85617|1,[],,S,True,22:17,85617,1,548
transport-0549,E,201712752221900,201712752342500,201712760874200,8.6523,SGACK|transport-0549|E|A|1|22:17|85627|1,[],,A,True,22:17,85627,1,549
transport-0550,K,201712772123000,201712772254900,201712773851500,1.7285,SGACK|transport-0550|K|S|1|22:17|85639|1,[],,S,True,22:17,85639,1,550
transport-0551,A,201712774049900,201712774162100,201712781981100,7.9312,SGACK|transport-0551|A|A|1|22:17|85648|1,[],,A,True,22:17,85648,1,551
transport-0552,T,201712794128600,201712794249900,201712795782900,1.6543,SGACK|transport-0552|T|S|1|22:17|85661|1,[],,S,True,22:17,85661,1,552
transport-0553,S,201712795964400,201712796079500,201712807287000,11.3226,SGACK|transport-0553|S|S|1|22:17|85673|1,[],,S,True,22:17,85673,1,553
transport-0554,P,201712807531400,201712807659100,201712819197800,11.6664,SGACK|transport-0554|P|S|1|22:17|85685|1,[],,S,True,22:17,85685,1,554
transport-0555,C,201712819530000,201712819710000,201712830895900,11.3659,SGACK|transport-0555|C|S|1|22:17|85696|1,[],,S,True,22:17,85696,1,555
transport-0556,E,201712831172500,201712831350100,201712839922700,8.7502,SGACK|transport-0556|E|A|1|22:17|85706|1,[],,A,True,22:17,85706,1,556
transport-0557,K,201712852154700,201712852321000,201712853915400,1.7607,SGACK|transport-0557|K|S|1|22:17|85719|1,[],,S,True,22:17,85719,1,557
transport-0558,A,201712854145800,201712854284500,201712862899700,8.7539,SGACK|transport-0558|A|A|1|22:17|85729|1,[],,A,True,22:17,85729,1,558
transport-0559,T,201712875130700,201712875248900,201712876841100,1.7104,SGACK|transport-0559|T|S|1|22:17|85742|1,[],,S,True,22:17,85742,1,559
transport-0560,S,201712877060000,201712877187100,201712888372100,11.3121,SGACK|transport-0560|S|S|1|22:17|85754|1,[],,S,True,22:17,85754,1,560
transport-0561,P,201712888651700,201712888783800,201712900154400,11.5027,SGACK|transport-0561|P|S|1|22:17|85766|1,[],,S,True,22:17,85766,1,561
transport-0562,C,201712900502000,201712900610700,201712911903300,11.4013,SGACK|transport-0562|C|S|1|22:17|85777|1,[],,S,True,22:17,85777,1,562
transport-0563,E,201712912168400,201712912284000,201712920947300,8.7789,SGACK|transport-0563|E|A|1|22:17|85787|1,[],,A,True,22:17,85787,1,563
transport-0564,K,201712933101500,201712933285700,201712935309000,2.2075,SGACK|transport-0564|K|S|1|22:17|85800|1,[],,S,True,22:17,85800,1,564
transport-0565,A,201712935601600,201712935889100,201712943989400,8.3878,SGACK|transport-0565|A|A|1|22:17|85810|1,[],,A,True,22:17,85810,1,565
transport-0566,T,201712956119600,201712956246300,201712957930300,1.8107,SGACK|transport-0566|T|S|1|22:17|85823|1,[],,S,True,22:17,85823,1,566
transport-0567,S,201712958161300,201712958296700,201712970318100,12.1568,SGACK|transport-0567|S|S|1|22:17|85836|1,[],,S,True,22:17,85836,1,567
transport-0568,P,201712970616200,201712970751000,201712982275000,11.6588,SGACK|transport-0568|P|S|1|22:17|85848|1,[],,S,True,22:17,85848,1,568
transport-0569,C,201712982602400,201712982746100,201712993938700,11.3363,SGACK|transport-0569|C|S|1|22:17|85859|1,[],,S,True,22:17,85859,1,569
transport-0570,E,201712994210500,201712994321500,201713002968600,8.7581,SGACK|transport-0570|E|A|1|22:17|85869|1,[],,A,True,22:17,85869,1,570
transport-0571,K,201713015355700,201713015529900,201713017199000,1.8433,SGACK|transport-0571|K|S|1|22:17|85882|1,[],,S,True,22:17,85882,1,571
transport-0572,A,201713017878600,201713018138900,201713026516600,8.638,SGACK|transport-0572|A|A|1|22:17|85892|1,[],,A,True,22:17,85892,1,572
transport-0573,T,201713038167400,201713038338800,201713040271600,2.1042,SGACK|transport-0573|T|S|1|22:17|85905|1,[],,S,True,22:17,85905,1,573
transport-0574,S,201713040519300,201713040669600,201713052384900,11.8656,SGACK|transport-0574|S|S|1|22:17|85918|1,[],,S,True,22:17,85918,1,574
transport-0575,P,201713052707400,201713052887400,201713064150700,11.4433,SGACK|transport-0575|P|S|1|22:17|85930|1,[],,S,True,22:17,85930,1,575
transport-0576,C,201713064520800,201713064748500,201713075885600,11.3648,SGACK|transport-0576|C|S|1|22:17|85941|1,[],,S,True,22:17,85941,1,576
transport-0577,E,201713076190700,201713076385200,201713085059400,8.8687,SGACK|transport-0577|E|A|1|22:17|85951|1,[],,A,True,22:17,85951,1,577
transport-0578,K,201713097080700,201713097220900,201713098815900,1.7352,SGACK|transport-0578|K|S|1|22:17|85964|1,[],,S,True,22:17,85964,1,578
transport-0579,A,201713099022500,201713099132600,201713106896300,7.8738,SGACK|transport-0579|A|A|1|22:17|85973|1,[],,A,True,22:17,85973,1,579
transport-0580,T,201713119159200,201713119322100,201713121206300,2.0471,SGACK|transport-0580|T|S|1|22:17|85986|1,[],,S,True,22:17,85986,1,580
transport-0581,S,201713121590800,201713121768100,201713133959900,12.3691,SGACK|transport-0581|S|S|1|22:17|85999|1,[],,S,True,22:17,85999,1,581
transport-0582,P,201713134711300,201713135359400,201713146107100,11.3958,SGACK|transport-0582|P|S|1|22:17|86012|1,[],,S,True,22:17,86012,1,582
transport-0583,C,201713146390300,201713146528000,201713157872000,11.4817,SGACK|transport-0583|C|S|1|22:17|86023|1,[],,S,True,22:17,86023,1,583
transport-0584,E,201713158142400,201713158295200,201713167763500,9.6211,SGACK|transport-0584|E|A|1|22:17|86033|1,[],,A,True,22:17,86033,1,584
transport-0585,K,201713180196300,201713180412800,201713181846800,1.6505,SGACK|transport-0585|K|S|1|22:17|86047|1,[],,S,True,22:17,86047,1,585
transport-0586,A,201713182053800,201713182163600,201713189923900,7.8701,SGACK|transport-0586|A|A|1|22:17|86056|1,[],,A,True,22:17,86056,1,586
transport-0587,T,201713202154100,201713202323300,201713204207200,2.0531,SGACK|transport-0587|T|S|1|22:17|86069|1,[],,S,True,22:17,86069,1,587
transport-0588,S,201713204538000,201713204677600,201713216441400,11.9034,SGACK|transport-0588|S|S|1|22:17|86082|1,[],,S,True,22:17,86082,1,588
transport-0589,P,201713216741000,201713216990700,201713228113100,11.3721,SGACK|transport-0589|P|S|1|22:17|86094|1,[],,S,True,22:17,86094,1,589
transport-0590,C,201713228395100,201713228534900,201713239891300,11.4962,SGACK|transport-0590|C|S|1|22:17|86105|1,[],,S,True,22:17,86105,1,590
transport-0591,E,201713240180700,201713240344900,201713252933700,12.753,SGACK|transport-0591|E|A|1|22:17|86119|1,[],,A,True,22:17,86119,1,591
transport-0592,K,201713265030100,201713265157400,201713266571800,1.5417,SGACK|transport-0592|K|S|1|22:17|86132|1,[],,S,True,22:17,86132,1,592
transport-0593,A,201713266771000,201713266891100,201713274935100,8.1641,SGACK|transport-0593|A|A|1|22:17|86141|1,[],,A,True,22:17,86141,1,593
transport-0594,T,201713287092100,201713287240500,201713288694200,1.6021,SGACK|transport-0594|T|S|1|22:17|86154|1,[],,S,True,22:17,86154,1,594
transport-0595,S,201713288896100,201713289017400,201713300422300,11.5262,SGACK|transport-0595|S|S|1|22:17|86166|1,[],,S,True,22:17,86166,1,595
transport-0596,P,201713300702600,201713300912200,201713312134000,11.4314,SGACK|transport-0596|P|S|1|22:17|86178|1,[],,S,True,22:17,86178,1,596
transport-0597,C,201713312391100,201713312517800,201713323846300,11.4552,SGACK|transport-0597|C|S|1|22:17|86189|1,[],,S,True,22:17,86189,1,597
transport-0598,E,201713324112800,201713324232000,201713332857800,8.745,SGACK|transport-0598|E|A|1|22:17|86199|1,[],,A,True,22:17,86199,1,598
transport-0599,K,201713344107900,201713344247800,201713346132500,2.0246,SGACK|transport-0599|K|S|1|22:17|86211|1,[],,S,True,22:17,86211,1,599
transport-0600,A,201713346355200,201713346558600,201713354880900,8.5257,SGACK|transport-0600|A|A|1|22:17|86221|1,[],,A,True,22:17,86221,1,600
transport-0601,T,201713367332600,201713367798600,201713370242600,2.91,SGACK|transport-0601|T|S|1|22:17|86234|1,[],,S,True,22:17,86234,1,601
transport-0602,S,201713370599300,201713370876100,201713382290200,11.6909,SGACK|transport-0602|S|S|1|22:17|86248|1,[],,S,True,22:17,86248,1,602
transport-0603,P,201713382521000,201713382788000,201713394702300,12.1813,SGACK|transport-0603|P|S|1|22:17|86260|1,[],,S,True,22:17,86260,1,603
transport-0604,C,201713395055500,201713395315000,201713406886500,11.831,SGACK|transport-0604|C|S|1|22:17|86272|1,[],,S,True,22:17,86272,1,604
transport-0605,E,201713407167800,201713407393100,201713415950600,8.7828,SGACK|transport-0605|E|A|1|22:17|86282|1,[],,A,True,22:17,86282,1,605
transport-0606,K,201713428060700,201713428195200,201713429870400,1.8097,SGACK|transport-0606|K|S|1|22:17|86295|1,[],,S,True,22:17,86295,1,606
transport-0607,A,201713430098400,201713430224200,201713438914100,8.8157,SGACK|transport-0607|A|A|1|22:17|86305|1,[],,A,True,22:17,86305,1,607
transport-0608,T,201713451748400,201713451944200,201713453330400,1.582,SGACK|transport-0608|T|S|1|22:17|86318|1,[],,S,True,22:17,86318,1,608
transport-0609,S,201713453543400,201713453666400,201713465332300,11.7889,SGACK|transport-0609|S|S|1|22:17|86331|1,[],,S,True,22:17,86331,1,609
transport-0610,P,201713465609800,201713465876700,201713477128200,11.5184,SGACK|transport-0610|P|S|1|22:17|86343|1,[],,S,True,22:17,86343,1,610
transport-0611,C,201713477446400,201713477674900,201713488854100,11.4077,SGACK|transport-0611|C|S|1|22:17|86354|1,[],,S,True,22:17,86354,1,611
transport-0612,E,201713489146800,201713489286000,201713497948900,8.8021,SGACK|transport-0612|E|A|1|22:17|86364|1,[],,A,True,22:17,86364,1,612
transport-0613,K,201713510122300,201713510388500,201713512006700,1.8844,SGACK|transport-0613|K|S|1|22:17|86377|1,[],,S,True,22:17,86377,1,613
transport-0614,A,201713512236600,201713512365400,201713520907100,8.6705,SGACK|transport-0614|A|A|1|22:17|86387|1,[],,A,True,22:17,86387,1,614
transport-0615,T,201713533096300,201713533218500,201713534902900,1.8066,SGACK|transport-0615|T|S|1|22:17|86400|1,[],,S,True,22:17,86400,1,615
transport-0616,S,201713535162300,201713535290900,201713547373300,12.211,SGACK|transport-0616|S|S|1|22:17|86413|1,[],,S,True,22:17,86413,1,616
transport-0617,P,201713547624200,201713547752700,201713559064800,11.4406,SGACK|transport-0617|P|S|1|22:17|86425|1,[],,S,True,22:17,86425,1,617
transport-0618,C,201713559325500,201713559516100,201713571070100,11.7446,SGACK|transport-0618|C|S|1|22:17|86436|1,[],,S,True,22:17,86436,1,618
transport-0619,E,201713571435100,201713571562500,201713579848400,8.4133,SGACK|transport-0619|E|A|1|22:17|86446|1,[],,A,True,22:17,86446,1,619
transport-0620,K,201713591158800,201713591288900,201713592816700,1.6579,SGACK|transport-0620|K|S|1|22:17|86458|1,[],,S,True,22:17,86458,1,620
transport-0621,A,201713593023400,201713593189900,201713601221000,8.1976,SGACK|transport-0621|A|A|1|22:17|86467|1,[],,A,True,22:17,86467,1,621
transport-0622,T,201713613051400,201713613290400,201713614671200,1.6198,SGACK|transport-0622|T|S|1|22:17|86479|1,[],,S,True,22:17,86479,1,622
transport-0623,S,201713614857900,201713614978300,201713626351800,11.4939,SGACK|transport-0623|S|S|1|22:17|86492|1,[],,S,True,22:17,86492,1,623
transport-0624,P,201713626619000,201713626749800,201713638140200,11.5212,SGACK|transport-0624|P|S|1|22:17|86504|1,[],,S,True,22:17,86504,1,624
transport-0625,C,201713638385900,201713638506400,201713649851200,11.4653,SGACK|transport-0625|C|S|1|22:17|86515|1,[],,S,True,22:17,86515,1,625
transport-0626,E,201713650124900,201713650240100,201713658969900,8.845,SGACK|transport-0626|E|A|1|22:17|86525|1,[],,A,True,22:17,86525,1,626
transport-0627,K,201713671210000,201713671433400,201713673290700,2.0807,SGACK|transport-0627|K|S|1|22:17|86538|1,[],,S,True,22:17,86538,1,627
transport-0628,A,201713673532400,201713673647500,201713681854800,8.3224,SGACK|transport-0628|A|A|1|22:17|86548|1,[],,A,True,22:17,86548,1,628
transport-0629,T,201713694138900,201713694270600,201713695723500,1.5846,SGACK|transport-0629|T|S|1|22:17|86561|1,[],,S,True,22:17,86561,1,629
transport-0630,S,201713695937000,201713696059800,201713707486200,11.5492,SGACK|transport-0630|S|S|1|22:17|86573|1,[],,S,True,22:17,86573,1,630
transport-0631,P,201713707792100,201713707934200,201713719111800,11.3197,SGACK|transport-0631|P|S|1|22:17|86585|1,[],,S,True,22:17,86585,1,631
transport-0632,C,201713719424100,201713719561300,201713730881100,11.457,SGACK|transport-0632|C|S|1|22:17|86596|1,[],,S,True,22:17,86596,1,632
transport-0633,E,201713731182600,201713731293700,201713739987500,8.8049,SGACK|transport-0633|E|A|1|22:17|86606|1,[],,A,True,22:17,86606,1,633
transport-0634,K,201713752104100,201713752235400,201713753888500,1.7844,SGACK|transport-0634|K|S|1|22:17|86619|1,[],,S,True,22:17,86619,1,634
transport-0635,A,201713754097400,201713754243700,201713762846200,8.7488,SGACK|transport-0635|A|A|1|22:17|86629|1,[],,A,True,22:17,86629,1,635
transport-0636,T,201713775406100,201713775621700,201713777317200,1.9111,SGACK|transport-0636|T|S|1|22:17|86642|1,[],,S,True,22:17,86642,1,636
transport-0637,S,201713777700700,201713777922100,201713789432800,11.7321,SGACK|transport-0637|S|S|1|22:17|86655|1,[],,S,True,22:17,86655,1,637
transport-0638,P,201713789755000,201713789943100,201713801294900,11.5399,SGACK|transport-0638|P|S|1|22:17|86667|1,[],,S,True,22:17,86667,1,638
transport-0639,C,201713801622000,201713801757800,201713812856300,11.2343,SGACK|transport-0639|C|S|1|22:17|86678|1,[],,S,True,22:17,86678,1,639
transport-0640,E,201713813147100,201713813340500,201713822334000,9.1869,SGACK|transport-0640|E|A|1|22:17|86688|1,[],,A,True,22:17,86688,1,640
transport-0641,K,201713834333200,201713834520700,201713835934900,1.6017,SGACK|transport-0641|K|S|1|22:17|86701|1,[],,S,True,22:17,86701,1,641
transport-0642,A,201713836156200,201713836314000,201713844857600,8.7014,SGACK|transport-0642|A|A|1|22:17|86711|1,[],,A,True,22:17,86711,1,642
transport-0643,T,201713857099000,201713857225300,201713858662600,1.5636,SGACK|transport-0643|T|S|1|22:17|86724|1,[],,S,True,22:17,86724,1,643
transport-0644,S,201713858884400,201713859034600,201713870639700,11.7553,SGACK|transport-0644|S|S|1|22:17|86736|1,[],,S,True,22:17,86736,1,644
transport-0645,P,201713871050600,201713871242900,201713883064400,12.0138,SGACK|transport-0645|P|S|1|22:17|86749|1,[],,S,True,22:17,86749,1,645
transport-0646,C,201713883453100,201713883585600,201713894851100,11.398,SGACK|transport-0646|C|S|1|22:17|86760|1,[],,S,True,22:17,86760,1,646
transport-0647,E,201713895168400,201713895307500,201713903884200,8.7158,SGACK|transport-0647|E|A|1|22:17|86770|1,[],,A,True,22:17,86770,1,647
transport-0648,K,201713916130500,201713916288200,201713917839800,1.7093,SGACK|transport-0648|K|S|1|22:17|86783|1,[],,S,True,22:17,86783,1,648
transport-0649,A,201713918147800,201713918287900,201713927303100,9.1553,SGACK|transport-0649|A|A|1|22:17|86793|1,[],,A,True,22:17,86793,1,649
transport-0650,T,201713939107800,201713939230500,201713940740200,1.6324,SGACK|transport-0650|T|S|1|22:17|86806|1,[],,S,True,22:17,86806,1,650
transport-0651,S,201713940991400,201713941123400,201713952328500,11.3371,SGACK|transport-0651|S|S|1|22:17|86818|1,[],,S,True,22:17,86818,1,651
transport-0652,P,201713952642300,201713952784500,201713964106900,11.4646,SGACK|transport-0652|P|S|1|22:17|86830|1,[],,S,True,22:17,86830,1,652
transport-0653,C,201713964432300,201713964576300,201713976255400,11.8231,SGACK|transport-0653|C|S|1|22:17|86841|1,[],,S,True,22:17,86841,1,653
transport-0654,E,201713976651500,201713976822200,201713985314300,8.6628,SGACK|transport-0654|E|A|1|22:17|86851|1,[],,A,True,22:17,86851,1,654
transport-0655,K,201713997566000,201713997740800,201713999695200,2.1292,SGACK|transport-0655|K|S|1|22:17|86864|1,[],,S,True,22:17,86864,1,655
transport-0656,A,201714000078300,201714000256800,201714008936900,8.8586,SGACK|transport-0656|A|A|1|22:17|86875|1,[],,A,True,22:17,86875,1,656
transport-0657,T,201714021361600,201714021551900,201714023247400,1.8858,SGACK|transport-0657|T|S|1|22:17|86888|1,[],,S,True,22:17,86888,1,657
transport-0658,S,201714023566800,201714023786500,201714035687100,12.1203,SGACK|transport-0658|S|S|1|22:17|86901|1,[],,S,True,22:17,86901,1,658
transport-0659,P,201714036098200,201714036311200,201714048605700,12.5075,SGACK|transport-0659|P|S|1|22:17|86914|1,[],,S,True,22:17,86914,1,659
transport-0660,C,201714049062300,201714049281000,201714061321000,12.2587,SGACK|transport-0660|C|S|1|22:17|86926|1,[],,S,True,22:17,86926,1,660
transport-0661,E,201714061830600,201714061995200,201714070025800,8.1952,SGACK|transport-0661|E|A|1|22:17|86936|1,[],,A,True,22:17,86936,1,661
transport-0662,K,201714082437800,201714082622400,201714084269400,1.8316,SGACK|transport-0662|K|S|1|22:17|86949|1,[],,S,True,22:17,86949,1,662
transport-0663,A,201714084633900,201714084808300,201714093057700,8.4238,SGACK|transport-0663|A|A|1|22:17|86959|1,[],,A,True,22:17,86959,1,663
transport-0664,T,201714105185400,201714105393100,201714107005000,1.8196,SGACK|transport-0664|T|S|1|22:17|86972|1,[],,S,True,22:17,86972,1,664
transport-0665,S,201714107331500,201714107530800,201714119375700,12.0442,SGACK|transport-0665|S|S|1|22:17|86985|1,[],,S,True,22:17,86985,1,665
transport-0666,P,201714119788000,201714119956900,201714131079300,11.2913,SGACK|transport-0666|P|S|1|22:17|86997|1,[],,S,True,22:17,86997,1,666
transport-0667,C,201714131475300,201714131728500,201714142885500,11.4102,SGACK|transport-0667|C|S|1|22:17|87008|1,[],,S,True,22:17,87008,1,667
transport-0668,E,201714143296800,201714143444300,201714151952100,8.6553,SGACK|transport-0668|E|A|1|22:17|87018|1,[],,A,True,22:17,87018,1,668
transport-0669,K,201714164187800,201714164383900,201714165902100,1.7143,SGACK|transport-0669|K|S|1|22:17|87031|1,[],,S,True,22:17,87031,1,669
transport-0670,A,201714166154800,201714166275100,201714174866900,8.7121,SGACK|transport-0670|A|A|1|22:17|87041|1,[],,A,True,22:17,87041,1,670
transport-0671,T,201714187315300,201714187544300,201714189070800,1.7555,SGACK|transport-0671|T|S|1|22:17|87054|1,[],,S,True,22:17,87054,1,671
transport-0672,S,201714189394900,201714189584400,201714201278700,11.8838,SGACK|transport-0672|S|S|1|22:17|87067|1,[],,S,True,22:17,87067,1,672
transport-0673,P,201714201680300,201714201850200,201714213073800,11.3935,SGACK|transport-0673|P|S|1|22:17|87079|1,[],,S,True,22:17,87079,1,673
transport-0674,C,201714213371400,201714213551200,201714224884900,11.5135,SGACK|transport-0674|C|S|1|22:17|87090|1,[],,S,True,22:17,87090,1,674
transport-0675,E,201714225240700,201714225365400,201714234292900,9.0522,SGACK|transport-0675|E|A|1|22:17|87100|1,[],,A,True,22:17,87100,1,675
transport-0676,K,201714246056000,201714246194800,201714247834900,1.7789,SGACK|transport-0676|K|S|1|22:17|87113|1,[],,S,True,22:17,87113,1,676
transport-0677,A,201714248080800,201714248230200,201714256837000,8.7562,SGACK|transport-0677|A|A|1|22:17|87123|1,[],,A,True,22:17,87123,1,677
transport-0678,T,201714269099800,201714269250900,201714270800100,1.7003,SGACK|transport-0678|T|S|1|22:17|87136|1,[],,S,True,22:17,87136,1,678
transport-0679,S,201714271015500,201714271195700,201714282349700,11.3342,SGACK|transport-0679|S|S|1|22:17|87148|1,[],,S,True,22:17,87148,1,679
transport-0680,P,201714282587800,201714282832600,201714294133300,11.5455,SGACK|transport-0680|P|S|1|22:17|87160|1,[],,S,True,22:17,87160,1,680
transport-0681,C,201714294426300,201714294556900,201714305923900,11.4976,SGACK|transport-0681|C|S|1|22:17|87171|1,[],,S,True,22:17,87171,1,681
transport-0682,E,201714306207300,201714306335800,201714314938900,8.7316,SGACK|transport-0682|E|A|1|22:17|87181|1,[],,A,True,22:17,87181,1,682
transport-0683,K,201714327069500,201714327208500,201714328804500,1.735,SGACK|transport-0683|K|S|1|22:17|87194|1,[],,S,True,22:17,87194,1,683
transport-0684,A,201714329035400,201714329152200,201714337862800,8.8274,SGACK|transport-0684|A|A|1|22:17|87204|1,[],,A,True,22:17,87204,1,684
transport-0685,T,201714350218500,201714350355500,201714352436300,2.2178,SGACK|transport-0685|T|S|1|22:17|87217|1,[],,S,True,22:17,87217,1,685
transport-0686,S,201714352687200,201714352906600,201714364221400,11.5342,SGACK|transport-0686|S|S|1|22:17|87230|1,[],,S,True,22:17,87230,1,686
transport-0687,P,201714364489600,201714364616300,201714376099800,11.6102,SGACK|transport-0687|P|S|1|22:17|87242|1,[],,S,True,22:17,87242,1,687
transport-0688,C,201714376414400,201714376536100,201714387846400,11.432,SGACK|transport-0688|C|S|1|22:17|87253|1,[],,S,True,22:17,87253,1,688
transport-0689,E,201714388128800,201714388248300,201714396900100,8.7713,SGACK|transport-0689|E|A|1|22:17|87263|1,[],,A,True,22:17,87263,1,689
transport-0690,K,201714409048600,201714409301500,201714410804200,1.7556,SGACK|transport-0690|K|S|1|22:17|87276|1,[],,S,True,22:17,87276,1,690
transport-0691,A,201714411025200,201714411209300,201714418909700,7.8845,SGACK|transport-0691|A|A|1|22:17|87285|1,[],,A,True,22:17,87285,1,691
transport-0692,T,201714431030500,201714431231800,201714432552000,1.5215,SGACK|transport-0692|T|S|1|22:17|87297|1,[],,S,True,22:17,87297,1,692
transport-0693,S,201714432743800,201714432868500,201714444278900,11.5351,SGACK|transport-0693|S|S|1|22:17|87310|1,[],,S,True,22:17,87310,1,693
transport-0694,P,201714444606100,201714444770600,201714456097300,11.4912,SGACK|transport-0694|P|S|1|22:17|87322|1,[],,S,True,22:17,87322,1,694
transport-0695,C,201714456384300,201714456509100,201714467849800,11.4655,SGACK|transport-0695|C|S|1|22:17|87333|1,[],,S,True,22:17,87333,1,695
transport-0696,E,201714468146500,201714468265500,201714476826800,8.6803,SGACK|transport-0696|E|A|1|22:17|87343|1,[],,A,True,22:17,87343,1,696
transport-0697,K,201714489026400,201714489160400,201714490888200,1.8618,SGACK|transport-0697|K|S|1|22:17|87356|1,[],,S,True,22:17,87356,1,697
transport-0698,A,201714491104500,201714491224500,201714499908300,8.8038,SGACK|transport-0698|A|A|1|22:17|87366|1,[],,A,True,22:17,87366,1,698
transport-0699,T,201714512067600,201714512269000,201714514105800,2.0382,SGACK|transport-0699|T|S|1|22:17|87379|1,[],,S,True,22:17,87379,1,699
transport-0700,S,201714514341500,201714514587100,201714526305000,11.9635,SGACK|transport-0700|S|S|1|22:17|87392|1,[],,S,True,22:17,87392,1,700
transport-0701,P,201714526597900,201714526870400,201714538188600,11.5907,SGACK|transport-0701|P|S|1|22:17|87404|1,[],,S,True,22:17,87404,1,701
transport-0702,C,201714538490400,201714538624100,201714549914400,11.424,SGACK|transport-0702|C|S|1|22:17|87415|1,[],,S,True,22:17,87415,1,702
transport-0703,E,201714550276100,201714550457100,201714558886000,8.6099,SGACK|transport-0703|E|A|1|22:17|87425|1,[],,A,True,22:17,87425,1,703
transport-0704,K,201714571084900,201714571229900,201714572959200,1.8743,SGACK|transport-0704|K|S|1|22:17|87438|1,[],,S,True,22:17,87438,1,704
transport-0705,A,201714573181800,201714573389100,201714581787200,8.6054,SGACK|transport-0705|A|A|1|22:17|87448|1,[],,A,True,22:17,87448,1,705
transport-0706,T,201714593060300,201714593173200,201714594643600,1.5833,SGACK|transport-0706|T|S|1|22:17|87460|1,[],,S,True,22:17,87460,1,706
transport-0707,S,201714594846100,201714594965200,201714606229500,11.3834,SGACK|transport-0707|S|S|1|22:17|87472|1,[],,S,True,22:17,87472,1,707
transport-0708,P,201714606462500,201714606591900,201714618046400,11.5839,SGACK|transport-0708|P|S|1|22:17|87484|1,[],,S,True,22:17,87484,1,708
transport-0709,C,201714618304100,201714618439600,201714629821900,11.5178,SGACK|transport-0709|C|S|1|22:17|87495|1,[],,S,True,22:17,87495,1,709
transport-0710,E,201714630105000,201714630246000,201714638888700,8.7837,SGACK|transport-0710|E|A|1|22:17|87505|1,[],,A,True,22:17,87505,1,710
transport-0711,K,201714651490900,201714651661200,201714652977700,1.4868,SGACK|transport-0711|K|S|1|22:17|87518|1,[],,S,True,22:17,87518,1,711
transport-0712,A,201714653209300,201714653428500,201714661784100,8.5748,SGACK|transport-0712|A|A|1|22:17|87528|1,[],,A,True,22:17,87528,1,712
transport-0713,T,201714674144900,201714674373000,201714676043100,1.8982,SGACK|transport-0713|T|S|1|22:17|87541|1,[],,S,True,22:17,87541,1,713
transport-0714,S,201714676261400,201714676394500,201714688343400,12.082,SGACK|transport-0714|S|S|1|22:17|87554|1,[],,S,True,22:17,87554,1,714
transport-0715,P,201714688601300,201714688848700,201714700101500,11.5002,SGACK|transport-0715|P|S|1|22:17|87566|1,[],,S,True,22:17,87566,1,715
transport-0716,C,201714700466700,201714700643200,201714711877000,11.4103,SGACK|transport-0716|C|S|1|22:17|87577|1,[],,S,True,22:17,87577,1,716
transport-0717,E,201714712178700,201714712297000,201714720972200,8.7935,SGACK|transport-0717|E|A|1|22:17|87587|1,[],,A,True,22:17,87587,1,717
transport-0718,K,201714733367400,201714733549900,201714735106000,1.7386,SGACK|transport-0718|K|S|1|22:17|87600|1,[],,S,True,22:17,87600,1,718
transport-0719,A,201714735361900,201714735511000,201714743865500,8.5036,SGACK|transport-0719|A|A|1|22:17|87610|1,[],,A,True,22:17,87610,1,719
transport-0720,T,201714756158900,201714756316200,201714757743200,1.5843,SGACK|transport-0720|T|S|1|22:17|87623|1,[],,S,True,22:17,87623,1,720
transport-0721,S,201714757989700,201714758113700,201714769324100,11.3344,SGACK|transport-0721|S|S|1|22:17|87635|1,[],,S,True,22:17,87635,1,721
transport-0722,P,201714769644800,201714769884000,201714781003600,11.3588,SGACK|transport-0722|P|S|1|22:17|87647|1,[],,S,True,22:17,87647,1,722
transport-0723,C,201714781271200,201714781455300,201714792885600,11.6144,SGACK|transport-0723|C|S|1|22:17|87658|1,[],,S,True,22:17,87658,1,723
transport-0724,E,201714793166500,201714793276000,201714801959700,8.7932,SGACK|transport-0724|E|A|1|22:17|87668|1,[],,A,True,22:17,87668,1,724
transport-0725,K,201714814145100,201714814269600,201714815921500,1.7764,SGACK|transport-0725|K|S|1|22:17|87681|1,[],,S,True,22:17,87681,1,725
transport-0726,A,201714816130000,201714816239100,201714824810200,8.6802,SGACK|transport-0726|A|A|1|22:17|87691|1,[],,A,True,22:17,87691,1,726
transport-0727,T,201714837150200,201714837285400,201714838943600,1.7934,SGACK|transport-0727|T|S|1|22:17|87704|1,[],,S,True,22:17,87704,1,727
transport-0728,S,201714839167000,201714839306200,201714851255400,12.0884,SGACK|transport-0728|S|S|1|22:17|87717|1,[],,S,True,22:17,87717,1,728
transport-0729,P,201714851582500,201714851733200,201714863029400,11.4469,SGACK|transport-0729|P|S|1|22:17|87729|1,[],,S,True,22:17,87729,1,729
transport-0730,C,201714863283800,201714863399200,201714874982900,11.6991,SGACK|transport-0730|C|S|1|22:17|87740|1,[],,S,True,22:17,87740,1,730
transport-0731,E,201714875270200,201714875381500,201714884048300,8.7781,SGACK|transport-0731|E|A|1|22:17|87750|1,[],,A,True,22:17,87750,1,731
transport-0732,K,201714896020600,201714896157000,201714897817300,1.7967,SGACK|transport-0732|K|S|1|22:17|87763|1,[],,S,True,22:17,87763,1,732
transport-0733,A,201714898038500,201714898170700,201714906872700,8.8342,SGACK|transport-0733|A|A|1|22:17|87773|1,[],,A,True,22:17,87773,1,733
transport-0734,T,201714919074700,201714919257300,201714920624600,1.5499,SGACK|transport-0734|T|S|1|22:17|87786|1,[],,S,True,22:17,87786,1,734
transport-0735,S,201714920882100,201714921031100,201714932231800,11.3497,SGACK|transport-0735|S|S|1|22:17|87798|1,[],,S,True,22:17,87798,1,735
transport-0736,P,201714932497500,201714932636100,201714944063100,11.5656,SGACK|transport-0736|P|S|1|22:17|87810|1,[],,S,True,22:17,87810,1,736
transport-0737,C,201714944457900,201714944610700,201714955789100,11.3312,SGACK|transport-0737|C|S|1|22:17|87821|1,[],,S,True,22:17,87821,1,737
transport-0738,E,201714956076900,201714956227900,201714964936400,8.8595,SGACK|transport-0738|E|A|1|22:17|87831|1,[],,A,True,22:17,87831,1,738
transport-0739,K,201714977061100,201714977280200,201714979034500,1.9734,SGACK|transport-0739|K|S|1|22:17|87844|1,[],,S,True,22:17,87844,1,739
transport-0740,A,201714979253600,201714979404200,201714987896400,8.6428,SGACK|transport-0740|A|A|1|22:17|87854|1,[],,A,True,22:17,87854,1,740
transport-0741,T,201715000247000,201715000372300,201715002239500,1.9925,SGACK|transport-0741|T|S|1|22:17|87867|1,[],,S,True,22:17,87867,1,741
transport-0742,S,201715002480600,201715002612900,201715014305800,11.8252,SGACK|transport-0742|S|S|1|22:17|87880|1,[],,S,True,22:17,87880,1,742
transport-0743,P,201715014612300,201715014812700,201715026081600,11.4693,SGACK|transport-0743|P|S|1|22:17|87892|1,[],,S,True,22:17,87892,1,743
transport-0744,C,201715026455900,201715026618100,201715038085300,11.6294,SGACK|transport-0744|C|S|1|22:17|87903|1,[],,S,True,22:17,87903,1,744
transport-0745,E,201715038547900,201715038746500,201715046849600,8.3017,SGACK|transport-0745|E|A|1|22:17|87913|1,[],,A,True,22:17,87913,1,745
transport-0746,K,201715059086300,201715059334500,201715060845400,1.7591,SGACK|transport-0746|K|S|1|22:17|87926|1,[],,S,True,22:17,87926,1,746
transport-0747,A,201715061071200,201715061261800,201715069865200,8.794,SGACK|transport-0747|A|A|1|22:17|87936|1,[],,A,True,22:17,87936,1,747
transport-0748,T,201715082089600,201715082292400,201715084642300,2.5527,SGACK|transport-0748|T|S|1|22:17|87949|1,[],,S,True,22:17,87949,1,748
transport-0749,S,201715085051600,201715085408000,201715097361100,12.3095,SGACK|transport-0749|S|S|1|22:17|87963|1,[],,S,True,22:17,87963,1,749
transport-0750,P,201715097635300,201715097791300,201715109046600,11.4113,SGACK|transport-0750|P|S|1|22:17|87975|1,[],,S,True,22:17,87975,1,750
transport-0751,C,201715109340200,201715109610600,201715120835200,11.495,SGACK|transport-0751|C|S|1|22:17|87986|1,[],,S,True,22:17,87986,1,751
transport-0752,E,201715121142900,201715121317500,201715129945700,8.8028,SGACK|transport-0752|E|A|1|22:17|87996|1,[],,A,True,22:17,87996,1,752
transport-0753,K,201715142213900,201715142427400,201715144286500,2.0726,SGACK|transport-0753|K|S|1|22:17|88009|1,[],,S,True,22:17,88009,1,753
transport-0754,A,201715144538600,201715144666000,201715152882400,8.3438,SGACK|transport-0754|A|A|1|22:17|88019|1,[],,A,True,22:17,88019,1,754
transport-0755,T,201715165011300,201715165243800,201715166942500,1.9312,SGACK|transport-0755|T|S|1|22:17|88032|1,[],,S,True,22:17,88032,1,755
transport-0756,S,201715167218700,201715167391000,201715179246800,12.0281,SGACK|transport-0756|S|S|1|22:17|88045|1,[],,S,True,22:17,88045,1,756
transport-0757,P,201715179523100,201715179721700,201715191101500,11.5784,SGACK|transport-0757|P|S|1|22:17|88057|1,[],,S,True,22:17,88057,1,757
transport-0758,C,201715191429700,201715191662900,201715202794300,11.3646,SGACK|transport-0758|C|S|1|22:17|88068|1,[],,S,True,22:17,88068,1,758
transport-0759,E,201715203101700,201715203250200,201715211860600,8.7589,SGACK|transport-0759|E|A|1|22:17|88078|1,[],,A,True,22:17,88078,1,759
transport-0760,K,201715224046700,201715224208700,201715225763900,1.7172,SGACK|transport-0760|K|S|1|22:17|88091|1,[],,S,True,22:17,88091,1,760
transport-0761,A,201715225996300,201715226118200,201715234892300,8.896,SGACK|transport-0761|A|A|1|22:17|88101|1,[],,A,True,22:17,88101,1,761
transport-0762,T,201715247085100,201715247226500,201715252665300,5.5802,SGACK|transport-0762|T|S|1|22:17|88118|1,[],,S,True,22:17,88118,1,762
transport-0763,S,201715252965900,201715253134000,201715264283300,11.3174,SGACK|transport-0763|S|S|1|22:17|88130|1,[],,S,True,22:17,88130,1,763
transport-0764,P,201715264573300,201715264719300,201715276018000,11.4447,SGACK|transport-0764|P|S|1|22:17|88142|1,[],,S,True,22:17,88142,1,764
transport-0765,C,201715276348700,201715276524000,201715287923200,11.5745,SGACK|transport-0765|C|S|1|22:17|88153|1,[],,S,True,22:17,88153,1,765
transport-0766,E,201715288236400,201715288352600,201715296862500,8.6261,SGACK|transport-0766|E|A|1|22:17|88163|1,[],,A,True,22:17,88163,1,766
transport-0767,K,201715309287400,201715309537300,201715311325900,2.0385,SGACK|transport-0767|K|S|1|22:17|88176|1,[],,S,True,22:17,88176,1,767
transport-0768,A,201715311557600,201715311685000,201715319898000,8.3404,SGACK|transport-0768|A|A|1|22:17|88186|1,[],,A,True,22:17,88186,1,768
transport-0769,T,201715331972200,201715332192600,201715333913000,1.9408,SGACK|transport-0769|T|S|1|22:17|88198|1,[],,S,True,22:17,88198,1,769
transport-0770,S,201715334175000,201715334346000,201715346246400,12.0714,SGACK|transport-0770|S|S|1|22:17|88212|1,[],,S,True,22:17,88212,1,770
transport-0771,P,201715346510600,201715346696700,201715358143600,11.633,SGACK|transport-0771|P|S|1|22:17|88224|1,[],,S,True,22:17,88224,1,771
transport-0772,C,201715358456500,201715358650800,201715369879200,11.4227,SGACK|transport-0772|C|S|1|22:17|88235|1,[],,S,True,22:17,88235,1,772
transport-0773,E,201715370252600,201715370377300,201715378910300,8.6577,SGACK|transport-0773|E|A|1|22:17|88245|1,[],,A,True,22:17,88245,1,773
transport-0774,K,201715391034400,201715391168600,201715392941400,1.907,SGACK|transport-0774|K|S|1|22:17|88258|1,[],,S,True,22:17,88258,1,774
transport-0775,A,201715393160500,201715393287800,201715402013200,8.8527,SGACK|transport-0775|A|A|1|22:17|88268|1,[],,A,True,22:17,88268,1,775
transport-0776,T,201715414024800,201715414139100,201715415656000,1.6312,SGACK|transport-0776|T|S|1|22:17|88281|1,[],,S,True,22:17,88281,1,776
transport-0777,S,201715415877300,201715416010700,201715427186600,11.3093,SGACK|transport-0777|S|S|1|22:17|88293|1,[],,S,True,22:17,88293,1,777
transport-0778,P,201715427491100,201715427635600,201715439075300,11.5842,SGACK|transport-0778|P|S|1|22:17|88305|1,[],,S,True,22:17,88305,1,778
transport-0779,C,201715439366500,201715439516700,201715450726700,11.3602,SGACK|transport-0779|C|S|1|22:17|88316|1,[],,S,True,22:17,88316,1,779
transport-0780,E,201715451002200,201715451204600,201715459811600,8.8094,SGACK|transport-0780|E|A|1|22:17|88326|1,[],,A,True,22:17,88326,1,780
transport-0781,K,201715472023600,201715472261200,201715474145200,2.1216,SGACK|transport-0781|K|S|1|22:17|88339|1,[],,S,True,22:17,88339,1,781
transport-0782,A,201715474365600,201715474559100,201715482905600,8.54,SGACK|transport-0782|A|A|1|22:17|88349|1,[],,A,True,22:17,88349,1,782
transport-0783,T,201715495070300,201715495268000,201715497228900,2.1586,SGACK|transport-0783|T|S|1|22:17|88362|1,[],,S,True,22:17,88362,1,783
transport-0784,S,201715497447700,201715497594700,201715509188400,11.7407,SGACK|transport-0784|S|S|1|22:17|88375|1,[],,S,True,22:17,88375,1,784
transport-0785,P,201715509456800,201715509611000,201715520978200,11.5214,SGACK|transport-0785|P|S|1|22:17|88387|1,[],,S,True,22:17,88387,1,785
transport-0786,C,201715521259500,201715521383300,201715532816500,11.557,SGACK|transport-0786|C|S|1|22:17|88398|1,[],,S,True,22:17,88398,1,786
transport-0787,E,201715533128200,201715533249700,201715542489300,9.3611,SGACK|transport-0787|E|A|1|22:17|88408|1,[],,A,True,22:17,88408,1,787
transport-0788,K,201715555032000,201715555197400,201715556866400,1.8344,SGACK|transport-0788|K|S|1|22:17|88422|1,[],,S,True,22:17,88422,1,788
transport-0789,A,201715557112400,201715557261500,201715565894600,8.7822,SGACK|transport-0789|A|A|1|22:17|88432|1,[],,A,True,22:17,88432,1,789
transport-0790,T,201715577978800,201715578204800,201715580324200,2.3454,SGACK|transport-0790|T|S|1|22:17|88444|1,[],,S,True,22:17,88444,1,790
transport-0791,S,201715580538700,201715580690000,201715592271100,11.7324,SGACK|transport-0791|S|S|1|22:17|88458|1,[],,S,True,22:17,88458,1,791
transport-0792,P,201715592568100,201715592748800,201715603997800,11.4297,SGACK|transport-0792|P|S|1|22:17|88470|1,[],,S,True,22:17,88470,1,792
transport-0793,C,201715604318200,201715604604200,201715615755300,11.4371,SGACK|transport-0793|C|S|1|22:17|88481|1,[],,S,True,22:17,88481,1,793
transport-0794,E,201715615971500,201715616188300,201715623921700,7.9502,SGACK|transport-0794|E|A|1|22:17|88490|1,[],,A,True,22:17,88490,1,794
transport-0795,K,201715635966900,201715636089500,201715637346000,1.3791,SGACK|transport-0795|K|S|1|22:17|88503|1,[],,S,True,22:17,88503,1,795
transport-0796,A,201715637580900,201715637697300,201715645785400,8.2045,SGACK|transport-0796|A|A|1|22:17|88512|1,[],,A,True,22:17,88512,1,796
transport-0797,T,201715657114600,201715657232300,201715658611800,1.4972,SGACK|transport-0797|T|S|1|22:17|88524|1,[],,S,True,22:17,88524,1,797
transport-0798,S,201715658818300,201715658943700,201715670268400,11.4501,SGACK|transport-0798|S|S|1|22:17|88536|1,[],,S,True,22:17,88536,1,798
transport-0799,P,201715670550300,201715670689700,201715681976000,11.4257,SGACK|transport-0799|P|S|1|22:17|88548|1,[],,S,True,22:17,88548,1,799
transport-0800,C,201715682216300,201715682332800,201715693824900,11.6086,SGACK|transport-0800|C|S|1|22:17|88559|1,[],,S,True,22:17,88559,1,800
transport-0801,E,201715694124100,201715694229000,201715702975200,8.8511,SGACK|transport-0801|E|A|1|22:17|88569|1,[],,A,True,22:17,88569,1,801
transport-0802,K,201715714980400,201715715100900,201715717167600,2.1872,SGACK|transport-0802|K|S|1|22:17|88582|1,[],,S,True,22:17,88582,1,802
transport-0803,A,201715717454600,201715717574500,201715725925000,8.4704,SGACK|transport-0803|A|A|1|22:17|88592|1,[],,A,True,22:17,88592,1,803
transport-0804,T,201715738099100,201715738218000,201715739957500,1.8584,SGACK|transport-0804|T|S|1|22:17|88605|1,[],,S,True,22:17,88605,1,804
transport-0805,S,201715740168900,201715740324500,201715752194900,12.026,SGACK|transport-0805|S|S|1|22:17|88618|1,[],,S,True,22:17,88618,1,805
transport-0806,P,201715752471000,201715752609000,201715763995400,11.5244,SGACK|transport-0806|P|S|1|22:17|88630|1,[],,S,True,22:17,88630,1,806
transport-0807,C,201715764278400,201715764400300,201715775786600,11.5082,SGACK|transport-0807|C|S|1|22:17|88641|1,[],,S,True,22:17,88641,1,807
transport-0808,E,201715776066700,201715776190900,201715784755200,8.6885,SGACK|transport-0808|E|A|1|22:17|88651|1,[],,A,True,22:17,88651,1,808
transport-0809,K,201715796959800,201715797085500,201715798685900,1.7261,SGACK|transport-0809|K|S|1|22:17|88664|1,[],,S,True,22:17,88664,1,809
transport-0810,A,201715798890600,201715799002100,201715806964900,8.0743,SGACK|transport-0810|A|A|1|22:17|88673|1,[],,A,True,22:17,88673,1,810
transport-0811,T,201715819116600,201715819228700,201715821015500,1.8989,SGACK|transport-0811|T|S|1|22:17|88686|1,[],,S,True,22:17,88686,1,811
transport-0812,S,201715821238800,201715821371200,201715833483300,12.2445,SGACK|transport-0812|S|S|1|22:17|88699|1,[],,S,True,22:17,88699,1,812
transport-0813,P,201715833771300,201715833977800,201715844980100,11.2088,SGACK|transport-0813|P|S|1|22:17|88711|1,[],,S,True,22:17,88711,1,813
transport-0814,C,201715845223800,201715845448600,201715856726000,11.5022,SGACK|transport-0814|C|S|1|22:17|88722|1,[],,S,True,22:17,88722,1,814
transport-0815,E,201715856994300,201715857109000,201715865907900,8.9136,SGACK|transport-0815|E|A|1|22:17|88732|1,[],,A,True,22:17,88732,1,815
transport-0816,K,201715877962800,201715878097600,201715879800700,1.8379,SGACK|transport-0816|K|S|1|22:17|88745|1,[],,S,True,22:17,88745,1,816
transport-0817,A,201715879992100,201715880244700,201715888783800,8.7917,SGACK|transport-0817|A|A|1|22:17|88755|1,[],,A,True,22:17,88755,1,817
transport-0818,T,201715901072000,201715901262600,201715902985600,1.9136,SGACK|transport-0818|T|S|1|22:17|88768|1,[],,S,True,22:17,88768,1,818
transport-0819,S,201715903207800,201715903340400,201715915200900,11.9931,SGACK|transport-0819|S|S|1|22:17|88781|1,[],,S,True,22:17,88781,1,819
transport-0820,P,201715915642800,201715915968100,201715927077300,11.4345,SGACK|transport-0820|P|S|1|22:17|88793|1,[],,S,True,22:17,88793,1,820
transport-0821,C,201715927379000,201715927639200,201715938728500,11.3495,SGACK|transport-0821|C|S|1|22:17|88804|1,[],,S,True,22:17,88804,1,821
transport-0822,E,201715939045400,201715939168300,201715947865300,8.8199,SGACK|transport-0822|E|A|1|22:17|88814|1,[],,A,True,22:17,88814,1,822
transport-0823,K,201715960021200,201715960166800,201715961983400,1.9622,SGACK|transport-0823|K|S|1|22:17|88827|1,[],,S,True,22:17,88827,1,823
transport-0824,A,201715962219300,201715962373600,201715970769900,8.5506,SGACK|transport-0824|A|A|1|22:17|88837|1,[],,A,True,22:17,88837,1,824
transport-0825,T,201715983333000,201715983515500,201715984938300,1.6053,SGACK|transport-0825|T|S|1|22:17|88850|1,[],,S,True,22:17,88850,1,825
transport-0826,S,201715985151000,201715985288300,201715997224200,12.0732,SGACK|transport-0826|S|S|1|22:17|88863|1,[],,S,True,22:17,88863,1,826
transport-0827,P,201715997446100,201715997582300,201716008987600,11.5415,SGACK|transport-0827|P|S|1|22:17|88875|1,[],,S,True,22:17,88875,1,827
transport-0828,C,201716009353000,201716009557600,201716020788600,11.4356,SGACK|transport-0828|C|S|1|22:17|88886|1,[],,S,True,22:17,88886,1,828
transport-0829,E,201716021131200,201716021364000,201716029902000,8.7708,SGACK|transport-0829|E|A|1|22:17|88896|1,[],,A,True,22:17,88896,1,829
transport-0830,K,201716042247300,201716042460200,201716044155000,1.9077,SGACK|transport-0830|K|S|1|22:17|88909|1,[],,S,True,22:17,88909,1,830
transport-0831,A,201716044396700,201716044599600,201716052781100,8.3844,SGACK|transport-0831|A|A|1|22:17|88919|1,[],,A,True,22:17,88919,1,831
transport-0832,T,201716065407500,201716065555100,201716067182600,1.7751,SGACK|transport-0832|T|S|1|22:17|88932|1,[],,S,True,22:17,88932,1,832
transport-0833,S,201716067500800,201716067647100,201716079584100,12.0833,SGACK|transport-0833|S|S|1|22:17|88945|1,[],,S,True,22:17,88945,1,833
transport-0834,P,201716080041400,201716080218900,201716092091100,12.0497,SGACK|transport-0834|P|S|1|22:17|88958|1,[],,S,True,22:17,88958,1,834
transport-0835,C,201716092458500,201716092652800,201716104139000,11.6805,SGACK|transport-0835|C|S|1|22:17|88969|1,[],,S,True,22:17,88969,1,835
transport-0836,E,201716104541800,201716104706300,201716112985600,8.4438,SGACK|transport-0836|E|A|1|22:17|88979|1,[],,A,True,22:17,88979,1,836
transport-0837,K,201716125321600,201716125523400,201716127034600,1.713,SGACK|transport-0837|K|S|1|22:17|88992|1,[],,S,True,22:17,88992,1,837
transport-0838,A,201716127315900,201716127518100,201716136310900,8.995,SGACK|transport-0838|A|A|1|22:17|89002|1,[],,A,True,22:17,89002,1,838
transport-0839,T,201716148079800,201716148233300,201716150472200,2.3924,SGACK|transport-0839|T|S|1|22:17|89015|1,[],,S,True,22:17,89015,1,839
transport-0840,S,201716150895400,201716151118300,201716163385400,12.49,SGACK|transport-0840|S|S|1|22:17|89029|1,[],,S,True,22:17,89029,1,840
transport-0841,P,201716163702000,201716163907900,201716176211400,12.5094,SGACK|transport-0841|P|S|1|22:17|89041|1,[],,S,True,22:17,89041,1,841
transport-0842,C,201716176641800,201716176811100,201716187990200,11.3484,SGACK|transport-0842|C|S|1|22:17|89053|1,[],,S,True,22:17,89053,1,842
transport-0843,E,201716188335600,201716188513400,201716197143800,8.8082,SGACK|transport-0843|E|A|1|22:17|89063|1,[],,A,True,22:17,89063,1,843
transport-0844,K,201716209292100,201716209522600,201716211079800,1.7877,SGACK|transport-0844|K|S|1|22:17|89076|1,[],,S,True,22:17,89076,1,844
transport-0845,A,201716211371900,201716211524100,201716219785300,8.4134,SGACK|transport-0845|A|A|1|22:17|89086|1,[],,A,True,22:17,89086,1,845
transport-0846,T,201716232553900,201716232748100,201716234802700,2.2488,SGACK|transport-0846|T|S|1|22:17|89099|1,[],,S,True,22:17,89099,1,846
transport-0847,S,201716235116700,201716235276400,201716247547500,12.4308,SGACK|transport-0847|S|S|1|22:17|89113|1,[],,S,True,22:17,89113,1,847
transport-0848,P,201716247944100,201716248124500,201716260215800,12.2717,SGACK|transport-0848|P|S|1|22:17|89126|1,[],,S,True,22:17,89126,1,848
transport-0849,C,201716260618000,201716260769900,201716271741500,11.1235,SGACK|transport-0849|C|S|1|22:17|89137|1,[],,S,True,22:17,89137,1,849
transport-0850,E,201716272055500,201716272197400,201716280829300,8.7738,SGACK|transport-0850|E|A|1|22:17|89147|1,[],,A,True,22:17,89147,1,850
transport-0851,K,201716293050400,201716293242100,201716294716200,1.6658,SGACK|transport-0851|K|S|1|22:17|89160|1,[],,S,True,22:17,89160,1,851
transport-0852,A,201716294952600,201716295084900,201716303839300,8.8867,SGACK|transport-0852|A|A|1|22:17|89170|1,[],,A,True,22:17,89170,1,852
transport-0853,T,201716316035400,201716316209100,201716318044200,2.0088,SGACK|transport-0853|T|S|1|22:17|89183|1,[],,S,True,22:17,89183,1,853
transport-0854,S,201716318303200,201716318449200,201716330250700,11.9475,SGACK|transport-0854|S|S|1|22:17|89196|1,[],,S,True,22:17,89196,1,854
transport-0855,P,201716330591700,201716330741100,201716342015900,11.4242,SGACK|transport-0855|P|S|1|22:17|89208|1,[],,S,True,22:17,89208,1,855
transport-0856,C,201716342307500,201716342458600,201716353737100,11.4296,SGACK|transport-0856|C|S|1|22:17|89219|1,[],,S,True,22:17,89219,1,856
transport-0857,E,201716354106200,201716354243900,201716362834700,8.7285,SGACK|transport-0857|E|A|1|22:17|89229|1,[],,A,True,22:17,89229,1,857
transport-0858,K,201716374905100,201716375041600,201716376282300,1.3772,SGACK|transport-0858|K|S|1|22:17|89242|1,[],,S,True,22:17,89242,1,858
transport-0859,A,201716376455000,201716376560900,201716384866400,8.4114,SGACK|transport-0859|A|A|1|22:17|89251|1,[],,A,True,22:17,89251,1,859
transport-0860,T,201716397155100,201716397337700,201716398713800,1.5587,SGACK|transport-0860|T|S|1|22:17|89264|1,[],,S,True,22:17,89264,1,860
transport-0861,S,201716398964700,201716399144500,201716411618500,12.6538,SGACK|transport-0861|S|S|1|22:17|89277|1,[],,S,True,22:17,89277,1,861
transport-0862,P,201716412160300,201716412406000,201716424232500,12.0722,SGACK|transport-0862|P|S|1|22:17|89290|1,[],,S,True,22:17,89290,1,862
transport-0863,C,201716424736500,201716424953300,201716436012400,11.2759,SGACK|transport-0863|C|S|1|22:17|89301|1,[],,S,True,22:17,89301,1,863
transport-0864,E,201716436443400,201716436744600,201716445472700,9.0293,SGACK|transport-0864|E|A|1|22:17|89311|1,[],,A,True,22:17,89311,1,864
transport-0865,K,201716458912800,201716459321100,201716461848600,2.9358,SGACK|transport-0865|K|S|1|22:17|89326|1,[],,S,True,22:17,89326,1,865
transport-0866,A,201716462205000,201716462414900,201716471255700,9.0507,SGACK|transport-0866|A|A|1|22:17|89337|1,[],,A,True,22:17,89337,1,866
transport-0867,T,201716484673100,201716485002600,201716488045700,3.3726,SGACK|transport-0867|T|S|1|22:17|89351|1,[],,S,True,22:17,89351,1,867
transport-0868,S,201716488487300,201716488774400,201716501194300,12.707,SGACK|transport-0868|S|S|1|22:17|89366|1,[],,S,True,22:17,89366,1,868
transport-0869,P,201716501924400,201716502386700,201716515331800,13.4074,SGACK|transport-0869|P|S|1|22:17|89380|1,[],,S,True,22:17,89380,1,869
transport-0870,C,201716516240400,201716516711700,201716529449400,13.209,SGACK|transport-0870|C|S|1|22:17|89393|1,[],,S,True,22:17,89393,1,870
transport-0871,E,201716530449500,201716530899200,201716540032800,9.5833,SGACK|transport-0871|E|A|1|22:17|89405|1,[],,A,True,22:17,89405,1,871
transport-0872,K,201716553300500,201716553849800,201716556885600,3.5851,SGACK|transport-0872|K|S|1|22:17|89420|1,[],,S,True,22:17,89420,1,872
transport-0873,A,201716557473200,201716557777700,201716566337000,8.8638,SGACK|transport-0873|A|A|1|22:17|89432|1,[],,A,True,22:17,89432,1,873
transport-0874,T,201716580588700,201716580930600,201716583414100,2.8254,SGACK|transport-0874|T|S|1|22:17|89447|1,[],,S,True,22:17,89447,1,874
transport-0875,S,201716583853900,201716584178900,201716596172800,12.3189,SGACK|transport-0875|S|S|1|22:17|89461|1,[],,S,True,22:17,89461,1,875
transport-0876,P,201716596740800,201716597079900,201716609225600,12.4848,SGACK|transport-0876|P|S|1|22:17|89474|1,[],,S,True,22:17,89474,1,876
transport-0877,C,201716609996000,201716610474800,201716622833900,12.8379,SGACK|transport-0877|C|S|1|22:17|89487|1,[],,S,True,22:17,89487,1,877
transport-0878,E,201716623563400,201716624085400,201716633119500,9.5561,SGACK|transport-0878|E|A|1|22:17|89498|1,[],,A,True,22:17,89498,1,878
transport-0879,K,201716646766000,201716647209700,201716650702300,3.9363,SGACK|transport-0879|K|S|1|22:17|89514|1,[],,S,True,22:17,89514,1,879
transport-0880,A,201716651304400,201716651759800,201716660638400,9.334,SGACK|transport-0880|A|A|1|22:17|89526|1,[],,A,True,22:17,89526,1,880
transport-0881,T,201716674308200,201716674788900,201716678445700,4.1375,SGACK|transport-0881|T|S|1|22:17|89541|1,[],,S,True,22:17,89541,1,881
transport-0882,S,201716678936600,201716679266100,201716692360700,13.4241,SGACK|transport-0882|S|S|1|22:17|89557|1,[],,S,True,22:17,89557,1,882
transport-0883,P,201716692988400,201716693413300,201716705943000,12.9546,SGACK|transport-0883|P|S|1|22:17|89571|1,[],,S,True,22:17,89571,1,883
transport-0884,C,201716706540400,201716706873000,201716718344500,11.8041,SGACK|transport-0884|C|S|1|22:17|89583|1,[],,S,True,22:17,89583,1,884
transport-0885,E,201716718981800,201716719374100,201716728839300,9.8575,SGACK|transport-0885|E|A|1|22:17|89594|1,[],,A,True,22:17,89594,1,885
transport-0886,K,201716742287700,201716742664500,201716746455800,4.1681,SGACK|transport-0886|K|S|1|22:17|89609|1,[],,S,True,22:17,89609,1,886
transport-0887,A,201716746976800,201716747364100,201716756550400,9.5736,SGACK|transport-0887|A|A|1|22:17|89622|1,[],,A,True,22:17,89622,1,887
transport-0888,T,201716770108700,201716770521100,201716773916300,3.8076,SGACK|transport-0888|T|S|1|22:17|89637|1,[],,S,True,22:17,89637,1,888
transport-0889,S,201716774325400,201716774675300,201716786801100,12.4757,SGACK|transport-0889|S|S|1|22:17|89652|1,[],,S,True,22:17,89652,1,889
transport-0890,P,201716787409800,201716787693700,201716800287900,12.8781,SGACK|transport-0890|P|S|1|22:17|89665|1,[],,S,True,22:17,89665,1,890
transport-0891,C,201716801614700,201716802063400,201716814222300,12.6076,SGACK|transport-0891|C|S|1|22:17|89678|1,[],,S,True,22:17,89678,1,891
transport-0892,E,201716815214300,201716817223300,201716824479200,9.2649,SGACK|transport-0892|E|A|1|22:17|89690|1,[],,A,True,22:17,89690,1,892
transport-0893,K,201716838068200,201716838363500,201716841297300,3.2291,SGACK|transport-0893|K|S|1|22:17|89705|1,[],,S,True,22:17,89705,1,893
transport-0894,A,201716841781800,201716841976500,201716850644400,8.8626,SGACK|transport-0894|A|A|1|22:17|89716|1,[],,A,True,22:17,89716,1,894
transport-0895,T,201716864071400,201716864290100,201716867161900,3.0905,SGACK|transport-0895|T|S|1|22:17|89731|1,[],,S,True,22:17,89731,1,895
transport-0896,S,201716867652200,201716868022800,201716879462700,11.8105,SGACK|transport-0896|S|S|1|22:17|89745|1,[],,S,True,22:17,89745,1,896
transport-0897,P,201716879875200,201716880116900,201716891503700,11.6285,SGACK|transport-0897|P|S|1|22:17|89757|1,[],,S,True,22:17,89757,1,897
transport-0898,C,201716892063700,201716892398800,201716904354700,12.291,SGACK|transport-0898|C|S|1|22:17|89769|1,[],,S,True,22:17,89769,1,898
transport-0899,E,201716904812400,201716905080400,201716913456500,8.6441,SGACK|transport-0899|E|A|1|22:17|89779|1,[],,A,True,22:17,89779,1,899
transport-0900,K,201716928357100,201716928895800,201716932207200,3.8501,SGACK|transport-0900|K|S|1|22:17|89795|1,[],,S,True,22:17,89795,1,900
transport-0901,A,201716932776200,201716933105000,201716941677100,8.9009,SGACK|transport-0901|A|A|1|22:17|89807|1,[],,A,True,22:17,89807,1,901
transport-0902,T,201716955265700,201716955692300,201716958419200,3.1535,SGACK|transport-0902|T|S|1|22:17|89822|1,[],,S,True,22:17,89822,1,902
transport-0903,S,201716958828600,201716959117600,201716970726000,11.8974,SGACK|transport-0903|S|S|1|22:17|89836|1,[],,S,True,22:17,89836,1,903
transport-0904,P,201716971125300,201716971358900,201716984040900,12.9156,SGACK|transport-0904|P|S|1|22:17|89849|1,[],,S,True,22:17,89849,1,904
transport-0905,C,201716984687100,201716984915600,201716996501200,11.8141,SGACK|transport-0905|C|S|1|22:17|89861|1,[],,S,True,22:17,89861,1,905
transport-0906,E,201716997170500,201716997455900,201717006797200,9.6267,SGACK|transport-0906|E|A|1|22:17|89872|1,[],,A,True,22:17,89872,1,906
transport-0907,K,201717019889000,201717020173600,201717022800500,2.9115,SGACK|transport-0907|K|S|1|22:17|89887|1,[],,S,True,22:17,89887,1,907
transport-0908,A,201717023535200,201717023882700,201717033058400,9.5232,SGACK|transport-0908|A|A|1|22:17|89898|1,[],,A,True,22:17,89898,1,908
transport-0909,T,201717047059300,201717047398100,201717050314200,3.2549,SGACK|transport-0909|T|S|1|22:17|89914|1,[],,S,True,22:17,89914,1,909
transport-0910,S,201717051020300,201717051408200,201717063751900,12.7316,SGACK|transport-0910|S|S|1|22:17|89929|1,[],,S,True,22:17,89929,1,910
transport-0911,P,201717064277800,201717064632700,201717077237000,12.9592,SGACK|transport-0911|P|S|1|22:17|89942|1,[],,S,True,22:17,89942,1,911
transport-0912,C,201717078230600,201717078604300,201717090974000,12.7434,SGACK|transport-0912|C|S|1|22:17|89955|1,[],,S,True,22:17,89955,1,912
transport-0913,E,201717091867700,201717092110900,201717101297600,9.4299,SGACK|transport-0913|E|A|1|22:17|89967|1,[],,A,True,22:17,89967,1,913
transport-0914,K,201717113736300,201717114012600,201717116395600,2.6593,SGACK|transport-0914|K|S|1|22:17|89980|1,[],,S,True,22:17,89980,1,914
transport-0915,A,201717116861800,201717117209900,201717126464500,9.6027,SGACK|transport-0915|A|A|1|22:17|89992|1,[],,A,True,22:17,89992,1,915
transport-0916,T,201717139737000,201717139987900,201717142429200,2.6922,SGACK|transport-0916|T|S|1|22:17|90006|1,[],,S,True,22:17,90006,1,916
transport-0917,S,201717142723200,201717142907500,201717154859200,12.136,SGACK|transport-0917|S|S|1|22:17|90020|1,[],,S,True,22:17,90020,1,917
transport-0918,P,201717155553000,201717155886800,201717168283700,12.7307,SGACK|transport-0918|P|S|1|22:17|90033|1,[],,S,True,22:17,90033,1,918
transport-0919,C,201717169022200,201717169256700,201717182220500,13.1983,SGACK|transport-0919|C|S|1|22:17|90046|1,[],,S,True,22:17,90046,1,919
transport-0920,E,201717183183300,201717183705400,201717193043200,9.8599,SGACK|transport-0920|E|A|1|22:17|90058|1,[],,A,True,22:17,90058,1,920
transport-0921,K,201717207363700,201717207800900,201717211305900,3.9422,SGACK|transport-0921|K|S|1|22:17|90074|1,[],,S,True,22:17,90074,1,921
transport-0922,A,201717211714500,201717212041600,201717220313600,8.5991,SGACK|transport-0922|A|A|1|22:17|90086|1,[],,A,True,22:17,90086,1,922
transport-0923,T,201717233207500,201717233860800,201717236224000,3.0165,SGACK|transport-0923|T|S|1|22:17|90100|1,[],,S,True,22:17,90100,1,923
transport-0924,S,201717236750300,201717237129500,201717249522600,12.7723,SGACK|transport-0924|S|S|1|22:17|90114|1,[],,S,True,22:17,90114,1,924
transport-0925,P,201717250578900,201717250882200,201717266454600,15.8757,SGACK|transport-0925|P|S|1|22:17|90131|1,[],,S,True,22:17,90131,1,925
transport-0926,C,201717267843800,201717268131800,201717280869200,13.0254,SGACK|transport-0926|C|S|1|22:17|90145|1,[],,S,True,22:17,90145,1,926
transport-0927,E,201717281531900,201717281852400,201717290570300,9.0384,SGACK|transport-0927|E|A|1|22:17|90156|1,[],,A,True,22:17,90156,1,927
transport-0928,K,201717304643400,201717305117500,201717308704200,4.0608,SGACK|transport-0928|K|S|1|22:17|90171|1,[],,S,True,22:17,90171,1,928
transport-0929,A,201717309175200,201717309456600,201717318524200,9.349,SGACK|transport-0929|A|A|1|22:17|90184|1,[],,A,True,22:17,90184,1,929
transport-0930,T,201717332832900,201717333183300,201717336845600,4.0127,SGACK|transport-0930|T|S|1|22:17|90200|1,[],,S,True,22:17,90200,1,930
transport-0931,S,201717337367000,201717337632300,201717350900700,13.5337,SGACK|transport-0931|S|S|1|22:17|90215|1,[],,S,True,22:17,90215,1,931
transport-0932,P,201717351557400,201717351855500,201717364159100,12.6017,SGACK|transport-0932|P|S|1|22:17|90229|1,[],,S,True,22:17,90229,1,932
transport-0933,C,201717365005200,201717365340300,201717377355800,12.3506,SGACK|transport-0933|C|S|1|22:17|90242|1,[],,S,True,22:17,90242,1,933
transport-0934,E,201717377807500,201717377991900,201717386141700,8.3342,SGACK|transport-0934|E|A|1|22:17|90252|1,[],,A,True,22:17,90252,1,934
transport-0935,K,201717398646900,201717399758900,201717402103800,3.4569,SGACK|transport-0935|K|S|1|22:17|90265|1,[],,S,True,22:17,90265,1,935
transport-0936,A,201717402463700,201717402741100,201717411336900,8.8732,SGACK|transport-0936|A|A|1|22:17|90277|1,[],,A,True,22:17,90277,1,936
transport-0937,T,201717424007800,201717424266600,201717427447100,3.4393,SGACK|transport-0937|T|S|1|22:17|90291|1,[],,S,True,22:17,90291,1,937
transport-0938,S,201717427917200,201717428227900,201717441061500,13.1443,SGACK|transport-0938|S|S|1|22:17|90306|1,[],,S,True,22:17,90306,1,938
transport-0939,P,201717441656500,201717442061200,201717453706200,12.0497,SGACK|transport-0939|P|S|1|22:17|90319|1,[],,S,True,22:17,90319,1,939
transport-0940,C,201717454405500,201717454837300,201717467568100,13.1626,SGACK|transport-0940|C|S|1|22:17|90331|1,[],,S,True,22:17,90331,1,940
transport-0941,E,201717468217000,201717468490700,201717478505900,10.2889,SGACK|transport-0941|E|A|1|22:17|90343|1,[],,A,True,22:17,90343,1,941
transport-0942,K,201717492336600,201717492633300,201717494750500,2.4139,SGACK|transport-0942|K|S|1|22:17|90359|1,[],,S,True,22:17,90359,1,942
transport-0943,A,201717495188600,201717495533200,201717504112300,8.9237,SGACK|transport-0943|A|A|1|22:17|90370|1,[],,A,True,22:17,90370,1,943
transport-0944,T,201717517467700,201717517755100,201717520719900,3.2522,SGACK|transport-0944|T|S|1|22:17|90384|1,[],,S,True,22:17,90384,1,944
transport-0945,S,201717521151900,201717521474600,201717534673600,13.5217,SGACK|transport-0945|S|S|1|22:17|90399|1,[],,S,True,22:17,90399,1,945
transport-0946,P,201717535248600,201717535682100,201717548157800,12.9092,SGACK|transport-0946|P|S|1|22:17|90413|1,[],,S,True,22:17,90413,1,946
transport-0947,C,201717549016900,201717549349200,201717561976000,12.9591,SGACK|transport-0947|C|S|1|22:17|90426|1,[],,S,True,22:17,90426,1,947
transport-0948,E,201717562736600,201717563184600,201717571871800,9.1352,SGACK|transport-0948|E|A|1|22:17|90437|1,[],,A,True,22:17,90437,1,948
transport-0949,K,201717586308200,201717586798400,201717590447800,4.1396,SGACK|transport-0949|K|S|1|22:17|90453|1,[],,S,True,22:17,90453,1,949
transport-0950,A,201717590897900,201717591135200,201717600562300,9.6644,SGACK|transport-0950|A|A|1|22:17|90466|1,[],,A,True,22:17,90466,1,950
transport-0951,T,201717614237900,201717614569600,201717618452000,4.2141,SGACK|transport-0951|T|S|1|22:17|90481|1,[],,S,True,22:17,90481,1,951
transport-0952,S,201717619056900,201717619435400,201717632257900,13.201,SGACK|transport-0952|S|S|1|22:17|90497|1,[],,S,True,22:17,90497,1,952
transport-0953,P,201717633084100,201717633724500,201717646715800,13.6317,SGACK|transport-0953|P|S|1|22:17|90511|1,[],,S,True,22:17,90511,1,953
transport-0954,C,201717647624300,201717648042500,201717660038300,12.414,SGACK|transport-0954|C|S|1|22:17|90524|1,[],,S,True,22:17,90524,1,954
transport-0955,E,201717660997400,201717661408400,201717671013500,10.0161,SGACK|transport-0955|E|A|1|22:17|90536|1,[],,A,True,22:17,90536,1,955
transport-0956,K,201717686677600,201717687007000,201717690429200,3.7516,SGACK|transport-0956|K|S|1|22:17|90553|1,[],,S,True,22:17,90553,1,956
transport-0957,A,201717690872200,201717691124100,201717701142100,10.2699,SGACK|transport-0957|A|A|1|22:17|90566|1,[],,A,True,22:17,90566,1,957
transport-0958,T,201717713879900,201717714258100,201717717694800,3.8149,SGACK|transport-0958|T|S|1|22:17|90581|1,[],,S,True,22:17,90581,1,958
transport-0959,S,201717718115400,201717718389700,201717731257600,13.1422,SGACK|transport-0959|S|S|1|22:17|90596|1,[],,S,True,22:17,90596,1,959
transport-0960,P,201717731973800,201717732705100,201717745317000,13.3432,SGACK|transport-0960|P|S|1|22:17|90610|1,[],,S,True,22:17,90610,1,960
transport-0961,C,201717746081700,201717746467600,201717759109800,13.0281,SGACK|transport-0961|C|S|1|22:17|90623|1,[],,S,True,22:17,90623,1,961
transport-0962,E,201717760285800,201717760614000,201717769764800,9.479,SGACK|transport-0962|E|A|1|22:17|90635|1,[],,A,True,22:17,90635,1,962
transport-0963,K,201717784055400,201717784615600,201717787979800,3.9244,SGACK|transport-0963|K|S|1|22:17|90651|1,[],,S,True,22:17,90651,1,963
transport-0964,A,201717788463500,201717788847300,201717797214100,8.7506,SGACK|transport-0964|A|A|1|22:17|90663|1,[],,A,True,22:17,90663,1,964
transport-0965,T,201717810228100,201717810571100,201717813472000,3.2439,SGACK|transport-0965|T|S|1|22:17|90677|1,[],,S,True,22:17,90677,1,965
transport-0966,S,201717814011800,201717814367100,201717827253800,13.242,SGACK|transport-0966|S|S|1|22:17|90692|1,[],,S,True,22:17,90692,1,966
transport-0967,P,201717828024600,201717828442300,201717840627400,12.6028,SGACK|transport-0967|P|S|1|22:17|90706|1,[],,S,True,22:17,90706,1,967
transport-0968,C,201717841083700,201717841326000,201717853195800,12.1121,SGACK|transport-0968|C|S|1|22:17|90718|1,[],,S,True,22:17,90718,1,968
transport-0969,E,201717853723700,201717854043600,201717862810300,9.0866,SGACK|transport-0969|E|A|1|22:17|90728|1,[],,A,True,22:17,90728,1,969
transport-0970,K,201717876624500,201717877113700,201717880113400,3.4889,SGACK|transport-0970|K|S|1|22:17|90743|1,[],,S,True,22:17,90743,1,970
transport-0971,A,201717880589900,201717880828000,201717889357800,8.7679,SGACK|transport-0971|A|A|1|22:17|90755|1,[],,A,True,22:17,90755,1,971
transport-0972,T,201717902792900,201717903069900,201717905174800,2.3819,SGACK|transport-0972|T|S|1|22:17|90769|1,[],,S,True,22:17,90769,1,972
transport-0973,S,201717905560700,201717905809100,201717917513500,11.9528,SGACK|transport-0973|S|S|1|22:17|90783|1,[],,S,True,22:17,90783,1,973
transport-0974,P,201717917873800,201717918088300,201717930865000,12.9912,SGACK|transport-0974|P|S|1|22:17|90796|1,[],,S,True,22:17,90796,1,974
transport-0975,C,201717931384000,201717931646200,201717944014400,12.6304,SGACK|transport-0975|C|S|1|22:17|90808|1,[],,S,True,22:17,90808,1,975
transport-0976,E,201717944869000,201717945162600,201717954834200,9.9652,SGACK|transport-0976|E|A|1|22:17|90820|1,[],,A,True,22:17,90820,1,976
transport-0977,K,201717969571900,201717969926200,201717972886400,3.3145,SGACK|transport-0977|K|S|1|22:17|90836|1,[],,S,True,22:17,90836,1,977
transport-0978,A,201717973327100,201717973595400,201717982219400,8.8923,SGACK|transport-0978|A|A|1|22:17|90848|1,[],,A,True,22:17,90848,1,978
transport-0979,T,201717996580100,201717996938800,201718000235000,3.6549,SGACK|transport-0979|T|S|1|22:17|90863|1,[],,S,True,22:17,90863,1,979
transport-0980,S,201718000768000,201718001073100,201718014225100,13.4571,SGACK|transport-0980|S|S|1|22:17|90878|1,[],,S,True,22:17,90878,1,980
transport-0981,P,201718015123700,201718015860800,201718027546500,12.4228,SGACK|transport-0981|P|S|1|22:17|90893|1,[],,S,True,22:17,90893,1,981
transport-0982,C,201718028106300,201718028403500,201718040399600,12.2933,SGACK|transport-0982|C|S|1|22:17|90905|1,[],,S,True,22:17,90905,1,982
transport-0983,E,201718041019000,201718041323600,201718050524600,9.5056,SGACK|transport-0983|E|A|1|22:17|90916|1,[],,A,True,22:17,90916,1,983
transport-0984,K,201718064332900,201718064632400,201718067309300,2.9764,SGACK|transport-0984|K|S|1|22:17|90931|1,[],,S,True,22:17,90931,1,984
transport-0985,A,201718067724600,201718067925100,201718076524000,8.7994,SGACK|transport-0985|A|A|1|22:17|90942|1,[],,A,True,22:17,90942,1,985
transport-0986,T,201718089901500,201718090163100,201718092786500,2.885,SGACK|transport-0986|T|S|1|22:17|90957|1,[],,S,True,22:17,90957,1,986
transport-0987,S,201718093130700,201718093352600,201718105673200,12.5425,SGACK|transport-0987|S|S|1|22:17|90971|1,[],,S,True,22:17,90971,1,987
transport-0988,P,201718106196400,201718106586700,201718118638600,12.4422,SGACK|transport-0988|P|S|1|22:17|90984|1,[],,S,True,22:17,90984,1,988
transport-0989,C,201718119216600,201718119644400,201718131750700,12.5341,SGACK|transport-0989|C|S|1|22:17|90996|1,[],,S,True,22:17,90996,1,989
transport-0990,E,201718132488600,201718132777500,201718141985900,9.4973,SGACK|transport-0990|E|A|1|22:17|91007|1,[],,A,True,22:17,91007,1,990
transport-0991,K,201718155222100,201718155558800,201718158183300,2.9612,SGACK|transport-0991|K|S|1|22:17|91022|1,[],,S,True,22:17,91022,1,991
transport-0992,A,201718158615800,201718158906600,201718167219800,8.604,SGACK|transport-0992|A|A|1|22:17|91033|1,[],,A,True,22:17,91033,1,992
transport-0993,T,201718181721000,201718182094200,201718185687800,3.9668,SGACK|transport-0993|T|S|1|22:17|91048|1,[],,S,True,22:17,91048,1,993
transport-0994,S,201718186251400,201718186547300,201718199014400,12.763,SGACK|transport-0994|S|S|1|22:17|91064|1,[],,S,True,22:17,91064,1,994
transport-0995,P,201718199743800,201718200081600,201718212267000,12.5232,SGACK|transport-0995|P|S|1|22:17|91077|1,[],,S,True,22:17,91077,1,995
transport-0996,C,201718212939500,201718213381500,201718226059300,13.1198,SGACK|transport-0996|C|S|1|22:17|91090|1,[],,S,True,22:17,91090,1,996
transport-0997,E,201718226984100,201718227357200,201718236934900,9.9508,SGACK|transport-0997|E|A|1|22:17|91102|1,[],,A,True,22:17,91102,1,997
transport-0998,K,201718251440200,201718251753600,201718254547200,3.107,SGACK|transport-0998|K|S|1|22:17|91118|1,[],,S,True,22:17,91118,1,998
transport-0999,A,201718255056900,201718255311500,201718264460600,9.4037,SGACK|transport-0999|A|A|1|22:17|91130|1,[],,A,True,22:17,91130,1,999
transport-1000,T,201718278451200,201718278767000,201718281664900,3.2137,SGACK|transport-1000|T|S|1|22:17|91145|1,[],,S,True,22:17,91145,1,1000
transport-1001,S,201718282276500,201718282546800,201718295208400,12.9319,SGACK|transport-1001|S|S|1|22:17|91160|1,[],,S,True,22:17,91160,1,1001
transport-1002,P,201718295852000,201718296145000,201718308771500,12.9195,SGACK|transport-1002|P|S|1|22:17|91174|1,[],,S,True,22:17,91174,1,1002
transport-1003,C,201718309393700,201718309672200,201718321573400,12.1797,SGACK|transport-1003|C|S|1|22:17|91186|1,[],,S,True,22:17,91186,1,1003
transport-1004,E,201718322190300,201718322493900,201718332067300,9.877,SGACK|transport-1004|E|A|1|22:17|91197|1,[],,A,True,22:17,91197,1,1004
transport-1005,K,201718346669900,201718347106600,201718350808300,4.1384,SGACK|transport-1005|K|S|1|22:17|91213|1,[],,S,True,22:17,91213,1,1005
transport-1006,A,201718351581900,201718351880100,201718360175700,8.5938,SGACK|transport-1006|A|A|1|22:17|91225|1,[],,A,True,22:17,91225,1,1006
transport-1007,T,201718372671100,201718372988900,201718375427200,2.7561,SGACK|transport-1007|T|S|1|22:17|91239|1,[],,S,True,22:17,91239,1,1007
transport-1008,S,201718375804400,201718376059300,201718387951300,12.1469,SGACK|transport-1008|S|S|1|22:17|91253|1,[],,S,True,22:17,91253,1,1008
transport-1009,P,201718388523200,201718388850300,201718401079700,12.5565,SGACK|transport-1009|P|S|1|22:17|91266|1,[],,S,True,22:17,91266,1,1009
transport-1010,C,201718401794600,201718402206300,201718415147500,13.3529,SGACK|transport-1010|C|S|1|22:17|91279|1,[],,S,True,22:17,91279,1,1010
transport-1011,E,201718416130200,201718416701300,201718427156700,11.0265,SGACK|transport-1011|E|A|1|22:17|91291|1,[],,A,True,22:17,91291,1,1011
transport-1012,K,201718440800400,201718441172600,201718444228000,3.4276,SGACK|transport-1012|K|S|1|22:17|91308|1,[],,S,True,22:17,91308,1,1012
transport-1013,A,201718444788700,201718445154500,201718454653000,9.8643,SGACK|transport-1013|A|A|1|22:17|91320|1,[],,A,True,22:17,91320,1,1013
transport-1014,T,201718468580000,201718469015400,201718472256100,3.6761,SGACK|transport-1014|T|S|1|22:17|91335|1,[],,S,True,22:17,91335,1,1014
transport-1015,S,201718472890000,201718473296400,201718486335900,13.4459,SGACK|transport-1015|S|S|1|22:17|91351|1,[],,S,True,22:17,91351,1,1015
transport-1016,P,201718487038900,201718487417400,201718500384100,13.3452,SGACK|transport-1016|P|S|1|22:17|91365|1,[],,S,True,22:17,91365,1,1016
transport-1017,C,201718501243600,201718501595400,201718514119700,12.8761,SGACK|transport-1017|C|S|1|22:17|91378|1,[],,S,True,22:17,91378,1,1017
transport-1018,E,201718515139000,201718515590800,201718525069500,9.9305,SGACK|transport-1018|E|A|1|22:17|91390|1,[],,A,True,22:17,91390,1,1018
transport-1019,K,201718539262200,201718539688200,201718542293100,3.0309,SGACK|transport-1019|K|S|1|22:17|91406|1,[],,S,True,22:17,91406,1,1019
transport-1020,A,201718542798100,201718543091500,201718552228800,9.4307,SGACK|transport-1020|A|A|1|22:17|91418|1,[],,A,True,22:17,91418,1,1020
transport-1021,T,201718565035600,201718565389400,201718568868000,3.8324,SGACK|transport-1021|T|S|1|22:17|91432|1,[],,S,True,22:17,91432,1,1021
transport-1022,S,201718569398100,201718569690300,201718582794400,13.3963,SGACK|transport-1022|S|S|1|22:17|91447|1,[],,S,True,22:17,91447,1,1022
transport-1023,P,201718584037900,201718584559300,201718597476600,13.4387,SGACK|transport-1023|P|S|1|22:17|91462|1,[],,S,True,22:17,91462,1,1023
transport-1024,C,201718598329700,201718598665500,201718611290800,12.9611,SGACK|transport-1024|C|S|1|22:17|91475|1,[],,S,True,22:17,91475,1,1024
transport-1025,E,201718612227200,201718612697300,201718621685500,9.4583,SGACK|transport-1025|E|A|1|22:17|91487|1,[],,A,True,22:17,91487,1,1025
transport-1026,K,201718635298400,201718635697200,201718639086700,3.7883,SGACK|transport-1026|K|S|1|22:17|91502|1,[],,S,True,22:17,91502,1,1026
transport-1027,A,201718639512500,201718639752800,201718648539100,9.0266,SGACK|transport-1027|A|A|1|22:17|91514|1,[],,A,True,22:17,91514,1,1027
transport-1028,T,201718662702600,201718663101100,201718666630700,3.9281,SGACK|transport-1028|T|S|1|22:17|91529|1,[],,S,True,22:17,91529,1,1028
transport-1029,S,201718667154400,201718667531100,201718680206900,13.0525,SGACK|transport-1029|S|S|1|22:17|91545|1,[],,S,True,22:17,91545,1,1029
transport-1030,P,201718680826000,201718681233500,201718694548900,13.7229,SGACK|transport-1030|P|S|1|22:17|91559|1,[],,S,True,22:17,91559,1,1030
transport-1031,C,201718695433200,201718695858200,201718708170600,12.7374,SGACK|transport-1031|C|S|1|22:17|91572|1,[],,S,True,22:17,91572,1,1031
transport-1032,E,201718709187800,201718709588000,201718718444400,9.2566,SGACK|transport-1032|E|A|1|22:17|91584|1,[],,A,True,22:17,91584,1,1032
transport-1033,K,201718734013800,201718734418100,201718737472800,3.459,SGACK|transport-1033|K|S|1|22:17|91601|1,[],,S,True,22:17,91601,1,1033
transport-1034,A,201718737893800,201718738124900,201718747476200,9.5824,SGACK|transport-1034|A|A|1|22:17|91613|1,[],,A,True,22:17,91613,1,1034
transport-1035,T,201718761480700,201718761852800,201718765425900,3.9452,SGACK|transport-1035|T|S|1|22:17|91628|1,[],,S,True,22:17,91628,1,1035
transport-1036,S,201718766143500,201718766646600,201718779490200,13.3467,SGACK|transport-1036|S|S|1|22:17|91644|1,[],,S,True,22:17,91644,1,1036
transport-1037,P,201718780336200,201718780770800,201718793203500,12.8673,SGACK|transport-1037|P|S|1|22:17|91658|1,[],,S,True,22:17,91658,1,1037
transport-1038,C,201718794003800,201718794338800,201718806558000,12.5542,SGACK|transport-1038|C|S|1|22:17|91671|1,[],,S,True,22:17,91671,1,1038
transport-1039,E,201718807244000,201718807667500,201718816794000,9.55,SGACK|transport-1039|E|A|1|22:17|91682|1,[],,A,True,22:17,91682,1,1039
transport-1040,K,201718830400500,201718830863700,201718833680600,3.2801,SGACK|transport-1040|K|S|1|22:17|91697|1,[],,S,True,22:17,91697,1,1040
transport-1041,A,201718834113500,201718834429400,201718843501800,9.3883,SGACK|transport-1041|A|A|1|22:17|91709|1,[],,A,True,22:17,91709,1,1041
transport-1042,T,201718856357200,201718856589900,201718858734900,2.3777,SGACK|transport-1042|T|S|1|22:17|91723|1,[],,S,True,22:17,91723,1,1042
transport-1043,S,201718859059000,201718859267800,201718871844500,12.7855,SGACK|transport-1043|S|S|1|22:17|91737|1,[],,S,True,22:17,91737,1,1043
transport-1044,P,201718872373000,201718872757800,201718884666800,12.2938,SGACK|transport-1044|P|S|1|22:17|91750|1,[],,S,True,22:17,91750,1,1044
transport-1045,C,201718885255700,201718885521600,201718897866600,12.6109,SGACK|transport-1045|C|S|1|22:17|91762|1,[],,S,True,22:17,91762,1,1045
transport-1046,E,201718898509200,201718898823800,201718907914500,9.4053,SGACK|transport-1046|E|A|1|22:17|91773|1,[],,A,True,22:17,91773,1,1046
transport-1047,K,201718921569500,201718921923400,201718924633200,3.0637,SGACK|transport-1047|K|S|1|22:17|91788|1,[],,S,True,22:17,91788,1,1047
transport-1048,A,201718925074800,201718925321400,201718934559500,9.4847,SGACK|transport-1048|A|A|1|22:17|91800|1,[],,A,True,22:17,91800,1,1048
transport-1049,T,201718948951700,201718949279200,201718952549200,3.5975,SGACK|transport-1049|T|S|1|22:17|91816|1,[],,S,True,22:17,91816,1,1049
transport-1050,S,201718953059500,201718953350800,201718966581800,13.5223,SGACK|transport-1050|S|S|1|22:17|91831|1,[],,S,True,22:17,91831,1,1050
transport-1051,P,201718967410900,201718967804300,201718979363300,11.9524,SGACK|transport-1051|P|S|1|22:17|91845|1,[],,S,True,22:17,91845,1,1051
transport-1052,C,201718979815300,201718980031200,201718992227500,12.4122,SGACK|transport-1052|C|S|1|22:17|91857|1,[],,S,True,22:17,91857,1,1052
transport-1053,E,201718992603700,201718992764200,201719000986300,8.3826,SGACK|transport-1053|E|A|1|22:17|91867|1,[],,A,True,22:17,91867,1,1053
transport-1054,K,201719014086200,201719014390500,201719017813000,3.7268,SGACK|transport-1054|K|S|1|22:17|91881|1,[],,S,True,22:17,91881,1,1054
transport-1055,A,201719018368200,201719018593300,201719027348900,8.9807,SGACK|transport-1055|A|A|1|22:17|91893|1,[],,A,True,22:17,91893,1,1055
transport-1056,T,201719040971900,201719041291500,201719044057500,3.0856,SGACK|transport-1056|T|S|1|22:17|91908|1,[],,S,True,22:17,91908,1,1056
transport-1057,S,201719044540900,201719044754400,201719056472300,11.9314,SGACK|transport-1057|S|S|1|22:17|91922|1,[],,S,True,22:17,91922,1,1057
transport-1058,P,201719056971900,201719057313400,201719070094400,13.1225,SGACK|transport-1058|P|S|1|22:17|91935|1,[],,S,True,22:17,91935,1,1058
transport-1059,C,201719071032500,201719071390100,201719083068200,12.0357,SGACK|transport-1059|C|S|1|22:17|91948|1,[],,S,True,22:17,91948,1,1059
transport-1060,E,201719083697000,201719084028200,201719092494100,8.7971,SGACK|transport-1060|E|A|1|22:17|91958|1,[],,A,True,22:17,91958,1,1060
transport-1061,K,201719105529000,201719105822000,201719107404300,1.8753,SGACK|transport-1061|K|S|1|22:17|91972|1,[],,S,True,22:17,91972,1,1061
transport-1062,A,201719107935200,201719108170300,201719116988200,9.053,SGACK|transport-1062|A|A|1|22:17|91983|1,[],,A,True,22:17,91983,1,1062
transport-1063,T,201719129494000,201719129724200,201719131442100,1.9481,SGACK|transport-1063|T|S|1|22:17|91996|1,[],,S,True,22:17,91996,1,1063
transport-1064,S,201719132181500,201719132459300,201719144183200,12.0017,SGACK|transport-1064|S|S|1|22:17|92010|1,[],,S,True,22:17,92010,1,1064
transport-1065,P,201719144496200,201719144689900,201719155903200,11.407,SGACK|transport-1065|P|S|1|22:17|92022|1,[],,S,True,22:17,92022,1,1065
transport-1066,C,201719156242900,201719156416400,201719167707800,11.4649,SGACK|transport-1066|C|S|1|22:17|92033|1,[],,S,True,22:17,92033,1,1066
transport-1067,E,201719168077900,201719168272800,201719176810000,8.7321,SGACK|transport-1067|E|A|1|22:17|92043|1,[],,A,True,22:17,92043,1,1067
transport-1068,K,201719188935900,201719189121900,201719190898600,1.9627,SGACK|transport-1068|K|S|1|22:17|92056|1,[],,S,True,22:17,92056,1,1068
transport-1069,A,201719191111600,201719191288700,201719199617500,8.5059,SGACK|transport-1069|A|A|1|22:17|92066|1,[],,A,True,22:17,92066,1,1069
transport-1070,T,201719211874300,201719212004200,201719214328800,2.4545,SGACK|transport-1070|T|S|1|22:17|92079|1,[],,S,True,22:17,92079,1,1070
transport-1071,S,201719215224500,201719215622500,201719229033700,13.8092,SGACK|transport-1071|S|S|1|22:17|92093|1,[],,S,True,22:17,92093,1,1071
transport-1072,P,201719229977200,201719230305300,201719242381500,12.4043,SGACK|transport-1072|P|S|1|22:17|92108|1,[],,S,True,22:17,92108,1,1072
transport-1073,C,201719242955200,201719243186500,201719255258600,12.3034,SGACK|transport-1073|C|S|1|22:17|92120|1,[],,S,True,22:17,92120,1,1073
transport-1074,E,201719255752500,201719256004100,201719267944500,12.192,SGACK|transport-1074|E|A|1|22:17|92134|1,[],,A,True,22:17,92134,1,1074
transport-1075,K,201719280376600,201719280579900,201719282798600,2.422,SGACK|transport-1075|K|S|1|22:17|92147|1,[],,S,True,22:17,92147,1,1075
transport-1076,A,201719283273300,201719283546300,201719291728100,8.4548,SGACK|transport-1076|A|A|1|22:17|92158|1,[],,A,True,22:17,92158,1,1076
transport-1077,T,201719303976400,201719304128400,201719305635500,1.6591,SGACK|transport-1077|T|S|1|22:17|92171|1,[],,S,True,22:17,92171,1,1077
transport-1078,S,201719305932800,201719306084500,201719318239000,12.3062,SGACK|transport-1078|S|S|1|22:17|92184|1,[],,S,True,22:17,92184,1,1078
transport-1079,P,201719318668900,201719318919600,201719329944200,11.2753,SGACK|transport-1079|P|S|1|22:17|92196|1,[],,S,True,22:17,92196,1,1079
transport-1080,C,201719330617500,201719330873900,201719341642200,11.0247,SGACK|transport-1080|C|S|1|22:17|92207|1,[],,S,True,22:17,92207,1,1080
transport-1081,E,201719342078400,201719342239700,201719350737900,8.6595,SGACK|transport-1081|E|A|1|22:17|92217|1,[],,A,True,22:17,92217,1,1081
transport-1082,K,201719363124500,201719363330900,201719364662100,1.5376,SGACK|transport-1082|K|S|1|22:17|92230|1,[],,S,True,22:17,92230,1,1082
transport-1083,A,201719365062200,201719365447700,201719373617800,8.5556,SGACK|transport-1083|A|A|1|22:17|92240|1,[],,A,True,22:17,92240,1,1083
transport-1084,T,201719385925300,201719386120500,201719387496500,1.5712,SGACK|transport-1084|T|S|1|22:17|92253|1,[],,S,True,22:17,92253,1,1084
transport-1085,S,201719387734800,201719387912100,201719400637900,12.9031,SGACK|transport-1085|S|S|1|22:17|92265|1,[],,S,True,22:17,92265,1,1085
transport-1086,P,201719401183700,201719401645100,201719414694000,13.5103,SGACK|transport-1086|P|S|1|22:17|92279|1,[],,S,True,22:17,92279,1,1086
transport-1087,C,201719415322100,201719415838700,201719426626100,11.304,SGACK|transport-1087|C|S|1|22:17|92292|1,[],,S,True,22:17,92292,1,1087
transport-1088,E,201719426902200,201719427018700,201719435692100,8.7899,SGACK|transport-1088|E|A|1|22:17|92302|1,[],,A,True,22:17,92302,1,1088
transport-1089,K,201719447830400,201719447966500,201719449605600,1.7752,SGACK|transport-1089|K|S|1|22:17|92315|1,[],,S,True,22:17,92315,1,1089
transport-1090,A,201719449838700,201719449964200,201719458665700,8.827,SGACK|transport-1090|A|A|1|22:17|92325|1,[],,A,True,22:17,92325,1,1090
transport-1091,T,201719470880600,201719471007400,201719472449500,1.5689,SGACK|transport-1091|T|S|1|22:17|92338|1,[],,S,True,22:17,92338,1,1091
transport-1092,S,201719472643700,201719472806400,201719484132900,11.4892,SGACK|transport-1092|S|S|1|22:17|92350|1,[],,S,True,22:17,92350,1,1092
transport-1093,P,201719484406500,201719484679400,201719495940000,11.5335,SGACK|transport-1093|P|S|1|22:17|92362|1,[],,S,True,22:17,92362,1,1093
transport-1094,C,201719496215600,201719496334900,201719507699700,11.4841,SGACK|transport-1094|C|S|1|22:17|92373|1,[],,S,True,22:17,92373,1,1094
transport-1095,E,201719508033200,201719508166600,201719516764300,8.7311,SGACK|transport-1095|E|A|1|22:17|92383|1,[],,A,True,22:17,92383,1,1095
transport-1096,K,201719528958200,201719529158600,201719530645100,1.6869,SGACK|transport-1096|K|S|1|22:17|92396|1,[],,S,True,22:17,92396,1,1096
transport-1097,A,201719530872500,201719530996600,201719539669600,8.7971,SGACK|transport-1097|A|A|1|22:17|92406|1,[],,A,True,22:17,92406,1,1097
transport-1098,T,201719551892400,201719552017300,201719553502400,1.61,SGACK|transport-1098|T|S|1|22:17|92419|1,[],,S,True,22:17,92419,1,1098
transport-1099,S,201719553745600,201719553881400,201719565104500,11.3589,SGACK|transport-1099|S|S|1|22:17|92431|1,[],,S,True,22:17,92431,1,1099
transport-1100,P,201719565458500,201719565639800,201719576894400,11.4359,SGACK|transport-1100|P|S|1|22:17|92443|1,[],,S,True,22:17,92443,1,1100
transport-1101,C,201719577167600,201719577284400,201719588575200,11.4076,SGACK|transport-1101|C|S|1|22:17|92454|1,[],,S,True,22:17,92454,1,1101
transport-1102,E,201719588893400,201719589041400,201719597728200,8.8348,SGACK|transport-1102|E|A|1|22:17|92464|1,[],,A,True,22:17,92464,1,1102
transport-1103,K,201719609938800,201719610082000,201719611572400,1.6336,SGACK|transport-1103|K|S|1|22:17|92477|1,[],,S,True,22:17,92477,1,1103
transport-1104,A,201719611779300,201719611904000,201719619719400,7.9401,SGACK|transport-1104|A|A|1|22:17|92486|1,[],,A,True,22:17,92486,1,1104
transport-1105,T,201719633960300,201719634607000,201719636155000,2.1947,SGACK|transport-1105|T|S|1|22:17|92501|1,[],,S,True,22:17,92501,1,1105
transport-1106,S,201719636383800,201719636515200,201719648086200,11.7024,SGACK|transport-1106|S|S|1|22:17|92514|1,[],,S,True,22:17,92514,1,1106
transport-1107,P,201719648363900,201719648538800,201719659858100,11.4942,SGACK|transport-1107|P|S|1|22:17|92526|1,[],,S,True,22:17,92526,1,1107
transport-1108,C,201719660130300,201719660264800,201719671615600,11.4853,SGACK|transport-1108|C|S|1|22:17|92537|1,[],,S,True,22:17,92537,1,1108
transport-1109,E,201719671928700,201719672055700,201719680788200,8.8595,SGACK|transport-1109|E|A|1|22:17|92547|1,[],,A,True,22:17,92547,1,1109
transport-1110,K,201719692957400,201719693107700,201719694648100,1.6907,SGACK|transport-1110|K|S|1|22:17|92560|1,[],,S,True,22:17,92560,1,1110
transport-1111,A,201719694878600,201719695022200,201719703680300,8.8017,SGACK|transport-1111|A|A|1|22:17|92570|1,[],,A,True,22:17,92570,1,1111
transport-1112,T,201719716138400,201719716263900,201719717588700,1.4503,SGACK|transport-1112|T|S|1|22:17|92583|1,[],,S,True,22:17,92583,1,1112
transport-1113,S,201719717807900,201719717945000,201719730088200,12.2803,SGACK|transport-1113|S|S|1|22:17|92596|1,[],,S,True,22:17,92596,1,1113
transport-1114,P,201719730348900,201719730512100,201719741796300,11.4474,SGACK|transport-1114|P|S|1|22:17|92608|1,[],,S,True,22:17,92608,1,1114
transport-1115,C,201719742094300,201719742212400,201719753658900,11.5646,SGACK|transport-1115|C|S|1|22:17|92619|1,[],,S,True,22:17,92619,1,1115
transport-1116,E,201719753936900,201719754045700,201719762615700,8.6788,SGACK|transport-1116|E|A|1|22:17|92629|1,[],,A,True,22:17,92629,1,1116
transport-1117,K,201719774873700,201719775019600,201719776612700,1.739,SGACK|transport-1117|K|S|1|22:17|92642|1,[],,S,True,22:17,92642,1,1117
transport-1118,A,201719776832200,201719776953100,201719785616700,8.7845,SGACK|transport-1118|A|A|1|22:17|92652|1,[],,A,True,22:17,92652,1,1118
transport-1119,T,201719797837000,201719798003900,201719799661200,1.8242,SGACK|transport-1119|T|S|1|22:17|92665|1,[],,S,True,22:17,92665,1,1119
transport-1120,S,201719799886100,201719800018500,201719812049300,12.1632,SGACK|transport-1120|S|S|1|22:17|92678|1,[],,S,True,22:17,92678,1,1120
transport-1121,P,201719812313100,201719812450700,201719823854000,11.5409,SGACK|transport-1121|P|S|1|22:17|92690|1,[],,S,True,22:17,92690,1,1121
transport-1122,C,201719824148600,201719824276800,201719835575900,11.4273,SGACK|transport-1122|C|S|1|22:17|92701|1,[],,S,True,22:17,92701,1,1122
transport-1123,E,201719835884900,201719836017800,201719844614000,8.7291,SGACK|transport-1123|E|A|1|22:17|92711|1,[],,A,True,22:17,92711,1,1123
transport-1124,K,201719856847500,201719856993600,201719858568800,1.7213,SGACK|transport-1124|K|S|1|22:17|92724|1,[],,S,True,22:17,92724,1,1124
transport-1125,A,201719858791200,201719858908500,201719866640100,7.8489,SGACK|transport-1125|A|A|1|22:17|92733|1,[],,A,True,22:17,92733,1,1125
transport-1126,T,201719878910600,201719879033600,201719880535000,1.6244,SGACK|transport-1126|T|S|1|22:17|92746|1,[],,S,True,22:17,92746,1,1126
transport-1127,S,201719880741000,201719880866800,201719892035100,11.2941,SGACK|transport-1127|S|S|1|22:17|92758|1,[],,S,True,22:17,92758,1,1127
transport-1128,P,201719892318800,201719892520500,201719903854100,11.5353,SGACK|transport-1128|P|S|1|22:17|92770|1,[],,S,True,22:17,92770,1,1128
transport-1129,C,201719904158000,201719904313600,201719915729400,11.5714,SGACK|transport-1129|C|S|1|22:17|92782|1,[],,S,True,22:17,92782,1,1129
transport-1130,E,201719916019800,201719916132600,201719924773200,8.7534,SGACK|transport-1130|E|A|1|22:17|92791|1,[],,A,True,22:17,92791,1,1130
transport-1131,K,201719936894800,201719937037100,201719938606600,1.7118,SGACK|transport-1131|K|S|1|22:17|92804|1,[],,S,True,22:17,92804,1,1131
transport-1132,A,201719938817000,201719938931900,201719947971400,9.1544,SGACK|transport-1132|A|A|1|22:17|92814|1,[],,A,True,22:17,92814,1,1132
transport-1133,T,201719959960500,201719960121100,201719961485500,1.525,SGACK|transport-1133|T|S|1|22:17|92827|1,[],,S,True,22:17,92827,1,1133
transport-1134,S,201719961706400,201719961839600,201719973331100,11.6247,SGACK|transport-1134|S|S|1|22:17|92839|1,[],,S,True,22:17,92839,1,1134
transport-1135,P,201719973641100,201719973790000,201719984971200,11.3301,SGACK|transport-1135|P|S|1|22:17|92851|1,[],,S,True,22:17,92851,1,1135
transport-1136,C,201719985290400,201719985425400,201719996719500,11.4291,SGACK|transport-1136|C|S|1|22:17|92862|1,[],,S,True,22:17,92862,1,1136
transport-1137,E,201719997019100,201719997211400,201720005780700,8.7616,SGACK|transport-1137|E|A|1|22:17|92872|1,[],,A,True,22:17,92872,1,1137
transport-1138,K,201720017899000,201720018050800,201720019653500,1.7545,SGACK|transport-1138|K|S|1|22:17|92885|1,[],,S,True,22:17,92885,1,1138
transport-1139,A,201720019943200,201720020067000,201720028630900,8.6877,SGACK|transport-1139|A|A|1|22:17|92895|1,[],,A,True,22:17,92895,1,1139
transport-1140,T,201720041001800,201720041170800,201720042530900,1.5291,SGACK|transport-1140|T|S|1|22:17|92908|1,[],,S,True,22:17,92908,1,1140
transport-1141,S,201720042758300,201720042885100,201720054154500,11.3962,SGACK|transport-1141|S|S|1|22:17|92920|1,[],,S,True,22:17,92920,1,1141
transport-1142,P,201720054486100,201720054714800,201720066260600,11.7745,SGACK|transport-1142|P|S|1|22:17|92932|1,[],,S,True,22:17,92932,1,1142
transport-1143,C,201720066686600,201720066905600,201720077544500,10.8579,SGACK|transport-1143|C|S|1|22:17|92943|1,[],,S,True,22:17,92943,1,1143
transport-1144,E,201720077840700,201720078059200,201720086618000,8.7773,SGACK|transport-1144|E|A|1|22:17|92953|1,[],,A,True,22:17,92953,1,1144
transport-1145,K,201720100216600,201720100513800,201720104562900,4.3463,SGACK|transport-1145|K|S|1|22:17|92967|1,[],,S,True,22:17,92967,1,1145
transport-1146,A,201720105272700,201720105728200,201720113638100,8.3654,SGACK|transport-1146|A|A|1|22:17|92980|1,[],,A,True,22:17,92980,1,1146
transport-1147,T,201720125998200,201720126192400,201720127872700,1.8745,SGACK|transport-1147|T|S|1|22:17|92993|1,[],,S,True,22:17,92993,1,1147
transport-1148,S,201720128093300,201720128224000,201720140054800,11.9615,SGACK|transport-1148|S|S|1|22:17|93006|1,[],,S,True,22:17,93006,1,1148
transport-1149,P,201720140490500,201720140687700,201720151858900,11.3684,SGACK|transport-1149|P|S|1|22:17|93018|1,[],,S,True,22:17,93018,1,1149
transport-1150,C,201720152173700,201720152295200,201720163738500,11.5648,SGACK|transport-1150|C|S|1|22:17|93029|1,[],,S,True,22:17,93029,1,1150
transport-1151,E,201720164184300,201720164337100,201720172620900,8.4366,SGACK|transport-1151|E|A|1|22:17|93039|1,[],,A,True,22:17,93039,1,1151
transport-1152,K,201720184907000,201720185059800,201720186877500,1.9705,SGACK|transport-1152|K|S|1|22:17|93052|1,[],,S,True,22:17,93052,1,1152
transport-1153,A,201720187089200,201720187228400,201720195636400,8.5472,SGACK|transport-1153|A|A|1|22:17|93062|1,[],,A,True,22:17,93062,1,1153
transport-1154,T,201720207813100,201720207972900,201720209904300,2.0912,SGACK|transport-1154|T|S|1|22:17|93075|1,[],,S,True,22:17,93075,1,1154
transport-1155,S,201720210088000,201720210283600,201720222429200,12.3412,SGACK|transport-1155|S|S|1|22:17|93088|1,[],,S,True,22:17,93088,1,1155
transport-1156,P,201720222831800,201720223108700,201720235450700,12.6189,SGACK|transport-1156|P|S|1|22:17|93101|1,[],,S,True,22:17,93101,1,1156
transport-1157,C,201720236085000,201720236352800,201720248763100,12.6781,SGACK|transport-1157|C|S|1|22:17|93113|1,[],,S,True,22:17,93113,1,1157
transport-1158,E,201720250029400,201720250331100,201720259757300,9.7279,SGACK|transport-1158|E|A|1|22:17|93125|1,[],,A,True,22:17,93125,1,1158
transport-1159,K,201720273152900,201720273585500,201720275923500,2.7706,SGACK|transport-1159|K|S|1|22:17|93140|1,[],,S,True,22:17,93140,1,1159
transport-1160,A,201720276469200,201720276786500,201720285345500,8.8763,SGACK|transport-1160|A|A|1|22:17|93151|1,[],,A,True,22:17,93151,1,1160
transport-1161,T,201720300064900,201720300630600,201720303113800,3.0489,SGACK|transport-1161|T|S|1|22:17|93167|1,[],,S,True,22:17,93167,1,1161
transport-1162,S,201720303657400,201720304023700,201720316559400,12.902,SGACK|transport-1162|S|S|1|22:17|93181|1,[],,S,True,22:17,93181,1,1162
transport-1163,P,201720317342400,201720317696700,201720330143800,12.8014,SGACK|transport-1163|P|S|1|22:17|93195|1,[],,S,True,22:17,93195,1,1163
transport-1164,C,201720331054200,201720331433200,201720343170000,12.1158,SGACK|transport-1164|C|S|1|22:17|93208|1,[],,S,True,22:17,93208,1,1164
transport-1165,E,201720343780700,201720344046700,201720353445900,9.6652,SGACK|transport-1165|E|A|1|22:17|93219|1,[],,A,True,22:17,93219,1,1165
transport-1166,K,201720369128600,201720369455300,201720372548200,3.4196,SGACK|transport-1166|K|S|1|22:17|93236|1,[],,S,True,22:17,93236,1,1166
transport-1167,A,201720373035900,201720373346300,201720383413600,10.3777,SGACK|transport-1167|A|A|1|22:17|93248|1,[],,A,True,22:17,93248,1,1167
transport-1168,T,201720398300100,201720398843700,201720402111300,3.8112,SGACK|transport-1168|T|S|1|22:17|93265|1,[],,S,True,22:17,93265,1,1168
transport-1169,S,201720402625300,201720402904400,201720415211400,12.5861,SGACK|transport-1169|S|S|1|22:17|93280|1,[],,S,True,22:17,93280,1,1169
transport-1170,P,201720416007600,201720416544800,201720429928600,13.921,SGACK|transport-1170|P|S|1|22:17|93294|1,[],,S,True,22:17,93294,1,1170
transport-1171,C,201720431012400,201720431431700,201720444315300,13.3029,SGACK|transport-1171|C|S|1|22:17|93308|1,[],,S,True,22:17,93308,1,1171
transport-1172,E,201720445352300,201720445916100,201720454643000,9.2907,SGACK|transport-1172|E|A|1|22:17|93320|1,[],,A,True,22:17,93320,1,1172
transport-1173,K,201720467782600,201720468172000,201720470551400,2.7688,SGACK|transport-1173|K|S|1|22:17|93335|1,[],,S,True,22:17,93335,1,1173
transport-1174,A,201720470883200,201720471134100,201720480151600,9.2684,SGACK|transport-1174|A|A|1|22:17|93346|1,[],,A,True,22:17,93346,1,1174
transport-1175,T,201720492990700,201720493291100,201720496269200,3.2785,SGACK|transport-1175|T|S|1|22:17|93360|1,[],,S,True,22:17,93360,1,1175
transport-1176,S,201720496711100,201720496973600,201720510031500,13.3204,SGACK|transport-1176|S|S|1|22:17|93375|1,[],,S,True,22:17,93375,1,1176
transport-1177,P,201720510878700,201720511265200,201720523853200,12.9745,SGACK|transport-1177|P|S|1|22:17|93389|1,[],,S,True,22:17,93389,1,1177
transport-1178,C,201720524770700,201720525099100,201720538430500,13.6598,SGACK|transport-1178|C|S|1|22:17|93402|1,[],,S,True,22:17,93402,1,1178
transport-1179,E,201720539076600,201720539340100,201720548199900,9.1233,SGACK|transport-1179|E|A|1|22:17|93414|1,[],,A,True,22:17,93414,1,1179
transport-1180,K,201720561309500,201720561640800,201720564653000,3.3435,SGACK|transport-1180|K|S|1|22:17|93428|1,[],,S,True,22:17,93428,1,1180
transport-1181,A,201720565166900,201720565591600,201720573594100,8.4272,SGACK|transport-1181|A|A|1|22:17|93440|1,[],,A,True,22:17,93440,1,1181
transport-1182,T,201720586464400,201720586674700,201720588449600,1.9852,SGACK|transport-1182|T|S|1|22:17|93453|1,[],,S,True,22:17,93453,1,1182
transport-1183,S,201720588767000,201720588930100,201720601283100,12.5161,SGACK|transport-1183|S|S|1|22:17|93467|1,[],,S,True,22:17,93467,1,1183
transport-1184,P,201720601562700,201720601819600,201720613207600,11.6449,SGACK|transport-1184|P|S|1|22:17|93479|1,[],,S,True,22:17,93479,1,1184
transport-1185,C,201720614487200,201720615003200,201720626121900,11.6347,SGACK|transport-1185|C|S|1|22:17|93491|1,[],,S,True,22:17,93491,1,1185
transport-1186,E,201720626577100,201720626759100,201720635186400,8.6093,SGACK|transport-1186|E|A|1|22:17|93501|1,[],,A,True,22:17,93501,1,1186
transport-1187,K,201720647946500,201720648384000,201720651331100,3.3846,SGACK|transport-1187|K|S|1|22:17|93515|1,[],,S,True,22:17,93515,1,1187
transport-1188,A,201720651757400,201720652015400,201720661932000,10.1746,SGACK|transport-1188|A|A|1|22:17|93527|1,[],,A,True,22:17,93527,1,1188
transport-1189,T,201720676822000,201720677186100,201720680797900,3.9759,SGACK|transport-1189|T|S|1|22:17|93544|1,[],,S,True,22:17,93544,1,1189
transport-1190,S,201720681351500,201720681794300,201720694000100,12.6486,SGACK|transport-1190|S|S|1|22:17|93559|1,[],,S,True,22:17,93559,1,1190
transport-1191,P,201720694694200,201720695004000,201720707912100,13.2179,SGACK|transport-1191|P|S|1|22:17|93573|1,[],,S,True,22:17,93573,1,1191
transport-1192,C,201720708675800,201720708933400,201720720269900,11.5941,SGACK|transport-1192|C|S|1|22:17|93585|1,[],,S,True,22:17,93585,1,1192
transport-1193,E,201720720808200,201720721046400,201720730773000,9.9648,SGACK|transport-1193|E|A|1|22:17|93596|1,[],,A,True,22:17,93596,1,1193
transport-1194,K,201720745601500,201720746130300,201720749170300,3.5688,SGACK|transport-1194|K|S|1|22:17|93613|1,[],,S,True,22:17,93613,1,1194
transport-1195,A,201720749810900,201720750169000,201720759674200,9.8633,SGACK|transport-1195|A|A|1|22:17|93625|1,[],,A,True,22:17,93625,1,1195
transport-1196,T,201720772996400,201720773329600,201720776382100,3.3857,SGACK|transport-1196|T|S|1|22:17|93640|1,[],,S,True,22:17,93640,1,1196
transport-1197,S,201720776797400,201720777052600,201720789965000,13.1676,SGACK|transport-1197|S|S|1|22:17|93655|1,[],,S,True,22:17,93655,1,1197
transport-1198,P,201720790604000,201720790906500,201720802963900,12.3599,SGACK|transport-1198|P|S|1|22:17|93668|1,[],,S,True,22:17,93668,1,1198
transport-1199,C,201720803408500,201720803567600,201720815292500,11.884,SGACK|transport-1199|C|S|1|22:17|93680|1,[],,S,True,22:17,93680,1,1199
transport-1200,E,201720816455000,201720816756000,201720824603600,8.1486,SGACK|transport-1200|E|A|1|22:17|93691|1,[],,A,True,22:17,93691,1,1200
transport-1201,K,201720837117100,201720837295500,201720839016800,1.8997,SGACK|transport-1201|K|S|1|22:17|93704|1,[],,S,True,22:17,93704,1,1201
transport-1202,A,201720839286500,201720839455300,201720848245500,8.959,SGACK|transport-1202|A|A|1|22:17|93714|1,[],,A,True,22:17,93714,1,1202
transport-1203,T,201720861470400,201720861756900,201720864404000,2.9336,SGACK|transport-1203|T|S|1|22:17|93728|1,[],,S,True,22:17,93728,1,1203
transport-1204,S,201720864924300,201720865256700,201720877604600,12.6803,SGACK|transport-1204|S|S|1|22:17|93743|1,[],,S,True,22:17,93743,1,1204
transport-1205,P,201720878204400,201720878637400,201720890444500,12.2401,SGACK|transport-1205|P|S|1|22:17|93756|1,[],,S,True,22:17,93756,1,1205
transport-1206,C,201720891020200,201720891287700,201720903313400,12.2932,SGACK|transport-1206|C|S|1|22:17|93768|1,[],,S,True,22:17,93768,1,1206
transport-1207,E,201720903951000,201720904351900,201720913630400,9.6794,SGACK|transport-1207|E|A|1|22:17|93779|1,[],,A,True,22:17,93779,1,1207
transport-1208,K,201720927171700,201720927534900,201720930848000,3.6763,SGACK|transport-1208|K|S|1|22:17|93794|1,[],,S,True,22:17,93794,1,1208
transport-1209,A,201720931299400,201720931620700,201720940383000,9.0836,SGACK|transport-1209|A|A|1|22:17|93806|1,[],,A,True,22:17,93806,1,1209
transport-1210,T,201720953806700,201720954114600,201720956640600,2.8339,SGACK|transport-1210|T|S|1|22:17|93821|1,[],,S,True,22:17,93821,1,1210
transport-1211,S,201720957073700,201720957474100,201720970039400,12.9657,SGACK|transport-1211|S|S|1|22:17|93835|1,[],,S,True,22:17,93835,1,1211
transport-1212,P,201720970705800,201720971000600,201720983741600,13.0358,SGACK|transport-1212|P|S|1|22:17|93849|1,[],,S,True,22:17,93849,1,1212
transport-1213,C,201720984367100,201720984744700,201720996396600,12.0295,SGACK|transport-1213|C|S|1|22:17|93861|1,[],,S,True,22:17,93861,1,1213
transport-1214,E,201720997054200,201720997375400,201721006647600,9.5934,SGACK|transport-1214|E|A|1|22:17|93872|1,[],,A,True,22:17,93872,1,1214
transport-1215,K,201721020182800,201721020879600,201721024162700,3.9799,SGACK|transport-1215|K|S|1|22:17|93887|1,[],,S,True,22:17,93887,1,1215
transport-1216,A,201721025012600,201721025419900,201721034770000,9.7574,SGACK|transport-1216|A|A|1|22:17|93900|1,[],,A,True,22:17,93900,1,1216
transport-1217,T,201721048097200,201721048565200,201721051371000,3.2738,SGACK|transport-1217|T|S|1|22:17|93915|1,[],,S,True,22:17,93915,1,1217
transport-1218,S,201721051845600,201721052095900,201721064657200,12.8116,SGACK|transport-1218|S|S|1|22:17|93930|1,[],,S,True,22:17,93930,1,1218
transport-1219,P,201721065242700,201721065615000,201721077766000,12.5233,SGACK|transport-1219|P|S|1|22:17|93943|1,[],,S,True,22:17,93943,1,1219
transport-1220,C,201721078337000,201721078581000,201721090331000,11.994,SGACK|transport-1220|C|S|1|22:17|93955|1,[],,S,True,22:17,93955,1,1220
transport-1221,E,201721090920900,201721091249000,201721100091300,9.1704,SGACK|transport-1221|E|A|1|22:17|93966|1,[],,A,True,22:17,93966,1,1221
transport-1222,K,201721112445800,201721112768500,201721115538300,3.0925,SGACK|transport-1222|K|S|1|22:17|93979|1,[],,S,True,22:17,93979,1,1222
transport-1223,A,201721116321700,201721116687400,201721124583000,8.2613,SGACK|transport-1223|A|A|1|22:17|93991|1,[],,A,True,22:17,93991,1,1223
transport-1224,T,201721136884700,201721137074600,201721138585700,1.701,SGACK|transport-1224|T|S|1|22:17|94004|1,[],,S,True,22:17,94004,1,1224
transport-1225,S,201721138822400,201721138977500,201721151341500,12.5191,SGACK|transport-1225|S|S|1|22:17|94017|1,[],,S,True,22:17,94017,1,1225
transport-1226,P,201721151674500,201721151861900,201721163049100,11.3746,SGACK|transport-1226|P|S|1|22:17|94029|1,[],,S,True,22:17,94029,1,1226
transport-1227,C,201721163370300,201721163592500,201721175258700,11.8884,SGACK|transport-1227|C|S|1|22:17|94040|1,[],,S,True,22:17,94040,1,1227
transport-1228,E,201721175816200,201721176187200,201721185284700,9.4685,SGACK|transport-1228|E|A|1|22:17|94051|1,[],,A,True,22:17,94051,1,1228
transport-1229,K,201721198597600,201721198970700,201721201221200,2.6236,SGACK|transport-1229|K|S|1|22:17|94066|1,[],,S,True,22:17,94066,1,1229
transport-1230,A,201721201572700,201721201755100,201721210145500,8.5728,SGACK|transport-1230|A|A|1|22:17|94076|1,[],,A,True,22:17,94076,1,1230
transport-1231,T,201721222696500,201721222997700,201721225557200,2.8607,SGACK|transport-1231|T|S|1|22:17|94090|1,[],,S,True,22:17,94090,1,1231
transport-1232,S,201721225931900,201721226227500,201721238752900,12.821,SGACK|transport-1232|S|S|1|22:17|94104|1,[],,S,True,22:17,94104,1,1232
transport-1233,P,201721239279600,201721239672800,201721251905300,12.6257,SGACK|transport-1233|P|S|1|22:17|94117|1,[],,S,True,22:17,94117,1,1233
transport-1234,C,201721252532500,201721252975800,201721265010900,12.4784,SGACK|transport-1234|C|S|1|22:17|94129|1,[],,S,True,22:17,94129,1,1234
transport-1235,E,201721266319000,201721266765200,201721277069000,10.75,SGACK|transport-1235|E|A|1|22:17|94143|1,[],,A,True,22:17,94143,1,1235
transport-1236,K,201721288828300,201721288999600,201721290496400,1.6681,SGACK|transport-1236|K|S|1|22:17|94156|1,[],,S,True,22:17,94156,1,1236
transport-1237,A,201721290720100,201721290843800,201721298967100,8.247,SGACK|transport-1237|A|A|1|22:17|94165|1,[],,A,True,22:17,94165,1,1237
transport-1238,T,201721311002500,201721311156800,201721313037500,2.035,SGACK|transport-1238|T|S|1|22:17|94178|1,[],,S,True,22:17,94178,1,1238
transport-1239,S,201721313258300,201721313376200,201721325085300,11.827,SGACK|transport-1239|S|S|1|22:17|94191|1,[],,S,True,22:17,94191,1,1239
transport-1240,P,201721325349700,201721325617900,201721337472500,12.1228,SGACK|transport-1240|P|S|1|22:17|94203|1,[],,S,True,22:17,94203,1,1240
transport-1241,C,201721337907000,201721338131900,201721350053500,12.1465,SGACK|transport-1241|C|S|1|22:17|94215|1,[],,S,True,22:17,94215,1,1241
transport-1242,E,201721350712600,201721350991400,201721360153900,9.4413,SGACK|transport-1242|E|A|1|22:17|94226|1,[],,A,True,22:17,94226,1,1242
transport-1243,K,201721372994300,201721373217100,201721375345300,2.351,SGACK|transport-1243|K|S|1|22:17|94240|1,[],,S,True,22:17,94240,1,1243
transport-1244,A,201721375629500,201721375796300,201721383794300,8.1648,SGACK|transport-1244|A|A|1|22:17|94250|1,[],,A,True,22:17,94250,1,1244
transport-1245,T,201721396681600,201721396958500,201721400492900,3.8113,SGACK|transport-1245|T|S|1|22:17|94263|1,[],,S,True,22:17,94263,1,1245
transport-1246,S,201721400952700,201721401203700,201721414205400,13.2527,SGACK|transport-1246|S|S|1|22:17|94279|1,[],,S,True,22:17,94279,1,1246
transport-1247,P,201721414894700,201721415272300,201721428271600,13.3769,SGACK|transport-1247|P|S|1|22:17|94293|1,[],,S,True,22:17,94293,1,1247
transport-1248,C,201721429240200,201721429782600,201721441985500,12.7453,SGACK|transport-1248|C|S|1|22:17|94306|1,[],,S,True,22:17,94306,1,1248
transport-1249,E,201721442987800,201721443394400,201721452587300,9.5995,SGACK|transport-1249|E|A|1|22:17|94318|1,[],,A,True,22:17,94318,1,1249
transport-1250,K,201721466770300,201721467131000,201721470426700,3.6564,SGACK|transport-1250|K|S|1|22:17|94334|1,[],,S,True,22:17,94334,1,1250
transport-1251,A,201721470873000,201721471213300,201721480363800,9.4908,SGACK|transport-1251|A|A|1|22:17|94346|1,[],,A,True,22:17,94346,1,1251
transport-1252,T,201721494545800,201721494918500,201721497853500,3.3077,SGACK|transport-1252|T|S|1|22:17|94361|1,[],,S,True,22:17,94361,1,1252
transport-1253,S,201721498473300,201721498838200,201721511030300,12.557,SGACK|transport-1253|S|S|1|22:17|94376|1,[],,S,True,22:17,94376,1,1253
transport-1254,P,201721511783000,201721512255800,201721524374800,12.5918,SGACK|transport-1254|P|S|1|22:17|94390|1,[],,S,True,22:17,94390,1,1254
transport-1255,C,201721524912600,201721525117300,201721537342200,12.4296,SGACK|transport-1255|C|S|1|22:17|94402|1,[],,S,True,22:17,94402,1,1255
transport-1256,E,201721537965000,201721538325700,201721547620000,9.655,SGACK|transport-1256|E|A|1|22:17|94413|1,[],,A,True,22:17,94413,1,1256
transport-1257,K,201721560691600,201721561000100,201721563688500,2.9969,SGACK|transport-1257|K|S|1|22:17|94428|1,[],,S,True,22:17,94428,1,1257
transport-1258,A,201721564064100,201721564296400,201721573287200,9.2231,SGACK|transport-1258|A|A|1|22:17|94439|1,[],,A,True,22:17,94439,1,1258
transport-1259,T,201721587264900,201721587753700,201721591168600,3.9037,SGACK|transport-1259|T|S|1|22:17|94454|1,[],,S,True,22:17,94454,1,1259
transport-1260,S,201721591647800,201721592008600,201721603646400,11.9986,SGACK|transport-1260|S|S|1|22:17|94469|1,[],,S,True,22:17,94469,1,1260
transport-1261,P,201721604218900,201721604467100,201721616149400,11.9305,SGACK|transport-1261|P|S|1|22:17|94482|1,[],,S,True,22:17,94482,1,1261
transport-1262,C,201721616603400,201721616809700,201721628629800,12.0264,SGACK|transport-1262|C|S|1|22:17|94493|1,[],,S,True,22:17,94493,1,1262
transport-1263,E,201721629591000,201721629913700,201721638688900,9.0979,SGACK|transport-1263|E|A|1|22:17|94504|1,[],,A,True,22:17,94504,1,1263
transport-1264,K,201721651572700,201721651930000,201721654893300,3.3206,SGACK|transport-1264|K|S|1|22:17|94518|1,[],,S,True,22:17,94518,1,1264
transport-1265,A,201721655342600,201721655558200,201721664552400,9.2098,SGACK|transport-1265|A|A|1|22:17|94530|1,[],,A,True,22:17,94530,1,1265
transport-1266,T,201721680082600,201721680554700,201721684702200,4.6196,SGACK|transport-1266|T|S|1|22:17|94547|1,[],,S,True,22:17,94547,1,1266
transport-1267,S,201721685180500,201721685535300,201721698025900,12.8454,SGACK|transport-1267|S|S|1|22:17|94563|1,[],,S,True,22:17,94563,1,1267
transport-1268,P,201721699155600,201721699450200,201721711880200,12.7246,SGACK|transport-1268|P|S|1|22:17|94577|1,[],,S,True,22:17,94577,1,1268
transport-1269,C,201721712485000,201721712707400,201721724216500,11.7315,SGACK|transport-1269|C|S|1|22:17|94589|1,[],,S,True,22:17,94589,1,1269
transport-1270,E,201721724819100,201721724978800,201721733728300,8.9092,SGACK|transport-1270|E|A|1|22:17|94600|1,[],,A,True,22:17,94600,1,1270
transport-1271,K,201721746265700,201721746553400,201721749449300,3.1836,SGACK|transport-1271|K|S|1|22:17|94613|1,[],,S,True,22:17,94613,1,1271
transport-1272,A,201721749810300,201721749991500,201721759412200,9.6019,SGACK|transport-1272|A|A|1|22:17|94625|1,[],,A,True,22:17,94625,1,1272
transport-1273,T,201721773072700,201721773390000,201721776048000,2.9753,SGACK|transport-1273|T|S|1|22:17|94640|1,[],,S,True,22:17,94640,1,1273
transport-1274,S,201721776435700,201721776753900,201721788654000,12.2183,SGACK|transport-1274|S|S|1|22:17|94654|1,[],,S,True,22:17,94654,1,1274
transport-1275,P,201721789164400,201721789432400,201721801819200,12.6548,SGACK|transport-1275|P|S|1|22:17|94667|1,[],,S,True,22:17,94667,1,1275
transport-1276,C,201721802442600,201721802905900,201721815105500,12.6629,SGACK|transport-1276|C|S|1|22:17|94679|1,[],,S,True,22:17,94679,1,1276
transport-1277,E,201721816533600,201721816862800,201721825651200,9.1176,SGACK|transport-1277|E|A|1|22:17|94691|1,[],,A,True,22:17,94691,1,1277
transport-1278,K,201721839142900,201721839522700,201721842287000,3.1441,SGACK|transport-1278|K|S|1|22:17|94706|1,[],,S,True,22:17,94706,1,1278
transport-1279,A,201721842754300,201721843021300,201721852490500,9.7362,SGACK|transport-1279|A|A|1|22:17|94718|1,[],,A,True,22:17,94718,1,1279
transport-1280,T,201721865948900,201721866187200,201721868972100,3.0232,SGACK|transport-1280|T|S|1|22:17|94733|1,[],,S,True,22:17,94733,1,1280
transport-1281,S,201721869307500,201721869613700,201721882206100,12.8986,SGACK|transport-1281|S|S|1|22:17|94747|1,[],,S,True,22:17,94747,1,1281
transport-1282,P,201721882793100,201721883064200,201721895856400,13.0633,SGACK|transport-1282|P|S|1|22:17|94761|1,[],,S,True,22:17,94761,1,1282
transport-1283,C,201721896684800,201721896989300,201721909984200,13.2994,SGACK|transport-1283|C|S|1|22:17|94774|1,[],,S,True,22:17,94774,1,1283
transport-1284,E,201721910915700,201721911187200,201721920703700,9.788,SGACK|transport-1284|E|A|1|22:17|94786|1,[],,A,True,22:17,94786,1,1284
transport-1285,K,201721934279600,201721934594900,201721937722500,3.4429,SGACK|transport-1285|K|S|1|22:17|94801|1,[],,S,True,22:17,94801,1,1285
transport-1286,A,201721938199000,201721938449900,201721947304100,9.1051,SGACK|transport-1286|A|A|1|22:17|94813|1,[],,A,True,22:17,94813,1,1286
transport-1287,T,201721960930500,201721961247600,201721963333000,2.4025,SGACK|transport-1287|T|S|1|22:17|94828|1,[],,S,True,22:17,94828,1,1287
transport-1288,S,201721963792900,201721964104200,201721977026500,13.2336,SGACK|transport-1288|S|S|1|22:17|94842|1,[],,S,True,22:17,94842,1,1288
transport-1289,P,201721977629900,201721978007500,201721990936900,13.307,SGACK|transport-1289|P|S|1|22:17|94856|1,[],,S,True,22:17,94856,1,1289
transport-1290,C,201721991736300,201721992030900,201722004810100,13.0738,SGACK|transport-1290|C|S|1|22:17|94869|1,[],,S,True,22:17,94869,1,1290
transport-1291,E,201722005900900,201722006253900,201722016045500,10.1446,SGACK|transport-1291|E|A|1|22:17|94881|1,[],,A,True,22:17,94881,1,1291
transport-1292,K,201722030576000,201722031190000,201722035237500,4.6615,SGACK|transport-1292|K|S|1|22:17|94898|1,[],,S,True,22:17,94898,1,1292
transport-1293,A,201722035796500,201722036163400,201722045646800,9.8503,SGACK|transport-1293|A|A|1|22:17|94911|1,[],,A,True,22:17,94911,1,1293
transport-1294,T,201722059242800,201722059661600,201722063207500,3.9647,SGACK|transport-1294|T|S|1|22:17|94926|1,[],,S,True,22:17,94926,1,1294
transport-1295,S,201722063668300,201722064049500,201722076702100,13.0338,SGACK|transport-1295|S|S|1|22:17|94942|1,[],,S,True,22:17,94942,1,1295
transport-1296,P,201722077201500,201722077561500,201722089727000,12.5255,SGACK|transport-1296|P|S|1|22:17|94955|1,[],,S,True,22:17,94955,1,1296
transport-1297,C,201722090371800,201722090620700,201722102419600,12.0478,SGACK|transport-1297|C|S|1|22:17|94967|1,[],,S,True,22:17,94967,1,1297
transport-1298,E,201722103035500,201722103332900,201722112839100,9.8036,SGACK|transport-1298|E|A|1|22:17|94978|1,[],,A,True,22:17,94978,1,1298
transport-1299,K,201722126322200,201722126644900,201722129856400,3.5342,SGACK|transport-1299|K|S|1|22:17|94993|1,[],,S,True,22:17,94993,1,1299
transport-1300,A,201722130707600,201722131007100,201722140240100,9.5325,SGACK|transport-1300|A|A|1|22:17|95006|1,[],,A,True,22:17,95006,1,1300
transport-1301,T,201722154035700,201722154343300,201722157399800,3.3641,SGACK|transport-1301|T|S|1|22:17|95021|1,[],,S,True,22:17,95021,1,1301
transport-1302,S,201722157828500,201722158088400,201722170614900,12.7864,SGACK|transport-1302|S|S|1|22:17|95036|1,[],,S,True,22:17,95036,1,1302
transport-1303,P,201722171156000,201722171509100,201722183616600,12.4606,SGACK|transport-1303|P|S|1|22:17|95049|1,[],,S,True,22:17,95049,1,1303
transport-1304,C,201722184245400,201722184521200,201722198227700,13.9823,SGACK|transport-1304|C|S|1|22:17|95061|1,[],,S,True,22:17,95061,1,1304
transport-1305,E,201722199534300,201722199997200,201722209822200,10.2879,SGACK|transport-1305|E|A|1|22:17|95075|1,[],,A,True,22:17,95075,1,1305
transport-1306,K,201722222746200,201722223103800,201722226274900,3.5287,SGACK|transport-1306|K|S|1|22:17|95090|1,[],,S,True,22:17,95090,1,1306
transport-1307,A,201722226680400,201722226958200,201722236084500,9.4041,SGACK|transport-1307|A|A|1|22:17|95102|1,[],,A,True,22:17,95102,1,1307
transport-1308,T,201722249117100,201722249653000,201722252274800,3.1577,SGACK|transport-1308|T|S|1|22:17|95116|1,[],,S,True,22:17,95116,1,1308
transport-1309,S,201722252729200,201722253109200,201722265501600,12.7724,SGACK|transport-1309|S|S|1|22:17|95131|1,[],,S,True,22:17,95131,1,1309
transport-1310,P,201722265978200,201722266468100,201722278644700,12.6665,SGACK|transport-1310|P|S|1|22:17|95144|1,[],,S,True,22:17,95144,1,1310
transport-1311,C,201722279277500,201722279623100,201722291572300,12.2948,SGACK|transport-1311|C|S|1|22:17|95156|1,[],,S,True,22:17,95156,1,1311
transport-1312,E,201722292332600,201722292678600,201722301609800,9.2772,SGACK|transport-1312|E|A|1|22:17|95167|1,[],,A,True,22:17,95167,1,1312
transport-1313,K,201722316107100,201722316565500,201722320072700,3.9656,SGACK|transport-1313|K|S|1|22:17|95183|1,[],,S,True,22:17,95183,1,1313
transport-1314,A,201722320591400,201722320972900,201722329804200,9.2128,SGACK|transport-1314|A|A|1|22:17|95195|1,[],,A,True,22:17,95195,1,1314
transport-1315,T,201722343094800,201722343455800,201722347383900,4.2891,SGACK|transport-1315|T|S|1|22:17|95210|1,[],,S,True,22:17,95210,1,1315
transport-1316,S,201722348078500,201722348530400,201722360636700,12.5582,SGACK|transport-1316|S|S|1|22:17|95226|1,[],,S,True,22:17,95226,1,1316
transport-1317,P,201722361251400,201722361590700,201722373386900,12.1355,SGACK|transport-1317|P|S|1|22:17|95239|1,[],,S,True,22:17,95239,1,1317
transport-1318,C,201722373946300,201722374313200,201722386144300,12.198,SGACK|transport-1318|C|S|1|22:17|95251|1,[],,S,True,22:17,95251,1,1318
transport-1319,E,201722386705100,201722386945900,201722396654700,9.9496,SGACK|transport-1319|E|A|1|22:17|95262|1,[],,A,True,22:17,95262,1,1319
transport-1320,K,201722410818500,201722411282700,201722414445200,3.6267,SGACK|transport-1320|K|S|1|22:17|95278|1,[],,S,True,22:17,95278,1,1320
transport-1321,A,201722415098700,201722415402100,201722424610600,9.5119,SGACK|transport-1321|A|A|1|22:17|95289|1,[],,A,True,22:17,95289,1,1321
transport-1322,T,201722437837900,201722438211500,201722440774900,2.937,SGACK|transport-1322|T|S|1|22:17|95305|1,[],,S,True,22:17,95305,1,1322
transport-1323,S,201722441171100,201722441423900,201722453610000,12.4389,SGACK|transport-1323|S|S|1|22:17|95319|1,[],,S,True,22:17,95319,1,1323
transport-1324,P,201722454175000,201722454432000,201722466722200,12.5472,SGACK|transport-1324|P|S|1|22:17|95332|1,[],,S,True,22:17,95332,1,1324
transport-1325,C,201722467324900,201722467631000,201722480566200,13.2413,SGACK|transport-1325|C|S|1|22:17|95344|1,[],,S,True,22:17,95344,1,1325
transport-1326,E,201722481230100,201722481786400,201722491002000,9.7719,SGACK|transport-1326|E|A|1|22:17|95356|1,[],,A,True,22:17,95356,1,1326
transport-1327,K,201722505755500,201722506179000,201722508753600,2.9981,SGACK|transport-1327|K|S|1|22:17|95373|1,[],,S,True,22:17,95373,1,1327
transport-1328,A,201722509213400,201722509494900,201722518243000,9.0296,SGACK|transport-1328|A|A|1|22:17|95384|1,[],,A,True,22:17,95384,1,1328
transport-1329,T,201722532459000,201722532913500,201722536223800,3.7648,SGACK|transport-1329|T|S|1|22:17|95399|1,[],,S,True,22:17,95399,1,1329
transport-1330,S,201722536677700,201722536969100,201722551034600,14.3569,SGACK|transport-1330|S|S|1|22:17|95415|1,[],,S,True,22:17,95415,1,1330
transport-1331,P,201722551790600,201722552252800,201722565799000,14.0084,SGACK|transport-1331|P|S|1|22:17|95430|1,[],,S,True,22:17,95430,1,1331
transport-1332,C,201722566627400,201722567121700,201722580012100,13.3847,SGACK|transport-1332|C|S|1|22:17|95444|1,[],,S,True,22:17,95444,1,1332
transport-1333,E,201722580960600,201722581415000,201722591255500,10.2949,SGACK|transport-1333|E|A|1|22:17|95456|1,[],,A,True,22:17,95456,1,1333
transport-1334,K,201722604996000,201722605308000,201722608135600,3.1396,SGACK|transport-1334|K|S|1|22:17|95472|1,[],,S,True,22:17,95472,1,1334
transport-1335,A,201722608534100,201722608850400,201722617204900,8.6708,SGACK|transport-1335|A|A|1|22:17|95483|1,[],,A,True,22:17,95483,1,1335
transport-1336,T,201722632453200,201722632848800,201722635509500,3.0563,SGACK|transport-1336|T|S|1|22:17|95499|1,[],,S,True,22:17,95499,1,1336
transport-1337,S,201722636040000,201722636342400,201722649110600,13.0706,SGACK|transport-1337|S|S|1|22:17|95514|1,[],,S,True,22:17,95514,1,1337
transport-1338,P,201722649652700,201722649918600,201722662171800,12.5191,SGACK|transport-1338|P|S|1|22:17|95528|1,[],,S,True,22:17,95528,1,1338
transport-1339,C,201722662642400,201722662947200,201722675672200,13.0298,SGACK|transport-1339|C|S|1|22:17|95540|1,[],,S,True,22:17,95540,1,1339
transport-1340,E,201722676457000,201722676876000,201722685655900,9.1989,SGACK|transport-1340|E|A|1|22:17|95551|1,[],,A,True,22:17,95551,1,1340
transport-1341,K,201722699641300,201722700113400,201722703086400,3.4451,SGACK|transport-1341|K|S|1|22:17|95567|1,[],,S,True,22:17,95567,1,1341
transport-1342,A,201722703572400,201722703908800,201722711898100,8.3257,SGACK|transport-1342|A|A|1|22:17|95578|1,[],,A,True,22:17,95578,1,1342
transport-1343,T,201722724924300,201722725223600,201722728348200,3.4239,SGACK|transport-1343|T|S|1|22:17|95592|1,[],,S,True,22:17,95592,1,1343
transport-1344,S,201722728794700,201722729122900,201722741874500,13.0798,SGACK|transport-1344|S|S|1|22:17|95607|1,[],,S,True,22:17,95607,1,1344
transport-1345,P,201722742452400,201722742875500,201722754785300,12.3329,SGACK|transport-1345|P|S|1|22:17|95620|1,[],,S,True,22:17,95620,1,1345
transport-1346,C,201722755477900,201722755755500,201722767363300,11.8854,SGACK|transport-1346|C|S|1|22:17|95632|1,[],,S,True,22:17,95632,1,1346
transport-1347,E,201722767945200,201722768205900,201722777394200,9.449,SGACK|transport-1347|E|A|1|22:17|95643|1,[],,A,True,22:17,95643,1,1347
transport-1348,K,201722790479400,201722790739400,201722793395000,2.9156,SGACK|transport-1348|K|S|1|22:17|95657|1,[],,S,True,22:17,95657,1,1348
transport-1349,A,201722793693600,201722793886300,201722802761700,9.0681,SGACK|transport-1349|A|A|1|22:17|95669|1,[],,A,True,22:17,95669,1,1349
transport-1350,T,201722815948500,201722816181400,201722818780600,2.8321,SGACK|transport-1350|T|S|1|22:17|95683|1,[],,S,True,22:17,95683,1,1350
transport-1351,S,201722819193800,201722819491700,201722832326600,13.1328,SGACK|transport-1351|S|S|1|22:17|95697|1,[],,S,True,22:17,95697,1,1351
transport-1352,P,201722832884900,201722833270500,201722845940800,13.0559,SGACK|transport-1352|P|S|1|22:17|95711|1,[],,S,True,22:17,95711,1,1352
transport-1353,C,201722846653800,201722847272700,201722859898600,13.2448,SGACK|transport-1353|C|S|1|22:17|95724|1,[],,S,True,22:17,95724,1,1353
transport-1354,E,201722860872500,201722861213800,201722870751500,9.879,SGACK|transport-1354|E|A|1|22:17|95736|1,[],,A,True,22:17,95736,1,1354
transport-1355,K,201722883709900,201722884000700,201722886548600,2.8387,SGACK|transport-1355|K|S|1|22:17|95751|1,[],,S,True,22:17,95751,1,1355
transport-1356,A,201722886997200,201722887295400,201722896135400,9.1382,SGACK|transport-1356|A|A|1|22:17|95762|1,[],,A,True,22:17,95762,1,1356
transport-1357,T,201722910541400,201722910785700,201722913170700,2.6293,SGACK|transport-1357|T|S|1|22:17|95777|1,[],,S,True,22:17,95777,1,1357
transport-1358,S,201722913659000,201722913858800,201722927160000,13.501,SGACK|transport-1358|S|S|1|22:17|95792|1,[],,S,True,22:17,95792,1,1358
transport-1359,P,201722927834600,201722928151100,201722940501200,12.6666,SGACK|transport-1359|P|S|1|22:17|95806|1,[],,S,True,22:17,95806,1,1359
transport-1360,C,201722941148500,201722941626400,201722952951400,11.8029,SGACK|transport-1360|C|S|1|22:17|95818|1,[],,S,True,22:17,95818,1,1360
transport-1361,E,201722953468500,201722953702300,201722962134200,8.6657,SGACK|transport-1361|E|A|1|22:17|95828|1,[],,A,True,22:17,95828,1,1361
transport-1362,K,201722973935500,201722974122500,201722976232600,2.2971,SGACK|transport-1362|K|S|1|22:17|95841|1,[],,S,True,22:17,95841,1,1362
transport-1363,A,201722976456400,201722976640300,201722985031200,8.5748,SGACK|transport-1363|A|A|1|22:17|95851|1,[],,A,True,22:17,95851,1,1363
transport-1364,T,201722997093300,201722997215700,201722998744300,1.651,SGACK|transport-1364|T|S|1|22:17|95864|1,[],,S,True,22:17,95864,1,1364
transport-1365,S,201722998952300,201722999113100,201723011804200,12.8519,SGACK|transport-1365|S|S|1|22:17|95877|1,[],,S,True,22:17,95877,1,1365
transport-1366,P,201723012268600,201723012488600,201723024253500,11.9849,SGACK|transport-1366|P|S|1|22:17|95890|1,[],,S,True,22:17,95890,1,1366
transport-1367,C,201723024746000,201723025025300,201723036570200,11.8242,SGACK|transport-1367|C|S|1|22:17|95902|1,[],,S,True,22:17,95902,1,1367
transport-1368,E,201723036887800,201723037076000,201723045964900,9.0771,SGACK|transport-1368|E|A|1|22:17|95912|1,[],,A,True,22:17,95912,1,1368
transport-1369,K,201723058213400,201723058504000,201723061087500,2.8741,SGACK|transport-1369|K|S|1|22:17|95925|1,[],,S,True,22:17,95925,1,1369
transport-1370,A,201723061542100,201723061846300,201723070028300,8.4862,SGACK|transport-1370|A|A|1|22:17|95936|1,[],,A,True,22:17,95936,1,1370
transport-1371,T,201723082383300,201723082587300,201723084462900,2.0796,SGACK|transport-1371|T|S|1|22:17|95949|1,[],,S,True,22:17,95949,1,1371
transport-1372,S,201723084747000,201723084919100,201723097459800,12.7128,SGACK|transport-1372|S|S|1|22:17|95963|1,[],,S,True,22:17,95963,1,1372
transport-1373,P,201723097928000,201723098195200,201723110200900,12.2729,SGACK|transport-1373|P|S|1|22:17|95976|1,[],,S,True,22:17,95976,1,1373
transport-1374,C,201723110651300,201723110899800,201723122953300,12.302,SGACK|transport-1374|C|S|1|22:17|95988|1,[],,S,True,22:17,95988,1,1374
transport-1375,E,201723123489900,201723123726100,201723132812400,9.3225,SGACK|transport-1375|E|A|1|22:17|95998|1,[],,A,True,22:17,95998,1,1375
transport-1376,K,201723149027400,201723149864200,201723152917300,3.8899,SGACK|transport-1376|K|S|1|22:17|96016|1,[],,S,True,22:17,96016,1,1376
transport-1377,A,201723153395600,201723153765000,201723162794100,9.3985,SGACK|transport-1377|A|A|1|22:17|96028|1,[],,A,True,22:17,96028,1,1377
transport-1378,T,201723176353000,201723176727300,201723179967700,3.6147,SGACK|transport-1378|T|S|1|22:17|96043|1,[],,S,True,22:17,96043,1,1378
transport-1379,S,201723180529500,201723180977600,201723193603700,13.0742,SGACK|transport-1379|S|S|1|22:17|96059|1,[],,S,True,22:17,96059,1,1379
transport-1380,P,201723194127400,201723194371000,201723207218200,13.0908,SGACK|transport-1380|P|S|1|22:17|96072|1,[],,S,True,22:17,96072,1,1380
transport-1381,C,201723208225500,201723208747000,201723220640700,12.4152,SGACK|transport-1381|C|S|1|22:17|96085|1,[],,S,True,22:17,96085,1,1381
transport-1382,E,201723221312400,201723221656700,201723230846600,9.5342,SGACK|transport-1382|E|A|1|22:17|96096|1,[],,A,True,22:17,96096,1,1382
transport-1383,K,201723245671400,201723246268900,201723249724000,4.0526,SGACK|transport-1383|K|S|1|22:17|96113|1,[],,S,True,22:17,96113,1,1383
transport-1384,A,201723250272800,201723250568000,201723259532700,9.2599,SGACK|transport-1384|A|A|1|22:17|96125|1,[],,A,True,22:17,96125,1,1384
transport-1385,T,201723273286300,201723273683800,201723277845400,4.5591,SGACK|transport-1385|T|S|1|22:17|96143|1,[],,S,True,22:17,96143,1,1385
transport-1386,S,201723278252200,201723278638100,201723291201200,12.949,SGACK|transport-1386|S|S|1|22:17|96156|1,[],,S,True,22:17,96156,1,1386
transport-1387,P,201723291993500,201723292364400,201723304749900,12.7564,SGACK|transport-1387|P|S|1|22:17|96170|1,[],,S,True,22:17,96170,1,1387
transport-1388,C,201723305463600,201723305886700,201723317393200,11.9296,SGACK|transport-1388|C|S|1|22:17|96182|1,[],,S,True,22:17,96182,1,1388
transport-1389,E,201723318264100,201723318669100,201723327288000,9.0239,SGACK|transport-1389|E|A|1|22:17|96193|1,[],,A,True,22:17,96193,1,1389
transport-1390,K,201723340579000,201723340938900,201723343295400,2.7164,SGACK|transport-1390|K|S|1|22:17|96208|1,[],,S,True,22:17,96208,1,1390
transport-1391,A,201723343628500,201723344028500,201723352855100,9.2266,SGACK|transport-1391|A|A|1|22:17|96219|1,[],,A,True,22:17,96219,1,1391
transport-1392,T,201723366585300,201723366977600,201723369496800,2.9115,SGACK|transport-1392|T|S|1|22:17|96234|1,[],,S,True,22:17,96234,1,1392
transport-1393,S,201723369994100,201723370340400,201723383756000,13.7619,SGACK|transport-1393|S|S|1|22:17|96248|1,[],,S,True,22:17,96248,1,1393
transport-1394,P,201723384379600,201723384706800,201723396928600,12.549,SGACK|transport-1394|P|S|1|22:17|96262|1,[],,S,True,22:17,96262,1,1394
transport-1395,C,201723397789200,201723398191400,201723411255400,13.4662,SGACK|transport-1395|C|S|1|22:17|96275|1,[],,S,True,22:17,96275,1,1395
transport-1396,E,201723412328200,201723412789500,201723422026700,9.6985,SGACK|transport-1396|E|A|1|22:17|96287|1,[],,A,True,22:17,96287,1,1396
transport-1397,K,201723435627900,201723435887800,201723438504800,2.8769,SGACK|transport-1397|K|S|1|22:17|96303|1,[],,S,True,22:17,96303,1,1397
transport-1398,A,201723438917300,201723439173500,201723448096200,9.1789,SGACK|transport-1398|A|A|1|22:17|96314|1,[],,A,True,22:17,96314,1,1398
transport-1399,T,201723462258600,201723462701400,201723465658600,3.4,SGACK|transport-1399|T|S|1|22:17|96329|1,[],,S,True,22:17,96329,1,1399
transport-1400,S,201723466178600,201723466587800,201723478722900,12.5443,SGACK|transport-1400|S|S|1|22:17|96344|1,[],,S,True,22:17,96344,1,1400
transport-1401,P,201723479335900,201723479699700,201723492028100,12.6922,SGACK|transport-1401|P|S|1|22:17|96357|1,[],,S,True,22:17,96357,1,1401
transport-1402,C,201723492908900,201723493281500,201723505995900,13.087,SGACK|transport-1402|C|S|1|22:17|96370|1,[],,S,True,22:17,96370,1,1402
transport-1403,E,201723507061800,201723507604800,201723516235400,9.1736,SGACK|transport-1403|E|A|1|22:17|96382|1,[],,A,True,22:17,96382,1,1403
transport-1404,K,201723530246100,201723530700200,201723533777300,3.5312,SGACK|transport-1404|K|S|1|22:17|96397|1,[],,S,True,22:17,96397,1,1404
transport-1405,A,201723534251600,201723534557200,201723543134800,8.8832,SGACK|transport-1405|A|A|1|22:17|96409|1,[],,A,True,22:17,96409,1,1405
transport-1406,T,201723556615300,201723556876100,201723559422500,2.8072,SGACK|transport-1406|T|S|1|22:17|96424|1,[],,S,True,22:17,96424,1,1406
transport-1407,S,201723559811300,201723560129200,201723573172000,13.3607,SGACK|transport-1407|S|S|1|22:17|96438|1,[],,S,True,22:17,96438,1,1407
transport-1408,P,201723573841700,201723574289400,201723586674900,12.8332,SGACK|transport-1408|P|S|1|22:17|96452|1,[],,S,True,22:17,96452,1,1408
transport-1409,C,201723587295200,201723587700000,201723600652800,13.3576,SGACK|transport-1409|C|S|1|22:17|96464|1,[],,S,True,22:17,96464,1,1409
transport-1410,E,201723601302500,201723601727400,201723610796100,9.4936,SGACK|transport-1410|E|A|1|22:17|96476|1,[],,A,True,22:17,96476,1,1410
transport-1411,K,201723624519800,201723624996900,201723628417500,3.8977,SGACK|transport-1411|K|S|1|22:17|96492|1,[],,S,True,22:17,96492,1,1411
transport-1412,A,201723628921100,201723629186300,201723638057300,9.1362,SGACK|transport-1412|A|A|1|22:17|96504|1,[],,A,True,22:17,96504,1,1412
transport-1413,T,201723651134500,201723651437300,201723653592300,2.4578,SGACK|transport-1413|T|S|1|22:17|96518|1,[],,S,True,22:17,96518,1,1413
transport-1414,S,201723653931200,201723654189500,201723666391200,12.46,SGACK|transport-1414|S|S|1|22:17|96532|1,[],,S,True,22:17,96532,1,1414
transport-1415,P,201723666863800,201723667185900,201723679934100,13.0703,SGACK|transport-1415|P|S|1|22:17|96545|1,[],,S,True,22:17,96545,1,1415
transport-1416,C,201723680679800,201723681050000,201723693717700,13.0379,SGACK|transport-1416|C|S|1|22:17|96558|1,[],,S,True,22:17,96558,1,1416
transport-1417,E,201723694545400,201723695027400,201723704974000,10.4286,SGACK|transport-1417|E|A|1|22:17|96570|1,[],,A,True,22:17,96570,1,1417
transport-1418,K,201723718280200,201723718596800,201723720597500,2.3173,SGACK|transport-1418|K|S|1|22:17|96585|1,[],,S,True,22:17,96585,1,1418
transport-1419,A,201723720907600,201723721082400,201723729866400,8.9588,SGACK|transport-1419|A|A|1|22:17|96596|1,[],,A,True,22:17,96596,1,1419
transport-1420,T,201723742938700,201723743240900,201723745541200,2.6025,SGACK|transport-1420|T|S|1|22:17|96610|1,[],,S,True,22:17,96610,1,1420
transport-1421,S,201723746023800,201723746237800,201723759094600,13.0708,SGACK|transport-1421|S|S|1|22:17|96624|1,[],,S,True,22:17,96624,1,1421
transport-1422,P,201723759847800,201723760247000,201723772652900,12.8051,SGACK|transport-1422|P|S|1|22:17|96638|1,[],,S,True,22:17,96638,1,1422
transport-1423,C,201723773279200,201723773613000,201723785786300,12.5071,SGACK|transport-1423|C|S|1|22:17|96650|1,[],,S,True,22:17,96650,1,1423
transport-1424,E,201723786504400,201723786825700,201723795975400,9.471,SGACK|transport-1424|E|A|1|22:17|96661|1,[],,A,True,22:17,96661,1,1424
transport-1425,K,201723810662700,201723811023600,201723814763100,4.1004,SGACK|transport-1425|K|S|1|22:17|96678|1,[],,S,True,22:17,96678,1,1425
transport-1426,A,201723815351800,201723815709600,201723824849700,9.4979,SGACK|transport-1426|A|A|1|22:17|96689|1,[],,A,True,22:17,96689,1,1426
transport-1427,T,201723837743800,201723838002400,201723841022600,3.2788,SGACK|transport-1427|T|S|1|22:17|96705|1,[],,S,True,22:17,96705,1,1427
transport-1428,S,201723841401900,201723841721500,201723853437400,12.0355,SGACK|transport-1428|S|S|1|22:17|96719|1,[],,S,True,22:17,96719,1,1428
transport-1429,P,201723853872200,201723854160200,201723866868000,12.9958,SGACK|transport-1429|P|S|1|22:17|96732|1,[],,S,True,22:17,96732,1,1429
transport-1430,C,201723867289900,201723867591500,201723879350900,12.061,SGACK|transport-1430|C|S|1|22:17|96744|1,[],,S,True,22:17,96744,1,1430
transport-1431,E,201723880631400,201723881133100,201723890328900,9.6975,SGACK|transport-1431|E|A|1|22:17|96756|1,[],,A,True,22:17,96756,1,1431
transport-1432,K,201723904146300,201723904504400,201723907958400,3.8121,SGACK|transport-1432|K|S|1|22:17|96771|1,[],,S,True,22:17,96771,1,1432
transport-1433,A,201723908471200,201723908874300,201723916930100,8.4589,SGACK|transport-1433|A|A|1|22:17|96783|1,[],,A,True,22:17,96783,1,1433
transport-1434,T,201723929918700,201723930190900,201723933387200,3.4685,SGACK|transport-1434|T|S|1|22:17|96797|1,[],,S,True,22:17,96797,1,1434
transport-1435,S,201723933812800,201723934038700,201723946954100,13.1413,SGACK|transport-1435|S|S|1|22:17|96812|1,[],,S,True,22:17,96812,1,1435
transport-1436,P,201723947984100,201723948417900,201723960541900,12.5578,SGACK|transport-1436|P|S|1|22:17|96826|1,[],,S,True,22:17,96826,1,1436
transport-1437,C,201723961256100,201723961551000,201723974502100,13.246,SGACK|transport-1437|C|S|1|22:17|96838|1,[],,S,True,22:17,96838,1,1437
transport-1438,E,201723975440400,201723975808800,201723984477700,9.0373,SGACK|transport-1438|E|A|1|22:17|96850|1,[],,A,True,22:17,96850,1,1438
transport-1439,K,201723998107900,201723998423000,201724000835900,2.728,SGACK|transport-1439|K|S|1|22:17|96865|1,[],,S,True,22:17,96865,1,1439
transport-1440,A,201724001329100,201724001547200,201724010175300,8.8462,SGACK|transport-1440|A|A|1|22:17|96876|1,[],,A,True,22:17,96876,1,1440
transport-1441,T,201724023896600,201724024219700,201724027138000,3.2414,SGACK|transport-1441|T|S|1|22:17|96891|1,[],,S,True,22:17,96891,1,1441
transport-1442,S,201724027611700,201724027854200,201724040853300,13.2416,SGACK|transport-1442|S|S|1|22:17|96906|1,[],,S,True,22:17,96906,1,1442
transport-1443,P,201724041608500,201724041939800,201724054745200,13.1367,SGACK|transport-1443|P|S|1|22:17|96920|1,[],,S,True,22:17,96920,1,1443
transport-1444,C,201724055396700,201724055738400,201724068716400,13.3197,SGACK|transport-1444|C|S|1|22:17|96932|1,[],,S,True,22:17,96932,1,1444
transport-1445,E,201724069384800,201724069671600,201724078475400,9.0906,SGACK|transport-1445|E|A|1|22:17|96944|1,[],,A,True,22:17,96944,1,1445
transport-1446,K,201724092462600,201724092805300,201724096254700,3.7921,SGACK|transport-1446|K|S|1|22:17|96960|1,[],,S,True,22:17,96960,1,1446
transport-1447,A,201724096699800,201724096983100,201724106410800,9.711,SGACK|transport-1447|A|A|1|22:17|96972|1,[],,A,True,22:17,96972,1,1447
transport-1448,T,201724120065800,201724120506300,201724123325500,3.2597,SGACK|transport-1448|T|S|1|22:17|96987|1,[],,S,True,22:17,96987,1,1448
transport-1449,S,201724123794700,201724124075200,201724136713200,12.9185,SGACK|transport-1449|S|S|1|22:17|97002|1,[],,S,True,22:17,97002,1,1449
transport-1450,P,201724137407300,201724137848200,201724149356300,11.949,SGACK|transport-1450|P|S|1|22:17|97015|1,[],,S,True,22:17,97015,1,1450
transport-1451,C,201724149915300,201724150276700,201724162315100,12.3998,SGACK|transport-1451|C|S|1|22:17|97027|1,[],,S,True,22:17,97027,1,1451
transport-1452,E,201724162924900,201724163247400,201724172538700,9.6138,SGACK|transport-1452|E|A|1|22:17|97038|1,[],,A,True,22:17,97038,1,1452
transport-1453,K,201724186093200,201724186561700,201724189567900,3.4747,SGACK|transport-1453|K|S|1|22:17|97053|1,[],,S,True,22:17,97053,1,1453
transport-1454,A,201724189995600,201724190304700,201724198947300,8.9517,SGACK|transport-1454|A|A|1|22:17|97065|1,[],,A,True,22:17,97065,1,1454
transport-1455,T,201724211877500,201724212184300,201724215798900,3.9214,SGACK|transport-1455|T|S|1|22:17|97079|1,[],,S,True,22:17,97079,1,1455
transport-1456,S,201724216309400,201724216632700,201724229385800,13.0764,SGACK|transport-1456|S|S|1|22:17|97094|1,[],,S,True,22:17,97094,1,1456
transport-1457,P,201724230284700,201724230808700,201724242960700,12.676,SGACK|transport-1457|P|S|1|22:17|97108|1,[],,S,True,22:17,97108,1,1457
transport-1458,C,201724243865500,201724244159300,201724256368300,12.5028,SGACK|transport-1458|C|S|1|22:17|97121|1,[],,S,True,22:17,97121,1,1458
transport-1459,E,201724257122500,201724257471300,201724266111500,8.989,SGACK|transport-1459|E|A|1|22:17|97132|1,[],,A,True,22:17,97132,1,1459
transport-1460,K,201724280007200,201724280357000,201724283768000,3.7608,SGACK|transport-1460|K|S|1|22:17|97147|1,[],,S,True,22:17,97147,1,1460
transport-1461,A,201724284263400,201724284684000,201724293493700,9.2303,SGACK|transport-1461|A|A|1|22:17|97159|1,[],,A,True,22:17,97159,1,1461
transport-1462,T,201724307302200,201724307741900,201724310933700,3.6315,SGACK|transport-1462|T|S|1|22:17|97174|1,[],,S,True,22:17,97174,1,1462
transport-1463,S,201724311388500,201724311735600,201724324131400,12.7429,SGACK|transport-1463|S|S|1|22:17|97189|1,[],,S,True,22:17,97189,1,1463
transport-1464,P,201724324929100,201724325317200,201724337816100,12.887,SGACK|transport-1464|P|S|1|22:17|97203|1,[],,S,True,22:17,97203,1,1464
transport-1465,C,201724338472500,201724338791900,201724350524600,12.0521,SGACK|transport-1465|C|S|1|22:17|97215|1,[],,S,True,22:17,97215,1,1465
transport-1466,E,201724351179600,201724351592700,201724360797700,9.6181,SGACK|transport-1466|E|A|1|22:17|97226|1,[],,A,True,22:17,97226,1,1466
transport-1467,K,201724374585800,201724375009500,201724378633000,4.0472,SGACK|transport-1467|K|S|1|22:17|97242|1,[],,S,True,22:17,97242,1,1467
transport-1468,A,201724379323200,201724379762800,201724388148400,8.8252,SGACK|transport-1468|A|A|1|22:17|97254|1,[],,A,True,22:17,97254,1,1468
transport-1469,T,201724401040200,201724401234500,201724403943400,2.9032,SGACK|transport-1469|T|S|1|22:17|97268|1,[],,S,True,22:17,97268,1,1469
transport-1470,S,201724404183900,201724404406700,201724416189400,12.0055,SGACK|transport-1470|S|S|1|22:17|97282|1,[],,S,True,22:17,97282,1,1470
transport-1471,P,201724416561700,201724416838400,201724430610900,14.0492,SGACK|transport-1471|P|S|1|22:17|97295|1,[],,S,True,22:17,97295,1,1471
transport-1472,C,201724431526900,201724431852900,201724444184800,12.6579,SGACK|transport-1472|C|S|1|22:17|97309|1,[],,S,True,22:17,97309,1,1472
transport-1473,E,201724445015900,201724445408900,201724454463900,9.448,SGACK|transport-1473|E|A|1|22:17|97320|1,[],,A,True,22:17,97320,1,1473
transport-1474,K,201724467243500,201724467587600,201724470853000,3.6095,SGACK|transport-1474|K|S|1|22:17|97334|1,[],,S,True,22:17,97334,1,1474
transport-1475,A,201724471419000,201724471649000,201724480061800,8.6428,SGACK|transport-1475|A|A|1|22:17|97346|1,[],,A,True,22:17,97346,1,1475
transport-1476,T,201724492933300,201724493098300,201724495521600,2.5883,SGACK|transport-1476|T|S|1|22:17|97360|1,[],,S,True,22:17,97360,1,1476
transport-1477,S,201724495908300,201724496227500,201724508592700,12.6844,SGACK|transport-1477|S|S|1|22:17|97374|1,[],,S,True,22:17,97374,1,1477
transport-1478,P,201724508981000,201724509266000,201724520688800,11.7078,SGACK|transport-1478|P|S|1|22:17|97387|1,[],,S,True,22:17,97387,1,1478
transport-1479,C,201724521055800,201724521294900,201724532628200,11.5724,SGACK|transport-1479|C|S|1|22:17|97398|1,[],,S,True,22:17,97398,1,1479
transport-1480,E,201724533006400,201724533179500,201724542088300,9.0819,SGACK|transport-1480|E|A|1|22:17|97408|1,[],,A,True,22:17,97408,1,1480
transport-1481,K,201724554390600,201724554674900,201724556478100,2.0875,SGACK|transport-1481|K|S|1|22:17|97421|1,[],,S,True,22:17,97421,1,1481
transport-1482,A,201724556777000,201724557024700,201724566041700,9.2647,SGACK|transport-1482|A|A|1|22:17|97432|1,[],,A,True,22:17,97432,1,1482
transport-1483,T,201724579823000,201724580168600,201724583039500,3.2165,SGACK|transport-1483|T|S|1|22:17|97447|1,[],,S,True,22:17,97447,1,1483
transport-1484,S,201724583472900,201724583814000,201724596623000,13.1501,SGACK|transport-1484|S|S|1|22:17|97462|1,[],,S,True,22:17,97462,1,1484
transport-1485,P,201724597339400,201724597706700,201724609320800,11.9814,SGACK|transport-1485|P|S|1|22:17|97475|1,[],,S,True,22:17,97475,1,1485
transport-1486,C,201724609971800,201724610313600,201724622040300,12.0685,SGACK|transport-1486|C|S|1|22:17|97487|1,[],,S,True,22:17,97487,1,1486
transport-1487,E,201724622706100,201724623049800,201724631586000,8.8799,SGACK|transport-1487|E|A|1|22:17|97498|1,[],,A,True,22:17,97498,1,1487
transport-1488,K,201724643701700,201724643867600,201724645512300,1.8106,SGACK|transport-1488|K|S|1|22:17|97511|1,[],,S,True,22:17,97511,1,1488
transport-1489,A,201724645727600,201724645874400,201724654596400,8.8688,SGACK|transport-1489|A|A|1|22:17|97521|1,[],,A,True,22:17,97521,1,1489
transport-1490,T,201724667177800,201724667437300,201724669575900,2.3981,SGACK|transport-1490|T|S|1|22:17|97534|1,[],,S,True,22:17,97534,1,1490
transport-1491,S,201724669884300,201724670125300,201724682331700,12.4474,SGACK|transport-1491|S|S|1|22:17|97548|1,[],,S,True,22:17,97548,1,1491
transport-1492,P,201724682790400,201724683094800,201724695655200,12.8648,SGACK|transport-1492|P|S|1|22:17|97561|1,[],,S,True,22:17,97561,1,1492
transport-1493,C,201724696345500,201724696747500,201724708765400,12.4199,SGACK|transport-1493|C|S|1|22:17|97573|1,[],,S,True,22:17,97573,1,1493
transport-1494,E,201724709724100,201724710402400,201724719245300,9.5212,SGACK|transport-1494|E|A|1|22:17|97585|1,[],,A,True,22:17,97585,1,1494
transport-1495,K,201724733496000,201724733866300,201724737174400,3.6784,SGACK|transport-1495|K|S|1|22:17|97601|1,[],,S,True,22:17,97601,1,1495
transport-1496,A,201724737648700,201724737884900,201724747550200,9.9015,SGACK|transport-1496|A|A|1|22:17|97613|1,[],,A,True,22:17,97613,1,1496
transport-1497,T,201724761380200,201724761924000,201724765238000,3.8578,SGACK|transport-1497|T|S|1|22:17|97628|1,[],,S,True,22:17,97628,1,1497
transport-1498,S,201724765818100,201724766112100,201724779250300,13.4322,SGACK|transport-1498|S|S|1|22:17|97644|1,[],,S,True,22:17,97644,1,1498
transport-1499,P,201724780279000,201724780959400,201724793440400,13.1614,SGACK|transport-1499|P|S|1|22:17|97659|1,[],,S,True,22:17,97659,1,1499
transport-1500,C,201724793995200,201724794296900,201724805979000,11.9838,SGACK|transport-1500|C|S|1|22:17|97671|1,[],,S,True,22:17,97671,1,1500
transport-1501,E,201724806481600,201724806715200,201724815675200,9.1936,SGACK|transport-1501|E|A|1|22:17|97681|1,[],,A,True,22:17,97681,1,1501
transport-1502,K,201724829835100,201724830339200,201724833678000,3.8429,SGACK|transport-1502|K|S|1|22:17|97697|1,[],,S,True,22:17,97697,1,1502
transport-1503,A,201724834162700,201724834440500,201724843150900,8.9882,SGACK|transport-1503|A|A|1|22:17|97709|1,[],,A,True,22:17,97709,1,1503
transport-1504,T,201724856881500,201724857370300,201724860700800,3.8193,SGACK|transport-1504|T|S|1|22:17|97724|1,[],,S,True,22:17,97724,1,1504
transport-1505,S,201724861146300,201724861440600,201724874168800,13.0225,SGACK|transport-1505|S|S|1|22:17|97739|1,[],,S,True,22:17,97739,1,1505
transport-1506,P,201724875037500,201724875478100,201724887984000,12.9465,SGACK|transport-1506|P|S|1|22:17|97753|1,[],,S,True,22:17,97753,1,1506
transport-1507,C,201724888874400,201724889278600,201724901527000,12.6526,SGACK|transport-1507|C|S|1|22:17|97766|1,[],,S,True,22:17,97766,1,1507
transport-1508,E,201724902227200,201724902601400,201724911160700,8.9335,SGACK|transport-1508|E|A|1|22:17|97777|1,[],,A,True,22:17,97777,1,1508
transport-1509,K,201724924903300,201724925340100,201724929021300,4.118,SGACK|transport-1509|K|S|1|22:17|97792|1,[],,S,True,22:17,97792,1,1509
transport-1510,A,201724929674300,201724930249800,201724939061500,9.3872,SGACK|transport-1510|A|A|1|22:17|97805|1,[],,A,True,22:17,97805,1,1510
transport-1511,T,201724951487700,201724951775200,201724954218000,2.7303,SGACK|transport-1511|T|S|1|22:17|97818|1,[],,S,True,22:17,97818,1,1511
transport-1512,S,201724954613400,201724954856600,201724967636200,13.0228,SGACK|transport-1512|S|S|1|22:17|97833|1,[],,S,True,22:17,97833,1,1512
transport-1513,P,201724968248900,201724968546600,201724981386600,13.1377,SGACK|transport-1513|P|S|1|22:17|97846|1,[],,S,True,22:17,97846,1,1513
transport-1514,C,201724982273900,201724982597600,201724994991000,12.7171,SGACK|transport-1514|C|S|1|22:17|97859|1,[],,S,True,22:17,97859,1,1514
transport-1515,E,201724995880000,201724996248000,201725005711400,9.8314,SGACK|transport-1515|E|A|1|22:17|97871|1,[],,A,True,22:17,97871,1,1515
transport-1516,K,201725019845500,201725020242700,201725024681200,4.8357,SGACK|transport-1516|K|S|1|22:17|97887|1,[],,S,True,22:17,97887,1,1516
transport-1517,A,201725025569100,201725026009900,201725035186700,9.6176,SGACK|transport-1517|A|A|1|22:17|97901|1,[],,A,True,22:17,97901,1,1517
transport-1518,T,201725048711000,201725048948000,201725051322100,2.6111,SGACK|transport-1518|T|S|1|22:17|97916|1,[],,S,True,22:17,97916,1,1518
transport-1519,S,201725052052600,201725052392500,201725064509600,12.457,SGACK|transport-1519|S|S|1|22:17|97930|1,[],,S,True,22:17,97930,1,1519
transport-1520,P,201725065048400,201725065378300,201725077216800,12.1684,SGACK|transport-1520|P|S|1|22:17|97943|1,[],,S,True,22:17,97943,1,1520
transport-1521,C,201725077682500,201725077903200,201725090102500,12.42,SGACK|transport-1521|C|S|1|22:17|97955|1,[],,S,True,22:17,97955,1,1521
transport-1522,E,201725090651100,201725090939500,201725099888200,9.2371,SGACK|transport-1522|E|A|1|22:17|97966|1,[],,A,True,22:17,97966,1,1522
transport-1523,K,201725112149300,201725112342000,201725114569300,2.42,SGACK|transport-1523|K|S|1|22:17|97979|1,[],,S,True,22:17,97979,1,1523
transport-1524,A,201725115004800,201725115202600,201725124050300,9.0455,SGACK|transport-1524|A|A|1|22:17|97990|1,[],,A,True,22:17,97990,1,1524
transport-1525,T,201725136249800,201725136425300,201725137910400,1.6606,SGACK|transport-1525|T|S|1|22:17|98003|1,[],,S,True,22:17,98003,1,1525
transport-1526,S,201725138195100,201725138419400,201725150425600,12.2305,SGACK|transport-1526|S|S|1|22:17|98016|1,[],,S,True,22:17,98016,1,1526
transport-1527,P,201725150970600,201725151270700,201725164023300,13.0527,SGACK|transport-1527|P|S|1|22:17|98029|1,[],,S,True,22:17,98029,1,1527
transport-1528,C,201725164381000,201725164524900,201725176719000,12.338,SGACK|transport-1528|C|S|1|22:17|98041|1,[],,S,True,22:17,98041,1,1528
transport-1529,E,201725177592100,201725177980400,201725187525200,9.9331,SGACK|transport-1529|E|A|1|22:17|98053|1,[],,A,True,22:17,98053,1,1529
transport-1530,K,201725200664900,201725201042800,201725203930300,3.2654,SGACK|transport-1530|K|S|1|22:17|98068|1,[],,S,True,22:17,98068,1,1530
transport-1531,A,201725204398100,201725204686900,201725214019700,9.6216,SGACK|transport-1531|A|A|1|22:17|98079|1,[],,A,True,22:17,98079,1,1531
transport-1532,T,201725228152900,201725228525300,201725232884700,4.7318,SGACK|transport-1532|T|S|1|22:17|98095|1,[],,S,True,22:17,98095,1,1532
transport-1533,S,201725233452200,201725233754900,201725246071500,12.6193,SGACK|transport-1533|S|S|1|22:17|98111|1,[],,S,True,22:17,98111,1,1533
transport-1534,P,201725246699800,201725247324100,201725259876100,13.1763,SGACK|transport-1534|P|S|1|22:17|98125|1,[],,S,True,22:17,98125,1,1534
transport-1535,C,201725260603000,201725260958800,201725274106700,13.5037,SGACK|transport-1535|C|S|1|22:17|98138|1,[],,S,True,22:17,98138,1,1535
transport-1536,E,201725275099900,201725275705900,201725286244500,11.1446,SGACK|transport-1536|E|A|1|22:17|98152|1,[],,A,True,22:17,98152,1,1536
transport-1537,K,201725299594600,201725299953700,201725302827600,3.233,SGACK|transport-1537|K|S|1|22:17|98167|1,[],,S,True,22:17,98167,1,1537
transport-1538,A,201725303211300,201725303464800,201725312079200,8.8679,SGACK|transport-1538|A|A|1|22:17|98178|1,[],,A,True,22:17,98178,1,1538
transport-1539,T,201725324691400,201725325041600,201725327240500,2.5491,SGACK|transport-1539|T|S|1|22:17|98192|1,[],,S,True,22:17,98192,1,1539
transport-1540,S,201725327723900,201725328075100,201725340627300,12.9034,SGACK|transport-1540|S|S|1|22:17|98206|1,[],,S,True,22:17,98206,1,1540
transport-1541,P,201725341303200,201725341661300,201725353513900,12.2107,SGACK|transport-1541|P|S|1|22:17|98219|1,[],,S,True,22:17,98219,1,1541
transport-1542,C,201725354186400,201725354497900,201725366185500,11.9991,SGACK|transport-1542|C|S|1|22:17|98231|1,[],,S,True,22:17,98231,1,1542
transport-1543,E,201725366763600,201725367046200,201725376398500,9.6349,SGACK|transport-1543|E|A|1|22:17|98242|1,[],,A,True,22:17,98242,1,1543
transport-1544,K,201725390168300,201725390589000,201725393591200,3.4229,SGACK|transport-1544|K|S|1|22:17|98257|1,[],,S,True,22:17,98257,1,1544
transport-1545,A,201725394177600,201725394510700,201725403559000,9.3814,SGACK|transport-1545|A|A|1|22:17|98269|1,[],,A,True,22:17,98269,1,1545
transport-1546,T,201725417203900,201725417598900,201725419975200,2.7713,SGACK|transport-1546|T|S|1|22:17|98284|1,[],,S,True,22:17,98284,1,1546
transport-1547,S,201725420448500,201725420674400,201725432364700,11.9162,SGACK|transport-1547|S|S|1|22:17|98298|1,[],,S,True,22:17,98298,1,1547
transport-1548,P,201725432777100,201725432953500,201725446211500,13.4344,SGACK|transport-1548|P|S|1|22:17|98311|1,[],,S,True,22:17,98311,1,1548
transport-1549,C,201725448040200,201725448543700,201725461043000,13.0028,SGACK|transport-1549|C|S|1|22:17|98325|1,[],,S,True,22:17,98325,1,1549
transport-1550,E,201725461869500,201725462277700,201725471638000,9.7685,SGACK|transport-1550|E|A|1|22:17|98337|1,[],,A,True,22:17,98337,1,1550
transport-1551,K,201725485597000,201725485981900,201725488884000,3.287,SGACK|transport-1551|K|S|1|22:17|98353|1,[],,S,True,22:17,98353,1,1551
transport-1552,A,201725489290700,201725489566000,201725497933600,8.6429,SGACK|transport-1552|A|A|1|22:17|98364|1,[],,A,True,22:17,98364,1,1552
transport-1553,T,201725510815700,201725511295000,201725514496800,3.6811,SGACK|transport-1553|T|S|1|22:17|98378|1,[],,S,True,22:17,98378,1,1553
transport-1554,S,201725514998600,201725515352100,201725528000800,13.0022,SGACK|transport-1554|S|S|1|22:17|98393|1,[],,S,True,22:17,98393,1,1554
transport-1555,P,201725528757900,201725529138900,201725541715900,12.958,SGACK|transport-1555|P|S|1|22:17|98407|1,[],,S,True,22:17,98407,1,1555
transport-1556,C,201725542545100,201725542987200,201725555236000,12.6909,SGACK|transport-1556|C|S|1|22:17|98420|1,[],,S,True,22:17,98420,1,1556
transport-1557,E,201725556080300,201725556432200,201725566361900,10.2816,SGACK|transport-1557|E|A|1|22:17|98431|1,[],,A,True,22:17,98431,1,1557
transport-1558,K,201725581090000,201725581786200,201725585141800,4.0518,SGACK|transport-1558|K|S|1|22:17|98448|1,[],,S,True,22:17,98448,1,1558
transport-1559,A,201725585661300,201725586031500,201725595528500,9.8672,SGACK|transport-1559|A|A|1|22:17|98461|1,[],,A,True,22:17,98461,1,1559
transport-1560,T,201725610062000,201725610425700,201725613911400,3.8494,SGACK|transport-1560|T|S|1|22:17|98477|1,[],,S,True,22:17,98477,1,1560
transport-1561,S,201725614526000,201725614920100,201725628659200,14.1332,SGACK|transport-1561|S|S|1|22:17|98493|1,[],,S,True,22:17,98493,1,1561
transport-1562,P,201725629543000,201725630056400,201725643445000,13.902,SGACK|transport-1562|P|S|1|22:17|98508|1,[],,S,True,22:17,98508,1,1562
transport-1563,C,201725644504800,201725645049200,201725658369500,13.8647,SGACK|transport-1563|C|S|1|22:17|98522|1,[],,S,True,22:17,98522,1,1563
transport-1564,E,201725659280400,201725659815800,201725669562200,10.2818,SGACK|transport-1564|E|A|1|22:17|98535|1,[],,A,True,22:17,98535,1,1564
transport-1565,K,201725682432300,201725682844100,201725685779400,3.3471,SGACK|transport-1565|K|S|1|22:17|98550|1,[],,S,True,22:17,98550,1,1565
transport-1566,A,201725686141200,201725686418400,201725695108100,8.9669,SGACK|transport-1566|A|A|1|22:17|98561|1,[],,A,True,22:17,98561,1,1566
transport-1567,T,201725709250100,201725709722500,201725713952600,4.7025,SGACK|transport-1567|T|S|1|22:17|98576|1,[],,S,True,22:17,98576,1,1567
transport-1568,S,201725714564600,201725714890500,201725727933600,13.369,SGACK|transport-1568|S|S|1|22:17|98593|1,[],,S,True,22:17,98593,1,1568
transport-1569,P,201725728654900,201725729010800,201725742001300,13.3464,SGACK|transport-1569|P|S|1|22:17|98607|1,[],,S,True,22:17,98607,1,1569
transport-1570,C,201725742870200,201725743368600,201725755699000,12.8288,SGACK|transport-1570|C|S|1|22:17|98620|1,[],,S,True,22:17,98620,1,1570
transport-1571,E,201725756536300,201725756925700,201725766312700,9.7764,SGACK|transport-1571|E|A|1|22:17|98632|1,[],,A,True,22:17,98632,1,1571
transport-1572,K,201725781504200,201725781850100,201725785247100,3.7429,SGACK|transport-1572|K|S|1|22:17|98649|1,[],,S,True,22:17,98649,1,1572
transport-1573,A,201725785701400,201725785959900,201725795526000,9.8246,SGACK|transport-1573|A|A|1|22:17|98661|1,[],,A,True,22:17,98661,1,1573
transport-1574,T,201725810232100,201725810668400,201725814217900,3.9858,SGACK|transport-1574|T|S|1|22:17|98677|1,[],,S,True,22:17,98677,1,1574
transport-1575,S,201725814763300,201725815044900,201725828020800,13.2575,SGACK|transport-1575|S|S|1|22:17|98693|1,[],,S,True,22:17,98693,1,1575
transport-1576,P,201725828806400,201725829153400,201725841958100,13.1517,SGACK|transport-1576|P|S|1|22:17|98707|1,[],,S,True,22:17,98707,1,1576
transport-1577,C,201725842912200,201725843195700,201725854888200,11.976,SGACK|transport-1577|C|S|1|22:17|98720|1,[],,S,True,22:17,98720,1,1577
transport-1578,E,201725855426700,201725855664300,201725863910600,8.4839,SGACK|transport-1578|E|A|1|22:17|98730|1,[],,A,True,22:17,98730,1,1578
transport-1579,K,201725876421000,201725876774400,201725879156700,2.7357,SGACK|transport-1579|K|S|1|22:17|98744|1,[],,S,True,22:17,98744,1,1579
transport-1580,A,201725879653200,201725879972700,201725889192900,9.5397,SGACK|transport-1580|A|A|1|22:17|98755|1,[],,A,True,22:17,98755,1,1580
transport-1581,T,201725902640400,201725903026400,201725906061700,3.4213,SGACK|transport-1581|T|S|1|22:17|98770|1,[],,S,True,22:17,98770,1,1581
transport-1582,S,201725906490800,201725906810500,201725919733900,13.2431,SGACK|transport-1582|S|S|1|22:17|98785|1,[],,S,True,22:17,98785,1,1582
transport-1583,P,201725920313500,201725920747900,201725932220300,11.9068,SGACK|transport-1583|P|S|1|22:17|98798|1,[],,S,True,22:17,98798,1,1583
transport-1584,C,201725932740100,201725933108000,201725945339900,12.5998,SGACK|transport-1584|C|S|1|22:17|98810|1,[],,S,True,22:17,98810,1,1584
transport-1585,E,201725946068300,201725946394500,201725955814900,9.7466,SGACK|transport-1585|E|A|1|22:17|98821|1,[],,A,True,22:17,98821,1,1585
transport-1586,K,201725969394300,201725969649500,201725971448700,2.0544,SGACK|transport-1586|K|S|1|22:17|98836|1,[],,S,True,22:17,98836,1,1586
transport-1587,A,201725971775400,201725971964300,201725980759100,8.9837,SGACK|transport-1587|A|A|1|22:17|98847|1,[],,A,True,22:17,98847,1,1587
transport-1588,T,201725993647100,201725993999000,201725996810600,3.1635,SGACK|transport-1588|T|S|1|22:17|98861|1,[],,S,True,22:17,98861,1,1588
transport-1589,S,201725997488200,201725997790100,201726010554100,13.0659,SGACK|transport-1589|S|S|1|22:17|98876|1,[],,S,True,22:17,98876,1,1589
transport-1590,P,201726011245200,201726011620900,201726024434300,13.1891,SGACK|transport-1590|P|S|1|22:17|98889|1,[],,S,True,22:17,98889,1,1590
transport-1591,C,201726025073800,201726025387100,201726037632400,12.5586,SGACK|transport-1591|C|S|1|22:17|98902|1,[],,S,True,22:17,98902,1,1591
transport-1592,E,201726038522900,201726038810100,201726048799900,10.277,SGACK|transport-1592|E|A|1|22:17|98914|1,[],,A,True,22:17,98914,1,1592
transport-1593,K,201726063821800,201726064502600,201726067691000,3.8692,SGACK|transport-1593|K|S|1|22:17|98931|1,[],,S,True,22:17,98931,1,1593
transport-1594,A,201726068270300,201726068606900,201726077625000,9.3547,SGACK|transport-1594|A|A|1|22:17|98943|1,[],,A,True,22:17,98943,1,1594
transport-1595,T,201726092212100,201726092759400,201726096244500,4.0324,SGACK|transport-1595|T|S|1|22:17|98959|1,[],,S,True,22:17,98959,1,1595
transport-1596,S,201726097044100,201726097399300,201726110118100,13.074,SGACK|transport-1596|S|S|1|22:17|98975|1,[],,S,True,22:17,98975,1,1596
transport-1597,P,201726111031200,201726111465900,201726123874400,12.8432,SGACK|transport-1597|P|S|1|22:17|98989|1,[],,S,True,22:17,98989,1,1597
transport-1598,C,201726124666600,201726125187800,201726137381800,12.7152,SGACK|transport-1598|C|S|1|22:17|99002|1,[],,S,True,22:17,99002,1,1598
transport-1599,E,201726138029400,201726138495400,201726147781600,9.7522,SGACK|transport-1599|E|A|1|22:17|99013|1,[],,A,True,22:17,99013,1,1599
transport-1600,K,201726161307000,201726161630600,201726164528200,3.2212,SGACK|transport-1600|K|S|1|22:17|99028|1,[],,S,True,22:17,99028,1,1600
transport-1601,A,201726164941600,201726165194300,201726174327600,9.386,SGACK|transport-1601|A|A|1|22:17|99040|1,[],,A,True,22:17,99040,1,1601
transport-1602,T,201726187319300,201726187730200,201726190380600,3.0613,SGACK|transport-1602|T|S|1|22:17|99054|1,[],,S,True,22:17,99054,1,1602
transport-1603,S,201726190756800,201726190952800,201726203404000,12.6472,SGACK|transport-1603|S|S|1|22:17|99069|1,[],,S,True,22:17,99069,1,1603
transport-1604,P,201726203920700,201726204211900,201726216316400,12.3957,SGACK|transport-1604|P|S|1|22:17|99082|1,[],,S,True,22:17,99082,1,1604
transport-1605,C,201726216892800,201726217214400,201726229496300,12.6035,SGACK|transport-1605|C|S|1|22:17|99094|1,[],,S,True,22:17,99094,1,1605
transport-1606,E,201726230427100,201726230896800,201726240770100,10.343,SGACK|transport-1606|E|A|1|22:17|99106|1,[],,A,True,22:17,99106,1,1606
transport-1607,K,201726255651600,201726256036000,201726259187000,3.5354,SGACK|transport-1607|K|S|1|22:17|99123|1,[],,S,True,22:17,99123,1,1607
transport-1608,A,201726259669000,201726260015100,201726269171200,9.5022,SGACK|transport-1608|A|A|1|22:17|99135|1,[],,A,True,22:17,99135,1,1608
transport-1609,T,201726282955500,201726283512300,201726286912700,3.9572,SGACK|transport-1609|T|S|1|22:17|99150|1,[],,S,True,22:17,99150,1,1609
transport-1610,S,201726287455200,201726287721900,201726300110600,12.6554,SGACK|transport-1610|S|S|1|22:17|99166|1,[],,S,True,22:17,99166,1,1610
transport-1611,P,201726300645000,201726300884000,201726312699500,12.0545,SGACK|transport-1611|P|S|1|22:17|99179|1,[],,S,True,22:17,99179,1,1611
transport-1612,C,201726312996400,201726313157700,201726324527200,11.5308,SGACK|transport-1612|C|S|1|22:17|99190|1,[],,S,True,22:17,99190,1,1612
transport-1613,E,201726324780000,201726324917500,201726333486800,8.7068,SGACK|transport-1613|E|A|1|22:17|99200|1,[],,A,True,22:17,99200,1,1613
transport-1614,K,201726345995200,201726346177900,201726348604400,2.6092,SGACK|transport-1614|K|S|1|22:17|99213|1,[],,S,True,22:17,99213,1,1614
transport-1615,A,201726348942000,201726349161800,201726357778300,8.8363,SGACK|transport-1615|A|A|1|22:17|99224|1,[],,A,True,22:17,99224,1,1615
transport-1616,T,201726370417300,201726370632500,201726373314900,2.8976,SGACK|transport-1616|T|S|1|22:17|99237|1,[],,S,True,22:17,99237,1,1616
transport-1617,S,201726373725600,201726373929300,201726386389000,12.6634,SGACK|transport-1617|S|S|1|22:17|99252|1,[],,S,True,22:17,99252,1,1617
transport-1618,P,201726386903900,201726387147300,201726398867000,11.9631,SGACK|transport-1618|P|S|1|22:17|99265|1,[],,S,True,22:17,99265,1,1618
transport-1619,C,201726399198900,201726399344600,201726411188100,11.9892,SGACK|transport-1619|C|S|1|22:17|99276|1,[],,S,True,22:17,99276,1,1619
transport-1620,E,201726411713800,201726411997100,201726421378600,9.6648,SGACK|transport-1620|E|A|1|22:17|99287|1,[],,A,True,22:17,99287,1,1620
transport-1621,K,201726434986500,201726435387600,201726438497200,3.5107,SGACK|transport-1621|K|S|1|22:17|99302|1,[],,S,True,22:17,99302,1,1621
transport-1622,A,201726438977600,201726439218200,201726447788800,8.8112,SGACK|transport-1622|A|A|1|22:17|99314|1,[],,A,True,22:17,99314,1,1622
transport-1623,T,201726459980800,201726460213900,201726461908900,1.9281,SGACK|transport-1623|T|S|1|22:17|99327|1,[],,S,True,22:17,99327,1,1623
transport-1624,S,201726462216100,201726462905800,201726474611500,12.3954,SGACK|transport-1624|S|S|1|22:17|99340|1,[],,S,True,22:17,99340,1,1624
transport-1625,P,201726475140500,201726475369000,201726488177000,13.0365,SGACK|transport-1625|P|S|1|22:17|99353|1,[],,S,True,22:17,99353,1,1625
transport-1626,C,201726489200300,201726489664600,201726500754400,11.5541,SGACK|transport-1626|C|S|1|22:17|99366|1,[],,S,True,22:17,99366,1,1626
transport-1627,E,201726501227200,201726501468900,201726509974900,8.7477,SGACK|transport-1627|E|A|1|22:17|99376|1,[],,A,True,22:17,99376,1,1627
transport-1628,K,201726522373200,201726522694900,201726525252100,2.8789,SGACK|transport-1628|K|S|1|22:17|99389|1,[],,S,True,22:17,99389,1,1628
transport-1629,A,201726525627300,201726525872200,201726534785000,9.1577,SGACK|transport-1629|A|A|1|22:17|99401|1,[],,A,True,22:17,99401,1,1629
transport-1630,T,201726548004500,201726548553400,201726552594000,4.5895,SGACK|transport-1630|T|S|1|22:17|99415|1,[],,S,True,22:17,99415,1,1630
transport-1631,S,201726553098900,201726553513300,201726565876500,12.7776,SGACK|transport-1631|S|S|1|22:17|99431|1,[],,S,True,22:17,99431,1,1631
transport-1632,P,201726566626500,201726567049100,201726580687900,14.0614,SGACK|transport-1632|P|S|1|22:17|99445|1,[],,S,True,22:17,99445,1,1632
transport-1633,C,201726581676400,201726582082700,201726595350500,13.6741,SGACK|transport-1633|C|S|1|22:17|99459|1,[],,S,True,22:17,99459,1,1633
transport-1634,E,201726596252800,201726596666300,201726605787800,9.535,SGACK|transport-1634|E|A|1|22:17|99471|1,[],,A,True,22:17,99471,1,1634
transport-1635,K,201726620155100,201726620625500,201726624597900,4.4428,SGACK|transport-1635|K|S|1|22:17|99487|1,[],,S,True,22:17,99487,1,1635
transport-1636,A,201726625052100,201726625379000,201726634029300,8.9772,SGACK|transport-1636|A|A|1|22:17|99500|1,[],,A,True,22:17,99500,1,1636
transport-1637,T,201726648581600,201726648913900,201726652210700,3.6291,SGACK|transport-1637|T|S|1|22:17|99516|1,[],,S,True,22:17,99516,1,1637
transport-1638,S,201726652667000,201726652970400,201726665530100,12.8631,SGACK|transport-1638|S|S|1|22:17|99531|1,[],,S,True,22:17,99531,1,1638
transport-1639,P,201726666127600,201726666537200,201726678555100,12.4275,SGACK|transport-1639|P|S|1|22:17|99544|1,[],,S,True,22:17,99544,1,1639
transport-1640,C,201726679162100,201726679580500,201726692134100,12.972,SGACK|transport-1640|C|S|1|22:17|99556|1,[],,S,True,22:17,99556,1,1640
transport-1641,E,201726693004200,201726693454700,201726702481700,9.4775,SGACK|transport-1641|E|A|1|22:17|99568|1,[],,A,True,22:17,99568,1,1641
transport-1642,K,201726715173900,201726715369900,201726717307300,2.1334,SGACK|transport-1642|K|S|1|22:17|99582|1,[],,S,True,22:17,99582,1,1642
transport-1643,A,201726717583300,201726717756000,201726726851500,9.2682,SGACK|transport-1643|A|A|1|22:17|99593|1,[],,A,True,22:17,99593,1,1643
transport-1644,T,201726739565000,201726739848300,201726741670000,2.105,SGACK|transport-1644|T|S|1|22:17|99607|1,[],,S,True,22:17,99607,1,1644
transport-1645,S,201726742188900,201726742513100,201726754723800,12.5349,SGACK|transport-1645|S|S|1|22:17|99620|1,[],,S,True,22:17,99620,1,1645
transport-1646,P,201726755374300,201726755776700,201726767725700,12.3514,SGACK|transport-1646|P|S|1|22:17|99633|1,[],,S,True,22:17,99633,1,1646
transport-1647,C,201726768547100,201726768855000,201726782233600,13.6865,SGACK|transport-1647|C|S|1|22:17|99646|1,[],,S,True,22:17,99646,1,1647
transport-1648,E,201726782933800,201726783245400,201726793097300,10.1635,SGACK|transport-1648|E|A|1|22:17|99658|1,[],,A,True,22:17,99658,1,1648
transport-1649,K,201726807239100,201726807655600,201726811361100,4.122,SGACK|transport-1649|K|S|1|22:17|99674|1,[],,S,True,22:17,99674,1,1649
transport-1650,A,201726811856900,201726812145200,201726821028000,9.1711,SGACK|transport-1650|A|A|1|22:17|99687|1,[],,A,True,22:17,99687,1,1650
transport-1651,T,201726835165800,201726835490700,201726838353200,3.1874,SGACK|transport-1651|T|S|1|22:17|99702|1,[],,S,True,22:17,99702,1,1651
transport-1652,S,201726838824900,201726839114200,201726851852400,13.0275,SGACK|transport-1652|S|S|1|22:17|99717|1,[],,S,True,22:17,99717,1,1652
transport-1653,P,201726852507600,201726852803000,201726865645200,13.1376,SGACK|transport-1653|P|S|1|22:17|99731|1,[],,S,True,22:17,99731,1,1653
transport-1654,C,201726866370600,201726866641100,201726878529800,12.1592,SGACK|transport-1654|C|S|1|22:17|99743|1,[],,S,True,22:17,99743,1,1654
transport-1655,E,201726879232700,201726879613600,201726888601000,9.3683,SGACK|transport-1655|E|A|1|22:17|99754|1,[],,A,True,22:17,99754,1,1655
transport-1656,K,201726902027600,201726902435500,201726905872800,3.8452,SGACK|transport-1656|K|S|1|22:17|99769|1,[],,S,True,22:17,99769,1,1656
transport-1657,A,201726906391800,201726906650500,201726914775600,8.3838,SGACK|transport-1657|A|A|1|22:17|99781|1,[],,A,True,22:17,99781,1,1657
transport-1658,T,201726926807100,201726927009900,201726928893900,2.0868,SGACK|transport-1658|T|S|1|22:17|99794|1,[],,S,True,22:17,99794,1,1658
transport-1659,S,201726929139900,201726929679800,201726941345100,12.2052,SGACK|transport-1659|S|S|1|22:17|99807|1,[],,S,True,22:17,99807,1,1659
transport-1660,P,201726941694700,201726941982400,201726954349700,12.655,SGACK|transport-1660|P|S|1|22:17|99820|1,[],,S,True,22:17,99820,1,1660
transport-1661,C,201726954851300,201726955125800,201726966867800,12.0165,SGACK|transport-1661|C|S|1|22:17|99832|1,[],,S,True,22:17,99832,1,1661
transport-1662,E,201726967378100,201726967607600,201726976441900,9.0638,SGACK|transport-1662|E|A|1|22:17|99842|1,[],,A,True,22:17,99842,1,1662
transport-1663,K,201726989738600,201726990065000,201726992729700,2.9911,SGACK|transport-1663|K|S|1|22:17|99857|1,[],,S,True,22:17,99857,1,1663
transport-1664,A,201726993230200,201726993583100,201727001873600,8.6434,SGACK|transport-1664|A|A|1|22:17|99868|1,[],,A,True,22:17,99868,1,1664
transport-1665,T,201727015538100,201727015886400,201727018687700,3.1496,SGACK|transport-1665|T|S|1|22:17|99883|1,[],,S,True,22:17,99883,1,1665
transport-1666,S,201727019776300,201727020371600,201727033764100,13.9878,SGACK|transport-1666|S|S|1|22:17|99898|1,[],,S,True,22:17,99898,1,1666
transport-1667,P,201727035334800,201727035758700,201727049001900,13.6671,SGACK|transport-1667|P|S|1|22:17|99914|1,[],,S,True,22:17,99914,1,1667
transport-1668,C,201727049655400,201727049912500,201727061843700,12.1883,SGACK|transport-1668|C|S|1|22:17|99927|1,[],,S,True,22:17,99927,1,1668
transport-1669,E,201727062551800,201727062854100,201727071828400,9.2766,SGACK|transport-1669|E|A|1|22:17|99938|1,[],,A,True,22:17,99938,1,1669
transport-1670,K,201727084335300,201727084658800,201727086763500,2.4282,SGACK|transport-1670|K|S|1|22:17|99951|1,[],,S,True,22:17,99951,1,1670
transport-1671,A,201727087093600,201727087262000,201727095893700,8.8001,SGACK|transport-1671|A|A|1|22:17|99962|1,[],,A,True,22:17,99962,1,1671
transport-1672,T,201727108250900,201727108482500,201727110848500,2.5976,SGACK|transport-1672|T|S|1|22:17|99975|1,[],,S,True,22:17,99975,1,1672
transport-1673,S,201727111266400,201727111559000,201727123363600,12.0972,SGACK|transport-1673|S|S|1|22:17|99989|1,[],,S,True,22:17,99989,1,1673
transport-1674,P,201727123863700,201727124106100,201727136073900,12.2102,SGACK|transport-1674|P|S|1|22:17|100002|1,[],,S,True,22:17,100002,1,1674
transport-1675,C,201727136597400,201727136817500,201727149779000,13.1816,SGACK|transport-1675|C|S|1|22:17|100014|1,[],,S,True,22:17,100014,1,1675
transport-1676,E,201727150403600,201727150679600,201727159055700,8.6521,SGACK|transport-1676|E|A|1|22:17|100025|1,[],,A,True,22:17,100025,1,1676
transport-1677,K,201727172523600,201727172897700,201727174676700,2.1531,SGACK|transport-1677|K|S|1|22:17|100040|1,[],,S,True,22:17,100040,1,1677
transport-1678,A,201727175161600,201727175432300,201727183448500,8.2869,SGACK|transport-1678|A|A|1|22:17|100050|1,[],,A,True,22:17,100050,1,1678
transport-1679,T,201727196104000,201727196481600,201727198708400,2.6044,SGACK|transport-1679|T|S|1|22:17|100063|1,[],,S,True,22:17,100063,1,1679
transport-1680,S,201727199118800,201727199379400,201727211226600,12.1078,SGACK|transport-1680|S|S|1|22:17|100077|1,[],,S,True,22:17,100077,1,1680
transport-1681,P,201727211828400,201727212080900,201727224301500,12.4731,SGACK|transport-1681|P|S|1|22:17|100090|1,[],,S,True,22:17,100090,1,1681
transport-1682,C,201727224937500,201727225240500,201727237122700,12.1852,SGACK|transport-1682|C|S|1|22:17|100102|1,[],,S,True,22:17,100102,1,1682
transport-1683,E,201727237768100,201727237995800,201727246513800,8.7457,SGACK|transport-1683|E|A|1|22:17|100113|1,[],,A,True,22:17,100113,1,1683
transport-1684,K,201727258968600,201727259173800,201727260836200,1.8676,SGACK|transport-1684|K|S|1|22:17|100126|1,[],,S,True,22:17,100126,1,1684
transport-1685,A,201727261335900,201727261523700,201727269614700,8.2788,SGACK|transport-1685|A|A|1|22:17|100136|1,[],,A,True,22:17,100136,1,1685
transport-1686,T,201727282159200,201727282417900,201727287511800,5.3526,SGACK|transport-1686|T|S|1|22:17|100153|1,[],,S,True,22:17,100153,1,1686
transport-1687,S,201727287828100,201727288022200,201727300011300,12.1832,SGACK|transport-1687|S|S|1|22:17|100166|1,[],,S,True,22:17,100166,1,1687
transport-1688,P,201727300337500,201727300609300,201727312021700,11.6842,SGACK|transport-1688|P|S|1|22:17|100178|1,[],,S,True,22:17,100178,1,1688
transport-1689,C,201727312488600,201727312677400,201727324940800,12.4522,SGACK|transport-1689|C|S|1|22:17|100190|1,[],,S,True,22:17,100190,1,1689
transport-1690,E,201727325448600,201727325811500,201727333942400,8.4938,SGACK|transport-1690|E|A|1|22:17|100200|1,[],,A,True,22:17,100200,1,1690
transport-1691,K,201727346983000,201727347399700,201727350555200,3.5722,SGACK|transport-1691|K|S|1|22:17|100214|1,[],,S,True,22:17,100214,1,1691
transport-1692,A,201727351016800,201727351324500,201727360065000,9.0482,SGACK|transport-1692|A|A|1|22:17|100226|1,[],,A,True,22:17,100226,1,1692
transport-1693,T,201727374617200,201727374972000,201727378436200,3.819,SGACK|transport-1693|T|S|1|22:17|100242|1,[],,S,True,22:17,100242,1,1693
transport-1694,S,201727379214500,201727379515000,201727392095900,12.8814,SGACK|transport-1694|S|S|1|22:17|100257|1,[],,S,True,22:17,100257,1,1694
transport-1695,P,201727392861100,201727393229400,201727406085900,13.2248,SGACK|transport-1695|P|S|1|22:17|100271|1,[],,S,True,22:17,100271,1,1695
transport-1696,C,201727406874200,201727407335400,201727419450600,12.5764,SGACK|transport-1696|C|S|1|22:17|100284|1,[],,S,True,22:17,100284,1,1696
transport-1697,E,201727420154800,201727420465400,201727429383600,9.2288,SGACK|transport-1697|E|A|1|22:17|100295|1,[],,A,True,22:17,100295,1,1697
transport-1698,K,201727444579900,201727444995500,201727449022200,4.4423,SGACK|transport-1698|K|S|1|22:17|100312|1,[],,S,True,22:17,100312,1,1698
transport-1699,A,201727449656300,201727449969100,201727458899600,9.2433,SGACK|transport-1699|A|A|1|22:17|100325|1,[],,A,True,22:17,100325,1,1699
transport-1700,T,201727471234700,201727471465000,201727473910500,2.6758,SGACK|transport-1700|T|S|1|22:17|100338|1,[],,S,True,22:17,100338,1,1700
transport-1701,S,201727474258900,201727474538500,201727486790900,12.532,SGACK|transport-1701|S|S|1|22:17|100352|1,[],,S,True,22:17,100352,1,1701
transport-1702,P,201727487349600,201727487741600,201727499278300,11.9287,SGACK|transport-1702|P|S|1|22:17|100365|1,[],,S,True,22:17,100365,1,1702
transport-1703,C,201727499882400,201727500254900,201727512177200,12.2948,SGACK|transport-1703|C|S|1|22:17|100377|1,[],,S,True,22:17,100377,1,1703
transport-1704,E,201727512801800,201727513278200,201727522462300,9.6605,SGACK|transport-1704|E|A|1|22:17|100388|1,[],,A,True,22:17,100388,1,1704
transport-1705,K,201727535783900,201727536233400,201727539578700,3.7948,SGACK|transport-1705|K|S|1|22:17|100403|1,[],,S,True,22:17,100403,1,1705
transport-1706,A,201727540028500,201727540371300,201727548898100,8.8696,SGACK|transport-1706|A|A|1|22:17|100415|1,[],,A,True,22:17,100415,1,1706
transport-1707,T,201727561284100,201727561605100,201727564002600,2.7185,SGACK|transport-1707|T|S|1|22:17|100428|1,[],,S,True,22:17,100428,1,1707
transport-1708,S,201727564661800,201727564945000,201727577501600,12.8398,SGACK|transport-1708|S|S|1|22:17|100443|1,[],,S,True,22:17,100443,1,1708
transport-1709,P,201727578088500,201727578490700,201727590652500,12.564,SGACK|transport-1709|P|S|1|22:17|100456|1,[],,S,True,22:17,100456,1,1709
transport-1710,C,201727591485700,201727591953400,201727604900300,13.4146,SGACK|transport-1710|C|S|1|22:17|100469|1,[],,S,True,22:17,100469,1,1710
transport-1711,E,201727605653400,201727606117500,201727615517900,9.8645,SGACK|transport-1711|E|A|1|22:17|100481|1,[],,A,True,22:17,100481,1,1711
transport-1712,K,201727629751800,201727630367500,201727634316700,4.5649,SGACK|transport-1712|K|S|1|22:17|100497|1,[],,S,True,22:17,100497,1,1712
transport-1713,A,201727634896800,201727635300000,201727644467700,9.5709,SGACK|transport-1713|A|A|1|22:17|100510|1,[],,A,True,22:17,100510,1,1713
transport-1714,T,201727658397600,201727658764800,201727662168900,3.7713,SGACK|transport-1714|T|S|1|22:17|100526|1,[],,S,True,22:17,100526,1,1714
transport-1715,S,201727662664900,201727663137000,201727676257000,13.5921,SGACK|transport-1715|S|S|1|22:17|100541|1,[],,S,True,22:17,100541,1,1715
transport-1716,P,201727677220800,201727677622100,201727690212400,12.9916,SGACK|transport-1716|P|S|1|22:17|100555|1,[],,S,True,22:17,100555,1,1716
transport-1717,C,201727691079200,201727691488200,201727703703100,12.6239,SGACK|transport-1717|C|S|1|22:17|100568|1,[],,S,True,22:17,100568,1,1717
transport-1718,E,201727704756400,201727705047800,201727713685200,8.9288,SGACK|transport-1718|E|A|1|22:17|100580|1,[],,A,True,22:17,100580,1,1718
transport-1719,K,201727726420200,201727726880400,201727729801300,3.3811,SGACK|transport-1719|K|S|1|22:17|100594|1,[],,S,True,22:17,100594,1,1719
transport-1720,A,201727730169100,201727730572400,201727738881200,8.7121,SGACK|transport-1720|A|A|1|22:17|100605|1,[],,A,True,22:17,100605,1,1720
transport-1721,T,201727751481600,201727751708000,201727754118300,2.6367,SGACK|transport-1721|T|S|1|22:17|100619|1,[],,S,True,22:17,100619,1,1721
transport-1722,S,201727754477400,201727754932500,201727767741800,13.2644,SGACK|transport-1722|S|S|1|22:17|100633|1,[],,S,True,22:17,100633,1,1722
transport-1723,P,201727768280700,201727768624600,201727780667000,12.3863,SGACK|transport-1723|P|S|1|22:17|100646|1,[],,S,True,22:17,100646,1,1723
transport-1724,C,201727781464900,201727781764800,201727794720500,13.2556,SGACK|transport-1724|C|S|1|22:17|100659|1,[],,S,True,22:17,100659,1,1724
transport-1725,E,201727795696900,201727796093300,201727804991700,9.2948,SGACK|transport-1725|E|A|1|22:17|100671|1,[],,A,True,22:17,100671,1,1725
transport-1726,K,201727818757300,201727819144500,201727821128400,2.3711,SGACK|transport-1726|K|S|1|22:17|100686|1,[],,S,True,22:17,100686,1,1726
transport-1727,A,201727821548700,201727821816200,201727832230200,10.6815,SGACK|transport-1727|A|A|1|22:17|100697|1,[],,A,True,22:17,100697,1,1727
transport-1728,T,201727847342000,201727847714100,201727850533300,3.1913,SGACK|transport-1728|T|S|1|22:17|100714|1,[],,S,True,22:17,100714,1,1728
transport-1729,S,201727850999100,201727851357200,201727864140700,13.1416,SGACK|transport-1729|S|S|1|22:17|100729|1,[],,S,True,22:17,100729,1,1729
transport-1730,P,201727864842200,201727865322500,201727877517000,12.6748,SGACK|transport-1730|P|S|1|22:17|100743|1,[],,S,True,22:17,100743,1,1730
transport-1731,C,201727878185000,201727878477600,201727889528700,11.3437,SGACK|transport-1731|C|S|1|22:17|100755|1,[],,S,True,22:17,100755,1,1731
transport-1732,E,201727890032600,201727890243600,201727898649900,8.6173,SGACK|transport-1732|E|A|1|22:17|100765|1,[],,A,True,22:17,100765,1,1732
transport-1733,K,201727910661400,201727910854800,201727913019200,2.3578,SGACK|transport-1733|K|S|1|22:17|100778|1,[],,S,True,22:17,100778,1,1733
transport-1734,A,201727913311400,201727913578100,201727921878700,8.5673,SGACK|transport-1734|A|A|1|22:17|100788|1,[],,A,True,22:17,100788,1,1734
transport-1735,T,201727934668900,201727934786100,201727936470000,1.8011,SGACK|transport-1735|T|S|1|22:17|100802|1,[],,S,True,22:17,100802,1,1735
transport-1736,S,201727936675900,201727936864100,201727948993400,12.3175,SGACK|transport-1736|S|S|1|22:17|100815|1,[],,S,True,22:17,100815,1,1736
transport-1737,P,201727949263500,201727949481100,201727961047400,11.7839,SGACK|transport-1737|P|S|1|22:17|100827|1,[],,S,True,22:17,100827,1,1737
transport-1738,C,201727961392900,201727961538000,201727972772100,11.3792,SGACK|transport-1738|C|S|1|22:17|100838|1,[],,S,True,22:17,100838,1,1738
transport-1739,E,201727973223000,201727973443800,201727981923100,8.7001,SGACK|transport-1739|E|A|1|22:17|100848|1,[],,A,True,22:17,100848,1,1739
transport-1740,K,201727994581500,201727994809900,201727997078900,2.4974,SGACK|transport-1740|K|S|1|22:17|100862|1,[],,S,True,22:17,100862,1,1740
transport-1741,A,201727997465500,201727997658300,201728006836900,9.3714,SGACK|transport-1741|A|A|1|22:17|100873|1,[],,A,True,22:17,100873,1,1741
transport-1742,T,201728019311200,201728019577800,201728021579700,2.2685,SGACK|transport-1742|T|S|1|22:17|100886|1,[],,S,True,22:17,100886,1,1742
transport-1743,S,201728021972700,201728022176500,201728034291900,12.3192,SGACK|transport-1743|S|S|1|22:17|100900|1,[],,S,True,22:17,100900,1,1743
transport-1744,P,201728034811700,201728035066400,201728048278900,13.4672,SGACK|transport-1744|P|S|1|22:17|100913|1,[],,S,True,22:17,100913,1,1744
transport-1745,C,201728049091200,201728049465800,201728061417900,12.3267,SGACK|transport-1745|C|S|1|22:17|100926|1,[],,S,True,22:17,100926,1,1745
transport-1746,E,201728062174200,201728062668100,201728071362700,9.1885,SGACK|transport-1746|E|A|1|22:17|100937|1,[],,A,True,22:17,100937,1,1746
transport-1747,K,201728085441400,201728085776100,201728088005500,2.5641,SGACK|transport-1747|K|S|1|22:17|100953|1,[],,S,True,22:17,100953,1,1747
transport-1748,A,201728088304400,201728088603200,201728097094700,8.7903,SGACK|transport-1748|A|A|1|22:17|100963|1,[],,A,True,22:17,100963,1,1748
transport-1749,T,201728110768400,201728111054700,201728114062100,3.2937,SGACK|transport-1749|T|S|1|22:17|100978|1,[],,S,True,22:17,100978,1,1749
transport-1750,S,201728114511800,201728114858900,201728127671700,13.1599,SGACK|transport-1750|S|S|1|22:17|100993|1,[],,S,True,22:17,100993,1,1750
transport-1751,P,201728128197900,201728128525400,201728140714600,12.5167,SGACK|transport-1751|P|S|1|22:17|101006|1,[],,S,True,22:17,101006,1,1751
transport-1752,C,201728141606500,201728141969800,201728154436500,12.83,SGACK|transport-1752|C|S|1|22:17|101019|1,[],,S,True,22:17,101019,1,1752
transport-1753,E,201728155062400,201728155359200,201728164216200,9.1538,SGACK|transport-1753|E|A|1|22:17|101030|1,[],,A,True,22:17,101030,1,1753
transport-1754,K,201728177811200,201728178076600,201728180912600,3.1014,SGACK|transport-1754|K|S|1|22:17|101045|1,[],,S,True,22:17,101045,1,1754
transport-1755,A,201728181386700,201728181616400,201728189964900,8.5782,SGACK|transport-1755|A|A|1|22:17|101056|1,[],,A,True,22:17,101056,1,1755
transport-1756,T,201728202591900,201728202815100,201728205307100,2.7152,SGACK|transport-1756|T|S|1|22:17|101070|1,[],,S,True,22:17,101070,1,1756
transport-1757,S,201728205761700,201728205982300,201728218539100,12.7774,SGACK|transport-1757|S|S|1|22:17|101084|1,[],,S,True,22:17,101084,1,1757
transport-1758,P,201728219375900,201728219882500,201728231021100,11.6452,SGACK|transport-1758|P|S|1|22:17|101097|1,[],,S,True,22:17,101097,1,1758
transport-1759,C,201728231481700,201728231751000,201728243968900,12.4872,SGACK|transport-1759|C|S|1|22:17|101109|1,[],,S,True,22:17,101109,1,1759
transport-1760,E,201728244436900,201728244767900,201728254136800,9.6999,SGACK|transport-1760|E|A|1|22:17|101120|1,[],,A,True,22:17,101120,1,1760
transport-1761,K,201728267585500,201728268015000,201728270671400,3.0859,SGACK|transport-1761|K|S|1|22:17|101135|1,[],,S,True,22:17,101135,1,1761
transport-1762,A,201728271031900,201728271337400,201728280153000,9.1211,SGACK|transport-1762|A|A|1|22:17|101146|1,[],,A,True,22:17,101146,1,1762
transport-1763,T,201728294162100,201728294451600,201728297122500,2.9604,SGACK|transport-1763|T|S|1|22:17|101161|1,[],,S,True,22:17,101161,1,1763
transport-1764,S,201728297558500,201728297887000,201728310819000,13.2605,SGACK|transport-1764|S|S|1|22:17|101176|1,[],,S,True,22:17,101176,1,1764
transport-1765,P,201728311501600,201728312097000,201728324929000,13.4274,SGACK|transport-1765|P|S|1|22:17|101190|1,[],,S,True,22:17,101190,1,1765
transport-1766,C,201728325715500,201728326013700,201728338059700,12.3442,SGACK|transport-1766|C|S|1|22:17|101203|1,[],,S,True,22:17,101203,1,1766
transport-1767,E,201728338640700,201728338887300,201728348013700,9.373,SGACK|transport-1767|E|A|1|22:17|101214|1,[],,A,True,22:17,101214,1,1767
transport-1768,K,201728361906600,201728362326500,201728365444100,3.5375,SGACK|transport-1768|K|S|1|22:17|101229|1,[],,S,True,22:17,101229,1,1768
transport-1769,A,201728365858900,201728366071400,201728375495100,9.6362,SGACK|transport-1769|A|A|1|22:17|101241|1,[],,A,True,22:17,101241,1,1769
transport-1770,T,201728388900200,201728389294300,201728392378500,3.4783,SGACK|transport-1770|T|S|1|22:17|101256|1,[],,S,True,22:17,101256,1,1770
transport-1771,S,201728392795200,201728393012200,201728405688200,12.893,SGACK|transport-1771|S|S|1|22:17|101271|1,[],,S,True,22:17,101271,1,1771
transport-1772,P,201728406370400,201728406646800,201728419052800,12.6824,SGACK|transport-1772|P|S|1|22:17|101285|1,[],,S,True,22:17,101285,1,1772
transport-1773,C,201728419512400,201728419694800,201728431725100,12.2127,SGACK|transport-1773|C|S|1|22:17|101297|1,[],,S,True,22:17,101297,1,1773
transport-1774,E,201728432174300,201728432376600,201728440748000,8.5737,SGACK|transport-1774|E|A|1|22:17|101307|1,[],,A,True,22:17,101307,1,1774
transport-1775,K,201728453693800,201728454128600,201728456864400,3.1706,SGACK|transport-1775|K|S|1|22:17|101321|1,[],,S,True,22:17,101321,1,1775
transport-1776,A,201728457351000,201728457732600,201728465510200,8.1592,SGACK|transport-1776|A|A|1|22:17|101332|1,[],,A,True,22:17,101332,1,1776
transport-1777,T,201728478845600,201728479134500,201728480700500,1.8549,SGACK|transport-1777|T|S|1|22:17|101346|1,[],,S,True,22:17,101346,1,1777
transport-1778,S,201728480938900,201728481161300,201728493290000,12.3511,SGACK|transport-1778|S|S|1|22:17|101359|1,[],,S,True,22:17,101359,1,1778
transport-1779,P,201728493864900,201728494088700,201728506365100,12.5002,SGACK|transport-1779|P|S|1|22:17|101372|1,[],,S,True,22:17,101372,1,1779
transport-1780,C,201728506952000,201728507250300,201728520188100,13.2361,SGACK|transport-1780|C|S|1|22:17|101384|1,[],,S,True,22:17,101384,1,1780
transport-1781,E,201728520900000,201728521185700,201728530290700,9.3907,SGACK|transport-1781|E|A|1|22:17|101396|1,[],,A,True,22:17,101396,1,1781
transport-1782,K,201728543282600,201728543631200,201728546410600,3.128,SGACK|transport-1782|K|S|1|22:17|101411|1,[],,S,True,22:17,101411,1,1782
transport-1783,A,201728546903500,201728547134500,201728556282200,9.3787,SGACK|transport-1783|A|A|1|22:17|101422|1,[],,A,True,22:17,101422,1,1783
transport-1784,T,201728569731900,201728570067600,201728572103300,2.3714,SGACK|transport-1784|T|S|1|22:17|101437|1,[],,S,True,22:17,101437,1,1784
transport-1785,S,201728572534500,201728572816100,201728585743700,13.2092,SGACK|transport-1785|S|S|1|22:17|101451|1,[],,S,True,22:17,101451,1,1785
transport-1786,P,201728586414300,201728586769600,201728599568300,13.154,SGACK|transport-1786|P|S|1|22:17|101465|1,[],,S,True,22:17,101465,1,1786
transport-1787,C,201728600246300,201728600636200,201728613616100,13.3698,SGACK|transport-1787|C|S|1|22:17|101477|1,[],,S,True,22:17,101477,1,1787
transport-1788,E,201728615230200,201728615582200,201728624365300,9.1351,SGACK|transport-1788|E|A|1|22:17|101490|1,[],,A,True,22:17,101490,1,1788
transport-1789,K,201728637455200,201728637838100,201728639603800,2.1486,SGACK|transport-1789|K|S|1|22:17|101505|1,[],,S,True,22:17,101505,1,1789
transport-1790,A,201728639963700,201728640163900,201728648815700,8.852,SGACK|transport-1790|A|A|1|22:17|101515|1,[],,A,True,22:17,101515,1,1790
transport-1791,T,201728661874000,201728662239700,201728665156400,3.2824,SGACK|transport-1791|T|S|1|22:17|101529|1,[],,S,True,22:17,101529,1,1791
transport-1792,S,201728665586900,201728665933200,201728678662900,13.076,SGACK|transport-1792|S|S|1|22:17|101544|1,[],,S,True,22:17,101544,1,1792
transport-1793,P,201728679449800,201728679742700,201728692477500,13.0277,SGACK|transport-1793|P|S|1|22:17|101558|1,[],,S,True,22:17,101558,1,1793
transport-1794,C,201728693163000,201728693452300,201728705428700,12.2657,SGACK|transport-1794|C|S|1|22:17|101570|1,[],,S,True,22:17,101570,1,1794
transport-1795,E,201728706277500,201728706549500,201728714768000,8.4905,SGACK|transport-1795|E|A|1|22:17|101581|1,[],,A,True,22:17,101581,1,1795
transport-1796,K,201728726796600,201728727071500,201728728960000,2.1634,SGACK|transport-1796|K|S|1|22:17|101594|1,[],,S,True,22:17,101594,1,1796
transport-1797,A,201728729277200,201728729510200,201728737544600,8.2674,SGACK|transport-1797|A|A|1|22:17|101604|1,[],,A,True,22:17,101604,1,1797
transport-1798,T,201728749779800,201728749976700,201728751351500,1.5717,SGACK|transport-1798|T|S|1|22:17|101617|1,[],,S,True,22:17,101617,1,1798
transport-1799,S,201728751654400,201728751834700,201728764297100,12.6427,SGACK|transport-1799|S|S|1|22:17|101630|1,[],,S,True,22:17,101630,1,1799
transport-1800,P,201728764863100,201728765174800,201728777535100,12.672,SGACK|transport-1800|P|S|1|22:17|101643|1,[],,S,True,22:17,101643,1,1800
transport-1801,C,201728778326100,201728778685700,201728790719000,12.3929,SGACK|transport-1801|C|S|1|22:17|101655|1,[],,S,True,22:17,101655,1,1801
transport-1802,E,201728791525200,201728791947800,201728801199600,9.6744,SGACK|transport-1802|E|A|1|22:17|101667|1,[],,A,True,22:17,101667,1,1802
transport-1803,K,201728815119300,201728815580400,201728819003100,3.8838,SGACK|transport-1803|K|S|1|22:17|101682|1,[],,S,True,22:17,101682,1,1803
transport-1804,A,201728819410200,201728819717600,201728829332600,9.9224,SGACK|transport-1804|A|A|1|22:17|101695|1,[],,A,True,22:17,101695,1,1804
transport-1805,T,201728842987600,201728843371500,201728846408500,3.4209,SGACK|transport-1805|T|S|1|22:17|101710|1,[],,S,True,22:17,101710,1,1805
transport-1806,S,201728846861300,201728847194900,201728859900800,13.0395,SGACK|transport-1806|S|S|1|22:17|101725|1,[],,S,True,22:17,101725,1,1806
transport-1807,P,201728860618800,201728860994800,201728873632000,13.0132,SGACK|transport-1807|P|S|1|22:17|101739|1,[],,S,True,22:17,101739,1,1807
transport-1808,C,201728874400500,201728874769700,201728887587300,13.1868,SGACK|transport-1808|C|S|1|22:17|101752|1,[],,S,True,22:17,101752,1,1808
transport-1809,E,201728888449800,201728888703300,201728898210300,9.7605,SGACK|transport-1809|E|A|1|22:17|101764|1,[],,A,True,22:17,101764,1,1809
transport-1810,K,201728912336700,201728912809600,201728915724700,3.388,SGACK|transport-1810|K|S|1|22:17|101780|1,[],,S,True,22:17,101780,1,1810
transport-1811,A,201728916235600,201728916555500,201728925125100,8.8895,SGACK|transport-1811|A|A|1|22:17|101791|1,[],,A,True,22:17,101791,1,1811
transport-1812,T,201728939156000,201728939432300,201728942521100,3.3651,SGACK|transport-1812|T|S|1|22:17|101806|1,[],,S,True,22:17,101806,1,1812
transport-1813,S,201728942955500,201728943327800,201728955878100,12.9226,SGACK|transport-1813|S|S|1|22:17|101821|1,[],,S,True,22:17,101821,1,1813
transport-1814,P,201728956576000,201728956920700,201728969806400,13.2304,SGACK|transport-1814|P|S|1|22:17|101835|1,[],,S,True,22:17,101835,1,1814
transport-1815,C,201728970635200,201728970957900,201728983203100,12.5679,SGACK|transport-1815|C|S|1|22:17|101848|1,[],,S,True,22:17,101848,1,1815
transport-1816,E,201728983797900,201728984069100,201728992864000,9.0661,SGACK|transport-1816|E|A|1|22:17|101859|1,[],,A,True,22:17,101859,1,1816
transport-1817,K,201729005032300,201729005194700,201729007206300,2.174,SGACK|transport-1817|K|S|1|22:17|101872|1,[],,S,True,22:17,101872,1,1817
transport-1818,A,201729007495100,201729007632500,201729017668100,10.173,SGACK|transport-1818|A|A|1|22:17|101883|1,[],,A,True,22:17,101883,1,1818
transport-1819,T,201729032193000,201729032603900,201729035454700,3.2617,SGACK|transport-1819|T|S|1|22:17|101899|1,[],,S,True,22:17,101899,1,1819
transport-1820,S,201729035887600,201729036253100,201729048425000,12.5374,SGACK|transport-1820|S|S|1|22:17|101914|1,[],,S,True,22:17,101914,1,1820
transport-1821,P,201729049056500,201729049434900,201729061051700,11.9952,SGACK|transport-1821|P|S|1|22:17|101927|1,[],,S,True,22:17,101927,1,1821
transport-1822,C,201729061760800,201729062056400,201729073984700,12.2239,SGACK|transport-1822|C|S|1|22:17|101939|1,[],,S,True,22:17,101939,1,1822
transport-1823,E,201729074591200,201729074870500,201729084088300,9.4971,SGACK|transport-1823|E|A|1|22:17|101950|1,[],,A,True,22:17,101950,1,1823
transport-1824,K,201729097341300,201729097598800,201729099408300,2.067,SGACK|transport-1824|K|S|1|22:17|101965|1,[],,S,True,22:17,101965,1,1824
transport-1825,A,201729099615000,201729099863100,201729108701800,9.0868,SGACK|transport-1825|A|A|1|22:17|101975|1,[],,A,True,22:17,101975,1,1825
transport-1826,T,201729121241600,201729121456600,201729123661700,2.4201,SGACK|transport-1826|T|S|1|22:17|101988|1,[],,S,True,22:17,101988,1,1826
transport-1827,S,201729123998500,201729124282500,201729136263800,12.2653,SGACK|transport-1827|S|S|1|22:17|102002|1,[],,S,True,22:17,102002,1,1827
transport-1828,P,201729136845900,201729137145200,201729148991500,12.1456,SGACK|transport-1828|P|S|1|22:17|102015|1,[],,S,True,22:17,102015,1,1828
transport-1829,C,201729149433700,201729149654500,201729161985800,12.5521,SGACK|transport-1829|C|S|1|22:17|102027|1,[],,S,True,22:17,102027,1,1829
transport-1830,E,201729163092600,201729163433800,201729171910500,8.8179,SGACK|transport-1830|E|A|1|22:17|102038|1,[],,A,True,22:17,102038,1,1830
transport-1831,K,201729185078000,201729185347900,201729187179400,2.1014,SGACK|transport-1831|K|S|1|22:17|102052|1,[],,S,True,22:17,102052,1,1831
transport-1832,A,201729187511800,201729187766500,201729196583600,9.0718,SGACK|transport-1832|A|A|1|22:17|102063|1,[],,A,True,22:17,102063,1,1832
transport-1833,T,201729210110800,201729210432200,201729214573300,4.4625,SGACK|transport-1833|T|S|1|22:17|102077|1,[],,S,True,22:17,102077,1,1833
transport-1834,S,201729215061000,201729215354200,201729227744400,12.6834,SGACK|transport-1834|S|S|1|22:17|102093|1,[],,S,True,22:17,102093,1,1834
transport-1835,P,201729228394800,201729228660300,201729241251400,12.8566,SGACK|transport-1835|P|S|1|22:17|102107|1,[],,S,True,22:17,102107,1,1835
transport-1836,C,201729241733200,201729241937500,201729253858200,12.125,SGACK|transport-1836|C|S|1|22:17|102119|1,[],,S,True,22:17,102119,1,1836
transport-1837,E,201729254457700,201729254714000,201729263770700,9.313,SGACK|transport-1837|E|A|1|22:17|102130|1,[],,A,True,22:17,102130,1,1837
transport-1838,K,201729277041600,201729277323800,201729279740100,2.6985,SGACK|transport-1838|K|S|1|22:17|102144|1,[],,S,True,22:17,102144,1,1838
transport-1839,A,201729280084500,201729280289100,201729289036300,8.9518,SGACK|transport-1839|A|A|1|22:17|102155|1,[],,A,True,22:17,102155,1,1839
transport-1840,T,201729305810600,201729306086400,201729309139200,3.3286,SGACK|transport-1840|T|S|1|22:17|102173|1,[],,S,True,22:17,102173,1,1840
transport-1841,S,201729309457100,201729309676000,201729322452800,12.9957,SGACK|transport-1841|S|S|1|22:17|102188|1,[],,S,True,22:17,102188,1,1841
transport-1842,P,201729323016200,201729323247900,201729335550100,12.5339,SGACK|transport-1842|P|S|1|22:17|102201|1,[],,S,True,22:17,102201,1,1842
transport-1843,C,201729336108700,201729336469700,201729347818800,11.7101,SGACK|transport-1843|C|S|1|22:17|102213|1,[],,S,True,22:17,102213,1,1843
transport-1844,E,201729348347300,201729348562800,201729357774300,9.427,SGACK|transport-1844|E|A|1|22:17|102223|1,[],,A,True,22:17,102223,1,1844
transport-1845,K,201729372320300,201729372712500,201729375873600,3.5533,SGACK|transport-1845|K|S|1|22:17|102240|1,[],,S,True,22:17,102240,1,1845
transport-1846,A,201729376417900,201729376702100,201729386385300,9.9674,SGACK|transport-1846|A|A|1|22:17|102251|1,[],,A,True,22:17,102251,1,1846
transport-1847,T,201729399331900,201729399578200,201729402465900,3.134,SGACK|transport-1847|T|S|1|22:17|102266|1,[],,S,True,22:17,102266,1,1847
transport-1848,S,201729402783100,201729403065700,201729415385300,12.6022,SGACK|transport-1848|S|S|1|22:17|102281|1,[],,S,True,22:17,102281,1,1848
transport-1849,P,201729415854500,201729416109400,201729428787400,12.9329,SGACK|transport-1849|P|S|1|22:17|102294|1,[],,S,True,22:17,102294,1,1849
transport-1850,C,201729429733300,201729430071800,201729441972700,12.2394,SGACK|transport-1850|C|S|1|22:17|102307|1,[],,S,True,22:17,102307,1,1850
transport-1851,E,201729442559300,201729442828100,201729451919200,9.3599,SGACK|transport-1851|E|A|1|22:17|102318|1,[],,A,True,22:17,102318,1,1851
transport-1852,K,201729466097900,201729466438100,201729469779900,3.682,SGACK|transport-1852|K|S|1|22:17|102333|1,[],,S,True,22:17,102333,1,1852
transport-1853,A,201729470191800,201729470416200,201729479460300,9.2685,SGACK|transport-1853|A|A|1|22:17|102345|1,[],,A,True,22:17,102345,1,1853
transport-1854,T,201729492380800,201729492602700,201729495226300,2.8455,SGACK|transport-1854|T|S|1|22:17|102360|1,[],,S,True,22:17,102360,1,1854
transport-1855,S,201729495830200,201729496049500,201729508398700,12.5685,SGACK|transport-1855|S|S|1|22:17|102374|1,[],,S,True,22:17,102374,1,1855
transport-1856,P,201729508887700,201729509100200,201729521003000,12.1153,SGACK|transport-1856|P|S|1|22:17|102387|1,[],,S,True,22:17,102387,1,1856
transport-1857,C,201729521534700,201729521747000,201729533941400,12.4067,SGACK|transport-1857|C|S|1|22:17|102399|1,[],,S,True,22:17,102399,1,1857
transport-1858,E,201729534402500,201729534593000,201729544342400,9.9399,SGACK|transport-1858|E|A|1|22:17|102410|1,[],,A,True,22:17,102410,1,1858
transport-1859,K,201729557320400,201729557563800,201729559920200,2.5998,SGACK|transport-1859|K|S|1|22:17|102425|1,[],,S,True,22:17,102425,1,1859
transport-1860,A,201729560366800,201729560662900,201729569989100,9.6223,SGACK|transport-1860|A|A|1|22:17|102436|1,[],,A,True,22:17,102436,1,1860
transport-1861,T,201729583789000,201729584101600,201729587653400,3.8644,SGACK|transport-1861|T|S|1|22:17|102451|1,[],,S,True,22:17,102451,1,1861
transport-1862,S,201729588093800,201729588377500,201729600285800,12.192,SGACK|transport-1862|S|S|1|22:17|102466|1,[],,S,True,22:17,102466,1,1862
transport-1863,P,201729600774000,201729601050000,201729613309400,12.5354,SGACK|transport-1863|P|S|1|22:17|102479|1,[],,S,True,22:17,102479,1,1863
transport-1864,C,201729613650200,201729613824900,201729626167700,12.5175,SGACK|transport-1864|C|S|1|22:17|102491|1,[],,S,True,22:17,102491,1,1864
transport-1865,E,201729626681200,201729627034500,201729635976000,9.2948,SGACK|transport-1865|E|A|1|22:17|102502|1,[],,A,True,22:17,102502,1,1865
transport-1866,K,201729649811900,201729650078300,201729652701300,2.8894,SGACK|transport-1866|K|S|1|22:17|102517|1,[],,S,True,22:17,102517,1,1866
transport-1867,A,201729653463900,201729653885400,201729663189300,9.7254,SGACK|transport-1867|A|A|1|22:17|102529|1,[],,A,True,22:17,102529,1,1867
transport-1868,T,201729676557600,201729676806600,201729678739000,2.1814,SGACK|transport-1868|T|S|1|22:17|102544|1,[],,S,True,22:17,102544,1,1868
transport-1869,S,201729679139300,201729679434000,201729690857700,11.7184,SGACK|transport-1869|S|S|1|22:17|102557|1,[],,S,True,22:17,102557,1,1869
transport-1870,P,201729691240500,201729691570300,201729702648100,11.4076,SGACK|transport-1870|P|S|1|22:17|102569|1,[],,S,True,22:17,102569,1,1870
transport-1871,C,201729702925200,201729703113500,201729714718900,11.7937,SGACK|transport-1871|C|S|1|22:17|102580|1,[],,S,True,22:17,102580,1,1871
transport-1872,E,201729715132900,201729715346100,201729723470800,8.3379,SGACK|transport-1872|E|A|1|22:17|102590|1,[],,A,True,22:17,102590,1,1872
transport-1873,K,201729736325000,201729736760000,201729739431800,3.1068,SGACK|transport-1873|K|S|1|22:17|102604|1,[],,S,True,22:17,102604,1,1873
transport-1874,A,201729740082100,201729740492100,201729748416600,8.3345,SGACK|transport-1874|A|A|1|22:17|102615|1,[],,A,True,22:17,102615,1,1874
transport-1875,T,201729760888200,201729761139500,201729763773100,2.8849,SGACK|transport-1875|T|S|1|22:17|102628|1,[],,S,True,22:17,102628,1,1875
transport-1876,S,201729764155800,201729764440300,201729776407100,12.2513,SGACK|transport-1876|S|S|1|22:17|102642|1,[],,S,True,22:17,102642,1,1876
transport-1877,P,201729777008000,201729777414200,201729789234900,12.2269,SGACK|transport-1877|P|S|1|22:17|102655|1,[],,S,True,22:17,102655,1,1877
transport-1878,C,201729789889700,201729790207900,201729801752100,11.8624,SGACK|transport-1878|C|S|1|22:17|102667|1,[],,S,True,22:17,102667,1,1878
transport-1879,E,201729802356600,201729802712400,201729812022800,9.6662,SGACK|transport-1879|E|A|1|22:17|102678|1,[],,A,True,22:17,102678,1,1879
transport-1880,K,201729825391000,201729825732400,201729827462300,2.0713,SGACK|transport-1880|K|S|1|22:17|102693|1,[],,S,True,22:17,102693,1,1880
transport-1881,A,201729827725500,201729828124400,201729836790000,9.0645,SGACK|transport-1881|A|A|1|22:17|102703|1,[],,A,True,22:17,102703,1,1881
transport-1882,T,201729849454800,201729849635500,201729851229000,1.7742,SGACK|transport-1882|T|S|1|22:17|102717|1,[],,S,True,22:17,102717,1,1882
transport-1883,S,201729851474500,201729851656900,201729863906500,12.432,SGACK|transport-1883|S|S|1|22:17|102730|1,[],,S,True,22:17,102730,1,1883
transport-1884,P,201729864241500,201729864465800,201729875866300,11.6248,SGACK|transport-1884|P|S|1|22:17|102742|1,[],,S,True,22:17,102742,1,1884
transport-1885,C,201729876220400,201729876450400,201729887960900,11.7405,SGACK|transport-1885|C|S|1|22:17|102753|1,[],,S,True,22:17,102753,1,1885
transport-1886,E,201729888604400,201729888822400,201729898054400,9.45,SGACK|transport-1886|E|A|1|22:17|102764|1,[],,A,True,22:17,102764,1,1886
transport-1887,K,201729911699000,201729912015100,201729914723900,3.0249,SGACK|transport-1887|K|S|1|22:17|102779|1,[],,S,True,22:17,102779,1,1887
transport-1888,A,201729915226900,201729915561200,201729923694100,8.4672,SGACK|transport-1888|A|A|1|22:17|102790|1,[],,A,True,22:17,102790,1,1888
transport-1889,T,201729936686000,201729936959900,201729939452400,2.7664,SGACK|transport-1889|T|S|1|22:17|102804|1,[],,S,True,22:17,102804,1,1889
transport-1890,S,201729939923400,201729940268600,201729952734100,12.8107,SGACK|transport-1890|S|S|1|22:17|102818|1,[],,S,True,22:17,102818,1,1890
transport-1891,P,201729953465800,201729953912400,201729966926100,13.4603,SGACK|transport-1891|P|S|1|22:17|102832|1,[],,S,True,22:17,102832,1,1891
transport-1892,C,201729967904600,201729968304800,201729981112000,13.2074,SGACK|transport-1892|C|S|1|22:17|102845|1,[],,S,True,22:17,102845,1,1892
transport-1893,E,201729981800200,201729982118000,201729990922900,9.1227,SGACK|transport-1893|E|A|1|22:17|102857|1,[],,A,True,22:17,102857,1,1893
transport-1894,K,201730004298400,201730004637900,201730006234500,1.9361,SGACK|transport-1894|K|S|1|22:17|102872|1,[],,S,True,22:17,102872,1,1894
transport-1895,A,201730006483700,201730006636400,201730015766500,9.2828,SGACK|transport-1895|A|A|1|22:17|102882|1,[],,A,True,22:17,102882,1,1895
transport-1896,T,201730030205600,201730030744000,201730034545800,4.3402,SGACK|transport-1896|T|S|1|22:17|102898|1,[],,S,True,22:17,102898,1,1896
transport-1897,S,201730035164300,201730035413000,201730048273700,13.1094,SGACK|transport-1897|S|S|1|22:17|102913|1,[],,S,True,22:17,102913,1,1897
transport-1898,P,201730049071500,201730049429900,201730062020100,12.9486,SGACK|transport-1898|P|S|1|22:17|102927|1,[],,S,True,22:17,102927,1,1898
transport-1899,C,201730062897100,201730063339500,201730075776800,12.8797,SGACK|transport-1899|C|S|1|22:17|102940|1,[],,S,True,22:17,102940,1,1899
transport-1900,E,201730076898600,201730077187200,201730086465200,9.5666,SGACK|transport-1900|E|A|1|22:17|102952|1,[],,A,True,22:17,102952,1,1900
transport-1901,K,201730099524800,201730099958500,201730102077800,2.553,SGACK|transport-1901|K|S|1|22:17|102967|1,[],,S,True,22:17,102967,1,1901
transport-1902,A,201730102468600,201730102780700,201730111971400,9.5028,SGACK|transport-1902|A|A|1|22:17|102978|1,[],,A,True,22:17,102978,1,1902
transport-1903,T,201730126196800,201730126540000,201730129809100,3.6123,SGACK|transport-1903|T|S|1|22:17|102993|1,[],,S,True,22:17,102993,1,1903
transport-1904,S,201730130277100,201730130624200,201730143208600,12.9315,SGACK|transport-1904|S|S|1|22:17|103009|1,[],,S,True,22:17,103009,1,1904
transport-1905,P,201730143684300,201730143927700,201730156588000,12.9037,SGACK|transport-1905|P|S|1|22:17|103022|1,[],,S,True,22:17,103022,1,1905
transport-1906,C,201730157392200,201730157834000,201730170214200,12.822,SGACK|transport-1906|C|S|1|22:17|103035|1,[],,S,True,22:17,103035,1,1906
transport-1907,E,201730171038400,201730171376600,201730180455300,9.4169,SGACK|transport-1907|E|A|1|22:17|103046|1,[],,A,True,22:17,103046,1,1907
transport-1908,K,201730194196400,201730194615900,201730197411800,3.2154,SGACK|transport-1908|K|S|1|22:17|103062|1,[],,S,True,22:17,103062,1,1908
transport-1909,A,201730197857000,201730198079200,201730206516600,8.6596,SGACK|transport-1909|A|A|1|22:17|103073|1,[],,A,True,22:17,103073,1,1909
transport-1910,T,201730219404200,201730219837700,201730221850500,2.4463,SGACK|transport-1910|T|S|1|22:17|103087|1,[],,S,True,22:17,103087,1,1910
transport-1911,S,201730222196800,201730222389800,201730234109500,11.9127,SGACK|transport-1911|S|S|1|22:17|103100|1,[],,S,True,22:17,103100,1,1911
transport-1912,P,201730234590100,201730234909800,201730247115400,12.5253,SGACK|transport-1912|P|S|1|22:17|103113|1,[],,S,True,22:17,103113,1,1912
transport-1913,C,201730247637300,201730247850200,201730260417000,12.7797,SGACK|transport-1913|C|S|1|22:17|103125|1,[],,S,True,22:17,103125,1,1913
transport-1914,E,201730261321500,201730261704700,201730271073200,9.7517,SGACK|transport-1914|E|A|1|22:17|103137|1,[],,A,True,22:17,103137,1,1914
transport-1915,K,201730284481100,201730284750200,201730286891800,2.4107,SGACK|transport-1915|K|S|1|22:17|103152|1,[],,S,True,22:17,103152,1,1915
transport-1916,A,201730287260000,201730287440100,201730296076100,8.8161,SGACK|transport-1916|A|A|1|22:17|103162|1,[],,A,True,22:17,103162,1,1916
transport-1917,T,201730315082400,201730315507900,201730317995600,2.9132,SGACK|transport-1917|T|S|1|22:17|103182|1,[],,S,True,22:17,103182,1,1917
transport-1918,S,201730318466300,201730318846400,201730331354200,12.8879,SGACK|transport-1918|S|S|1|22:17|103197|1,[],,S,True,22:17,103197,1,1918
transport-1919,P,201730332032200,201730332346000,201730344534700,12.5025,SGACK|transport-1919|P|S|1|22:17|103210|1,[],,S,True,22:17,103210,1,1919
transport-1920,C,201730345207100,201730345649400,201730357417100,12.21,SGACK|transport-1920|C|S|1|22:17|103222|1,[],,S,True,22:17,103222,1,1920
transport-1921,E,201730358343100,201730358724800,201730368332900,9.9898,SGACK|transport-1921|E|A|1|22:17|103234|1,[],,A,True,22:17,103234,1,1921
transport-1922,K,201730381859000,201730382238300,201730385758800,3.8998,SGACK|transport-1922|K|S|1|22:17|103249|1,[],,S,True,22:17,103249,1,1922
transport-1923,A,201730386228400,201730386745500,201730395321000,9.0926,SGACK|transport-1923|A|A|1|22:17|103261|1,[],,A,True,22:17,103261,1,1923
transport-1924,T,201730408672700,201730409062500,201730412383500,3.7108,SGACK|transport-1924|T|S|1|22:17|103276|1,[],,S,True,22:17,103276,1,1924
transport-1925,S,201730412881000,201730413154700,201730425292800,12.4118,SGACK|transport-1925|S|S|1|22:17|103291|1,[],,S,True,22:17,103291,1,1925
transport-1926,P,201730425739500,201730425979000,201730438208200,12.4687,SGACK|transport-1926|P|S|1|22:17|103304|1,[],,S,True,22:17,103304,1,1926
transport-1927,C,201730438751600,201730439006900,201730451218100,12.4665,SGACK|transport-1927|C|S|1|22:17|103316|1,[],,S,True,22:17,103316,1,1927
transport-1928,E,201730451817200,201730452086600,201730461265900,9.4487,SGACK|transport-1928|E|A|1|22:17|103327|1,[],,A,True,22:17,103327,1,1928
transport-1929,K,201730473885500,201730474103000,201730476377400,2.4919,SGACK|transport-1929|K|S|1|22:17|103341|1,[],,S,True,22:17,103341,1,1929
transport-1930,A,201730476625800,201730476802600,201730485586000,8.9602,SGACK|transport-1930|A|A|1|22:17|103352|1,[],,A,True,22:17,103352,1,1930
transport-1931,T,201730498108200,201730498310100,201730500544600,2.4364,SGACK|transport-1931|T|S|1|22:17|103365|1,[],,S,True,22:17,103365,1,1931
transport-1932,S,201730500797900,201730501030300,201730513038500,12.2406,SGACK|transport-1932|S|S|1|22:17|103379|1,[],,S,True,22:17,103379,1,1932
transport-1933,P,201730513415700,201730513589100,201730526237800,12.8221,SGACK|transport-1933|P|S|1|22:17|103392|1,[],,S,True,22:17,103392,1,1933
transport-1934,C,201730527680300,201730528107600,201730539949300,12.269,SGACK|transport-1934|C|S|1|22:17|103405|1,[],,S,True,22:17,103405,1,1934
transport-1935,E,201730540536300,201730540815500,201730549813300,9.277,SGACK|transport-1935|E|A|1|22:17|103416|1,[],,A,True,22:17,103416,1,1935
transport-1936,K,201730563658700,201730563968400,201730566054700,2.396,SGACK|transport-1936|K|S|1|22:17|103431|1,[],,S,True,22:17,103431,1,1936
transport-1937,A,201730566481100,201730566714000,201730575915600,9.4345,SGACK|transport-1937|A|A|1|22:17|103442|1,[],,A,True,22:17,103442,1,1937
transport-1938,T,201730589727000,201730589982900,201730592498000,2.771,SGACK|transport-1938|T|S|1|22:17|103457|1,[],,S,True,22:17,103457,1,1938
transport-1939,S,201730592904600,201730593270700,201730605970100,13.0655,SGACK|transport-1939|S|S|1|22:17|103471|1,[],,S,True,22:17,103471,1,1939
transport-1940,P,201730606685100,201730607152500,201730619756100,13.071,SGACK|transport-1940|P|S|1|22:17|103485|1,[],,S,True,22:17,103485,1,1940
transport-1941,C,201730620655700,201730621006800,201730633523700,12.868,SGACK|transport-1941|C|S|1|22:17|103498|1,[],,S,True,22:17,103498,1,1941
transport-1942,E,201730634218700,201730634469000,201730643212500,8.9938,SGACK|transport-1942|E|A|1|22:17|103509|1,[],,A,True,22:17,103509,1,1942
transport-1943,K,201730656780500,201730657185600,201730659993700,3.2132,SGACK|transport-1943|K|S|1|22:17|103524|1,[],,S,True,22:17,103524,1,1943
transport-1944,A,201730660454500,201730660766000,201730669770900,9.3164,SGACK|transport-1944|A|A|1|22:17|103536|1,[],,A,True,22:17,103536,1,1944
transport-1945,T,201730683286500,201730683563300,201730685763600,2.4771,SGACK|transport-1945|T|S|1|22:17|103551|1,[],,S,True,22:17,103551,1,1945
transport-1946,S,201730686128200,201730686334000,201730698011100,11.8829,SGACK|transport-1946|S|S|1|22:17|103564|1,[],,S,True,22:17,103564,1,1946
transport-1947,P,201730698464600,201730698726000,201730712263600,13.799,SGACK|transport-1947|P|S|1|22:17|103577|1,[],,S,True,22:17,103577,1,1947
transport-1948,C,201730713499200,201730713860400,201730726031400,12.5322,SGACK|transport-1948|C|S|1|22:17|103591|1,[],,S,True,22:17,103591,1,1948
transport-1949,E,201730727590000,201730728053100,201730737090900,9.5009,SGACK|transport-1949|E|A|1|22:17|103603|1,[],,A,True,22:17,103603,1,1949
transport-1950,K,201730749890300,201730750144500,201730752411400,2.5211,SGACK|transport-1950|K|S|1|22:17|103617|1,[],,S,True,22:17,103617,1,1950
transport-1951,A,201730752635300,201730752787600,201730761544200,8.9089,SGACK|transport-1951|A|A|1|22:17|103628|1,[],,A,True,22:17,103628,1,1951
transport-1952,T,201730774368700,201730774600800,201730776861000,2.4923,SGACK|transport-1952|T|S|1|22:17|103642|1,[],,S,True,22:17,103642,1,1952
transport-1953,S,201730777175100,201730777404100,201760787305300,30010.1302,,[],missing_or_malformed_ack,,,,,,1953
transport-1954,P,201760791705200,201760792383500,201760808756600,17.0514,SGACK|transport-1954|P|S|1|22:18|133671|1,"[""SGACK|transport-1953|S|S|1|22:17|103655|1""]",,S,True,22:18,133671,1,1954
transport-1955,C,201760809393700,201760809673400,201760821904200,12.5105,SGACK|transport-1955|C|S|1|22:18|133688|1,[],,S,True,22:18,133688,1,1955
transport-1956,E,201760822498300,201760822851300,201760831807000,9.3087,SGACK|transport-1956|E|A|1|22:18|133699|1,[],,A,True,22:18,133699,1,1956
transport-1957,K,201760845799000,201760846200300,201760848849500,3.0505,SGACK|transport-1957|K|S|1|22:18|133714|1,[],,S,True,22:18,133714,1,1957
transport-1958,A,201760849209600,201760849464800,201760858512300,9.3027,SGACK|transport-1958|A|A|1|22:18|133726|1,[],,A,True,22:18,133726,1,1958
transport-1959,T,201760871055600,201760871361900,201760873312300,2.2567,SGACK|transport-1959|T|S|1|22:18|133739|1,[],,S,True,22:18,133739,1,1959
transport-1960,S,201760873670600,201760873906600,201760887103700,13.4331,SGACK|transport-1960|S|S|1|22:18|133753|1,[],,S,True,22:18,133753,1,1960
transport-1961,P,201760887602300,201760887836900,201760899976600,12.3743,SGACK|transport-1961|P|S|1|22:18|133767|1,[],,S,True,22:18,133767,1,1961
transport-1962,C,201760900525700,201760900817800,201760912399600,11.8739,SGACK|transport-1962|C|S|1|22:18|133779|1,[],,S,True,22:18,133779,1,1962
transport-1963,E,201760912721900,201760912916900,201760921626500,8.9046,SGACK|transport-1963|E|A|1|22:18|133789|1,[],,A,True,22:18,133789,1,1963
transport-1964,K,201760933991800,201760934497300,201760936926800,2.935,SGACK|transport-1964|K|S|1|22:18|133803|1,[],,S,True,22:18,133803,1,1964
transport-1965,A,201760937260300,201760937435400,201760947095900,9.8356,SGACK|transport-1965|A|A|1|22:18|133814|1,[],,A,True,22:18,133814,1,1965
transport-1966,T,201760960135800,201760960381200,201760962258300,2.1225,SGACK|transport-1966|T|S|1|22:18|133829|1,[],,S,True,22:18,133829,1,1966
transport-1967,S,201760962662700,201760962937900,201760976088200,13.4255,SGACK|transport-1967|S|S|1|22:18|133842|1,[],,S,True,22:18,133842,1,1967
transport-1968,P,201760976699000,201760977304800,201760990871900,14.1729,SGACK|transport-1968|P|S|1|22:18|133856|1,[],,S,True,22:18,133856,1,1968
transport-1969,C,201761003427800,201761003985300,201761016490800,13.063,SGACK|transport-1969|C|S|1|22:18|133882|1,[],,S,True,22:18,133882,1,1969
transport-1970,E,201761017628400,201761018018900,201761027320600,9.6922,SGACK|transport-1970|E|A|1|22:18|133894|1,[],,A,True,22:18,133894,1,1970
transport-1971,K,201761041244800,201761041559700,201761043711000,2.4662,SGACK|transport-1971|K|S|1|22:18|133910|1,[],,S,True,22:18,133910,1,1971
transport-1972,A,201761044155000,201761044388300,201761053379600,9.2246,SGACK|transport-1972|A|A|1|22:18|133921|1,[],,A,True,22:18,133921,1,1972
transport-1973,T,201761065555500,201761065849900,201761067690300,2.1348,SGACK|transport-1973|T|S|1|22:18|133934|1,[],,S,True,22:18,133934,1,1973
transport-1974,S,201761068061300,201761068290800,201761080530500,12.4692,SGACK|transport-1974|S|S|1|22:18|133948|1,[],,S,True,22:18,133948,1,1974
transport-1975,P,201761080860500,201761081070600,201761092418300,11.5578,SGACK|transport-1975|P|S|1|22:18|133960|1,[],,S,True,22:18,133960,1,1975
transport-1976,C,201761092783000,201761092935700,201761105154100,12.3711,SGACK|transport-1976|C|S|1|22:18|133971|1,[],,S,True,22:18,133971,1,1976
transport-1977,E,201761105889600,201761106177400,201761115393800,9.5042,SGACK|transport-1977|E|A|1|22:18|133982|1,[],,A,True,22:18,133982,1,1977
transport-1978,K,201761128612800,201761128915600,201761131643900,3.0311,SGACK|transport-1978|K|S|1|22:18|133997|1,[],,S,True,22:18,133997,1,1978
transport-1979,A,201761132313900,201761132613600,201761142065200,9.7513,SGACK|transport-1979|A|A|1|22:18|134009|1,[],,A,True,22:18,134009,1,1979
transport-1980,T,201761155812600,201761156070300,201761158823400,3.0108,SGACK|transport-1980|T|S|1|22:18|134024|1,[],,S,True,22:18,134024,1,1980
transport-1981,S,201761159548700,201761159869400,201761172350900,12.8022,SGACK|transport-1981|S|S|1|22:18|134039|1,[],,S,True,22:18,134039,1,1981
transport-1982,P,201761173161100,201761173461400,201761186088900,12.9278,SGACK|transport-1982|P|S|1|22:18|134053|1,[],,S,True,22:18,134053,1,1982
transport-1983,C,201761186550400,201761186721000,201761198820400,12.27,SGACK|transport-1983|C|S|1|22:18|134065|1,[],,S,True,22:18,134065,1,1983
transport-1984,E,201761199377100,201761199566800,201761209067400,9.6903,SGACK|transport-1984|E|A|1|22:18|134076|1,[],,A,True,22:18,134076,1,1984
transport-1985,K,201761221410300,201761221552200,201761223329700,1.9194,SGACK|transport-1985|K|S|1|22:18|134090|1,[],,S,True,22:18,134090,1,1985
transport-1986,A,201761223553000,201761223772300,201761232166800,8.6138,SGACK|transport-1986|A|A|1|22:18|134100|1,[],,A,True,22:18,134100,1,1986
transport-1987,T,201761244831100,201761245025800,201761246571800,1.7407,SGACK|transport-1987|T|S|1|22:18|134113|1,[],,S,True,22:18,134113,1,1987
transport-1988,S,201761246874600,201761247031300,201761258997300,12.1227,SGACK|transport-1988|S|S|1|22:18|134126|1,[],,S,True,22:18,134126,1,1988
transport-1989,P,201761259441500,201761259646800,201761272061500,12.62,SGACK|transport-1989|P|S|1|22:18|134139|1,[],,S,True,22:18,134139,1,1989
transport-1990,C,201761272585500,201761272964900,201761285440000,12.8545,SGACK|transport-1990|C|S|1|22:18|134151|1,[],,S,True,22:18,134151,1,1990
transport-1991,E,201761286162500,201761286390900,201761296271700,10.1092,SGACK|transport-1991|E|A|1|22:18|134163|1,[],,A,True,22:18,134163,1,1991
transport-1992,K,201761309282100,201761309649600,201761314630400,5.3483,SGACK|transport-1992|K|S|1|22:18|134181|1,[],,S,True,22:18,134181,1,1992
transport-1993,A,201761315030300,201761315306700,201761323601200,8.5709,SGACK|transport-1993|A|A|1|22:18|134191|1,[],,A,True,22:18,134191,1,1993
transport-1994,T,201761336934500,201761337262800,201761340494700,3.5602,SGACK|transport-1994|T|S|1|22:18|134205|1,[],,S,True,22:18,134205,1,1994
transport-1995,S,201761340998700,201761341240300,201761355096600,14.0979,SGACK|transport-1995|S|S|1|22:18|134220|1,[],,S,True,22:18,134220,1,1995
transport-1996,P,201761355578700,201761355810000,201761368223300,12.6446,SGACK|transport-1996|P|S|1|22:18|134235|1,[],,S,True,22:18,134235,1,1996
transport-1997,C,201761368752900,201761368978600,201761380873800,12.1209,SGACK|transport-1997|C|S|1|22:18|134247|1,[],,S,True,22:18,134247,1,1997
transport-1998,E,201761381331700,201761381503800,201761390719000,9.3873,SGACK|transport-1998|E|A|1|22:18|134258|1,[],,A,True,22:18,134258,1,1998
transport-1999,K,201761403771400,201761403999300,201761406239200,2.4678,SGACK|transport-1999|K|S|1|22:18|134272|1,[],,S,True,22:18,134272,1,1999
